StartTime,label,background_flow_count,normal_flow_count,n_conn,n_dports>1024,n_dports<1024,n_sports>1024,n_sports<1024,avg_duration,n_s_a_p_address,n_s_b_p_address,n_s_c_p_address,n_s_na_p_address,n_d_a_p_address,n_d_b_p_address,n_d_c_p_address,n_d_na_p_address,n_tcp,n_icmp,n_udp
2011-08-10 09:46:53,Normal,298,1,299,4158204,26844,8706494,50860,1410.6932269531771,101,166,32,0,61,215,22,1,114,2,181
2011-08-10 09:46:54,Normal,240,5,245,3468349,23393,7343708,65873,1375.0869875795918,80,146,18,1,61,167,16,1,69,3,169
2011-08-10 09:46:55,Normal,216,0,216,3014731,20808,6745607,15817,1171.4729326435186,86,103,27,0,33,167,16,0,65,9,141
2011-08-10 09:46:56,Normal,250,1,251,3216015,29740,8483089,60187,1187.6424130358569,72,162,17,0,67,168,16,0,86,5,158
2011-08-10 09:46:57,Normal,179,3,182,2497448,8220,5455540,52301,1356.934200697802,72,93,17,0,31,144,7,0,49,2,131
2011-08-10 09:46:58,Normal,262,0,262,2743849,25166,8592038,16676,1058.8818932709926,64,172,26,0,52,187,23,0,84,2,174
2011-08-10 09:46:59,Normal,199,0,199,2651086,13937,5953291,5323,1416.5273826783919,77,103,19,0,38,154,7,0,58,4,137
2011-08-10 09:47:00,Normal,312,3,315,2878763,17933,13057238,3618,771.0908892190475,56,243,15,1,52,254,8,1,46,2,266
2011-08-10 09:47:01,Normal,205,1,206,3551004,19959,5602537,38970,1494.9586476796117,76,111,19,0,51,140,15,0,32,3,170
2011-08-10 09:47:02,Normal,233,5,238,3341276,21303,7050151,16555,1363.5670866764706,83,136,19,0,56,161,20,1,53,3,182
2011-08-10 09:47:03,Normal,254,3,257,3738783,56127,7638390,16234,1364.1597706498055,77,156,24,0,74,171,12,0,46,3,208
2011-08-10 09:47:04,Normal,182,0,182,2643469,17088,5986610,3797,1494.8778308571427,74,93,15,0,25,149,8,0,32,3,146
2011-08-10 09:47:05,Normal,139,0,139,1989575,16071,4611633,51760,1399.0820646043167,61,63,15,0,16,119,4,0,25,3,109
2011-08-10 09:47:06,Normal,172,3,175,2842498,17503,5405308,29177,1463.1817643314287,76,87,12,0,25,141,9,0,26,6,141
2011-08-10 09:47:07,Normal,166,0,166,2396200,19143,5227875,56846,1286.8065266144577,71,80,15,0,24,137,4,1,24,6,136
2011-08-10 09:47:08,Normal,143,0,143,1667267,18075,4341214,10511,1200.1724672167832,54,80,9,0,18,110,15,0,34,2,107
2011-08-10 09:47:09,Normal,169,6,175,2301521,62195,4855449,3089,1267.2843817314285,81,80,14,0,20,137,17,1,40,2,133
2011-08-10 09:47:10,Normal,161,0,161,2268102,21477,4686996,16446,1190.7706866024846,56,90,15,0,22,132,7,0,33,6,122
2011-08-10 09:47:11,Normal,141,0,141,1866619,11168,4439144,5005,1155.1400840921985,60,69,12,0,25,111,5,0,24,2,115
2011-08-10 09:47:12,Normal,152,7,159,1907344,18305,5020029,45816,1228.6267772641509,53,87,19,0,23,125,11,0,33,2,123
2011-08-10 09:47:13,Normal,196,0,196,2328936,7351,6355121,36733,1192.0668430867345,75,103,18,0,25,151,18,2,45,5,146
2011-08-10 09:47:14,Normal,232,0,232,4228310,19804,5727557,19093,1559.420677,78,139,15,0,62,153,17,0,33,7,191
2011-08-10 09:47:15,Normal,164,3,167,2216147,11620,5448105,65101,1229.5932528922156,82,73,12,0,23,136,8,0,42,3,122
2011-08-10 09:47:16,Normal,166,1,167,2319911,17965,5153843,40753,1645.5745448323353,67,81,19,0,25,137,5,0,27,5,134
2011-08-10 09:47:17,Normal,137,3,140,1926130,19305,4065918,14573,1347.1483821857144,59,60,21,0,24,107,9,0,28,3,107
2011-08-10 09:47:18,Normal,199,3,202,2480249,18088,7196407,45743,1161.4294319257426,71,114,17,0,42,141,18,1,69,4,126
2011-08-10 09:47:19,Normal,218,0,218,1800885,9091,8311594,44904,874.8391653073395,67,131,20,0,25,186,6,1,32,2,182
2011-08-10 09:47:20,Normal,157,0,157,1587304,6311,5213075,53040,1209.9287703121017,59,85,13,0,19,122,14,2,36,3,116
2011-08-10 09:47:21,Normal,138,3,141,1272140,57331,5448934,3477,1134.9700360638299,59,73,9,0,22,114,4,1,28,0,112
2011-08-10 09:47:22,Normal,145,4,149,1794297,16417,4846496,58661,1285.07582157047,65,71,13,0,24,119,6,0,30,2,117
2011-08-10 09:47:23,Normal,137,0,137,1783716,19075,4269677,66876,1203.7508066277373,57,63,17,0,16,113,8,0,29,3,105
2011-08-10 09:47:24,Normal,162,3,165,2334892,17838,5056068,55297,1182.016348678788,61,93,11,0,32,124,9,0,20,3,142
2011-08-10 09:47:25,Normal,129,0,129,1570188,15823,3913162,39585,1462.951214852713,54,66,9,0,23,99,6,1,17,2,108
2011-08-10 09:47:26,Normal,165,0,165,2048545,18052,5275009,2772,1259.0227636666666,80,71,14,0,17,140,7,1,21,2,140
2011-08-10 09:47:27,Normal,191,3,194,2720373,10270,6154797,54204,1235.193829613402,67,109,18,0,44,134,16,0,53,5,135
2011-08-10 09:47:28,Normal,180,0,180,2770122,17348,5343974,52527,1298.4570594555555,68,93,19,0,35,138,7,0,39,5,136
2011-08-10 09:47:29,Normal,143,0,143,1584104,17070,4820150,51386,1271.1812364335663,67,63,13,0,12,129,2,0,25,4,114
2011-08-10 09:47:30,Normal,151,3,154,1699387,18376,5850081,61091,747.5934238766234,54,89,11,0,20,127,7,0,34,3,117
2011-08-10 09:47:31,Normal,227,0,227,1603717,26255,9223302,31645,942.5631903259911,62,154,11,0,32,192,3,0,33,3,191
2011-08-10 09:47:32,Normal,214,4,218,2349174,21328,7180322,41034,978.4195318990825,85,110,23,0,28,175,15,0,48,5,165
2011-08-10 09:47:33,Normal,120,3,123,1730374,16621,3795389,53777,1298.7951203658536,59,54,10,0,22,95,6,0,24,2,97
2011-08-10 09:47:34,Normal,186,0,186,1865153,19807,5088583,14949,1059.0090361505374,71,100,15,0,19,166,1,0,54,2,130
2011-08-10 09:47:35,Normal,188,0,188,1377534,11655,6656583,2372,840.3296770319148,61,117,10,0,21,147,20,0,78,2,108
2011-08-10 09:47:36,Normal,157,0,157,1786969,20548,5308625,13439,967.513651312102,51,99,7,0,25,120,12,0,31,4,121
2011-08-10 09:47:37,Normal,197,3,200,2593150,19613,6452730,52336,1289.4212943500002,84,102,14,0,25,165,10,0,27,3,170
2011-08-10 09:47:38,Normal,144,0,144,2050277,16822,4334438,58605,1327.102887076389,58,69,17,0,20,122,2,0,14,2,128
2011-08-10 09:47:39,Normal,176,4,180,3246617,15151,4824758,7236,1509.4869351444443,70,93,17,0,43,129,8,0,29,7,144
2011-08-10 09:47:40,Normal,160,9,169,2282540,18636,5702838,38736,1157.1474262011836,76,80,13,0,26,141,2,0,24,4,141
2011-08-10 09:47:41,Normal,133,4,137,1771941,16830,4704318,16286,1275.0450240875914,63,61,13,0,15,121,1,0,19,4,113
2011-08-10 09:47:42,Normal,130,3,133,1737181,16254,4104843,12820,1268.7763824436088,63,58,12,0,12,117,4,0,13,4,115
2011-08-10 09:47:43,Normal,118,3,121,1323998,15807,3889237,7740,1333.295116123967,66,41,14,0,6,112,1,2,15,2,104
2011-08-10 09:47:44,Normal,122,0,122,1856046,3080,4151000,49047,1132.7954871885247,41,66,15,0,17,95,8,2,19,3,100
2011-08-10 09:47:45,Normal,144,0,144,1834612,17540,4613104,43162,1346.7594452916665,48,79,17,0,21,117,6,0,18,0,125
2011-08-10 09:47:46,Normal,105,3,108,1490294,16560,3474905,31784,1191.4722421574074,59,41,8,0,10,94,4,0,11,0,97
2011-08-10 09:47:47,Normal,137,0,137,1916202,16656,4336161,12697,1278.1950282554744,60,67,10,0,15,118,4,0,21,1,115
2011-08-10 09:47:48,Normal,206,0,206,2231710,9725,4648630,6636,1068.0159838398056,60,129,17,0,83,116,7,0,92,1,112
2011-08-10 09:47:49,Normal,152,3,155,1893541,5536,5079350,51823,1278.0994625032258,68,73,14,0,22,125,6,2,25,2,128
2011-08-10 09:47:50,Normal,131,0,131,1475242,4582,4466415,58271,1054.4610619923662,54,65,12,0,11,119,1,0,13,1,116
2011-08-10 09:47:51,Normal,187,1,188,3033735,3361,5448098,1017,1507.2287149468086,70,107,11,0,49,131,8,0,31,1,155
2011-08-10 09:47:52,Normal,259,6,265,2391655,42326,11620443,17784,777.6694832603773,52,204,9,0,74,177,14,0,74,5,183
2011-08-10 09:47:53,Normal,127,0,127,1751515,16845,3903839,17327,1354.8172226535432,57,57,13,0,16,109,2,0,12,2,113
2011-08-10 09:47:54,Normal,132,0,132,2014679,9404,3991207,54316,1274.534118121212,59,64,9,0,20,104,8,0,12,1,119
2011-08-10 09:47:55,Normal,165,3,168,1863953,18723,5922878,40200,1401.8905396428572,59,98,11,0,33,132,3,0,23,2,142
2011-08-10 09:47:56,Normal,199,0,199,4633072,2424,4504566,58116,1776.151590070352,50,137,12,0,71,109,19,0,14,4,181
2011-08-10 09:47:57,Normal,121,0,121,1477804,15563,4358009,15780,1286.241098570248,51,62,8,0,12,108,1,0,9,0,112
2011-08-10 09:47:58,Normal,150,3,153,2391565,2027,4421941,5648,1584.6468084901962,75,64,14,0,36,113,4,0,11,2,140
2011-08-10 09:47:59,Normal,159,0,159,2394921,17968,4629960,32977,1292.6332457484277,47,91,21,0,35,120,4,0,30,2,127
2011-08-10 09:48:00,Normal,162,0,162,2164083,4350,5230447,63077,827.8175230123458,53,99,10,0,32,115,13,2,31,5,126
2011-08-10 09:48:01,Normal,237,3,240,1992956,10469,9600772,50791,623.6927858625,68,160,12,0,42,170,26,2,59,2,179
2011-08-10 09:48:02,Normal,146,3,149,1667038,6416,5360974,57509,1158.1657910671142,49,92,8,0,25,115,9,0,18,1,130
2011-08-10 09:48:03,Normal,142,0,142,1539478,18296,4556871,36732,1318.070299971831,68,66,8,0,16,109,17,0,26,1,115
2011-08-10 09:48:04,Normal,109,3,112,1567580,15363,3764213,63026,1243.158993044643,51,48,13,0,18,90,4,0,16,1,95
2011-08-10 09:48:05,Normal,146,0,146,1567851,19641,5037864,11755,1226.0565346369863,50,84,12,0,23,114,9,0,16,1,129
2011-08-10 09:48:06,Normal,131,1,132,1737141,11000,4202538,4226,1203.8107262727272,69,55,8,0,17,108,7,0,21,3,107
2011-08-10 09:48:07,Normal,121,3,124,1323452,15554,4089474,46585,1209.0434203387097,56,55,13,0,5,118,1,0,13,1,108
2011-08-10 09:48:08,Normal,106,0,106,1460855,8654,3218790,52816,1535.488930839623,40,55,11,0,20,82,3,1,12,0,94
2011-08-10 09:48:09,Normal,158,4,162,2605854,28232,5115876,17218,1067.60480404321,59,88,15,0,39,118,5,0,12,5,145
2011-08-10 09:48:10,Normal,97,3,100,1375047,3509,3290265,46934,1116.68675985,51,39,10,0,7,91,2,0,11,1,88
2011-08-10 09:48:11,Normal,128,3,131,1515113,18067,4675733,62491,1157.7532041450381,55,60,16,0,16,111,4,0,16,1,114
2011-08-10 09:48:12,Normal,139,6,145,1800479,17285,4842372,36720,1102.412755027586,56,72,17,0,13,124,8,0,20,2,122
2011-08-10 09:48:13,Normal,106,3,109,1343713,16714,3586438,3421,1152.2437765412844,51,47,11,0,14,91,3,1,15,2,92
2011-08-10 09:48:14,Normal,117,0,117,2122689,42521,3546679,16119,1285.1823501709398,42,65,10,0,26,87,4,0,15,3,99
2011-08-10 09:48:15,Normal,138,0,138,1520855,16468,4744865,3018,1260.6609795507245,57,67,14,0,16,119,3,0,13,3,122
2011-08-10 09:48:16,Normal,151,3,154,1777731,18970,5209017,50806,1155.5369246753248,69,64,21,0,17,130,7,0,25,2,127
2011-08-10 09:48:17,Normal,121,0,121,1716260,15550,3878773,45391,1109.5718287272728,51,55,15,0,22,94,5,0,15,0,106
2011-08-10 09:48:18,Normal,123,0,123,2121215,39189,3724701,15645,1116.2542258617887,50,66,7,0,26,92,4,1,9,3,108
2011-08-10 09:48:19,Normal,148,3,151,2013350,2552,5189520,65923,1197.8190047814571,67,76,8,0,18,126,6,1,6,1,142
2011-08-10 09:48:20,Normal,128,0,128,1854681,38138,4294609,59580,1370.4677814375,54,64,10,0,20,102,4,2,6,1,118
2011-08-10 09:48:21,Normal,136,0,136,2095082,16501,3928146,50585,1133.3361639632353,60,68,8,0,31,100,5,0,15,3,118
2011-08-10 09:48:22,Normal,170,6,176,2493643,40750,5869503,2244,1233.7347684204547,65,100,11,0,28,139,9,0,15,5,155
2011-08-10 09:48:23,Normal,135,0,135,1866475,44827,4640284,59020,1098.770063525926,65,60,10,0,20,111,4,0,13,2,120
2011-08-10 09:48:24,Normal,152,1,153,2201114,3546,4962741,57156,1113.3511693921569,60,85,8,0,33,106,14,0,26,7,118
2011-08-10 09:48:25,Normal,149,3,152,1791882,6168,5356248,42227,871.0231860460526,53,89,10,0,37,103,12,0,24,4,123
2011-08-10 09:48:26,Normal,163,0,163,2073631,20579,6319368,61213,744.4018413742332,59,98,6,0,36,124,3,0,21,3,139
2011-08-10 09:48:27,Normal,163,0,163,2349066,17860,5712010,22266,1217.957114220859,70,86,7,0,36,123,4,0,16,2,145
2011-08-10 09:48:28,Normal,155,3,158,2581087,3399,4897365,43404,1121.7473266962024,62,88,8,0,37,114,7,0,20,3,135
2011-08-10 09:48:29,Normal,132,0,132,1816569,17297,4452018,33337,955.0808248409091,63,61,8,0,27,103,2,0,18,0,113
2011-08-10 09:48:30,Normal,171,0,171,2714067,62528,5272582,61348,1279.2447890994151,63,98,10,0,37,122,12,0,16,3,151
2011-08-10 09:48:31,Normal,147,3,150,1948073,16638,5371543,8193,1150.9755263666666,61,76,13,0,19,125,6,0,17,3,129
2011-08-10 09:48:32,Normal,181,3,184,2565651,16855,6276364,45584,972.0063640923913,68,107,9,0,31,151,2,0,10,8,166
2011-08-10 09:48:33,Normal,112,0,112,1799206,14753,3883057,36428,1286.760314401786,50,50,12,0,16,93,3,0,10,1,100
2011-08-10 09:48:34,Normal,106,3,109,1305568,16463,4009798,61456,1119.1530819082568,55,50,4,0,11,94,4,0,10,2,97
2011-08-10 09:48:35,Normal,136,0,136,1659472,18058,4729317,49484,1227.300188507353,62,65,9,0,14,122,0,0,8,4,122
2011-08-10 09:48:36,Normal,183,0,183,2137262,18583,6797004,52662,818.3118737923497,65,105,13,0,30,149,4,0,16,4,163
2011-08-10 09:48:37,Normal,154,3,157,1562008,7805,6014605,50839,999.4070242866242,46,91,20,0,28,119,10,0,29,2,125
2011-08-10 09:48:38,Normal,153,0,153,1897344,3547,5298053,62306,1033.2730208431374,62,76,15,0,22,125,6,0,17,0,136
2011-08-10 09:48:39,Normal,141,3,144,2145217,14929,4671798,17493,1155.1856165833333,74,56,14,0,24,117,3,0,17,5,121
2011-08-10 09:48:40,Normal,167,3,170,3091289,18138,4866273,46917,1490.5772846352943,52,108,10,0,44,112,14,0,20,2,147
2011-08-10 09:48:41,Normal,179,0,179,2882193,17122,5738428,25661,1275.9771303575421,57,116,6,0,36,127,16,0,15,4,160
2011-08-10 09:48:42,Normal,137,3,140,2385946,26436,3975352,59727,1415.35423935,50,79,11,0,34,100,6,0,8,3,128
2011-08-10 09:48:43,Normal,130,3,133,1566269,3373,5210879,40143,872.8482548345864,53,67,13,0,15,112,6,0,11,2,118
2011-08-10 09:48:44,Normal,148,0,148,1999342,3020,4644979,3921,1035.4339421486488,64,65,19,0,20,123,5,0,12,6,130
2011-08-10 09:48:45,Normal,133,0,133,2095990,9887,4800533,64002,1250.7044752105262,52,70,11,0,30,97,6,0,22,4,107
2011-08-10 09:48:46,Normal,140,3,143,1822718,15714,5355705,63430,1170.0377195454544,54,75,14,0,22,117,4,0,9,1,133
2011-08-10 09:48:47,Normal,123,0,123,1618780,16281,3474162,17795,1298.8573026341462,53,56,14,0,18,99,4,2,10,8,105
2011-08-10 09:48:48,Normal,121,0,121,1647504,16406,3939369,17539,1167.5165989338843,48,66,7,0,28,91,2,0,9,1,111
2011-08-10 09:48:49,Normal,132,3,135,2245224,16527,4224120,50405,1271.0993096740742,47,76,12,0,40,89,4,2,12,1,122
2011-08-10 09:48:50,Normal,130,0,130,1820936,15511,4159881,38474,1093.7092023076923,53,61,16,0,22,106,2,0,13,7,107
2011-08-10 09:48:51,Normal,179,0,179,1980664,20547,6529457,32839,773.8512718268157,55,108,16,0,23,145,11,0,14,6,159
2011-08-10 09:48:52,Normal,160,6,166,2621656,18451,5151852,25392,1226.782775319277,65,85,16,0,39,118,9,0,20,4,141
2011-08-10 09:48:53,Normal,169,0,169,2017130,27571,6320250,50243,785.6582999289941,53,103,13,0,46,121,2,0,33,5,130
2011-08-10 09:48:54,Normal,159,0,159,2604528,14700,4449582,29509,1313.5914779119498,61,81,17,0,37,115,7,0,7,11,140
2011-08-10 09:48:55,Normal,127,3,130,1815640,16725,4286682,10619,1108.2303255769232,47,74,9,0,24,105,1,0,6,1,123
2011-08-10 09:48:56,Normal,154,0,154,2045512,4518,4604996,4961,986.2897453701298,45,94,15,0,20,131,3,0,13,6,135
2011-08-10 09:48:57,Normal,120,0,120,1632553,15347,4209374,44758,904.2908414499999,53,57,10,0,14,104,2,0,7,3,109
2011-08-10 09:48:58,Normal,153,3,156,2577798,2983,5543199,53980,894.7279156858974,57,89,10,0,42,110,4,0,16,2,138
2011-08-10 09:48:59,Normal,110,0,110,1756221,14628,3684658,42863,1109.8170834272726,49,48,13,0,19,86,5,0,12,4,94
2011-08-10 09:49:00,Normal,249,0,249,1727457,21927,11192812,52805,491.54828843373497,49,187,13,0,21,223,5,0,14,0,235
2011-08-10 09:49:01,Normal,159,3,162,1751713,5265,5760409,3946,865.9131965864198,58,86,18,0,19,134,9,0,23,2,136
2011-08-10 09:49:02,Normal,134,3,137,1565525,17088,4309488,9854,832.4505717080292,56,69,12,0,11,122,4,0,9,2,125
2011-08-10 09:49:03,Normal,115,0,115,1285514,8013,4283320,13622,1049.6521721391302,53,49,13,0,8,103,4,0,4,1,110
2011-08-10 09:49:04,Normal,148,3,151,1986464,15939,5699866,22377,830.1687247880794,69,69,13,0,11,138,2,0,10,4,137
2011-08-10 09:49:05,Normal,134,0,134,1841232,17619,3511727,8553,1144.4603549179105,51,72,11,0,23,103,8,0,22,2,110
2011-08-10 09:49:06,Normal,122,0,122,1461252,17594,3779793,49125,1048.4263291967213,53,61,8,0,19,93,10,0,28,3,90
2011-08-10 09:49:07,Normal,150,3,153,1449942,18824,4610189,20538,909.3675347254903,45,97,11,0,40,110,3,0,34,3,116
2011-08-10 09:49:08,Normal,122,0,122,1412642,3957,3910347,34490,984.85752447541,40,71,11,0,12,106,4,0,9,3,110
2011-08-10 09:49:09,Normal,125,3,128,1663196,4947,4661709,51398,1096.279368625,47,73,8,0,16,108,4,0,13,3,111
2011-08-10 09:49:10,Normal,107,3,110,1179024,42092,4167732,16447,812.3326227363635,50,55,5,0,15,94,1,0,12,4,94
2011-08-10 09:49:11,Normal,146,0,146,2107501,16141,5003471,6351,1050.5636462945204,51,84,11,0,25,118,3,0,6,1,139
2011-08-10 09:49:12,Normal,178,3,181,1398180,20633,6810192,35175,670.39427920442,48,118,15,0,47,125,9,0,55,4,121
2011-08-10 09:49:13,Normal,146,3,149,1484222,4131,5372302,42255,885.1308427785235,57,87,5,0,16,133,0,0,7,3,139
2011-08-10 09:49:14,Normal,158,0,158,1759569,18290,4257570,3535,954.1275879113925,67,78,13,0,39,115,4,0,31,2,125
2011-08-10 09:49:15,Normal,147,0,147,2207007,16267,3648385,40298,944.7044046258504,52,80,15,0,27,118,2,0,15,5,127
2011-08-10 09:49:16,Normal,166,3,169,1744493,18527,4740772,54007,929.1519360236687,58,101,10,0,35,126,8,0,24,2,141
2011-08-10 09:49:17,Normal,229,3,232,3095705,22139,8010953,44217,785.5486161336207,43,172,17,0,88,126,18,0,54,2,175
2011-08-10 09:49:18,Normal,170,0,170,2069385,31462,6083986,60762,930.7616958529413,53,102,15,0,37,120,11,2,27,0,141
2011-08-10 09:49:19,Normal,253,3,256,3938886,21493,9351233,49822,728.7368339453126,52,191,13,0,82,153,20,1,37,2,215
2011-08-10 09:49:20,Normal,138,0,138,1629476,7852,4529188,15934,923.4649187463768,53,75,10,0,27,108,2,1,14,4,119
2011-08-10 09:49:21,Normal,124,0,124,2052977,15470,3868553,31425,1518.3245528467742,50,61,13,0,25,95,4,0,6,2,116
2011-08-10 09:49:22,Normal,152,6,158,1433459,18930,5727651,26895,720.0160027784812,48,102,8,0,22,122,13,1,28,3,126
2011-08-10 09:49:23,Normal,149,0,149,1875337,3777,5047857,52701,1253.6678003422817,65,68,16,0,13,129,7,0,5,2,139
2011-08-10 09:49:24,Normal,114,0,114,1687591,2881,3596242,57421,1007.1716363596493,54,46,14,0,12,99,3,0,11,0,101
2011-08-10 09:49:25,Normal,198,3,201,2899895,10923,6260140,14913,1011.172181119403,57,131,13,0,55,134,12,0,37,4,158
2011-08-10 09:49:26,Normal,179,0,179,1791648,19615,6057645,65835,805.1689007206704,49,120,10,0,40,135,4,0,29,3,146
2011-08-10 09:49:27,Normal,217,0,217,2456095,7821,7138554,46229,881.0284121013826,55,155,7,0,44,164,9,0,22,0,193
2011-08-10 09:49:28,Normal,143,3,146,1693600,16956,5135466,54264,859.0652884383562,63,72,11,0,16,124,6,0,13,3,130
2011-08-10 09:49:29,Normal,160,0,160,1848202,18319,5373835,41619,946.47174849375,56,94,10,0,39,112,9,0,24,2,133
2011-08-10 09:49:30,Normal,176,0,176,1902669,19616,6699864,64884,774.2289430170455,64,108,4,0,43,128,5,0,34,2,139
2011-08-10 09:49:31,Normal,171,3,174,1681412,6160,6617063,49453,860.8630694597701,72,90,12,0,22,145,7,0,17,1,155
2011-08-10 09:49:32,Normal,242,3,245,1662966,24897,10387097,11310,494.72104171020413,55,175,15,0,70,154,21,0,78,4,163
2011-08-10 09:49:33,Normal,122,0,122,1443239,16407,4531169,55711,748.4078082049182,37,71,14,0,17,101,4,0,10,2,108
2011-08-10 09:49:34,Normal,118,6,124,1441754,15452,4337143,58874,798.0417242741936,63,50,11,0,13,110,1,0,15,2,107
2011-08-10 09:49:35,Normal,168,0,168,1692126,5703,7068130,5724,542.3675203214285,37,123,8,0,26,123,19,0,29,1,138
2011-08-10 09:49:36,Normal,185,0,185,1788565,19596,7590559,62724,859.1475871135135,52,121,12,0,21,158,5,1,9,2,174
2011-08-10 09:49:37,Normal,194,3,197,3399654,17833,6377027,18258,986.0739476649746,63,121,13,0,41,151,5,0,13,8,175
2011-08-10 09:49:38,Normal,176,0,176,2303678,18199,5673896,50868,989.9812351647726,58,103,15,0,30,143,3,0,32,4,140
2011-08-10 09:49:39,Normal,134,3,137,2545336,9944,4245456,3036,1266.9922672627738,54,73,10,0,27,98,12,0,11,2,124
2011-08-10 09:49:40,Normal,132,3,135,1871775,15464,4630112,13528,1018.8808544148147,48,74,13,0,23,108,4,0,5,5,125
2011-08-10 09:49:41,Normal,116,0,116,1438382,5390,3963107,31393,1164.968239025862,56,51,9,0,11,103,2,0,6,4,106
2011-08-10 09:49:42,Normal,140,3,143,1754290,4127,5480305,45637,974.0064146293709,55,71,17,0,18,122,3,0,9,4,129
2011-08-10 09:49:43,Normal,123,3,126,1578630,16185,4368639,42102,980.866382079365,57,61,8,0,13,110,3,0,10,5,111
2011-08-10 09:49:44,Normal,149,0,149,2065523,17063,5296110,58130,1029.1684764966442,61,69,19,0,25,114,10,0,17,5,126
2011-08-10 09:49:45,Normal,131,0,131,2004062,52703,4784402,61132,798.2910554885495,48,76,7,0,28,99,4,0,16,3,112
2011-08-10 09:49:46,Normal,113,3,116,1869164,15026,3999806,4199,1257.2195186206898,55,49,12,0,18,96,2,0,6,5,104
2011-08-10 09:49:47,Normal,134,0,134,1661351,15741,4831893,56215,925.6189780746269,63,63,8,0,10,120,4,0,7,1,126
2011-08-10 09:49:48,Normal,147,0,147,1723913,9569,5609208,10610,789.0026464081633,58,76,13,0,24,119,4,0,19,3,125
2011-08-10 09:49:49,Normal,161,3,164,2392235,7558,5445793,35457,1099.8665397134146,46,109,9,0,61,97,6,0,28,1,131
2011-08-10 09:49:50,Normal,154,0,154,2652524,2340,4778348,65317,1155.576950896104,45,97,12,0,47,95,12,0,20,3,130
2011-08-10 09:49:51,Normal,154,0,154,1601710,7469,5780178,45342,970.1860273701299,64,82,8,0,25,118,11,0,32,2,120
2011-08-10 09:49:52,Normal,112,6,118,1439727,17667,4377395,40541,888.3001586355933,51,57,10,0,15,97,6,0,15,1,101
2011-08-10 09:49:53,Normal,115,0,115,1492612,16403,4364590,4802,916.2669802086957,44,64,7,0,31,78,6,0,20,2,93
2011-08-10 09:49:54,Normal,128,0,128,2221839,56310,3870848,13745,1280.0523096328125,36,85,7,0,32,88,8,0,5,1,121
2011-08-10 09:49:55,Normal,120,3,123,1812720,15550,3950804,13991,1058.4471323414634,59,46,18,0,14,106,3,0,6,5,112
2011-08-10 09:49:56,Normal,186,0,186,2244209,57129,6084492,59932,1001.6127983010753,59,114,13,0,52,128,6,0,41,2,141
2011-08-10 09:49:57,Normal,150,0,150,1670607,4579,4972846,59995,850.3570507933333,51,87,12,0,33,115,2,0,19,5,126
2011-08-10 09:49:58,Normal,178,3,181,2125622,18894,6408577,43268,950.9364866132598,54,109,18,0,40,134,7,0,19,2,158
2011-08-10 09:49:59,Normal,170,0,170,3102842,3365,4339033,47038,1225.4033273882353,53,103,14,0,45,117,8,0,14,5,148
2011-08-10 09:50:00,Normal,157,0,157,2007405,3708,5384586,37842,1085.177772464968,49,99,9,0,36,118,3,0,15,2,139
2011-08-10 09:50:01,Normal,170,3,173,1806260,5247,6421507,38451,680.8086643063584,47,113,13,0,23,145,5,0,14,2,157
2011-08-10 09:50:02,Normal,139,3,142,2360545,52488,4456114,2572,1031.0410183873241,64,70,8,0,23,114,5,0,9,4,127
2011-08-10 09:50:03,Normal,124,0,124,1348056,4134,4306811,41014,944.2210248629033,47,69,8,0,12,105,7,0,8,2,112
2011-08-10 09:50:04,Normal,125,3,128,2079128,16610,3827902,63849,1190.6958048046874,60,61,7,0,28,95,5,0,17,4,105
2011-08-10 09:50:05,Normal,148,1,149,1659593,12898,4684585,23654,886.8511571812079,49,92,8,0,35,108,6,0,30,1,116
2011-08-10 09:50:06,Normal,346,0,346,2090116,14405,13734353,5158,422.18744156936424,55,271,20,0,35,301,10,0,27,3,315
2011-08-10 09:50:07,Normal,160,3,163,2644840,16937,5374270,51574,945.5220640613497,46,103,14,0,33,124,6,0,10,3,146
2011-08-10 09:50:08,Normal,145,0,145,2237258,3296,4810449,36333,1140.3614630689656,53,79,13,0,28,113,4,0,8,2,132
2011-08-10 09:50:09,Normal,136,3,139,1722005,21358,3667388,8513,1220.3838143309351,52,80,7,0,30,99,10,0,19,2,115
2011-08-10 09:50:10,Normal,120,3,123,1944017,15522,3832506,3269,982.8785589105692,50,67,6,0,18,98,7,0,6,3,113
2011-08-10 09:50:11,Normal,126,0,126,1398472,3516,4507359,4677,768.5535553730159,55,59,12,0,8,112,6,0,9,7,110
2011-08-10 09:50:12,Normal,135,3,138,1289165,3397,4911646,52254,849.5207853043478,54,71,13,0,7,124,7,0,6,1,131
2011-08-10 09:50:13,Normal,103,3,106,1041253,25238,3749929,13374,932.4380095471697,49,51,6,0,7,94,5,0,4,1,101
2011-08-10 09:50:14,Normal,117,0,117,1688603,16565,3791396,40301,1103.7456676410256,48,58,11,0,19,94,4,0,8,3,103
2011-08-10 09:50:15,Normal,129,0,129,1625986,15327,4681473,20960,907.254942015504,52,56,21,0,11,116,2,0,12,2,114
2011-08-10 09:50:16,Normal,176,3,179,1549737,20125,6572534,15239,653.1199173910616,50,115,14,0,30,146,3,0,24,1,154
2011-08-10 09:50:17,Normal,125,0,125,1533973,18527,4317108,49956,979.2115303439998,45,66,14,0,14,109,2,0,11,4,109
2011-08-10 09:50:18,Normal,155,1,156,1386316,11828,4771371,54307,742.9670057948717,48,96,12,0,26,123,6,1,22,1,132
2011-08-10 09:50:19,Normal,188,3,191,2093187,7103,4409542,34873,890.12387186911,56,126,9,0,57,133,0,1,38,3,148
2011-08-10 09:50:20,Normal,201,0,201,2954381,4171,5870742,7017,1137.8574445771144,63,127,11,0,46,153,2,0,24,6,169
2011-08-10 09:50:21,Normal,134,0,134,1644993,16167,4308673,54153,850.0408047835821,65,58,11,0,9,123,1,1,10,4,117
2011-08-10 09:50:22,Normal,129,6,135,1194661,18191,3672300,30135,906.2988110444444,60,70,5,0,29,102,3,1,29,1,103
2011-08-10 09:50:23,Normal,115,0,115,1361050,14503,3876762,33573,1125.497589121739,61,46,8,0,12,103,0,0,8,1,106
2011-08-10 09:50:24,Normal,136,0,136,1781643,17109,3929711,62347,859.2545203455884,51,79,6,0,25,103,8,0,17,1,117
2011-08-10 09:50:25,Normal,205,3,208,1535689,70054,8396570,25714,591.3839620144231,59,136,13,0,21,161,26,0,45,3,157
2011-08-10 09:50:26,Normal,122,0,122,1126960,4896,4444437,5980,754.6203379754099,45,66,11,0,12,94,15,1,24,3,93
2011-08-10 09:50:27,Normal,156,0,156,1585635,18060,5989502,22079,1004.1893901089744,61,84,11,0,13,140,3,0,11,1,144
2011-08-10 09:50:28,Normal,163,3,166,2172671,6558,6009290,40953,853.2432624518073,66,89,11,0,23,137,6,0,21,4,140
2011-08-10 09:50:29,Normal,133,0,133,1344547,16693,4830127,27594,855.6020680451128,60,56,17,0,7,123,3,0,8,0,124
2011-08-10 09:50:30,Normal,260,0,260,1562805,24287,10756759,32362,443.046220976923,57,197,6,0,46,204,10,0,45,2,212
2011-08-10 09:50:31,Normal,187,0,187,1442355,5185,7121037,40212,692.9080164652407,71,106,10,0,11,175,1,0,9,0,177
2011-08-10 09:50:32,Normal,134,6,140,1523918,17874,4566201,1058,882.4351790857144,43,88,9,0,21,106,13,0,25,0,115
2011-08-10 09:50:33,Normal,98,0,98,1245785,16098,3414048,52971,1145.625059857143,54,34,10,0,6,91,1,0,8,2,87
2011-08-10 09:50:34,Normal,131,0,131,977504,6639,5153187,39605,763.5879265954198,41,71,19,0,18,109,4,0,23,1,107
2011-08-10 09:50:35,Normal,141,3,144,1245919,16326,5081196,18015,860.4906384097222,71,64,9,0,10,131,3,0,14,0,128
2011-08-10 09:50:36,Normal,120,0,120,1352159,16879,4215724,3032,1115.09325775,63,41,16,0,8,110,2,0,8,1,110
2011-08-10 09:50:37,Normal,119,0,119,1228088,17835,3843504,11824,916.8405251176471,45,63,11,0,21,93,5,0,18,3,95
2011-08-10 09:50:38,Normal,167,3,170,2337565,17370,6011777,32540,1212.2806325470588,62,99,9,0,33,133,4,0,14,3,152
2011-08-10 09:50:39,Normal,119,3,122,1743055,15769,4124172,57290,1229.018931770492,42,68,12,0,18,97,7,0,7,2,112
2011-08-10 09:50:40,Normal,156,0,156,1545811,20837,5699256,15435,822.0408067692307,45,104,7,0,39,112,5,0,26,0,126
2011-08-10 09:50:41,Normal,138,3,141,1944796,16708,4904055,15785,1080.0156447021277,59,71,11,0,23,114,4,0,10,2,128
2011-08-10 09:50:42,Normal,185,3,188,1805416,5996,6971227,52741,864.0644259414894,58,114,16,0,19,164,5,0,15,2,171
2011-08-10 09:50:43,Normal,134,0,134,1495120,17167,5023141,13623,1121.8807803656716,56,67,11,0,25,108,1,0,22,2,110
2011-08-10 09:50:44,Normal,137,3,140,1759116,16344,4555080,10159,1028.2651163428573,65,67,8,0,14,119,7,0,9,0,131
2011-08-10 09:50:45,Normal,135,0,135,1884264,16993,3882238,32708,1203.6025447259258,56,68,11,0,25,102,8,0,12,1,121
2011-08-10 09:50:46,Normal,161,0,161,1469284,6328,5911856,37186,725.4910196086956,46,105,10,0,34,118,9,0,39,4,115
2011-08-10 09:50:47,Normal,149,3,152,1556551,18202,4978429,24642,896.139432506579,56,79,17,0,16,122,14,0,31,2,118
2011-08-10 09:50:48,Normal,149,0,149,1373148,19393,5535341,31829,745.55532195302,47,93,9,0,24,117,8,0,29,3,116
2011-08-10 09:50:49,Normal,157,0,157,1990774,17154,5212641,33976,1013.9925472802547,45,100,12,0,35,111,11,0,22,2,130
2011-08-10 09:50:50,Normal,156,5,161,1529186,6026,5527034,49500,654.2065189130435,48,99,14,0,39,114,8,0,42,0,116
2011-08-10 09:50:51,Normal,172,0,172,1223121,7112,6235639,3973,592.6046228488372,64,100,8,0,23,143,6,0,38,1,132
2011-08-10 09:50:52,Normal,132,3,135,1517631,5826,4764388,53425,773.5817243925926,54,67,14,0,13,117,5,0,16,2,116
2011-08-10 09:50:53,Normal,144,3,147,1787079,17615,4865596,9812,1060.7496420340137,56,80,11,0,31,109,7,0,19,3,125
2011-08-10 09:50:54,Normal,162,0,162,2699722,16018,4659023,64140,1112.1502167962963,67,86,9,0,35,123,4,0,11,7,144
2011-08-10 09:50:55,Normal,127,0,127,1982230,15078,4387959,5999,1145.0114316771658,54,64,9,0,23,102,2,0,7,4,111
2011-08-10 09:50:56,Normal,142,3,145,2084245,16902,4436092,13342,1130.8999086689655,61,68,16,0,22,118,4,1,4,0,140
2011-08-10 09:50:57,Normal,119,0,119,1284149,18992,4261891,45996,915.9400680840337,52,58,9,0,11,105,3,0,14,3,100
2011-08-10 09:50:58,Normal,155,0,155,2075775,2804,5396296,6213,1092.7582877032257,60,86,9,0,28,124,3,0,6,3,145
2011-08-10 09:50:59,Normal,302,3,305,4449705,58173,10611237,15675,902.393296232787,61,231,13,0,79,217,9,0,12,5,287
2011-08-10 09:51:00,Normal,163,0,163,1563896,6190,6491551,62071,773.311322386503,43,114,6,0,21,139,3,0,3,3,157
2011-08-10 09:51:01,Normal,161,0,161,2349913,16951,5418580,32727,1137.930997962733,76,78,7,0,22,135,4,0,15,2,143
2011-08-10 09:51:02,Normal,149,6,155,2071873,19021,5117450,29791,1227.2791874387096,67,74,14,0,27,123,5,0,18,1,136
2011-08-10 09:51:03,Normal,147,0,147,2014212,4868,4781690,60971,1148.5092680612242,42,94,11,0,26,119,2,0,10,1,136
2011-08-10 09:51:04,Normal,173,0,173,3266701,19137,4986717,13898,1293.6051850520232,41,119,13,0,47,114,12,0,12,2,158
2011-08-10 09:51:05,Normal,202,3,205,1893073,6326,8013546,55616,526.7671259170731,59,137,9,0,11,190,4,0,9,4,192
2011-08-10 09:51:06,Normal,103,0,103,1441624,15806,3320519,65373,790.9683666407767,50,47,6,0,11,89,3,0,6,0,97
2011-08-10 09:51:07,Normal,133,0,133,1852586,2236,4074268,62645,1295.5536438872182,54,72,7,0,26,100,6,1,3,0,128
2011-08-10 09:51:08,Normal,166,3,169,2518865,17777,4734194,34127,1075.725403781065,46,109,14,0,28,125,16,0,12,0,157
2011-08-10 09:51:09,Normal,198,3,201,1972971,6611,6839789,47149,651.2397741691542,54,134,13,0,30,165,5,1,20,2,179
2011-08-10 09:51:10,Normal,128,0,128,1438556,19171,4008035,42552,961.29016184375,63,54,11,0,13,114,1,0,14,1,113
2011-08-10 09:51:11,Normal,124,3,127,1351688,3743,4157373,4932,1006.142338519685,46,74,7,0,15,108,4,0,8,0,119
2011-08-10 09:51:12,Normal,123,3,126,1307893,19795,4513762,11204,1006.1766959285717,43,71,12,0,19,103,4,0,16,2,108
2011-08-10 09:51:13,Normal,133,0,133,1841226,35959,4449515,16247,1041.9844198796993,52,62,19,0,13,114,6,0,8,4,120
2011-08-10 09:51:14,Normal,148,3,151,1606641,5822,5808454,59153,1009.3445845231786,50,92,9,0,25,120,6,0,24,2,124
2011-08-10 09:51:15,Normal,124,0,124,1584325,21121,4285750,14556,1033.4238371774193,48,69,7,0,16,106,1,1,6,2,116
2011-08-10 09:51:16,Normal,104,0,104,1517638,15620,3376587,6946,1120.2792265961539,45,47,12,0,16,85,3,0,14,0,88
2011-08-10 09:51:17,Normal,107,3,110,1327055,16712,3895079,2920,1104.8646770636362,47,53,10,0,13,87,10,0,10,2,98
2011-08-10 09:51:18,Normal,186,2,188,1774854,6954,7328616,66947,720.3420072234042,50,130,8,0,26,155,6,1,19,2,164
2011-08-10 09:51:19,Normal,161,0,161,1348249,5057,5664670,49517,748.7388549503106,61,93,7,0,16,139,5,1,12,0,148
2011-08-10 09:51:20,Normal,121,3,124,1491802,3595,3866827,3322,1225.680480282258,64,53,7,0,13,108,2,1,15,1,106
2011-08-10 09:51:21,Normal,196,0,196,1947455,23708,7206386,52223,645.8542604693878,49,137,10,0,42,147,7,0,31,3,162
2011-08-10 09:51:22,Normal,126,3,129,1524509,43037,4626421,14983,973.956170364341,64,59,6,0,14,113,2,0,10,2,112
2011-08-10 09:51:23,Normal,126,3,129,1399851,17964,4485716,4552,923.9210578294573,51,64,14,0,19,106,2,2,10,0,117
2011-08-10 09:51:24,Normal,143,0,143,2064813,16063,4480941,15798,1100.88725627972,57,74,12,0,18,120,5,0,9,4,130
2011-08-10 09:51:25,Normal,124,0,124,1458524,16696,4142560,56964,1084.514615080645,49,63,12,0,15,105,4,0,11,1,112
2011-08-10 09:51:26,Normal,122,3,125,1415178,3903,4637308,50262,810.8948380719999,49,64,12,0,14,108,3,0,10,2,113
2011-08-10 09:51:27,Normal,104,0,104,1275582,14948,3589329,56718,1133.5453449134616,58,37,9,0,6,95,3,0,9,1,94
2011-08-10 09:51:28,Normal,140,0,140,1639779,17381,4780132,58331,912.2579397000001,53,69,18,0,16,121,3,0,11,1,128
2011-08-10 09:51:29,Normal,107,3,110,1309015,2558,3741500,48878,894.9319341727274,55,46,9,0,9,98,3,0,9,1,100
2011-08-10 09:51:30,Normal,115,0,115,1567581,1936,4239275,46301,833.1246594347826,48,60,7,0,15,98,2,0,4,1,107
2011-08-10 09:51:31,Normal,158,0,158,1665536,18747,5449483,30856,746.3250356582279,51,87,20,0,21,131,6,0,24,4,130
2011-08-10 09:51:32,Normal,135,9,144,1753265,69494,4777019,16485,899.0783192430556,48,88,8,0,23,113,8,0,18,4,122
2011-08-10 09:51:33,Normal,129,1,130,1618038,16498,4417446,19600,823.9135598538461,47,67,16,0,12,113,5,0,6,1,122
2011-08-10 09:51:34,Normal,154,0,154,1317133,13271,5692314,50310,656.6444027597403,51,94,9,0,16,135,3,0,14,3,137
2011-08-10 09:51:35,Normal,119,3,122,1530022,2980,3820294,2740,1097.984293942623,48,65,9,0,20,94,8,0,10,2,108
2011-08-10 09:51:36,Normal,139,0,139,1408528,17995,5226753,57579,1001.0538932374099,58,67,14,0,19,108,12,0,21,1,115
2011-08-10 09:51:37,Normal,118,0,118,1594981,2091,3926771,57479,1326.521256279661,52,57,9,0,18,94,6,0,11,3,104
2011-08-10 09:51:38,Normal,158,3,161,1534077,20655,4796108,33654,697.8545927391305,61,86,14,0,22,133,6,0,25,1,135
2011-08-10 09:51:39,Normal,131,3,134,2136972,15749,3918177,8129,981.4159694626865,42,86,6,0,32,96,6,0,3,1,130
2011-08-10 09:51:40,Normal,123,0,123,1650732,16081,3477281,1283,1264.6153732764228,48,62,13,0,15,100,8,0,11,1,111
2011-08-10 09:51:41,Normal,127,3,130,1194386,17915,4580389,63695,655.9285763153847,39,73,18,0,13,110,7,0,21,2,106
2011-08-10 09:51:42,Normal,178,3,181,1313689,7900,4968159,52408,738.4547559060774,49,120,12,0,32,137,12,0,39,0,141
2011-08-10 09:51:43,Normal,144,0,144,1349924,3731,4657039,2290,711.3215321388889,58,73,13,0,11,133,0,0,8,1,135
2011-08-10 09:51:44,Normal,100,3,103,1364388,14639,3577214,56355,887.4016039514564,51,43,9,0,9,92,2,0,8,2,93
2011-08-10 09:51:45,Normal,193,0,193,996612,27651,8727179,13361,529.8207865440414,45,136,12,0,45,133,15,0,60,1,131
2011-08-10 09:51:46,Normal,124,0,124,1737890,1813,4166667,52990,1265.6074436370968,62,51,11,0,20,102,2,0,7,2,114
2011-08-10 09:51:47,Normal,101,3,104,1217339,16128,3422115,5891,1284.2004400096155,52,41,11,0,14,90,0,0,9,1,94
2011-08-10 09:51:48,Normal,129,0,129,1587146,16567,4455909,54969,1050.2511093100777,58,60,11,0,13,114,2,0,7,4,118
2011-08-10 09:51:49,Normal,161,0,161,1688841,13506,5339979,67013,766.2226911677018,66,88,7,0,25,133,3,0,26,3,131
2011-08-10 09:51:50,Normal,168,3,171,1776635,17782,5454395,61278,775.0245056140352,66,99,6,0,17,143,11,0,31,2,138
2011-08-10 09:51:51,Normal,132,0,132,1202395,17449,4511755,22859,969.3177712424242,60,66,6,0,9,118,5,0,18,0,114
2011-08-10 09:51:52,Normal,136,3,139,2385712,16956,4034153,64587,913.5474744460431,55,78,6,0,32,102,5,0,9,5,125
2011-08-10 09:51:53,Normal,115,3,118,1143354,2270,4540174,35530,874.5018915254238,45,61,12,0,7,109,2,0,6,0,112
2011-08-10 09:51:54,Normal,116,0,116,1427274,2350,3624147,62652,964.7402403534481,57,50,9,0,14,101,1,0,8,4,103
2011-08-10 09:51:55,Normal,135,0,135,1158346,17270,4458558,43020,764.7458589555555,47,77,11,0,26,107,2,0,26,0,109
2011-08-10 09:51:56,Normal,149,3,152,1354870,18231,6162750,57556,757.470994243421,52,89,11,0,20,127,5,0,20,2,129
2011-08-10 09:51:57,Normal,130,0,130,1546008,20388,4314749,35347,864.4822508076923,58,62,10,0,22,105,2,1,18,3,108
2011-08-10 09:51:58,Normal,126,0,126,1594366,15625,3748642,62548,783.737243777778,52,53,21,0,10,100,16,0,22,4,99
2011-08-10 09:51:59,Normal,174,3,177,1999314,18355,5394196,9512,975.2577652090396,58,109,10,0,31,138,8,0,19,5,151
2011-08-10 09:52:00,Normal,193,0,193,2090530,5864,6836696,52559,735.6209509015544,70,110,13,0,22,164,7,0,14,6,170
2011-08-10 09:52:01,Normal,119,0,119,1467599,4084,4125866,45444,761.418113605042,41,65,13,0,19,95,5,0,16,1,102
2011-08-10 09:52:02,Normal,179,6,185,2631457,20078,6441107,12619,1303.3359823297299,52,121,12,0,44,135,6,0,15,3,167
2011-08-10 09:52:03,Normal,234,0,234,1667006,8800,9631779,53998,621.1670392820513,64,157,13,0,24,208,2,0,25,2,207
2011-08-10 09:52:04,Normal,224,0,224,2760502,22534,7624549,9670,834.5943210446429,61,148,15,0,62,141,21,0,46,0,178
2011-08-10 09:52:05,Normal,266,3,269,1550162,23963,11062337,55601,398.75564729739773,46,206,17,0,24,241,4,0,22,2,245
2011-08-10 09:52:06,Normal,177,0,177,2228309,17795,6044425,11851,740.4101344576271,67,100,10,0,29,142,6,0,10,7,160
2011-08-10 09:52:07,Normal,153,0,153,1694465,5348,5373112,57401,789.0246917973857,54,88,11,0,25,125,3,0,22,2,128
2011-08-10 09:52:08,Normal,168,3,171,2644381,5637,5054810,50013,1044.941942988304,48,110,13,0,51,108,12,0,28,6,137
2011-08-10 09:52:09,Normal,139,3,142,2057746,69604,4748413,39051,1056.9630830774647,69,65,8,0,19,121,2,0,11,5,124
2011-08-10 09:52:10,Normal,137,0,137,1601919,16677,4744689,62513,835.0826720364964,52,68,17,0,11,121,4,1,12,3,122
2011-08-10 09:52:11,Normal,145,3,148,1920934,16611,5740315,30877,1025.9521854932434,56,84,8,0,27,119,2,0,10,1,136
2011-08-10 09:52:12,Normal,149,3,152,2229748,9381,5249378,65505,994.3478561250001,63,85,4,0,26,123,3,0,10,4,138
2011-08-10 09:52:13,Normal,142,0,142,1583731,19360,5136685,50061,671.7387483943663,49,84,9,0,18,119,5,0,13,2,127
2011-08-10 09:52:14,Normal,131,3,134,2032833,16084,4231180,52773,927.6476762537313,53,68,13,0,20,106,8,0,10,5,119
2011-08-10 09:52:15,Normal,180,0,180,1760862,18233,6362701,42136,896.1294759833331,72,101,7,0,13,166,1,0,15,4,161
2011-08-10 09:52:16,Normal,125,0,125,1919376,16526,4252604,22271,721.2131198319998,52,56,17,0,21,96,8,0,16,3,106
2011-08-10 09:52:17,Normal,173,3,176,2407477,16707,5414310,18174,906.2140433352273,54,110,12,0,31,135,10,0,15,5,156
2011-08-10 09:52:18,Normal,139,0,139,1719227,17018,4586370,46472,959.2061261223021,63,62,13,0,16,117,3,2,10,3,124
2011-08-10 09:52:19,Normal,173,0,173,2820949,36411,5085796,39132,1131.554252196532,62,101,10,0,46,119,7,1,11,4,157
2011-08-10 09:52:20,Normal,128,3,131,1732279,16727,4329431,3212,863.5660251068701,53,66,12,0,19,108,2,2,9,3,117
2011-08-10 09:52:21,Normal,169,0,169,1558290,18538,6161750,11596,893.7430479704143,66,91,12,0,17,149,2,1,10,2,156
2011-08-10 09:52:22,Normal,189,3,192,1800358,18750,7998204,5048,639.7671967812499,62,123,7,0,25,162,5,0,17,2,173
2011-08-10 09:52:23,Normal,141,3,144,1594874,3886,5333469,53898,1032.9040127569447,46,83,15,0,22,117,5,0,13,4,127
2011-08-10 09:52:24,Normal,141,0,141,1436711,17917,5185803,31031,767.0010891560283,59,71,11,0,14,120,7,0,14,3,123
2011-08-10 09:52:25,Normal,144,0,144,1514516,4076,5148300,52036,863.6376220138889,50,83,11,0,27,113,4,0,21,1,122
2011-08-10 09:52:26,Normal,137,3,140,1396511,6683,5061979,48556,718.2605660071428,34,91,15,0,23,108,9,0,20,4,116
2011-08-10 09:52:27,Normal,140,0,140,2164706,4214,4433907,45487,1024.8958990214287,45,82,13,0,30,102,8,0,11,4,125
2011-08-10 09:52:28,Normal,144,0,144,1653592,16834,5268688,33856,773.6681446458333,60,74,10,0,23,118,3,0,16,2,126
2011-08-10 09:52:29,Normal,154,3,157,1549396,17941,5470195,64978,742.395161687898,55,90,12,0,26,128,3,0,27,4,126
2011-08-10 09:52:30,Normal,185,0,185,1943169,22324,6543056,9174,817.3281538540541,49,130,6,0,49,121,15,0,43,1,141
2011-08-10 09:52:31,Normal,206,0,206,2203428,18663,7330384,63288,784.4933719223301,68,126,12,0,33,169,4,0,18,2,183
2011-08-10 09:52:32,Normal,174,6,180,1705222,20137,6378224,34492,755.3165321833335,56,108,16,0,28,143,9,0,26,3,151
2011-08-10 09:52:33,Normal,192,0,192,2041964,22334,6731017,3485,801.0052759114584,57,121,14,0,32,150,10,0,22,2,168
2011-08-10 09:52:34,Normal,170,0,170,1680871,18382,6213044,16015,648.3570834529412,53,114,3,0,28,135,7,0,22,4,144
2011-08-10 09:52:35,Normal,130,3,133,1244364,4801,4683508,50189,961.4731919699246,52,68,13,0,15,110,8,0,22,2,109
2011-08-10 09:52:36,Normal,157,0,157,2244798,18649,4931950,56642,1003.0352444076433,56,88,13,0,27,125,5,0,9,4,144
2011-08-10 09:52:37,Normal,129,0,129,2096157,15363,4012594,54488,931.0316686744187,60,54,15,0,20,105,4,0,6,3,120
2011-08-10 09:52:38,Normal,134,3,137,1739750,2670,4791101,1543,776.4608375109489,64,65,8,0,16,119,2,0,9,4,123
2011-08-10 09:52:39,Normal,132,3,135,2139544,16738,4230009,38551,1074.7787075333333,59,65,11,0,23,107,5,0,16,5,113
2011-08-10 09:52:40,Normal,135,0,135,1568969,4113,4682668,40172,906.4489015407406,60,68,7,0,18,107,10,0,15,3,117
2011-08-10 09:52:41,Normal,157,3,160,1528393,18276,5660645,16399,898.9162312812499,56,93,11,0,25,130,5,0,19,3,138
2011-08-10 09:52:42,Normal,114,3,117,1114230,2940,4184619,44213,787.456745068376,47,61,9,0,22,93,2,0,13,1,102
2011-08-10 09:52:43,Normal,160,0,160,1357457,6190,5715633,60416,687.7688908062499,44,99,17,0,40,116,4,0,34,2,124
2011-08-10 09:52:44,Normal,112,3,115,1560367,3739,3445837,130,1292.2828224,42,64,9,0,27,84,4,0,6,2,107
2011-08-10 09:52:45,Normal,165,0,165,2855507,2480,5372548,58499,1089.1148791333333,62,91,12,0,43,119,3,0,7,4,154
2011-08-10 09:52:46,Normal,157,0,157,2267814,17400,5457786,38237,779.5537701082802,37,108,12,0,35,115,7,0,11,1,145
2011-08-10 09:52:47,Normal,146,3,149,2485372,15921,4160110,30029,1231.906777114094,54,88,7,0,44,101,4,0,11,3,134
2011-08-10 09:52:48,Normal,116,0,116,1560768,29409,3771232,14255,1084.277151198276,49,60,7,0,21,89,4,2,9,2,104
2011-08-10 09:52:49,Normal,117,0,117,1330906,16602,3838709,41093,872.820405051282,48,56,13,0,15,101,1,0,8,5,104
2011-08-10 09:52:50,Normal,134,3,137,2142076,11145,4355850,66894,1053.7368297664232,59,71,7,0,38,95,4,0,17,4,116
2011-08-10 09:52:51,Normal,147,0,147,1585700,6435,5142685,50745,768.8477680136056,58,76,13,0,18,123,6,0,22,1,124
2011-08-10 09:52:52,Normal,121,3,124,1815397,14822,4521643,23750,1226.5123532903226,53,63,8,0,18,100,6,0,5,1,117
2011-08-10 09:52:53,Normal,136,3,139,1671949,2858,4601366,50199,944.1738318920864,60,72,7,0,22,112,5,0,15,2,122
2011-08-10 09:52:54,Normal,118,0,118,1427475,17618,4308615,32408,791.5405793983049,46,65,7,0,29,84,4,1,24,2,92
2011-08-10 09:52:55,Normal,127,1,128,1784265,44404,4170895,15756,868.0602691328126,44,75,9,0,24,99,5,0,16,3,109
2011-08-10 09:52:56,Normal,219,3,222,2056119,22166,8315799,3119,722.7360038153154,59,150,13,0,50,165,7,0,36,2,184
2011-08-10 09:52:57,Normal,176,0,176,2392233,69204,5959462,37770,753.6999251988636,47,119,10,0,31,137,8,0,16,3,157
2011-08-10 09:52:58,Normal,164,0,164,1828923,18807,5438220,11625,1010.5838229024389,58,94,12,0,28,124,9,3,21,3,139
2011-08-10 09:52:59,Normal,276,3,279,1881197,9927,12201305,53665,438.71773362724014,56,215,8,0,28,245,6,0,22,0,257
2011-08-10 09:53:00,Normal,143,0,143,1958697,16061,4805960,60391,739.1481280489511,57,75,11,0,17,119,7,0,13,5,125
2011-08-10 09:53:01,Normal,169,0,169,1790564,18748,5869219,3003,937.105816408284,63,91,15,0,21,144,4,0,15,1,153
2011-08-10 09:53:02,Normal,129,6,135,1390793,16177,4596660,13630,861.4492018074073,50,70,15,0,27,103,5,0,25,2,108
2011-08-10 09:53:03,Normal,108,0,108,1117857,15397,3883850,63850,819.5708715185184,42,55,11,0,8,98,2,0,10,1,96
2011-08-10 09:53:04,Normal,139,0,139,2541198,15691,4659350,64987,933.8293369208634,45,87,7,0,36,95,8,0,9,0,130
2011-08-10 09:53:05,Normal,111,3,114,1421595,38978,3991420,7088,914.2026070877193,44,60,10,0,18,92,4,0,9,0,105
2011-08-10 09:53:06,Normal,122,0,122,1371537,3614,4381288,49986,925.7257165737706,47,63,12,0,19,98,5,0,12,0,110
2011-08-10 09:53:07,Normal,133,0,133,1546564,17868,5062245,28185,934.6437079774436,52,73,8,0,12,116,5,0,11,2,120
2011-08-10 09:53:08,Normal,133,3,136,1911882,14966,4322751,54465,1076.8544400735293,52,69,15,0,29,103,4,0,17,0,119
2011-08-10 09:53:09,Normal,126,0,126,1321392,16821,4308959,30318,921.7016068333334,45,73,8,0,16,106,4,0,11,3,111
2011-08-10 09:53:10,Normal,108,3,111,1387229,15160,3738720,17411,952.6172582432432,54,50,7,0,18,89,4,0,11,1,99
2011-08-10 09:53:11,Normal,126,6,132,1170163,20171,5280900,2423,777.5126552651515,50,71,11,0,6,120,6,0,13,2,117
2011-08-10 09:53:12,Normal,127,6,133,1508922,4013,4917740,49184,928.5614576090226,45,78,10,0,18,107,8,0,14,2,116
2011-08-10 09:53:13,Normal,155,0,155,2094551,16320,5162077,4855,882.0869964903226,72,71,12,0,24,125,6,0,19,3,133
2011-08-10 09:53:14,Normal,130,3,133,2101157,45525,4358481,17218,929.6497343082707,52,65,16,0,29,100,4,0,17,5,111
2011-08-10 09:53:15,Normal,197,0,197,2816143,5501,6038293,29826,1002.7735988578681,57,131,9,0,46,131,20,0,30,1,166
2011-08-10 09:53:16,Normal,132,0,132,1456103,16854,4348276,54998,897.6193545757577,52,65,15,0,16,109,7,0,18,1,113
2011-08-10 09:53:17,Normal,132,3,135,1482502,18080,5064500,17197,734.6299013481482,54,75,6,0,13,119,3,0,11,2,122
2011-08-10 09:53:18,Normal,137,0,137,1941547,2703,4881401,53864,1047.2505363138687,54,72,11,0,24,109,2,2,10,2,123
2011-08-10 09:53:19,Normal,135,0,135,1739477,15982,4669434,11234,911.3099948518518,52,68,15,0,26,103,5,1,12,0,122
2011-08-10 09:53:20,Normal,150,3,153,2192501,55823,4733282,15166,896.3762452026144,74,66,13,0,25,125,3,0,26,3,122
2011-08-10 09:53:21,Normal,127,0,127,1811144,16540,4556611,1540,728.0569789527558,47,66,14,0,20,100,6,1,15,2,108
2011-08-10 09:53:22,Normal,192,3,195,2329073,19419,6945826,54698,664.1353398410257,57,126,12,0,28,158,8,1,9,3,182
2011-08-10 09:53:23,Normal,168,3,171,1708164,7301,6286002,61416,697.8059349005849,66,93,12,0,16,145,10,0,25,3,143
2011-08-10 09:53:24,Normal,126,0,126,1604096,16346,4435999,47968,713.5909144920636,48,69,9,0,19,107,0,0,13,0,113
2011-08-10 09:53:25,Normal,117,0,117,1606153,16779,3933137,50454,855.3743485641027,46,63,8,0,17,94,6,0,10,1,106
2011-08-10 09:53:26,Normal,141,3,144,1690056,16588,4692356,37284,898.8684286805556,60,69,15,0,14,129,1,0,6,1,137
2011-08-10 09:53:27,Normal,119,0,119,1239700,2901,4125931,33731,595.4239742016805,52,55,12,0,5,111,2,1,11,1,106
2011-08-10 09:53:28,Normal,104,0,104,1290083,4128,3606791,12697,972.353123673077,46,51,7,0,11,90,3,0,6,0,97
2011-08-10 09:53:29,Normal,132,3,135,1801553,4471,3723073,53059,1011.0960141111111,60,66,9,0,20,113,2,0,9,2,124
2011-08-10 09:53:30,Normal,151,0,151,1908837,5052,5400864,61506,1040.0700045827816,58,81,12,0,19,128,4,0,9,2,140
2011-08-10 09:53:31,Normal,121,0,121,803297,21078,4484617,6375,484.7864326363636,40,74,7,0,10,104,7,0,16,2,102
2011-08-10 09:53:32,Normal,146,6,152,1405117,11747,5003939,37756,593.6346471644737,51,96,5,0,18,121,13,0,30,2,120
2011-08-10 09:53:33,Normal,131,0,131,1352520,17879,4521753,35481,843.2323192213739,54,69,8,0,15,113,3,0,20,3,108
2011-08-10 09:53:34,Normal,123,0,123,1514407,3420,4166082,62814,1085.1517804390242,63,46,14,0,12,109,2,0,10,2,111
2011-08-10 09:53:35,Normal,182,1,183,1605233,22224,6935940,45282,664.6572060491803,71,105,7,0,28,129,26,0,58,7,118
2011-08-10 09:53:36,Normal,166,3,169,1561690,5950,5943063,39871,747.8923592662721,56,105,8,0,29,136,4,0,20,3,146
2011-08-10 09:53:37,Normal,167,0,167,1189099,5946,6513690,62436,628.4994281497006,51,97,19,0,14,151,2,0,19,1,147
2011-08-10 09:53:38,Normal,95,0,95,1165296,31005,3012292,15151,1159.1824205684209,51,35,9,0,12,81,2,0,9,2,84
2011-08-10 09:53:39,Normal,153,3,156,2539826,17674,4842253,61366,1152.4082715256409,51,97,8,0,38,115,3,0,10,3,142
2011-08-10 09:53:40,Normal,160,3,163,2084468,4395,5174988,50473,924.3121823496931,56,94,13,0,37,119,7,0,24,3,136
2011-08-10 09:53:41,Normal,111,0,111,1522227,15639,4022576,36568,1031.7847727117119,42,62,7,0,13,95,3,0,5,1,105
2011-08-10 09:53:42,Normal,190,6,196,1495801,19952,7555665,57610,696.6777035765306,60,128,8,0,15,177,4,0,10,1,185
2011-08-10 09:53:43,Normal,136,0,136,1664317,3786,4663391,53873,968.962939235294,53,71,12,0,19,115,2,0,9,3,123
2011-08-10 09:53:44,Normal,168,0,168,1619531,25397,6688971,26683,611.2270332261905,61,95,12,0,20,136,12,0,28,2,138
2011-08-10 09:53:45,Normal,122,3,125,1520975,2840,4250547,61021,795.5181350000001,62,53,10,0,16,105,4,0,14,1,110
2011-08-10 09:53:46,Normal,134,0,134,1282261,18433,4845436,20511,748.1918431044775,60,64,10,0,8,119,7,0,21,5,108
2011-08-10 09:53:47,Normal,178,0,178,1227138,22373,6858862,37333,631.6067441067415,56,118,4,0,12,165,1,0,18,2,158
2011-08-10 09:53:48,Normal,132,3,135,1840229,17329,4090245,22564,1118.3382731925926,59,63,13,0,20,110,5,0,10,1,123
2011-08-10 09:53:49,Normal,125,0,125,1631423,15114,3525710,55994,1089.805154872,56,59,10,0,20,100,5,0,6,0,118
2011-08-10 09:53:50,Normal,137,0,137,1959960,2372,4392667,35770,1141.2170470510948,60,63,14,0,22,110,5,0,4,4,128
2011-08-10 09:53:51,Normal,149,3,152,1705939,7593,5740987,13361,944.4628108815789,65,80,7,0,23,124,5,0,15,1,134
2011-08-10 09:53:52,Normal,159,3,162,2370727,15567,5392789,51652,877.2138172592593,66,86,10,0,17,133,12,0,14,2,146
2011-08-10 09:53:53,Normal,137,0,137,2100944,17117,4350302,30348,1198.439641678832,54,66,17,0,26,106,5,0,11,1,124
2011-08-10 09:53:54,Normal,125,3,128,1356024,17941,4647990,60732,777.233230921875,49,71,8,0,22,104,2,0,14,3,110
2011-08-10 09:53:55,Normal,114,0,114,1107756,19500,3944787,64121,649.7785822982455,48,59,7,0,15,98,1,0,18,1,95
2011-08-10 09:53:56,Normal,111,0,111,1497878,4660,2643995,4090,1336.577128054054,38,60,13,0,20,83,8,0,16,1,94
2011-08-10 09:53:57,Normal,135,3,138,1224141,17497,4985371,47147,798.274024057971,51,81,6,0,16,111,11,0,18,1,119
2011-08-10 09:53:58,Normal,145,0,145,1741912,17266,4498068,45138,844.6577961517241,65,75,5,0,17,123,5,0,10,3,132
2011-08-10 09:53:59,Normal,128,4,132,2084843,5381,4329026,4160,971.9708483181818,57,69,6,0,28,99,5,0,11,2,119
2011-08-10 09:54:00,Normal,150,3,153,2218021,39449,4266743,61656,1270.3045486274511,51,97,5,0,34,105,14,0,24,3,126
2011-08-10 09:54:01,Normal,125,0,125,1370750,4532,4377606,43673,825.5852796959999,61,52,12,0,8,115,2,0,13,2,109
2011-08-10 09:54:02,Normal,150,3,153,1458068,18385,5759855,31635,666.156427614379,49,93,11,0,7,141,5,0,14,3,136
2011-08-10 09:54:03,Normal,120,3,123,1659136,15845,3698792,56379,1060.5311427317072,57,56,10,0,11,108,4,0,6,4,112
2011-08-10 09:54:04,Normal,116,0,116,1155366,16325,4053204,32360,855.129514887931,45,57,14,0,7,103,6,0,7,3,104
2011-08-10 09:54:05,Normal,109,0,109,1252693,2200,3596500,49581,995.0422112752294,56,49,4,0,17,91,1,0,17,1,90
2011-08-10 09:54:06,Normal,130,3,133,1444409,66222,4034451,14904,873.3081390225564,53,70,10,0,17,114,2,0,16,3,114
2011-08-10 09:54:07,Normal,106,0,106,1160472,16551,3548575,10119,884.6112610188679,37,63,6,0,13,85,8,0,19,1,85
2011-08-10 09:54:08,Normal,136,0,136,1486766,18598,4689392,58476,854.683250742647,58,69,9,0,8,128,0,0,12,4,120
2011-08-10 09:54:09,Normal,131,3,134,1452251,2430,4528720,49579,970.5567058059702,53,72,8,0,17,112,4,0,16,1,116
2011-08-10 09:54:10,Normal,123,3,126,1168745,17576,4413020,31144,815.7178361507937,57,56,13,0,5,115,4,2,9,2,115
2011-08-10 09:54:11,Normal,125,0,125,1721649,16394,4715414,41584,847.6338356560001,42,72,11,0,23,102,0,0,7,2,116
2011-08-10 09:54:12,Normal,116,6,122,1346824,16278,4531507,30660,870.2954276721312,54,62,6,0,12,106,4,0,14,2,106
2011-08-10 09:54:13,Normal,161,1,162,2354619,17698,6559536,51857,711.4930915802469,56,95,11,0,36,118,8,0,19,1,142
2011-08-10 09:54:14,Normal,151,0,151,1255606,5864,5985679,40723,801.4739505298014,57,79,15,0,8,142,1,0,27,2,122
2011-08-10 09:54:15,Normal,141,3,144,1417652,15476,5433813,10582,870.6942034166667,44,76,24,0,18,119,7,0,24,1,117
2011-08-10 09:54:16,Normal,208,0,208,3004321,5821,7933042,1464,600.2068393750001,56,146,6,0,62,140,6,0,12,1,194
2011-08-10 09:54:17,Normal,139,0,139,2118267,5597,5487242,54059,591.3975443309353,61,69,9,0,34,97,8,0,18,1,120
2011-08-10 09:54:18,Normal,221,3,224,1821231,17112,9273925,51517,686.4006289285715,51,161,12,0,37,178,8,1,36,3,184
2011-08-10 09:54:19,Normal,127,0,127,1744458,15376,4493311,54360,1106.6135474960627,57,54,16,0,13,112,2,0,9,2,116
2011-08-10 09:54:20,Normal,155,0,155,1448299,4746,5599490,58815,653.6670701677419,53,88,14,0,10,141,1,3,13,2,137
2011-08-10 09:54:21,Normal,132,3,135,1609255,18539,4874211,63951,903.4107142592591,46,81,8,0,21,109,5,0,11,1,122
2011-08-10 09:54:22,Normal,107,3,110,1301309,4667,4030476,60895,861.7032933272728,46,57,7,0,19,87,4,0,13,0,96
2011-08-10 09:54:23,Normal,167,0,167,2247212,17609,6358041,25660,828.5112124131737,60,100,7,0,23,134,10,0,16,0,151
2011-08-10 09:54:24,Normal,140,3,143,1304132,18064,4975389,54473,784.4613857972029,58,78,7,0,13,124,6,0,21,1,119
2011-08-10 09:54:25,Normal,151,0,151,1594238,4614,4954934,60807,1005.991978423841,66,78,7,0,24,120,7,0,19,1,131
2011-08-10 09:54:26,Normal,133,0,133,1742284,16096,4602040,3479,1184.1601521503758,58,67,8,0,17,109,7,0,14,2,116
2011-08-10 09:54:27,Normal,127,3,130,1457216,3220,4478827,3517,1005.2898004692307,58,65,7,0,8,109,12,1,19,5,105
2011-08-10 09:54:28,Normal,154,0,154,1231082,34274,5814370,14236,595.8245946623376,57,87,10,0,9,138,7,0,19,1,134
2011-08-10 09:54:29,Normal,138,0,138,1667003,17146,4148706,44505,788.6598263913045,59,70,9,0,21,108,8,1,17,4,116
2011-08-10 09:54:30,Normal,253,3,256,1684940,11092,7908144,5657,529.5551236367187,60,181,15,0,33,208,15,0,46,5,205
2011-08-10 09:54:31,Normal,111,0,111,1427650,16752,4201721,20317,935.9169559189188,40,59,12,0,18,92,1,0,8,0,103
2011-08-10 09:54:32,Normal,120,3,123,1786617,4352,3749771,44795,1093.213071796748,58,57,8,0,19,102,2,0,15,4,102
2011-08-10 09:54:33,Normal,123,3,126,1095437,19454,4693165,37914,893.2773460634921,42,71,13,0,12,110,4,0,14,0,112
2011-08-10 09:54:34,Normal,108,3,111,1285370,16740,3744389,47040,794.0156506666667,46,54,11,0,14,95,1,1,11,2,98
2011-08-10 09:54:35,Normal,95,0,95,1023528,17845,3501239,2584,899.8915315684211,51,34,10,0,9,86,0,0,12,3,80
2011-08-10 09:54:36,Normal,149,3,152,1837876,17322,4560385,57304,1115.2490578618424,64,75,13,0,23,128,1,0,14,3,134
2011-08-10 09:54:37,Normal,122,0,122,1799325,16166,3684505,45664,1107.802307262295,47,62,13,0,16,94,12,0,11,7,103
2011-08-10 09:54:38,Normal,154,0,154,1181307,20665,5265079,10091,743.2609144350648,54,86,14,0,14,133,7,0,22,1,130
2011-08-10 09:54:39,Normal,175,3,178,1989469,4940,6655622,52143,810.4672404382022,47,125,6,0,39,130,9,0,24,1,153
2011-08-10 09:54:40,Normal,227,3,230,1382970,16540,10501666,65207,532.4940221,56,163,11,0,55,165,10,0,70,0,158
2011-08-10 09:54:41,Normal,134,0,134,1283847,18253,4890786,44095,830.7577939328359,50,78,6,0,21,108,5,0,26,1,106
2011-08-10 09:54:42,Normal,120,6,126,1331319,17020,4109614,48248,862.8962105555557,59,57,10,0,12,112,2,0,12,1,113
2011-08-10 09:54:43,Normal,111,0,111,1260850,15007,3741182,56800,1050.3193516846848,46,45,20,0,7,104,0,0,6,2,103
2011-08-10 09:54:44,Normal,115,0,115,1920663,14292,3643862,39496,1254.4525279739132,51,52,12,0,19,94,2,0,7,3,105
2011-08-10 09:54:45,Normal,107,3,110,998848,17434,3731990,18178,946.783554318182,59,42,9,0,4,104,2,0,19,0,91
2011-08-10 09:54:46,Normal,145,0,145,1439840,18265,4615518,56328,819.7489919655171,54,85,6,0,16,127,2,0,32,0,113
2011-08-10 09:54:47,Normal,109,0,109,1857413,14735,3116973,8681,1082.0550906697247,42,57,10,0,24,83,2,0,6,0,103
2011-08-10 09:54:48,Normal,129,3,132,1256669,4841,4726586,56502,855.4941967878786,44,72,16,0,17,112,3,0,16,1,114
2011-08-10 09:54:49,Normal,142,0,142,1761223,26406,4966144,1815,823.6419913380281,55,81,6,0,18,121,3,0,10,3,129
2011-08-10 09:54:50,Normal,135,0,135,1802861,51759,4430557,14610,975.7160760666666,54,71,10,0,17,113,5,0,18,2,115
2011-08-10 09:54:51,Normal,139,3,142,1280117,18213,5399940,59870,820.3560542887324,49,76,17,0,8,133,1,0,16,1,125
2011-08-10 09:54:52,Normal,121,3,124,1925741,18432,4019415,14214,1058.9719447822579,53,59,12,0,24,96,4,0,11,1,110
2011-08-10 09:54:53,Normal,108,0,108,1411710,14958,3540759,49143,1092.5609899907406,44,48,16,0,12,94,2,0,3,2,102
2011-08-10 09:54:54,Normal,132,3,135,1636082,15856,4729912,50595,885.1097732296297,50,70,15,0,17,117,1,0,5,2,128
2011-08-10 09:54:55,Normal,138,0,138,1885721,8791,4666401,3228,1143.8558902536233,65,65,8,0,15,121,2,0,5,4,127
2011-08-10 09:54:56,Normal,121,0,121,1960211,14990,3801845,19558,1359.1137193636364,44,67,10,0,24,96,1,0,8,0,111
2011-08-10 09:54:57,Normal,135,3,138,1810118,16266,4666442,25308,855.7397916956521,57,71,10,0,16,119,3,0,9,2,127
2011-08-10 09:54:58,Normal,192,0,192,2860349,11327,6668703,51560,953.2981025729167,66,116,10,0,43,130,19,0,27,4,160
2011-08-10 09:54:59,Normal,287,0,287,1736086,24026,13823460,12824,429.7642144982579,58,220,9,0,20,266,1,0,7,2,278
2011-08-10 09:55:00,Normal,144,3,147,1298345,8802,5595481,50403,796.5317863129251,52,81,14,0,14,126,7,0,20,2,125
2011-08-10 09:55:01,Normal,170,0,170,2125449,19557,5980852,48346,759.3892747705881,62,92,16,0,27,136,7,0,21,5,144
2011-08-10 09:55:02,Normal,116,3,119,1593297,15976,4199526,20522,927.5098777731092,46,62,11,0,17,99,3,0,17,2,100
2011-08-10 09:55:03,Normal,129,3,132,1175596,18374,4743879,61597,694.086285068182,48,73,11,0,7,118,7,0,17,1,113
2011-08-10 09:55:04,Normal,135,0,135,1927877,15673,4046863,53339,1381.1342218148147,74,53,8,0,19,113,3,0,7,1,126
2011-08-10 09:55:05,Normal,162,0,162,1315214,9892,5903908,50287,687.2279986234568,52,95,15,0,27,128,7,0,31,2,129
2011-08-10 09:55:06,Normal,133,3,136,1543611,16542,4379371,56078,935.3855123382352,52,73,11,0,8,124,4,0,10,1,125
2011-08-10 09:55:07,Normal,112,0,112,1776433,15046,3354772,62308,1096.2170313125,55,42,15,0,13,92,7,0,7,0,105
2011-08-10 09:55:08,Normal,126,0,126,2044380,14928,4191388,14039,1088.475677674603,46,68,12,0,27,95,4,0,10,3,113
2011-08-10 09:55:09,Normal,150,4,154,2282876,38260,4805104,16576,933.2363794805193,58,83,13,0,31,117,6,0,14,5,134
2011-08-10 09:55:10,Normal,142,3,145,1633270,16811,5180702,47103,965.0200206965517,45,84,16,0,17,125,3,0,12,3,130
2011-08-10 09:55:11,Normal,103,0,103,1495619,15885,2931911,12888,1135.5761733689321,45,45,13,0,18,83,2,0,10,2,91
2011-08-10 09:55:12,Normal,93,6,99,1269340,16569,3548983,64232,959.8098226464649,39,49,11,0,19,79,1,0,9,1,89
2011-08-10 09:55:13,Normal,193,0,193,1470708,7919,7615423,50888,565.3912164715026,57,124,12,0,11,181,1,0,8,5,180
2011-08-10 09:55:14,Normal,146,0,146,1392027,17561,5373977,24472,693.0576624863014,47,90,9,0,30,113,3,0,24,0,122
2011-08-10 09:55:15,Normal,171,3,174,1809933,18575,5845750,1318,757.0221530804598,66,101,7,0,29,144,1,0,15,0,159
2011-08-10 09:55:16,Normal,143,0,143,1445986,4811,4763259,58785,727.0026462727272,50,85,8,0,37,102,4,0,29,1,113
2011-08-10 09:55:17,Normal,122,0,122,1718812,16442,3725678,24442,1077.0500507377049,51,59,12,0,14,104,4,0,8,2,111
2011-08-10 09:55:18,Normal,123,3,126,1378503,17655,3203928,54242,862.3012981666666,45,63,18,0,29,92,5,0,29,2,94
2011-08-10 09:55:19,Normal,199,0,199,2845047,4906,5337567,6214,917.5870797437187,60,131,8,0,53,130,12,4,33,4,156
2011-08-10 09:55:20,Normal,142,0,142,1777121,8125,4934884,63111,872.6907077535211,55,74,13,0,15,125,2,0,12,4,126
2011-08-10 09:55:21,Normal,127,3,130,1351999,47424,4129408,57851,791.9729398076923,54,67,9,0,16,110,4,0,24,1,104
2011-08-10 09:55:22,Normal,134,3,137,1318874,19132,4507289,65465,697.0132393868613,64,63,10,0,22,110,5,0,27,2,107
2011-08-10 09:55:23,Normal,129,0,129,1575569,16505,4505696,7634,1079.4520721085273,54,65,10,0,17,108,4,0,10,2,117
2011-08-10 09:55:24,Normal,131,3,134,1364638,17168,4884260,37963,692.9302450597015,60,65,9,0,16,117,1,0,17,2,114
2011-08-10 09:55:25,Normal,145,0,145,1724254,17022,4683287,44483,649.7599564413792,55,77,13,0,23,113,9,0,24,2,119
2011-08-10 09:55:26,Normal,141,0,141,1649972,17466,5316192,37690,961.9520713687942,56,75,10,0,29,108,4,0,25,4,112
2011-08-10 09:55:27,Normal,147,3,150,2272079,3929,4635665,56533,1109.4366504133334,51,91,8,0,29,118,3,0,12,3,135
2011-08-10 09:55:28,Normal,139,0,139,1328083,19217,5521600,11603,764.8462369640288,49,82,8,0,15,115,9,0,19,4,114
2011-08-10 09:55:29,Normal,158,0,158,1552970,5432,6092770,49289,775.6710351898735,53,89,16,0,17,138,3,0,12,0,144
2011-08-10 09:55:30,Normal,109,3,112,824679,17115,4348569,40318,566.9023258839286,41,62,9,0,10,100,1,1,13,2,97
2011-08-10 09:55:31,Normal,109,0,109,1046566,16157,3934611,62909,757.7614567614678,43,58,8,0,9,98,2,0,7,1,101
2011-08-10 09:55:32,Normal,106,7,113,1308158,16090,3710818,45036,1057.3579406106196,46,50,17,0,9,95,9,0,12,5,96
2011-08-10 09:55:33,Normal,116,3,119,1086198,5435,4542377,1512,918.358370369748,60,50,9,0,4,111,4,0,9,0,110
2011-08-10 09:55:34,Normal,123,3,126,1521871,10526,3944992,64708,933.5624616507937,51,67,8,0,18,102,5,1,14,5,107
2011-08-10 09:55:35,Normal,121,1,122,1136746,18394,4230569,24627,871.3940184672131,55,57,10,0,7,113,2,0,9,2,111
2011-08-10 09:55:36,Normal,224,5,229,1162568,22263,9421305,54652,487.48037828820964,41,179,9,0,13,212,4,0,8,1,219
2011-08-10 09:55:37,Normal,127,0,127,1239839,16290,4436917,30061,872.2130818031496,65,51,11,0,5,120,2,0,6,2,118
2011-08-10 09:55:38,Normal,124,0,124,1511247,16585,4167273,37163,947.3873257258062,47,70,7,0,17,104,3,0,14,4,104
2011-08-10 09:55:39,Normal,214,3,217,2073072,30192,8064415,34741,693.9697440092166,42,161,14,0,51,154,12,0,46,3,165
2011-08-10 09:55:40,Normal,145,3,148,1489536,18618,5373000,31158,775.5288705743243,43,99,6,0,19,125,4,0,17,2,128
2011-08-10 09:55:41,Normal,143,0,143,2121503,16593,4288704,36760,1070.2356437972028,59,70,14,0,23,111,9,0,13,1,126
2011-08-10 09:55:42,Normal,121,6,127,1643623,30877,4591485,13974,913.9425381811022,53,65,9,0,19,105,3,0,6,1,118
2011-08-10 09:55:43,Normal,147,0,147,1442831,4980,5828630,39556,566.9419394353741,47,91,9,0,26,116,5,0,23,4,120
2011-08-10 09:55:44,Normal,143,0,143,1484541,18057,4784469,32391,695.9907598881119,70,62,11,0,12,131,0,0,21,4,117
2011-08-10 09:55:45,Normal,143,3,146,1793490,17948,5629447,37166,903.7914697534246,54,80,12,0,19,124,3,0,11,4,131
2011-08-10 09:55:46,Normal,140,0,140,1837032,15664,4757202,8851,1100.2780254999998,65,66,9,0,21,118,1,0,11,3,124
2011-08-10 09:55:47,Normal,114,0,114,1357429,15958,3887023,56210,1061.0009872982455,48,60,6,0,21,90,3,0,14,4,95
2011-08-10 09:55:48,Normal,143,3,146,1387012,4821,5502043,3565,704.7405744109589,57,75,14,0,16,129,1,0,13,3,130
2011-08-10 09:55:49,Normal,115,0,115,1080115,16509,4312010,56726,837.0605055565218,61,48,6,0,8,107,0,0,12,2,101
2011-08-10 09:55:50,Normal,135,0,135,1671223,16317,4692282,62755,1004.6617884814817,58,70,7,0,15,116,4,0,12,2,121
2011-08-10 09:55:51,Normal,114,3,117,1631421,15068,3840281,21731,1132.0353258461537,54,53,10,0,18,97,1,1,11,4,102
2011-08-10 09:55:52,Normal,123,3,126,1323382,2830,4484727,52230,833.5320054444444,45,68,13,0,15,109,2,0,11,0,115
2011-08-10 09:55:53,Normal,116,0,116,1147567,10550,4148676,66208,926.9943495172413,49,58,9,0,10,104,2,0,17,1,96
2011-08-10 09:55:54,Normal,104,3,107,1174322,15779,3876702,62091,804.2370761121495,52,47,8,0,9,96,2,0,10,2,95
2011-08-10 09:55:55,Normal,127,0,127,1014501,17192,5099148,51227,695.0831580551181,52,68,7,0,6,121,0,0,7,0,119
2011-08-10 09:55:56,Normal,126,0,126,1452532,3226,4499620,50862,960.5050244920635,56,62,8,0,19,104,3,0,21,2,101
2011-08-10 09:55:57,Normal,130,3,133,1769040,17957,4349104,11924,980.4888926090225,46,75,12,0,33,96,4,0,20,1,111
2011-08-10 09:55:58,Normal,179,0,179,1374434,8133,7627708,54856,772.2896656703911,57,116,6,0,39,128,12,0,41,1,136
2011-08-10 09:55:59,Normal,126,0,126,1046173,18046,5019093,12796,756.5834297698414,53,67,6,0,12,113,1,0,16,0,110
2011-08-10 09:56:00,Normal,141,3,144,1508275,19002,5186905,58280,764.3832943125,54,75,15,0,25,113,6,0,20,4,120
2011-08-10 09:56:01,Normal,122,0,122,1158010,18477,4984835,1689,743.5158288606556,58,57,7,0,21,97,4,0,25,0,97
2011-08-10 09:56:02,Normal,113,3,116,1244327,17685,4344418,44960,650.994701913793,39,61,16,0,13,101,2,0,13,1,102
2011-08-10 09:56:03,Normal,141,3,144,1361637,5598,5587262,50550,680.4287635486111,51,87,6,0,17,122,5,0,18,2,123
2011-08-10 09:56:04,Normal,180,0,180,3254480,16375,7299546,3366,905.4154246111111,61,111,8,0,48,125,7,0,19,3,157
2011-08-10 09:56:05,Normal,168,0,168,2450737,54320,7136505,36269,929.5419641309524,63,99,6,0,38,121,9,0,20,0,146
2011-08-10 09:56:06,Normal,139,3,142,1009263,7108,5760603,59718,438.0622138943662,53,80,9,0,11,128,3,0,19,0,122
2011-08-10 09:56:07,Normal,103,0,103,1287976,15913,3623282,10522,1233.934285135922,54,36,13,0,7,94,2,0,5,3,95
2011-08-10 09:56:08,Normal,113,0,113,1325567,16025,3792061,38930,867.2868827345134,48,54,11,0,5,105,3,0,5,2,106
2011-08-10 09:56:09,Normal,141,3,144,1186137,18059,5474559,25179,528.1937820347222,47,87,10,0,26,115,3,0,26,1,116
2011-08-10 09:56:10,Normal,89,3,92,822480,2337,3866189,54925,735.8761209456518,35,51,6,0,10,79,3,0,12,1,79
2011-08-10 09:56:11,Normal,121,2,123,1287068,16288,4919135,64891,749.1106203008128,44,68,11,0,16,106,1,0,8,1,113
2011-08-10 09:56:12,Normal,104,29,133,1237020,17248,5021165,5593,691.0870114360903,51,73,9,0,14,108,11,0,20,0,113
2011-08-10 09:56:13,Normal,119,34,153,1493435,17511,5640322,54011,859.0845691437909,52,88,13,0,16,136,1,0,6,1,144
2011-08-10 09:56:14,Normal,102,18,120,1350793,3770,4697992,48257,884.8580696249999,45,62,13,0,10,109,1,0,8,3,108
2011-08-10 09:56:15,Normal,122,3,125,1118749,17629,4868767,38652,720.872179528,53,67,5,0,11,113,1,0,13,1,111
2011-08-10 09:56:16,Normal,143,2,145,1670425,16585,5091026,11714,1106.3321607241378,58,81,6,0,18,125,2,0,6,0,139
2011-08-10 09:56:17,Normal,131,0,131,1703869,4870,4659042,55039,905.9650145954198,50,78,3,0,27,99,5,0,18,3,110
2011-08-10 09:56:18,Normal,120,3,123,1589942,51205,4437438,13622,1023.1243056829268,46,66,11,0,16,100,7,0,14,1,106
2011-08-10 09:56:19,Normal,235,0,235,1094521,22359,9799784,3247,473.1056748212766,54,171,10,0,20,211,1,3,19,0,213
2011-08-10 09:56:20,Normal,172,0,172,1160481,11619,6433560,57912,403.9561424534884,44,119,9,0,14,155,3,0,17,1,152
2011-08-10 09:56:21,Normal,142,3,145,1601298,19793,5292712,66469,908.6877269103448,58,73,14,0,16,126,2,1,15,2,127
2011-08-10 09:56:22,Normal,106,3,109,1410662,15805,3661261,14364,1063.512352082569,54,49,6,0,13,91,4,1,6,0,101
2011-08-10 09:56:23,Normal,141,0,141,1374061,16683,4801378,46543,889.4956822978722,52,72,17,0,14,123,4,0,18,1,122
2011-08-10 09:56:24,Normal,164,0,164,1130025,19752,6150914,52978,688.555374487805,47,102,15,0,31,129,4,0,34,0,130
2011-08-10 09:56:25,Normal,167,3,170,1249479,8504,6344087,47400,577.6195198941176,64,91,15,0,18,138,14,0,36,0,134
2011-08-10 09:56:26,Normal,127,0,127,900252,18963,4476748,36171,511.40878810236217,45,74,8,0,23,102,2,0,31,0,95
2011-08-10 09:56:27,Normal,123,0,123,891785,4177,4338665,49692,837.7541264227642,47,64,12,0,9,107,7,0,18,0,104
2011-08-10 09:56:28,Normal,154,3,157,1404901,5958,6011305,49254,947.4603166050955,55,90,12,0,22,135,0,0,20,0,137
2011-08-10 09:56:29,Normal,153,0,153,1221945,5362,6027764,50092,630.6933291895425,50,92,11,0,13,135,5,0,15,0,137
2011-08-10 09:56:30,Normal,144,0,144,1912098,2644,4838827,60800,1157.8991788541668,51,77,16,0,18,122,4,0,11,2,130
2011-08-10 09:56:31,Normal,122,3,125,1242917,17345,4712350,34349,842.7958126320001,52,58,15,0,7,116,2,0,10,1,114
2011-08-10 09:56:32,Normal,166,3,169,1216626,70130,6387585,13363,878.1140886390532,50,110,9,0,18,146,5,0,19,0,149
2011-08-10 09:56:33,Normal,185,0,185,2066143,14387,6400304,47110,915.3416075027027,70,106,9,0,43,135,7,0,34,2,147
2011-08-10 09:56:34,Normal,134,3,137,1493994,19870,4963514,53233,766.496111678832,50,78,9,0,23,110,4,0,13,1,122
2011-08-10 09:56:35,Normal,182,0,182,1240049,20282,7062015,47886,582.060122510989,57,115,10,0,14,168,0,0,12,1,167
2011-08-10 09:56:36,Normal,160,0,160,1318061,40757,6275470,13363,643.766229525,56,95,9,0,9,147,4,0,10,0,150
2011-08-10 09:56:37,Normal,153,3,156,1490962,18564,6116709,57770,735.7936993846153,55,93,8,0,13,137,6,0,10,1,145
2011-08-10 09:56:38,Normal,141,0,141,1907609,31095,4807652,15690,793.4027095035461,43,88,10,0,23,110,8,0,14,3,124
2011-08-10 09:56:39,Normal,162,0,162,1436001,9415,6214121,60281,630.4894582654321,44,108,10,0,27,129,6,0,27,3,130
2011-08-10 09:56:40,Normal,157,6,163,1088872,20875,5726148,52435,656.7070898711656,41,117,5,0,40,120,3,0,41,1,121
2011-08-10 09:56:41,Normal,139,0,139,1230102,18680,5362058,12104,888.0809740503597,40,85,14,0,11,124,4,0,13,0,126
2011-08-10 09:56:42,Normal,148,3,151,1435353,18635,5402914,44541,912.2456508278145,57,85,9,0,11,138,2,0,13,3,134
2011-08-10 09:56:43,Normal,119,3,122,1218485,16862,4481339,33160,710.5952868360656,42,68,12,0,17,103,2,0,16,1,104
2011-08-10 09:56:44,Normal,120,0,120,1302418,3854,4190147,36665,856.3711236416668,53,61,6,0,11,105,3,1,8,4,108
2011-08-10 09:56:45,Normal,93,0,93,1270628,63251,3134360,13362,1136.41039727957,54,33,6,0,7,83,3,0,3,1,88
2011-08-10 09:56:46,Normal,137,3,140,1368504,18967,5015461,49103,738.3769660071429,59,73,8,0,10,127,3,0,9,3,127
2011-08-10 09:56:47,Normal,127,0,127,1242127,28050,4540818,14692,1099.5550679133853,53,62,12,0,11,114,1,1,4,1,120
2011-08-10 09:56:48,Normal,133,0,133,1743821,62230,4774214,15163,1023.361756962406,58,64,11,0,12,118,3,0,4,4,124
2011-08-10 09:56:49,Normal,137,3,140,1429982,4778,5255044,59095,711.9724009142856,48,81,11,0,12,124,4,0,10,4,125
2011-08-10 09:56:50,Normal,104,0,104,1097836,16509,3655605,6575,994.4033292596154,54,46,4,0,5,97,2,0,7,2,94
2011-08-10 09:56:51,Normal,143,0,143,1964102,17678,4238764,12416,1047.225264111888,60,71,12,0,31,107,5,0,16,3,124
2011-08-10 09:56:52,Normal,196,6,202,839928,9632,7975627,41571,339.0511564752475,46,147,9,0,36,144,22,0,60,0,142
2011-08-10 09:56:53,Normal,268,0,268,1866029,23923,11568700,22277,526.8873807313433,55,204,9,0,36,224,8,0,25,0,242
2011-08-10 09:56:54,Normal,102,0,102,1174284,16765,3589324,62298,848.1154852254901,35,54,13,0,18,82,2,0,15,1,86
2011-08-10 09:56:55,Normal,146,3,149,1401846,19166,5804209,5637,655.429709080537,44,92,13,0,19,129,1,0,11,2,134
2011-08-10 09:56:56,Normal,128,0,128,1330011,16541,4452435,66082,755.1875256328126,49,68,11,0,15,110,3,0,14,1,113
2011-08-10 09:56:57,Normal,154,0,154,2251489,2678,5087843,2727,837.849553461039,57,90,7,0,27,125,2,0,6,4,143
2011-08-10 09:56:58,Normal,122,3,125,1606216,26200,4340174,1167,901.855737344,44,70,11,0,15,107,3,0,5,2,117
2011-08-10 09:56:59,Normal,256,0,256,1790472,22525,11549121,57370,538.7965219570312,54,192,10,0,13,242,1,0,1,3,252
2011-08-10 09:57:00,Normal,115,0,115,1244172,16495,4262879,17794,883.4177652956523,50,54,11,0,8,104,3,0,10,2,103
2011-08-10 09:57:01,Normal,118,3,121,1552194,17307,4107186,65449,1025.521537966942,49,56,16,0,19,100,2,0,6,3,112
2011-08-10 09:57:02,Normal,114,3,117,1021777,18416,4178931,62865,737.1852101367522,35,71,11,0,9,105,3,0,8,1,105
2011-08-10 09:57:03,Normal,120,0,120,977878,16886,4253014,42971,723.463689625,47,67,6,0,13,104,3,0,15,0,104
2011-08-10 09:57:04,Normal,85,3,88,961257,16013,2592996,12034,941.2224467386364,40,44,3,0,14,67,5,1,12,2,73
2011-08-10 09:57:05,Normal,180,0,180,1752476,70186,5342250,57756,790.591392338889,61,105,14,0,58,121,1,0,45,2,133
2011-08-10 09:57:06,Normal,130,0,130,1364559,17292,4764129,49057,825.2172871153846,50,73,7,0,27,96,6,1,27,3,100
2011-08-10 09:57:07,Normal,181,3,184,2104614,18833,6553964,65036,749.1414368586956,58,109,17,0,28,153,3,0,19,2,162
2011-08-10 09:57:08,Normal,92,0,92,1552958,14505,3127579,21167,1310.7030052391303,41,42,9,0,16,74,2,0,8,3,81
2011-08-10 09:57:09,Normal,167,0,167,1549280,18869,4638747,17881,739.8276250718562,50,105,12,0,47,115,5,0,42,4,120
2011-08-10 09:57:10,Normal,111,3,114,1330734,3449,3384702,5325,767.2956471842107,41,63,10,0,24,84,6,0,25,3,85
2011-08-10 09:57:11,Normal,106,3,109,1217753,16000,3717192,15566,917.4459512477065,51,53,5,0,13,90,5,1,7,0,99
2011-08-10 09:57:12,Normal,127,3,130,1402110,16729,4792962,47760,951.3416448615384,50,67,13,0,16,110,4,0,22,0,108
2011-08-10 09:57:13,Normal,97,3,100,1141714,9802,3376551,1571,1218.3908606200002,40,50,10,0,11,86,3,0,11,0,88
2011-08-10 09:57:14,Normal,88,0,88,956986,15030,3049802,62722,1150.9282319886363,48,32,8,0,5,82,1,0,6,0,82
2011-08-10 09:57:15,Normal,136,1,137,1968719,16257,4041326,62003,935.286268270073,59,65,13,0,23,108,6,0,12,1,124
2011-08-10 09:57:16,Normal,97,3,100,1191106,16402,3285663,50811,743.4166869999999,41,49,10,0,21,76,3,0,19,3,78
2011-08-10 09:57:17,Normal,139,0,139,1110293,4761,4810191,58797,642.9419879640287,50,82,7,0,15,123,1,0,13,2,124
2011-08-10 09:57:18,Normal,115,0,115,1236317,16007,3931568,40813,881.501299173913,44,64,7,0,11,102,2,0,8,2,105
2011-08-10 09:57:19,Normal,131,3,134,1744371,16168,4161229,60312,969.5196574776119,56,66,12,0,20,113,0,1,11,3,119
2011-08-10 09:57:20,Normal,92,0,92,1286114,1602,2869213,891,1043.539971445652,45,41,6,0,11,75,5,1,7,3,81
2011-08-10 09:57:21,Normal,128,0,128,896360,4956,5465769,52361,455.3362641875,35,82,11,0,34,88,5,1,38,1,88
2011-08-10 09:57:22,Normal,151,6,157,1121457,18801,5943816,59757,698.3524787834394,42,101,14,0,27,122,6,2,31,2,121
2011-08-10 09:57:23,Normal,86,0,86,1171475,15285,2943649,64145,1007.2570729418603,41,40,5,0,11,75,0,0,6,2,78
2011-08-10 09:57:24,Normal,104,0,104,1231475,15898,3225498,1035,1021.3380373846155,40,51,13,0,12,88,4,0,8,1,95
2011-08-10 09:57:25,Normal,106,3,109,1151551,15875,3849630,37965,765.5739431376147,56,47,6,0,5,98,6,0,8,3,97
2011-08-10 09:57:26,Normal,146,0,146,1321181,17956,5466566,53284,833.3725001575343,55,73,18,0,7,132,7,0,18,2,124
2011-08-10 09:57:27,Normal,131,0,131,1431818,18381,4429884,61287,863.7367182213741,50,70,11,0,14,111,6,0,10,2,119
2011-08-10 09:57:28,Normal,133,3,136,1095465,18743,5501400,54053,551.8547982132353,44,86,6,0,10,120,6,0,8,1,125
2011-08-10 09:57:29,Normal,120,0,120,1087533,18121,4284415,26078,727.9483922833334,40,73,7,0,22,92,6,0,26,1,93
2011-08-10 09:57:30,Normal,115,0,115,1371932,15816,3718414,12830,1016.0454738086958,52,48,15,0,11,104,0,0,9,1,105
2011-08-10 09:57:31,Normal,123,3,126,1281000,18230,4376394,62045,716.0968897777777,48,60,18,0,12,112,2,0,10,2,113
2011-08-10 09:57:32,Normal,95,3,98,975561,3119,3651294,64506,755.6833708571429,36,55,7,0,12,84,2,0,13,1,84
2011-08-10 09:57:33,Normal,120,0,120,1367079,16425,3804971,22404,633.0128617833333,40,70,10,0,17,101,2,0,10,1,109
2011-08-10 09:57:34,Normal,117,3,120,1390209,2943,3623534,3169,930.9995306333334,57,54,9,0,18,102,0,0,13,3,104
2011-08-10 09:57:35,Normal,107,0,107,1254863,62939,3944815,15164,827.7353956542056,44,51,12,0,7,94,6,0,8,3,96
2011-08-10 09:57:36,Normal,133,0,133,1648215,18333,4789208,35191,900.3624493007519,51,72,10,0,23,108,2,0,13,3,117
2011-08-10 09:57:37,Normal,132,3,135,1546062,29475,4375132,14659,782.7929848888889,52,73,10,0,19,115,1,0,12,5,118
2011-08-10 09:57:38,Normal,104,0,104,1044427,16469,3772833,13961,833.457917326923,42,49,13,0,8,96,0,0,6,2,95
2011-08-10 09:57:39,Normal,101,0,101,1030645,15047,3377675,48611,792.7191862574256,49,41,11,0,5,95,1,0,7,1,93
2011-08-10 09:57:40,Normal,81,9,90,875470,3353,2860608,65241,840.0506501222221,43,39,8,0,10,80,0,0,10,2,78
2011-08-10 09:57:41,Normal,101,7,108,1009639,16557,3857026,52803,695.1600658796297,43,51,14,0,9,97,2,0,11,1,95
2011-08-10 09:57:42,Normal,103,3,106,1185775,16489,3507494,51316,743.9339153207546,51,37,18,0,6,95,5,0,11,3,91
2011-08-10 09:57:43,Normal,151,6,157,1465897,18306,6085017,17738,610.217797121019,45,103,9,0,15,137,5,0,10,3,144
2011-08-10 09:57:44,Normal,96,0,96,1082502,14373,2962523,50839,830.4450206354168,51,38,7,0,13,80,3,0,9,2,85
2011-08-10 09:57:45,Normal,121,0,121,1601547,14746,3501768,49018,851.4922870247934,65,48,8,0,11,104,5,1,16,4,100
2011-08-10 09:57:46,Normal,107,3,110,1191929,17028,3995690,14531,691.4998142636364,46,53,11,0,6,100,4,0,10,5,95
2011-08-10 09:57:47,Normal,112,0,112,1209887,15594,3374637,6335,849.3419665089286,63,38,11,0,9,103,0,0,15,2,95
2011-08-10 09:57:48,Normal,124,0,124,1506506,17819,4339755,33805,943.5793768306452,32,87,5,0,20,97,7,0,5,1,118
2011-08-10 09:57:49,Normal,108,0,108,1528776,14664,3580868,43760,999.5803090833333,59,39,10,0,13,94,1,0,7,1,100
2011-08-10 09:57:50,Normal,96,3,99,1054423,15403,3393967,59512,847.5145781919192,52,35,12,0,7,88,4,0,11,2,86
2011-08-10 09:57:51,Normal,101,0,101,1303801,2643,3013404,61760,887.8140266831683,44,48,9,0,13,82,6,0,16,2,83
2011-08-10 09:57:52,Normal,124,3,127,1332382,18773,4444291,11666,780.2943537874014,41,76,10,0,15,106,6,0,14,3,110
2011-08-10 09:57:53,Normal,119,4,123,1431556,3083,3868705,2728,818.7200445284553,52,59,12,0,16,104,3,0,8,2,113
2011-08-10 09:57:54,Normal,162,0,162,1454494,25998,6102819,1364,662.157323308642,46,67,49,0,17,144,1,0,42,2,118
2011-08-10 09:57:55,Normal,98,0,98,1348217,15904,3281217,57656,864.9804205204082,50,42,6,0,17,78,3,0,10,1,87
2011-08-10 09:57:56,Normal,119,3,122,2039642,16567,3785983,26909,1196.023920090164,48,65,9,0,23,96,3,0,7,2,112
2011-08-10 09:57:57,Normal,103,0,103,1245603,1432,3409879,45003,822.6910959805825,40,46,17,0,8,92,3,0,5,3,94
2011-08-10 09:57:58,Normal,100,0,100,1264915,15105,3291442,39899,980.3048629900001,40,53,7,0,14,82,4,0,8,1,90
2011-08-10 09:57:59,Normal,108,3,111,1332259,15220,3777265,18975,710.9108411711715,47,52,12,0,10,100,1,0,8,3,100
2011-08-10 09:58:00,Normal,96,0,96,1207650,14655,3364184,59130,1098.0352089166665,51,39,6,0,12,82,2,0,8,2,86
2011-08-10 09:58:01,Normal,103,0,103,1557230,16962,4128730,4790,894.2398055631068,46,50,7,0,23,78,2,0,6,1,96
2011-08-10 09:58:02,Normal,130,6,136,1343329,17656,4747081,44817,786.7373003750001,59,67,10,0,11,122,3,0,14,4,118
2011-08-10 09:58:03,Normal,101,0,101,971829,2700,3721122,53267,722.6772508514852,40,54,7,0,10,91,0,0,7,0,93
2011-08-10 09:58:04,Normal,129,0,129,1395546,16556,5119766,54379,620.1924558139535,53,64,12,0,9,116,4,0,11,1,117
2011-08-10 09:58:05,Normal,152,3,155,1241493,19468,5935079,49288,614.9235310064516,60,85,10,0,30,123,2,0,31,3,121
2011-08-10 09:58:06,Normal,152,0,152,1495656,10792,5478880,59325,870.0169424473685,57,85,10,0,16,127,9,0,17,1,134
2011-08-10 09:58:07,Normal,131,0,131,1435880,19780,4609389,23314,708.1924874503817,42,81,8,0,15,110,6,0,10,1,120
2011-08-10 09:58:08,Normal,93,5,98,1144853,15185,3186259,26009,635.2994910612244,43,45,10,0,9,85,4,0,17,0,81
2011-08-10 09:58:09,Normal,118,3,121,1302948,16140,3861713,52845,675.3359111404959,52,62,7,0,10,109,2,0,11,2,108
2011-08-10 09:58:10,Normal,107,0,107,1417646,15948,3303858,58875,824.0358063644858,45,51,11,0,18,89,0,0,11,2,94
2011-08-10 09:58:11,Normal,113,9,122,1543217,18189,4814211,33357,717.935410967213,52,63,7,0,14,95,13,0,8,1,110
2011-08-10 09:58:12,Normal,170,8,178,1549446,8461,6823749,38589,802.0011473202247,54,110,14,0,20,140,18,0,31,1,145
2011-08-10 09:58:13,Normal,254,0,254,1457995,13990,11160467,47905,377.4784195748031,58,189,7,0,48,160,46,0,93,4,157
2011-08-10 09:58:14,Normal,199,3,202,1052764,21564,8247071,35976,370.1648332673268,58,132,12,0,9,191,2,0,15,0,184
2011-08-10 09:58:15,Normal,90,0,90,863822,2478,2786593,1811,761.7579386555556,45,36,9,0,5,85,0,0,7,1,81
2011-08-10 09:58:16,Normal,111,0,111,1150254,16477,4077197,29774,592.010625900901,47,54,10,0,5,103,3,0,7,1,103
2011-08-10 09:58:17,Normal,92,3,95,1057182,15355,3143033,16705,839.544245336842,38,47,10,0,12,80,3,0,11,2,82
2011-08-10 09:58:18,Normal,109,0,109,899581,3123,3994546,36828,663.1659161192658,47,54,8,0,6,101,2,0,10,1,98
2011-08-10 09:58:19,Normal,173,0,173,892588,20226,7790678,54760,349.2030723699422,48,119,6,0,14,151,6,2,20,2,149
2011-08-10 09:58:20,Normal,117,3,120,1257248,16346,3958314,19480,774.6546250583334,53,54,13,0,10,108,2,0,14,2,104
2011-08-10 09:58:21,Normal,116,0,116,1015861,3517,3223389,53054,663.9248421724138,48,56,12,0,21,95,0,0,21,0,94
2011-08-10 09:58:22,Normal,122,6,128,1519580,16432,4025558,48489,845.0644021796875,50,71,7,0,13,104,9,2,12,2,112
2011-08-10 09:58:23,Normal,159,3,162,1026932,18987,6298324,58452,652.9880088580246,54,98,10,0,13,148,1,0,18,0,144
2011-08-10 09:58:24,Normal,137,0,137,1141856,18110,4469590,4717,613.2315234817519,41,86,10,0,17,107,13,0,27,1,108
2011-08-10 09:58:25,Normal,141,0,141,1217079,4808,3221885,4118,669.4196512695036,59,78,4,0,25,94,22,0,40,1,100
2011-08-10 09:58:26,Normal,115,3,118,1117948,4239,3086385,4148,697.0213264152541,39,68,11,0,24,80,14,0,30,1,87
2011-08-10 09:58:27,Normal,134,0,134,1066854,5678,3965501,44678,592.4700242014925,40,81,13,0,23,99,12,0,31,3,99
2011-08-10 09:58:28,Normal,127,0,127,1230142,18511,3193350,34785,770.7289820629921,43,72,12,0,15,94,17,1,26,1,100
2011-08-10 09:58:29,Normal,141,3,144,1025238,19024,4539010,5597,492.4588965,51,85,8,0,17,113,14,0,45,3,96
2011-08-10 09:58:30,Normal,105,66,171,805390,13655,6712940,15168,263.33643478362575,48,114,9,0,37,129,5,0,56,0,115
2011-08-10 09:58:31,Normal,96,114,210,1100982,8206,8536603,45975,376.6039648285714,59,146,5,0,9,174,27,0,39,3,168
2011-08-10 09:58:32,Normal,103,144,247,1136719,23585,10448470,29524,378.2122952510121,60,179,8,0,15,226,6,0,29,0,218
2011-08-10 09:58:33,Normal,102,0,102,987303,15798,3454502,56290,914.0401973235296,49,44,9,0,5,96,1,0,3,0,98
2011-08-10 09:58:34,Normal,133,0,133,1143492,17904,5426006,55140,683.5023694210525,46,81,6,0,13,117,3,0,14,1,118
2011-08-10 09:58:35,Normal,93,0,93,1041199,16413,3414647,50808,835.0670982043013,45,36,12,0,11,79,3,0,16,4,73
2011-08-10 09:58:36,Normal,72,3,75,835888,15727,2719359,52083,857.2921215466667,44,29,2,0,7,67,1,0,8,2,65
2011-08-10 09:58:37,Normal,104,0,104,981341,16894,3788335,19612,768.4826252884615,42,52,10,0,13,89,2,0,11,0,92
2011-08-10 09:58:38,Normal,76,0,76,872033,14974,2509316,18406,589.3298923157895,30,39,7,0,13,61,2,0,7,1,68
2011-08-10 09:58:39,Normal,128,3,131,1087707,18798,4822333,38076,674.5248423053436,51,73,7,0,11,117,2,1,9,1,121
2011-08-10 09:58:40,Normal,151,6,157,1856628,19573,5664383,53592,569.5647268917197,53,89,15,0,20,122,15,0,21,1,135
2011-08-10 09:58:41,Normal,112,3,115,1460615,15826,3865614,3462,814.2140036086955,49,61,5,0,17,93,5,0,11,4,100
2011-08-10 09:58:42,Normal,128,6,134,1899766,16293,4446702,60948,959.7061357910449,62,65,7,0,20,111,3,0,9,4,119
2011-08-10 09:58:43,Normal,107,0,107,920464,18777,4049700,42522,615.5746862149534,41,53,13,0,8,97,2,0,14,2,91
2011-08-10 09:58:44,Normal,129,0,129,1147185,17709,4428281,52149,651.0266240310078,51,60,18,0,4,125,0,0,8,3,118
2011-08-10 09:58:45,Normal,97,3,100,892645,16167,3983413,38629,678.7482423399998,39,53,8,0,7,92,1,0,10,1,89
2011-08-10 09:58:46,Normal,119,0,119,2048628,14841,3405300,43739,1104.2244741260504,51,56,12,0,25,90,4,0,6,0,112
2011-08-10 09:58:47,Normal,91,0,91,942771,15136,3179970,64504,774.2573306923076,56,31,4,0,5,85,1,0,9,0,82
2011-08-10 09:58:48,Normal,99,3,102,1372170,16622,3423621,63325,879.9026743921569,44,49,9,0,19,82,1,0,13,1,88
2011-08-10 09:58:49,Normal,163,0,163,1415865,60335,4951312,14996,661.3452345092024,56,95,12,0,39,115,9,0,37,3,123
2011-08-10 09:58:50,Normal,115,0,115,1430928,16311,3446182,39070,670.5986217478261,53,50,12,0,14,97,4,0,15,0,100
2011-08-10 09:58:51,Normal,161,4,165,1199139,18406,5825064,22129,564.9835259090909,62,93,10,0,21,141,3,0,33,0,132
2011-08-10 09:58:52,Normal,112,3,115,1489122,17117,3553416,60530,973.2164404956523,52,53,10,0,19,91,5,0,11,1,103
2011-08-10 09:58:53,Normal,100,0,100,1086046,2118,3603174,27100,814.00127964,43,44,13,0,4,94,2,0,6,2,92
2011-08-10 09:58:54,Normal,110,3,113,934418,3639,3575797,1642,826.7464109646019,50,55,8,0,3,104,6,0,12,0,101
2011-08-10 09:58:55,Normal,107,0,107,1108837,3277,4085871,60402,870.2857418878503,54,41,12,0,8,97,2,0,10,0,97
2011-08-10 09:58:56,Normal,125,0,125,1083341,4055,4614264,60631,575.994459112,46,66,13,0,17,106,2,0,19,1,104
2011-08-10 09:58:57,Normal,198,3,201,975382,21661,8898537,54989,343.3356856616915,42,151,8,0,11,188,2,0,15,0,185
2011-08-10 09:58:58,Normal,261,0,261,1125261,23422,9997009,59914,396.3598951954023,68,182,11,0,9,247,5,0,31,0,230
2011-08-10 09:58:59,Normal,311,0,311,2391472,25153,12164833,19769,511.1549207041801,53,242,16,0,31,249,31,0,33,1,277
2011-08-10 09:59:00,Normal,101,3,104,1546180,14789,2956854,55491,1201.8443223557692,43,43,18,0,15,84,5,0,5,4,94
2011-08-10 09:59:01,Normal,105,0,105,814172,17090,3724254,5486,671.0145279999999,46,53,6,0,10,94,1,0,12,2,91
2011-08-10 09:59:02,Normal,187,3,190,1139381,10149,7250484,53151,513.3470396473683,45,130,15,0,30,135,25,0,56,2,132
2011-08-10 09:59:03,Normal,147,3,150,905605,18928,5955878,14949,517.49914358,43,102,5,0,9,134,7,0,13,3,133
2011-08-10 09:59:04,Normal,174,0,174,1451973,70283,6570487,13360,688.3563026609195,55,112,6,1,16,149,8,1,14,2,157
2011-08-10 09:59:05,Normal,124,0,124,1098364,32528,4483082,14141,655.5073268870968,44,71,9,0,24,98,2,0,25,4,94
2011-08-10 09:59:06,Normal,154,3,157,942253,9142,5933907,3881,501.6371812420383,38,108,11,0,24,121,12,0,35,4,117
2011-08-10 09:59:07,Normal,151,0,151,1119017,4789,5523568,63390,590.4970196622517,62,80,9,0,7,139,5,0,18,2,131
2011-08-10 09:59:08,Normal,138,1,139,1345795,5184,4559558,55863,575.2817875539569,35,92,12,0,23,114,2,0,22,2,114
2011-08-10 09:59:09,Normal,183,3,186,1108141,25222,7630670,29043,543.7080159569894,53,119,14,0,25,156,5,0,38,2,146
2011-08-10 09:59:10,Normal,137,0,137,922849,19902,5482020,19611,516.3292416423358,52,78,7,0,22,114,1,0,30,4,103
2011-08-10 09:59:11,Normal,140,3,143,1784800,16799,4957506,18954,592.8252132377622,48,82,13,0,25,115,3,0,10,5,126
2011-08-10 09:59:12,Normal,122,3,125,1283433,17163,4612138,18716,731.1707194480001,57,63,5,0,10,113,2,0,15,4,106
2011-08-10 09:59:13,Normal,107,0,107,1098577,17433,3835182,43852,744.9897889252336,43,55,9,0,6,93,6,2,7,3,97
2011-08-10 09:59:14,Normal,158,0,158,1081166,7039,6072557,52025,484.87431806962024,56,88,14,0,12,133,12,1,29,3,126
2011-08-10 09:59:15,Normal,119,0,119,1212890,17362,4537005,16669,770.4787819663864,61,55,3,0,9,104,5,1,11,2,106
2011-08-10 09:59:16,Normal,115,0,115,1152698,16425,4195739,63777,831.9770905304348,55,53,7,0,13,100,2,0,12,1,102
2011-08-10 09:59:17,Normal,119,0,119,1241089,17964,4478570,50340,583.6476349243698,55,50,14,0,16,101,2,0,20,1,98
2011-08-10 09:59:18,Normal,132,0,132,973288,20401,5125169,66106,547.4752594924242,51,70,11,0,12,118,2,0,17,1,113
2011-08-10 09:59:19,Normal,189,0,189,2827690,11089,5971416,13310,1069.303914873016,67,112,10,0,40,139,9,1,8,2,178
2011-08-10 09:59:20,Normal,112,0,112,1498729,18519,3971105,39550,931.0510983928572,40,60,12,0,21,86,3,2,12,0,98
2011-08-10 09:59:21,Normal,133,0,133,803266,13327,5395549,62807,567.5057294887218,48,75,10,0,2,110,20,1,29,0,103
2011-08-10 09:59:22,Normal,135,3,138,1380266,22374,5159691,14134,891.7484164855073,66,51,21,0,6,131,1,0,18,1,119
2011-08-10 09:59:23,Normal,107,0,107,1781506,14079,3236761,9776,1114.6895507102804,38,56,13,0,26,79,2,0,4,0,102
2011-08-10 09:59:24,Normal,119,0,119,1486562,7555,3700109,14134,1142.8704291344536,55,57,7,0,13,105,1,0,6,1,112
2011-08-10 09:59:25,Normal,110,0,110,1616432,15320,3902279,49067,907.6611169636365,45,58,7,0,24,82,4,0,11,2,96
2011-08-10 09:59:26,Normal,117,0,117,1416028,15771,3737660,22976,843.1497430854702,49,60,8,0,14,99,4,0,12,3,102
2011-08-10 09:59:27,Normal,113,0,113,1337600,3726,3823944,29896,768.2708378318583,51,52,10,0,10,99,4,0,11,1,101
2011-08-10 09:59:28,Normal,105,0,105,1055815,2860,4113830,-1,825.5663326761905,48,51,6,0,15,87,2,1,15,0,89
2011-08-10 09:59:29,Normal,171,0,171,2204395,6602,5796810,56451,755.0919831578947,64,102,5,0,44,122,5,0,28,4,139
2011-08-10 09:59:30,Normal,154,0,154,1749294,12939,4762433,14905,717.0086369025975,81,66,7,0,28,124,2,0,44,2,108
2011-08-10 09:59:31,Normal,128,0,128,1338284,3194,4725342,50748,750.5674068515625,53,51,24,0,4,120,4,0,9,1,117
2011-08-10 09:59:32,Normal,121,3,124,1211847,4282,4582015,50617,775.3192900403226,50,64,10,0,11,105,8,0,34,2,88
2011-08-10 09:59:33,Normal,118,0,118,1067714,16878,4133849,17254,701.6010854830506,43,57,18,0,12,104,2,0,15,0,103
2011-08-10 09:59:34,Normal,101,3,104,1445639,4609,3553927,50024,677.7704213846155,31,67,6,0,16,84,4,0,17,1,86
2011-08-10 09:59:35,Normal,215,0,215,4228006,3849,4692949,39041,863.9156081069767,45,161,9,0,78,118,19,0,10,2,202
2011-08-10 09:59:36,Normal,150,0,150,2858442,15619,3892750,35071,1238.0123061000002,38,101,11,0,45,92,13,0,11,2,135
2011-08-10 09:59:37,Normal,129,3,132,1595818,17886,4957802,57176,543.7409503257576,46,75,11,0,22,107,3,0,10,0,121
2011-08-10 09:59:38,Normal,148,3,151,2045624,18800,4834257,57046,776.3219897549668,51,89,11,0,35,113,2,1,15,1,135
2011-08-10 09:59:39,Normal,119,123,242,1156184,22875,10243440,28466,425.53440659504133,46,182,14,0,14,223,5,0,16,1,224
2011-08-10 09:59:40,Normal,103,3,106,1136590,4285,3727497,49190,831.6251314056605,43,57,6,0,19,86,0,1,12,0,94
2011-08-10 09:59:41,Normal,115,0,115,908619,18485,4279377,4730,592.2351554173913,42,62,11,0,11,104,0,0,9,2,102
2011-08-10 09:59:42,Normal,146,6,152,1200177,20710,5897999,39063,549.48255625,44,99,9,0,20,122,8,2,24,2,126
2011-08-10 09:59:43,Normal,94,2,96,871533,15631,3650163,44955,768.248496375,53,38,5,0,7,87,2,0,12,1,83
2011-08-10 09:59:44,Normal,107,0,107,1033821,16186,3676197,5483,813.2919118037383,44,52,11,0,7,95,5,0,7,0,100
2011-08-10 09:59:45,Normal,124,0,124,1646672,17727,4286408,61212,800.0919722580646,35,80,9,0,28,91,5,0,7,2,115
2011-08-10 09:59:46,Normal,145,0,145,1562774,16241,5514423,15028,833.4372669931035,47,84,14,0,16,120,9,0,12,2,131
2011-08-10 09:59:47,Normal,137,0,137,1444429,5349,4614596,55192,618.0278637445255,52,75,10,0,12,109,16,0,22,5,110
2011-08-10 09:59:48,Normal,101,0,101,1098078,16992,3803944,27897,935.6306047326734,36,50,15,0,9,90,2,0,6,3,92
2011-08-10 09:59:49,Normal,127,0,127,1125729,19328,4116534,18546,756.9830546929132,52,62,13,0,14,110,2,1,9,1,116
2011-08-10 09:59:50,Normal,111,0,111,1722588,3490,3330263,40080,649.9472689729729,53,48,10,0,21,88,2,0,14,2,95
2011-08-10 09:59:51,Normal,122,0,122,1463545,6136,3660408,16174,729.895384385246,64,51,7,0,13,108,1,0,31,1,90
2011-08-10 09:59:52,Normal,137,3,140,2059881,15971,4506241,12081,1076.3006903285714,56,73,11,0,24,111,5,0,8,1,130
2011-08-10 09:59:53,Normal,132,0,132,1470913,9712,4551040,14134,860.265291030303,47,78,7,0,19,110,3,0,16,1,114
2011-08-10 09:59:54,Normal,141,0,141,1602875,17399,4471128,2964,937.8567955319149,46,77,18,0,20,117,4,0,12,3,126
2011-08-10 09:59:55,Normal,96,0,96,1084457,14894,3286457,53516,827.4258705312501,58,31,7,0,4,91,1,0,6,1,89
2011-08-10 09:59:56,Normal,141,0,141,2086986,15840,4087533,21524,861.0361711843972,46,87,8,0,37,100,4,0,6,3,131
2011-08-10 09:59:57,Normal,136,3,139,1511192,16545,4946415,42224,708.7720982589929,51,78,10,0,12,122,5,0,6,2,131
2011-08-10 09:59:58,Normal,254,9,263,1331813,11347,11122771,56463,231.4892609581749,45,211,7,0,10,250,3,0,6,2,255
2011-08-10 09:59:59,Normal,98,0,98,1132158,2144,3669134,54727,854.3091459999999,41,47,10,0,8,89,1,0,4,1,93
2011-08-10 10:00:00,Normal,106,0,106,861865,4478,3460220,37834,490.9538053679245,38,63,5,0,7,94,5,0,12,0,94
2011-08-10 10:00:01,Normal,194,3,197,1072229,21410,7339896,3468,480.2232130507614,50,133,14,0,7,176,14,0,23,0,172
2011-08-10 10:00:02,Normal,143,4,147,980897,7153,5833352,57231,486.8324462176871,37,104,6,0,9,133,5,0,7,3,137
2011-08-10 10:00:03,Normal,152,0,152,1039948,18293,6061579,31588,468.5747095131578,40,101,11,0,5,145,2,0,4,3,145
2011-08-10 10:00:04,Normal,148,0,148,999675,5810,6367208,53430,431.68354447297287,47,95,6,0,4,142,2,0,8,1,139
2011-08-10 10:00:05,Normal,166,0,166,1422108,6534,5617678,55936,718.4430903373495,54,101,11,0,23,139,3,1,14,2,150
2011-08-10 10:00:06,Normal,112,0,112,1090616,6100,3961719,46220,614.5688122053572,43,62,7,0,9,99,2,2,2,4,105
2011-08-10 10:00:07,Normal,148,0,148,1780788,16749,5262922,56474,633.2515055067569,54,82,12,0,18,127,3,0,6,3,139
2011-08-10 10:00:08,Normal,145,0,145,1519765,17006,5154785,64252,613.2700697310344,60,70,15,0,9,135,1,0,5,2,138
2011-08-10 10:00:09,Normal,189,0,189,1128588,20467,7180265,3602,411.692421021164,43,138,8,0,10,171,8,0,15,1,172
2011-08-10 10:00:10,Normal,105,2,107,824621,39064,3748967,14985,624.9665451121496,42,61,4,0,15,91,1,0,14,2,91
2011-08-10 10:00:11,Normal,147,0,147,915024,18918,6070487,54661,522.9621367346939,43,96,8,0,10,133,4,0,18,2,127
2011-08-10 10:00:12,Normal,139,6,145,1181016,17240,5663791,12299,529.2638238827587,59,72,14,0,16,125,4,0,26,3,116
2011-08-10 10:00:13,Normal,112,0,112,1037608,18824,4041414,45447,663.3068523482143,34,63,15,0,14,96,2,0,11,2,98
2011-08-10 10:00:14,Normal,113,0,113,1378621,16078,4106144,6694,702.2067006902655,51,53,9,0,9,102,2,0,5,2,106
2011-08-10 10:00:15,Normal,119,0,119,1335011,18071,3933112,58680,945.3183299075629,57,50,12,0,13,104,2,0,14,1,104
2011-08-10 10:00:16,Normal,110,0,110,980363,4895,4053974,33825,748.8970440454544,45,56,9,0,10,100,0,0,6,1,103
2011-08-10 10:00:17,Normal,151,0,151,2072086,16249,5234493,56620,1006.8742910198675,61,77,13,0,26,119,6,0,12,2,137
2011-08-10 10:00:18,Normal,156,0,156,1665738,19715,5938463,60320,850.8008434935898,51,95,10,0,29,116,11,0,25,1,130
2011-08-10 10:00:19,Normal,160,0,160,1257219,29563,6006377,63987,676.1593905687499,50,96,14,0,15,122,22,1,37,1,121
2011-08-10 10:00:20,Normal,149,0,149,2114965,17842,4549129,65704,945.807680080537,67,75,7,0,37,104,7,1,30,2,116
2011-08-10 10:00:21,Normal,144,0,144,1739025,4070,4868498,2739,847.6526315208333,57,77,10,0,34,107,3,0,22,1,121
2011-08-10 10:00:22,Normal,110,3,113,1105612,4681,3979328,56857,735.9928450530975,49,58,6,0,9,101,2,1,15,3,94
2011-08-10 10:00:23,Normal,123,0,123,1464523,17251,4011407,59634,846.6401655691058,65,51,7,0,16,102,5,0,21,1,101
2011-08-10 10:00:24,Normal,126,0,126,1140972,2645,4464485,45052,730.3156437777778,58,47,21,0,7,114,4,1,17,1,107
2011-08-10 10:00:25,Normal,120,0,120,1371839,16284,3807623,62669,917.8804945166667,64,49,7,0,13,105,2,0,25,1,94
2011-08-10 10:00:26,Normal,101,0,101,974278,16462,3112454,3238,589.9644613663365,52,39,10,0,3,94,4,0,15,0,86
2011-08-10 10:00:27,Normal,111,0,111,1261006,8247,3727025,14134,1090.181289189189,51,51,9,0,11,95,5,0,16,1,94
2011-08-10 10:00:28,Normal,149,0,149,1423845,58597,4845622,13363,666.9838425167785,52,92,5,0,18,119,12,0,19,0,129
2011-08-10 10:00:29,Normal,146,0,146,1459786,18155,4957595,61756,564.2076494315069,53,84,9,0,20,117,8,1,33,1,111
2011-08-10 10:00:30,Normal,141,0,141,1271206,17686,5457555,25954,720.1453637446808,63,57,21,0,18,121,2,0,27,0,114
2011-08-10 10:00:31,Normal,122,0,122,1076129,17691,4598085,32742,629.5319543606556,52,64,6,0,13,108,1,0,17,0,105
2011-08-10 10:00:32,Normal,115,3,118,890486,18152,4209799,55684,737.3611439406778,50,59,9,0,6,103,9,0,16,0,102
2011-08-10 10:00:33,Normal,112,32,144,1052670,19449,5587215,53393,574.0705438125001,64,68,12,0,6,131,7,0,26,1,117
2011-08-10 10:00:34,Normal,113,33,146,1181878,12409,5587511,1716,583.6292378835617,48,89,9,0,12,133,1,0,12,1,132
2011-08-10 10:00:35,Normal,119,1,120,1715900,15524,3615217,62357,1009.3084735416667,58,49,13,0,17,102,1,0,12,2,106
2011-08-10 10:00:36,Normal,129,0,129,1136068,17306,4601244,28177,621.3694626356589,56,68,5,0,10,116,3,0,25,1,103
2011-08-10 10:00:37,Normal,131,19,150,1236342,20714,5628788,35346,500.71650387333335,75,64,11,0,10,134,6,0,34,3,113
2011-08-10 10:00:38,Normal,126,9,135,964901,17353,5126309,37900,681.5041927629629,61,69,5,0,9,122,4,0,23,1,111
2011-08-10 10:00:39,Normal,119,0,119,923380,4507,4460070,34670,592.7901874705881,54,57,8,0,7,103,8,1,19,1,98
2011-08-10 10:00:40,Normal,137,0,137,1149090,5255,4753914,42602,614.3091016131386,67,62,8,0,18,116,3,0,28,1,108
2011-08-10 10:00:41,Normal,146,0,146,968515,18442,5812632,41860,544.5902761027397,39,95,12,0,14,128,3,1,19,1,126
2011-08-10 10:00:42,Normal,105,6,111,947010,10425,4382881,2759,753.7843754864865,46,54,11,0,10,96,5,0,15,1,95
2011-08-10 10:00:43,Normal,114,0,114,1330555,15274,3824227,16409,780.1010118245613,46,59,9,0,14,97,3,0,14,1,99
2011-08-10 10:00:44,Normal,148,10,158,1095774,20150,5953426,30533,458.8901184810127,38,112,8,0,20,134,4,0,21,1,135
2011-08-10 10:00:45,Normal,118,1,119,1158251,17030,4202723,34431,465.86310785714284,46,56,17,0,11,102,6,0,25,2,92
2011-08-10 10:00:46,Normal,151,1,152,1530443,51479,5059352,14133,698.5766308421053,63,79,10,0,15,127,10,0,30,2,119
2011-08-10 10:00:47,Normal,160,1,161,1063022,8846,6145372,16237,440.809299378882,52,97,12,0,15,143,3,0,23,2,136
2011-08-10 10:00:48,Normal,143,1,144,892510,19370,5401593,48987,440.00912327083336,55,82,7,0,14,117,13,0,41,0,102
2011-08-10 10:00:49,Normal,138,0,138,1684605,16497,4794359,44049,780.2370179492754,49,74,15,0,17,115,6,0,16,4,117
2011-08-10 10:00:50,Normal,115,4,119,1367299,16144,4015125,18890,842.963132487395,45,63,11,0,11,95,13,0,19,1,97
2011-08-10 10:00:51,Normal,163,0,163,813221,21245,6632449,1143,492.59342951533745,44,109,10,0,18,131,14,0,32,0,130
2011-08-10 10:00:52,Normal,154,3,157,1416828,6149,5151708,55194,715.594776878981,60,83,14,0,17,125,15,0,27,0,130
2011-08-10 10:00:53,Normal,100,0,100,781769,3708,3670236,35198,721.2388825500001,43,45,12,0,4,95,1,0,13,0,87
2011-08-10 10:00:54,Normal,122,0,122,1503278,15141,4278428,58129,698.8370515081967,48,58,16,0,15,106,1,0,7,3,111
2011-08-10 10:00:55,Normal,94,0,94,1175543,14796,3545897,67847,744.6481472553191,45,39,10,0,9,85,0,0,7,3,84
2011-08-10 10:00:56,Normal,92,0,92,986704,1459,3272258,47393,1040.2317170869565,46,39,7,0,6,85,1,0,6,1,85
2011-08-10 10:00:57,Normal,103,0,103,1169630,16030,3494158,6444,700.5380166796118,49,43,11,0,8,94,1,0,5,2,96
2011-08-10 10:00:58,Normal,155,0,155,1012922,21512,6491697,52781,459.92614485161295,48,96,11,0,14,141,0,0,14,1,140
2011-08-10 10:00:59,Normal,230,0,230,1108689,22696,11154842,24600,340.44075561304345,56,164,10,0,2,227,1,0,11,2,217
2011-08-10 10:01:00,Normal,109,0,109,999689,17114,4152388,2820,671.7951598532111,51,42,16,0,4,104,1,0,4,1,104
2011-08-10 10:01:01,Normal,121,0,121,906994,18018,4389976,64703,594.5783627024792,46,63,12,0,8,112,1,0,12,0,109
2011-08-10 10:01:02,Normal,122,3,125,1174723,3917,4474356,33183,711.394244088,46,71,8,0,5,115,5,0,7,0,118
2011-08-10 10:01:03,Normal,98,0,98,1037188,15720,3325003,57735,642.5734872040816,39,51,8,0,16,78,4,0,19,1,77
2011-08-10 10:01:04,Normal,120,0,120,1057331,4048,4250019,50341,748.2314951749998,48,64,8,0,20,98,2,0,21,1,97
2011-08-10 10:01:05,Normal,111,0,111,1176362,5269,3255368,225,770.8580053153154,49,44,18,0,15,94,1,1,18,1,92
2011-08-10 10:01:06,Normal,91,0,91,917128,15603,3258659,51444,669.004793054945,41,40,10,0,10,80,1,0,10,0,81
2011-08-10 10:01:07,Normal,122,0,122,1086983,17063,4462788,55176,680.2504321885247,47,68,7,0,13,107,2,0,21,0,101
2011-08-10 10:01:08,Normal,130,0,130,1048285,5417,4731878,33946,669.0820403384615,51,70,9,0,7,121,2,0,18,2,110
2011-08-10 10:01:09,Normal,168,0,168,772089,22091,6967116,27471,300.36442164285717,55,107,6,0,21,145,2,0,33,0,134
2011-08-10 10:01:10,Normal,106,0,106,995538,16733,3911495,32948,561.9697433679245,43,53,10,0,3,102,1,0,4,0,102
2011-08-10 10:01:11,Normal,124,0,124,756905,18675,4951635,34152,513.2861703951612,38,75,11,0,11,111,2,0,18,0,106
2011-08-10 10:01:12,Normal,144,6,150,1183411,18474,5172094,63276,485.52193748,60,76,14,0,22,125,3,0,29,3,118
2011-08-10 10:01:13,Normal,105,0,105,1367532,15833,3638751,56711,844.4302931238095,70,32,3,0,10,92,3,0,5,2,98
2011-08-10 10:01:14,Normal,120,0,120,1157887,3671,4553148,29533,589.0413821666666,45,69,6,0,11,106,3,0,13,0,107
2011-08-10 10:01:15,Normal,127,0,127,1571940,2020,4995210,61060,742.8088685669292,60,56,11,0,14,109,4,0,17,0,109
2011-08-10 10:01:16,Normal,143,0,143,1333113,11613,5395335,31535,557.6841205804195,52,84,7,0,9,132,2,0,10,4,129
2011-08-10 10:01:17,Normal,114,0,114,918694,17422,3733142,14635,518.4924864385964,38,71,5,0,20,86,8,0,26,1,87
2011-08-10 10:01:18,Normal,157,0,157,1162549,19012,5418325,63896,630.059730343949,65,84,8,0,11,138,8,0,26,0,131
2011-08-10 10:01:19,Normal,133,0,133,1040730,16732,4784516,23480,652.1069153609022,46,78,9,0,10,116,6,1,11,0,121
2011-08-10 10:01:20,Normal,148,2,150,1525309,19790,5356813,25082,590.12150596,66,71,13,0,17,126,5,2,16,2,130
2011-08-10 10:01:21,Normal,137,0,137,2006082,17164,3795665,26198,1273.5855126058395,54,74,9,0,25,103,9,0,16,3,117
2011-08-10 10:01:22,Normal,140,3,143,1646856,21226,5058487,48331,958.9160125734268,55,82,6,0,21,119,3,0,14,2,127
2011-08-10 10:01:23,Normal,101,0,101,1085968,65273,3690381,14134,866.0464458118811,48,45,8,0,6,92,3,0,12,1,87
2011-08-10 10:01:24,Normal,123,0,123,1948970,2710,3451152,54857,1194.295621609756,49,58,16,0,25,97,1,0,5,1,117
2011-08-10 10:01:25,Normal,160,0,160,2457144,16853,4389744,10144,1013.1853925374999,56,98,6,0,50,105,5,0,17,5,138
2011-08-10 10:01:26,Normal,86,0,86,1107697,15298,2571844,46983,1264.751028581395,42,37,7,0,12,69,3,2,3,1,79
2011-08-10 10:01:27,Normal,98,0,98,968257,3923,3536289,51241,721.9496937040816,34,54,10,0,14,81,3,0,13,1,84
2011-08-10 10:01:28,Normal,109,0,109,1026495,16794,4340417,24302,782.1620271009175,50,48,11,0,7,101,1,0,8,1,100
2011-08-10 10:01:29,Normal,112,0,112,1251857,15812,4043228,48514,866.2916788125001,54,50,8,0,11,101,0,0,6,0,106
2011-08-10 10:01:30,Normal,102,0,102,1351867,14527,3215664,37493,795.7819609215685,54,35,13,0,5,94,3,0,4,6,91
2011-08-10 10:01:31,Normal,94,0,94,955912,1591,3233172,35881,846.8032964787233,45,39,10,0,5,87,2,0,4,2,88
2011-08-10 10:01:32,Normal,138,3,141,1035721,18194,4572600,4991,510.949150141844,52,79,10,0,13,123,5,0,16,1,124
2011-08-10 10:01:33,Normal,86,0,86,1097301,14238,2930341,29744,1010.9249900348836,47,28,11,0,4,82,0,0,2,2,82
2011-08-10 10:01:34,Normal,113,0,113,1010975,16617,4468624,11983,815.7229079646019,40,65,8,0,6,106,1,0,5,2,105
2011-08-10 10:01:35,Normal,159,0,159,1123624,18952,6039717,50191,435.00724399999996,45,108,6,0,11,145,3,0,10,3,145
2011-08-10 10:01:36,Normal,94,0,94,1229395,60665,2890148,27971,1072.7710454893618,43,41,10,0,12,82,0,0,6,1,87
2011-08-10 10:01:37,Normal,112,0,112,1364273,15529,3689796,12173,837.3112909285713,48,52,12,0,8,101,3,0,4,0,108
2011-08-10 10:01:38,Normal,110,0,110,1102191,16167,4012173,53846,766.5270159636364,47,57,6,0,7,100,3,0,8,4,97
2011-08-10 10:01:39,Normal,84,0,84,905646,15940,2782568,39274,842.9345856547616,49,28,7,0,3,81,0,0,9,1,74
2011-08-10 10:01:40,Normal,111,0,111,1300319,15414,3781799,16410,1006.437908,60,42,9,0,5,106,0,0,6,0,104
2011-08-10 10:01:41,Normal,83,0,83,1150697,14345,2628431,64456,778.9061589999999,41,33,9,0,7,74,2,0,7,2,74
2011-08-10 10:01:42,Normal,117,6,123,1005887,17852,4776386,63030,666.5376345447155,46,70,7,0,11,104,8,0,19,0,104
2011-08-10 10:01:43,Normal,104,0,104,799875,15992,3888998,8400,687.7294216923076,42,54,8,0,6,94,4,0,12,0,92
2011-08-10 10:01:44,Normal,133,1,134,1422762,17591,4683066,21144,744.1143104328357,64,61,9,0,17,109,8,0,25,4,104
2011-08-10 10:01:45,Normal,114,0,114,1131571,30471,3989210,13442,826.6916321140351,43,58,13,0,17,96,1,0,14,1,98
2011-08-10 10:01:46,Normal,120,0,120,1025209,16732,4350866,25829,746.2248516583333,46,62,12,0,8,99,13,0,19,1,100
2011-08-10 10:01:47,Normal,168,0,168,1042621,20140,6177763,54266,620.5009055833334,52,106,10,0,23,135,10,0,38,1,129
2011-08-10 10:01:48,Normal,113,0,113,1118784,3053,4251516,41491,809.1897665929205,55,50,8,0,7,104,2,0,5,3,104
2011-08-10 10:01:49,Normal,130,0,130,995393,17779,5679168,20941,515.6747330615384,44,73,13,0,30,94,6,0,42,1,87
2011-08-10 10:01:50,Normal,112,0,112,1402792,15871,3392237,55775,880.211278919643,59,40,13,0,13,98,1,0,10,1,100
2011-08-10 10:01:51,Normal,138,0,138,1153896,5797,4218518,41797,498.9287575869566,47,81,10,0,25,101,12,0,35,1,102
2011-08-10 10:01:52,Normal,99,3,102,990602,16603,3453663,34263,883.3910581470587,48,46,8,0,11,84,7,0,16,1,85
2011-08-10 10:01:53,Normal,107,4,111,1230092,2953,3786319,4274,883.8442909189189,49,53,9,0,7,100,4,0,11,1,95
2011-08-10 10:01:54,Normal,101,0,101,1059743,2239,3478982,59783,1029.81871090099,46,41,14,0,8,90,3,0,9,1,91
2011-08-10 10:01:55,Normal,132,0,132,1132394,4789,4925812,59507,644.9961916742424,58,61,13,0,8,119,4,1,13,0,118
2011-08-10 10:01:56,Normal,103,0,103,1058919,16589,3098871,45236,917.1772180291265,49,42,12,0,10,87,4,2,11,1,90
2011-08-10 10:01:57,Normal,143,0,143,1516091,19840,5290111,38687,766.7079195734265,56,78,9,0,17,120,6,0,17,0,126
2011-08-10 10:01:58,Normal,120,0,120,1058923,3228,4432651,52226,713.802547375,48,65,7,0,9,107,4,0,9,0,111
2011-08-10 10:01:59,Normal,90,0,90,838551,16771,2990627,32386,783.3912362222222,46,35,9,0,8,79,3,0,10,0,79
2011-08-10 10:02:00,Normal,110,0,110,1225586,17586,3967479,8314,855.8240199181818,52,46,12,0,11,97,2,0,14,2,93
2011-08-10 10:02:01,Normal,110,0,110,1047812,17157,3792782,10688,793.6647394272726,60,43,7,0,7,101,2,0,10,1,99
2011-08-10 10:02:02,Normal,126,3,129,1298821,5935,4743122,50730,603.4488851085271,55,62,12,0,15,111,3,0,16,1,112
2011-08-10 10:02:03,Normal,93,0,93,862485,17178,3339295,50694,533.8792173978495,34,53,6,0,11,79,3,0,16,1,76
2011-08-10 10:02:04,Normal,118,0,118,1324333,17170,3791933,44240,720.9764732033899,55,52,11,0,14,98,6,0,19,3,96
2011-08-10 10:02:05,Normal,150,0,150,1019319,19989,4908608,46725,554.5444033733334,52,85,13,0,30,119,1,0,31,1,118
2011-08-10 10:02:06,Normal,207,0,207,963677,21445,9250943,22374,326.7387514009662,42,155,10,0,7,199,1,0,7,3,196
2011-08-10 10:02:07,Normal,105,0,105,1020467,16071,3499904,59708,737.3695726190476,55,39,11,0,3,102,0,0,7,1,97
2011-08-10 10:02:08,Normal,104,0,104,1253171,4045,3593018,52895,762.4394502307691,46,51,7,0,10,93,1,0,5,3,95
2011-08-10 10:02:09,Normal,95,0,95,1120818,16151,3397840,53071,924.1743279894735,44,46,5,0,7,85,3,0,8,2,85
2011-08-10 10:02:10,Normal,83,0,83,822640,3755,3089318,39797,890.5673347831325,40,38,5,0,7,76,0,0,8,0,75
2011-08-10 10:02:11,Normal,129,0,129,1863031,15611,4323322,58424,894.9867087751938,48,70,11,0,26,99,4,0,11,0,117
2011-08-10 10:02:12,Normal,117,6,123,1348638,62162,4321068,15163,469.7001311219512,48,66,9,0,14,105,4,0,9,4,110
2011-08-10 10:02:13,Normal,109,0,109,1130745,16620,3697339,21848,893.1634139266057,50,49,10,0,12,93,2,2,10,1,98
2011-08-10 10:02:14,Normal,121,0,121,1193479,25981,4560634,61615,728.9608247438016,54,58,9,0,8,110,3,0,15,0,106
2011-08-10 10:02:15,Normal,116,0,116,1404117,15469,3972368,42093,1019.2926314482758,53,53,10,0,17,96,3,0,11,4,101
2011-08-10 10:02:16,Normal,108,0,108,1098010,16464,3824223,33649,608.1778521481481,43,58,7,0,10,96,2,0,10,4,94
2011-08-10 10:02:17,Normal,128,0,128,1469323,18606,4566092,32328,579.4677069921875,43,78,7,0,27,99,2,0,22,2,103
2011-08-10 10:02:18,Normal,171,0,171,1330124,19895,4225451,64262,433.92663364327484,47,113,11,0,41,127,3,0,42,4,125
2011-08-10 10:02:19,Normal,109,0,109,1240726,3053,3399645,5338,966.401265,47,47,15,0,14,90,1,4,12,5,88
2011-08-10 10:02:20,Normal,97,0,97,949380,17277,3325946,53569,583.5644175051547,39,46,12,0,6,88,3,0,10,5,82
2011-08-10 10:02:21,Normal,96,0,96,1086557,15113,3449452,18063,649.5253570520833,31,54,11,0,12,82,2,0,4,0,92
2011-08-10 10:02:22,Normal,77,3,80,877651,14892,2602175,6042,811.7752175125,35,36,9,0,9,68,1,2,9,1,68
2011-08-10 10:02:23,Normal,109,0,109,988112,15661,4070839,29571,684.3713747706421,45,50,14,0,6,101,2,0,5,1,103
2011-08-10 10:02:24,Normal,101,0,101,1080438,15888,3561056,56153,902.0570890693068,59,28,14,0,4,95,2,0,8,1,92
2011-08-10 10:02:25,Normal,99,0,99,954434,16780,3546502,63145,774.9441917171715,40,52,7,0,5,88,6,0,13,0,86
2011-08-10 10:02:26,Normal,103,0,103,1103000,2398,3341461,34964,684.1225320291263,43,50,10,0,8,93,2,0,19,1,83
2011-08-10 10:02:27,Normal,105,0,105,927294,15921,3492012,34120,711.5776473047617,48,47,10,0,6,92,7,0,23,1,81
2011-08-10 10:02:28,Normal,120,0,120,1241463,16617,4211413,16377,661.2988235166667,57,52,11,0,5,111,4,0,12,2,106
2011-08-10 10:02:29,Normal,119,0,119,1010675,16990,4302661,15820,589.4656992016806,48,64,7,0,9,107,2,1,11,2,105
2011-08-10 10:02:30,Normal,130,0,130,876557,17863,5393386,57849,551.2938842153848,51,75,4,0,21,94,13,2,36,3,91
2011-08-10 10:02:31,Normal,73,0,73,787111,14400,2555631,47599,789.3614914657534,45,25,3,0,1,69,1,2,6,2,64
2011-08-10 10:02:32,Normal,122,3,125,858268,18318,4756885,14323,571.504777936,36,81,8,0,33,83,9,0,41,1,83
2011-08-10 10:02:33,Normal,137,0,137,681816,21812,4754694,50433,486.5891979562044,37,96,4,0,10,118,9,0,18,1,117
2011-08-10 10:02:34,Normal,122,0,122,1106578,18834,4353821,59117,776.0922416885247,51,63,8,0,8,104,10,0,18,2,102
2011-08-10 10:02:35,Normal,119,0,119,923725,18461,4647261,59267,564.5038519999999,44,68,7,0,13,102,4,0,16,1,102
2011-08-10 10:02:36,Normal,105,0,105,1028378,16265,3966984,21023,734.6474530380953,40,54,11,0,9,93,3,0,8,3,94
2011-08-10 10:02:37,Normal,88,0,88,907278,14711,3160421,13716,846.6818217954547,43,31,14,0,6,79,3,0,9,0,79
2011-08-10 10:02:38,Normal,133,0,133,1079005,4571,4714343,3738,629.1931562406014,57,68,8,0,10,122,1,0,10,0,123
2011-08-10 10:02:39,Normal,102,0,102,1337120,17474,3338481,46892,833.4743757549021,43,49,10,0,17,83,2,0,9,1,90
2011-08-10 10:02:40,Normal,125,0,125,1270820,37257,4528486,59086,652.6170965919998,44,71,10,0,13,105,7,0,12,3,110
2011-08-10 10:02:41,Normal,197,0,197,1606198,20442,6575194,12844,528.1742184010152,42,142,13,0,54,140,3,0,48,2,147
2011-08-10 10:02:42,Normal,159,6,165,2175910,5830,5808403,52983,812.4233094363638,41,112,12,0,37,120,8,0,20,3,141
2011-08-10 10:02:43,Normal,151,0,151,1976524,16133,5533314,39758,752.833395807947,66,75,10,0,23,124,4,0,8,4,137
2011-08-10 10:02:44,Normal,133,0,133,1625826,18482,4490174,20913,1001.942255481203,47,79,7,0,20,107,6,0,16,7,109
2011-08-10 10:02:45,Normal,180,0,180,1560929,6433,6340341,18289,517.0316100055555,56,112,12,0,50,126,4,0,39,1,140
2011-08-10 10:02:46,Normal,118,0,118,1691818,64029,4448244,59646,859.6631078305084,56,57,5,0,32,84,2,0,19,2,97
2011-08-10 10:02:47,Normal,110,0,110,1890644,15177,3940838,43427,757.3134684909091,52,43,15,0,17,87,6,0,10,6,94
2011-08-10 10:02:48,Normal,140,0,140,1293224,17963,5674458,16523,532.9943301214286,46,90,4,0,13,126,1,0,13,2,125
2011-08-10 10:02:49,Normal,142,0,142,1802745,19802,5348242,17372,732.7575263661972,52,80,10,0,25,111,6,0,14,2,126
2011-08-10 10:02:50,Normal,139,1,140,1632543,18515,5196093,3831,376.17644658571436,53,80,7,0,15,117,8,0,17,3,119
2011-08-10 10:02:51,Normal,106,0,106,1156068,16471,3630652,10204,822.7680136886793,46,52,8,0,12,90,4,0,11,0,94
2011-08-10 10:02:52,Normal,143,3,146,1738063,4542,5950955,57020,649.9085667054795,59,73,14,0,13,128,5,0,16,1,128
2011-08-10 10:02:53,Normal,147,0,147,1349018,14909,5680211,1030,649.1735598571429,43,91,13,0,25,117,5,0,23,2,122
2011-08-10 10:02:54,Normal,118,0,118,1206205,18164,3722638,10003,791.6741953983053,54,57,7,0,13,101,3,1,17,0,99
2011-08-10 10:02:55,Normal,123,0,123,1588958,4445,3801308,57950,679.3809108048781,49,68,6,0,23,93,7,0,15,1,107
2011-08-10 10:02:56,Normal,137,0,137,1710983,17602,5068006,47660,546.4238404233577,50,75,12,0,18,114,5,0,11,4,121
2011-08-10 10:02:57,Normal,123,12,135,1302584,17906,4582871,60499,521.5493374444444,42,85,8,0,22,110,3,0,12,2,121
2011-08-10 10:02:58,Normal,130,0,130,1421011,17651,4373201,6809,590.3441372,38,80,12,0,31,96,3,0,23,3,104
2011-08-10 10:02:59,Normal,230,0,230,1339865,23492,10625392,65190,347.7543680043478,49,174,7,0,18,206,6,0,15,4,211
2011-08-10 10:03:00,Normal,137,0,137,1245494,4078,5527637,54562,546.3573354306569,47,85,5,0,12,123,2,0,7,4,126
2011-08-10 10:03:01,Normal,107,0,107,1509019,39552,3929937,14133,1022.1310078691589,40,59,8,0,20,86,1,0,6,2,98
2011-08-10 10:03:02,Normal,110,3,113,1243052,16453,4201086,55496,716.9008505309735,51,57,5,0,8,100,5,0,8,2,103
2011-08-10 10:03:03,Normal,111,0,111,1068397,56282,4106010,59231,773.1361781351352,42,60,9,0,9,102,0,0,5,2,103
2011-08-10 10:03:04,Normal,117,0,117,1339605,15855,3830754,32900,611.6431193504275,48,55,14,0,19,95,3,0,15,2,100
2011-08-10 10:03:05,Normal,114,0,114,1378104,3026,4592262,51858,645.0696993421054,40,65,9,0,19,91,4,0,9,0,102
2011-08-10 10:03:06,Normal,128,0,128,1376882,17578,4105010,58199,617.4098875703125,48,75,5,0,24,100,4,0,21,4,102
2011-08-10 10:03:07,Normal,130,0,130,1651293,16779,4599586,35366,823.1074652307692,53,64,13,0,20,105,5,0,15,2,113
2011-08-10 10:03:08,Normal,146,0,146,1621456,13164,5113755,59891,912.5792847465754,67,75,4,0,18,123,4,1,16,2,128
2011-08-10 10:03:09,Normal,153,0,153,2253371,16043,4339853,7405,615.8290317581699,61,87,5,0,36,114,3,0,21,6,126
2011-08-10 10:03:10,Normal,141,0,141,1829784,15184,5047531,62494,662.7014019007091,48,85,7,0,27,102,11,0,17,3,119
2011-08-10 10:03:11,Normal,90,5,95,1148381,18959,3124883,56997,799.634714631579,42,48,5,0,13,73,9,0,14,1,78
2011-08-10 10:03:12,Normal,119,7,126,1052402,18898,4732311,6036,659.5878685079365,47,68,11,0,18,104,4,0,19,1,106
2011-08-10 10:03:13,Normal,134,0,134,1368898,21015,5227589,59684,540.880800455224,34,95,5,0,33,98,3,0,24,0,109
2011-08-10 10:03:14,Normal,205,0,205,1413513,9126,6093991,38026,553.0141957560976,45,147,13,0,28,166,11,0,77,1,126
2011-08-10 10:03:15,Normal,163,0,163,1101985,20928,4929456,50768,567.7929823374234,49,109,5,0,16,146,1,0,61,0,101
2011-08-10 10:03:16,Normal,140,0,140,1804464,17805,4381211,8877,805.3899270285715,52,77,11,0,33,105,2,0,22,1,116
2011-08-10 10:03:17,Normal,160,0,160,2165607,17187,5663134,43754,807.8668698562499,55,91,14,0,31,123,6,0,14,2,143
2011-08-10 10:03:18,Normal,133,0,133,1342351,32900,4134913,15477,674.3839529924811,48,74,11,0,31,95,5,2,23,2,108
2011-08-10 10:03:19,Normal,140,0,140,1227473,18719,4497369,12363,642.6781032928571,54,73,13,0,14,121,4,1,20,1,117
2011-08-10 10:03:20,Normal,173,0,173,1413273,6208,5159579,53218,514.541247150289,49,120,4,0,47,123,1,2,37,2,132
2011-08-10 10:03:21,Normal,161,0,161,1489443,22813,5497134,56997,678.1502886832297,53,90,18,0,34,126,0,1,38,1,120
2011-08-10 10:03:22,Normal,97,3,100,1046591,16322,2971855,60409,662.00979942,40,53,7,0,16,80,4,0,18,1,80
2011-08-10 10:03:23,Normal,105,0,105,1537933,22819,3246248,35155,777.0825189238095,45,52,8,0,16,85,4,0,7,0,97
2011-08-10 10:03:24,Normal,188,0,188,1767217,8458,5517769,54013,504.02430143085104,60,117,11,0,21,154,12,1,32,3,152
2011-08-10 10:03:25,Normal,125,0,125,1550425,3816,4495923,42232,577.721511944,46,69,10,0,19,99,7,0,11,1,111
2011-08-10 10:03:26,Normal,117,0,117,1733693,48472,4144082,15676,963.4993336581194,50,60,7,0,24,92,1,0,10,3,102
2011-08-10 10:03:27,Normal,113,0,113,1086147,16743,3948235,39107,764.7529386194689,40,58,15,0,10,99,4,0,9,1,102
2011-08-10 10:03:28,Normal,111,0,111,1189861,19500,4132742,36447,763.8065766846847,52,53,6,0,14,97,0,0,9,0,101
2011-08-10 10:03:29,Normal,113,0,113,1329968,60257,4219946,13363,853.9793921858408,41,66,6,0,18,93,2,0,10,0,102
2011-08-10 10:03:30,Normal,254,0,254,2892845,8366,7908707,52949,569.852207003937,50,188,16,0,88,158,8,0,58,5,191
2011-08-10 10:03:31,Normal,229,0,229,1581588,10522,4216196,1298,337.2040255240174,40,178,11,0,110,116,3,0,96,1,129
2011-08-10 10:03:32,Normal,134,3,137,2186718,56463,3655449,15935,767.4984395036496,48,79,10,0,44,86,7,0,31,5,101
2011-08-10 10:03:33,Normal,133,0,133,1529015,17648,4820659,43576,545.1582943458646,46,76,11,0,22,110,1,0,16,3,113
2011-08-10 10:03:34,Normal,139,0,139,1439474,62428,4381808,35925,528.0671660431656,49,80,10,0,18,119,2,0,15,2,121
2011-08-10 10:03:35,Normal,127,0,127,1161128,4719,4528059,60359,579.0345789527556,53,70,4,0,13,112,2,0,12,2,113
2011-08-10 10:03:36,Normal,139,0,139,1749618,4720,5566762,4122,638.2181274460432,47,86,6,0,21,95,23,0,36,5,98
2011-08-10 10:03:37,Normal,133,0,133,1579363,2901,4703557,60492,832.3320406766917,61,68,4,0,22,100,11,0,22,7,104
2011-08-10 10:03:38,Normal,127,0,127,1646598,2638,4456271,59768,881.4067030236218,51,65,11,0,17,103,7,0,9,2,116
2011-08-10 10:03:39,Normal,121,0,121,1288049,18474,4268360,63059,773.9058689173555,57,57,7,0,15,103,3,0,12,2,105
2011-08-10 10:03:40,Normal,148,0,148,1560863,17791,5348627,27497,583.4784814594594,44,90,14,0,28,114,6,0,24,5,119
2011-08-10 10:03:41,Normal,142,2,144,1353091,18205,5378163,67163,566.8934141319445,56,81,7,0,38,105,1,0,44,5,95
2011-08-10 10:03:42,Normal,112,6,118,1357976,16488,4314583,14967,571.185165601695,51,61,6,0,16,96,6,0,18,4,94
2011-08-10 10:03:43,Normal,112,55,167,1257970,20345,6202132,10959,537.8751163053892,43,118,6,0,20,137,10,0,18,0,148
2011-08-10 10:03:44,Normal,109,22,131,1221349,5251,4761859,55902,638.5714699465649,45,71,15,0,14,117,0,0,8,0,123
2011-08-10 10:03:45,Normal,133,1,134,1142692,18980,4283743,64050,532.8527929626865,48,77,9,0,35,98,1,0,27,2,105
2011-08-10 10:03:46,Normal,161,10,171,1570743,10576,5314472,4394,551.2375087777779,55,104,12,0,29,128,14,0,38,1,132
2011-08-10 10:03:47,Normal,104,19,123,1162350,16905,4309072,50698,742.8138077560977,49,67,7,0,14,102,7,0,12,2,109
2011-08-10 10:03:48,Normal,114,11,125,1277173,5905,4136987,46298,748.888279856,58,63,4,0,10,113,2,0,11,2,112
2011-08-10 10:03:49,Normal,114,3,117,1235762,39876,4074801,1542,522.3701667264958,38,73,6,0,18,92,7,0,14,2,101
2011-08-10 10:03:50,Normal,153,29,182,2019604,20534,5747948,60143,646.447824912088,50,120,12,0,31,144,7,0,22,1,159
2011-08-10 10:03:51,Normal,146,1,147,857481,6115,3933452,1322,401.06820453061226,41,91,15,0,7,113,27,0,36,1,110
2011-08-10 10:03:52,Normal,131,3,134,1282187,15020,3912848,13362,701.2982157089552,47,76,11,0,16,101,17,0,22,1,111
2011-08-10 10:03:53,Normal,140,0,140,1703622,7344,4206161,5783,609.66425595,55,80,5,0,31,105,4,0,23,5,112
2011-08-10 10:03:54,Normal,165,0,165,1568055,59153,5936094,59626,450.23657337575764,52,107,6,0,43,120,2,0,34,2,129
2011-08-10 10:03:55,Normal,143,3,146,1097629,7582,5649963,4108,521.8962340684932,45,87,14,0,44,102,0,0,42,3,101
2011-08-10 10:03:56,Normal,121,0,121,1348809,16250,4024347,57233,702.718110644628,49,65,7,0,19,98,4,0,17,1,102
2011-08-10 10:03:57,Normal,112,0,112,1574103,17201,4158787,60058,630.7359232410714,41,67,4,0,22,84,6,0,4,1,107
2011-08-10 10:03:58,Normal,122,0,122,1691945,18268,4054123,23339,815.277033180328,52,59,11,0,18,100,4,0,14,2,106
2011-08-10 10:03:59,Normal,89,0,89,1221640,54964,3154082,1542,782.833496707865,33,46,10,0,23,65,1,0,5,3,81
2011-08-10 10:04:00,Normal,138,0,138,1916867,15829,5081267,52527,794.558388710145,52,79,7,0,27,110,1,0,8,4,126
2011-08-10 10:04:01,Normal,213,0,213,1488891,23332,9628269,21170,390.6783396478873,41,160,12,0,32,172,9,0,30,0,182
2011-08-10 10:04:02,Normal,180,3,183,1628073,6677,6061753,56482,456.7291420601093,55,120,8,0,32,148,3,0,48,3,132
2011-08-10 10:04:03,Normal,123,0,123,1483887,16782,4012920,22351,607.2900692357723,40,76,7,0,31,91,1,0,21,0,102
2011-08-10 10:04:04,Normal,155,0,155,1538632,18719,6098347,56413,648.5155948967742,48,99,8,0,44,110,1,0,37,3,114
2011-08-10 10:04:05,Normal,177,0,177,1826723,7485,7277761,51008,478.463802700565,42,122,13,0,40,132,5,0,40,3,134
2011-08-10 10:04:06,Normal,105,0,105,1255747,47938,4164595,56293,500.6763323714286,46,52,7,0,14,91,0,0,9,1,95
2011-08-10 10:04:07,Normal,139,0,139,1051511,67560,5145377,13362,457.4509730935252,37,90,12,0,13,126,0,0,9,1,129
2011-08-10 10:04:08,Normal,142,0,142,1825700,17848,4999623,55738,816.5462900774648,52,83,7,0,30,108,4,0,17,4,121
2011-08-10 10:04:09,Normal,126,0,126,1627368,17348,5150125,5127,579.6581706190476,50,72,4,0,25,95,6,0,16,1,108
2011-08-10 10:04:10,Normal,130,0,130,1471702,16945,4737578,18842,736.3101717,43,78,9,0,29,97,4,0,25,4,101
2011-08-10 10:04:11,Normal,139,0,139,1666084,3598,4923486,42217,839.8533746187051,55,75,9,0,26,106,7,0,22,1,116
2011-08-10 10:04:12,Normal,149,6,155,1826623,41393,5673044,54982,386.87112871612896,48,98,9,0,24,125,6,0,17,5,133
2011-08-10 10:04:13,Normal,104,0,104,1232029,18040,3502989,48121,497.85738993269234,40,53,11,0,11,90,3,0,14,4,86
2011-08-10 10:04:14,Normal,152,0,152,1640206,17879,6083604,65148,579.2736429078947,53,84,15,0,19,128,5,0,19,3,130
2011-08-10 10:04:15,Normal,162,0,162,1421667,4981,6409572,58341,618.0604380617284,54,95,13,0,13,144,4,1,22,1,139
2011-08-10 10:04:16,Normal,149,0,149,1342331,6331,5495647,46352,581.136515671141,44,92,13,0,24,120,5,0,29,1,119
2011-08-10 10:04:17,Normal,156,0,156,1270756,10522,5914147,52381,557.0459003717949,38,102,16,0,40,105,11,0,51,1,104
2011-08-10 10:04:18,Normal,123,0,123,1137371,4704,4242061,37857,675.2690460813008,50,67,6,0,17,98,8,0,22,1,100
2011-08-10 10:04:19,Normal,126,0,126,1392014,16792,4580286,14767,728.4942594920635,51,69,6,0,15,107,1,3,7,2,114
2011-08-10 10:04:20,Normal,137,0,137,1149696,18146,5204091,8909,541.3862579051096,54,74,9,0,13,119,4,1,16,2,118
2011-08-10 10:04:21,Normal,106,0,106,1357797,15710,3502198,32372,907.0794251698113,45,52,9,0,11,93,2,0,6,4,96
2011-08-10 10:04:22,Normal,114,3,117,1192687,4038,4224358,21168,869.5597978119658,61,47,9,0,5,108,3,1,7,5,104
2011-08-10 10:04:23,Normal,92,0,92,1091644,1119,3072696,64061,1121.8807892826085,42,40,10,0,13,76,3,0,8,3,81
2011-08-10 10:04:24,Normal,150,0,150,1581654,24347,5373740,39172,787.2962702066667,52,90,8,0,25,117,8,0,15,4,131
2011-08-10 10:04:25,Normal,134,0,134,1349203,4727,5114258,43246,629.9127523134327,51,76,7,0,19,110,5,0,18,4,111
2011-08-10 10:04:26,Normal,96,3,99,863202,3197,4047579,56454,802.4417196060607,47,45,7,0,9,90,0,0,14,0,85
2011-08-10 10:04:27,Normal,112,0,112,1206518,16453,4019387,7134,1198.8137932142856,49,55,8,0,12,95,5,0,9,2,101
2011-08-10 10:04:28,Normal,84,0,84,1051418,15701,3121481,62083,850.6975750119047,43,32,9,0,8,75,1,0,8,1,75
2011-08-10 10:04:29,Normal,95,0,95,854068,14600,3518273,27922,660.2688069789474,40,44,11,0,6,88,1,0,8,2,85
2011-08-10 10:04:30,Normal,119,6,125,942903,18265,4839274,35018,544.795001192,46,75,4,0,27,93,5,0,27,2,95
2011-08-10 10:04:31,Normal,95,0,95,993002,2478,3420452,46816,963.4348726842105,44,42,9,0,12,82,1,0,9,0,85
2011-08-10 10:04:32,Normal,105,3,108,1115927,20068,4011621,51500,588.9925520462963,40,64,4,0,17,83,8,0,18,0,89
2011-08-10 10:04:33,Normal,132,0,132,915500,4534,4577957,51870,525.7770283333333,43,81,8,0,21,106,5,0,26,1,105
2011-08-10 10:04:34,Normal,184,3,187,1533561,14297,6757853,10970,604.213008342246,47,125,15,0,45,130,12,0,49,1,137
2011-08-10 10:04:35,Normal,122,0,122,1038820,17984,4724381,45760,438.42367685245904,44,73,5,0,16,104,2,0,17,0,105
2011-08-10 10:04:36,Normal,153,0,153,1136588,20143,5843408,34754,610.9191871372549,52,94,7,0,16,131,6,0,16,0,137
2011-08-10 10:04:37,Normal,124,0,124,1417654,3083,4241865,66406,839.256827016129,52,63,9,0,11,110,3,0,16,3,105
2011-08-10 10:04:38,Normal,169,87,256,1385889,27824,10078728,45635,315.6763962578125,52,194,10,0,62,159,35,0,100,1,155
2011-08-10 10:04:39,Normal,149,4,153,965180,5375,6139804,45995,347.88104316993457,40,103,10,0,12,139,2,0,10,1,142
2011-08-10 10:04:40,Normal,86,36,122,995914,16885,4675436,16990,593.8890374590164,47,68,7,0,3,117,2,0,5,2,114
2011-08-10 10:04:41,Normal,126,0,126,1017909,17725,5188743,2845,675.3843235714287,44,75,7,0,12,110,4,0,13,2,110
2011-08-10 10:04:42,Normal,112,6,118,1269628,16222,4126561,31628,551.1308716949152,52,58,8,0,10,101,7,0,16,2,100
2011-08-10 10:04:43,Normal,145,3,148,1191230,19104,6070569,46907,370.4878180067567,55,80,13,0,9,137,2,0,15,2,130
2011-08-10 10:04:44,Normal,106,5,111,965966,16220,4087346,39584,579.7341836216216,51,53,7,0,5,103,3,0,10,1,99
2011-08-10 10:04:45,Normal,109,0,109,1292523,16114,3951789,7077,559.2319085963303,44,60,5,0,10,97,2,0,9,2,98
2011-08-10 10:04:46,Normal,106,2,108,952704,16976,3997925,24621,536.4152942314814,45,50,13,0,5,100,3,0,10,1,97
2011-08-10 10:04:47,Normal,89,10,99,1304946,2665,3466261,44711,668.2558688282828,35,54,10,0,10,82,7,0,11,2,85
2011-08-10 10:04:48,Normal,127,0,127,1324623,17450,4904746,14456,766.489246937008,44,70,13,0,11,115,1,0,10,2,114
2011-08-10 10:04:49,Normal,122,0,122,1269607,17219,4174334,30643,752.7195612950819,48,61,13,0,20,100,2,0,18,1,103
2011-08-10 10:04:50,Normal,197,0,197,1019897,21892,8588403,46058,356.17934887309644,45,137,15,0,16,177,3,1,21,2,174
2011-08-10 10:04:51,Normal,116,0,116,1162302,17134,4586067,54660,611.9214958103448,40,64,12,0,13,98,5,0,14,0,102
2011-08-10 10:04:52,Normal,236,3,239,1725759,11687,10625035,40785,276.13027335983264,57,175,7,0,24,209,6,0,25,1,213
2011-08-10 10:04:53,Normal,124,0,124,1370293,17983,4647979,30504,667.0965745000001,49,61,14,0,15,109,0,0,8,2,114
2011-08-10 10:04:54,Normal,104,0,104,1501873,16073,3505832,64315,935.867578576923,41,47,16,0,14,84,6,0,14,1,89
2011-08-10 10:04:55,Normal,125,0,125,1255693,16488,4349005,65101,659.0692903199999,48,66,11,0,11,108,6,0,15,1,109
2011-08-10 10:04:56,Normal,120,0,120,1661570,16956,4009013,40052,790.5550854166668,55,54,11,0,13,104,3,0,13,1,106
2011-08-10 10:04:57,Normal,153,0,153,2232729,17190,4784932,11633,816.6204423071895,47,94,12,0,31,114,8,0,13,4,135
2011-08-10 10:04:58,Normal,115,0,115,1405828,3478,4125284,35236,635.4463849826087,50,57,8,0,17,92,6,0,11,2,102
2011-08-10 10:04:59,Normal,246,0,246,1505675,22215,11648446,41173,388.6038342235773,44,192,10,0,17,225,4,0,7,2,236
2011-08-10 10:05:00,Normal,118,0,118,1579095,15503,4156358,51357,687.7888149491525,55,60,3,0,11,106,1,0,12,1,105
2011-08-10 10:05:01,Normal,128,0,128,1194202,18376,4897877,56508,587.42427059375,51,71,6,0,11,114,3,0,11,1,116
2011-08-10 10:05:02,Normal,136,3,139,1814741,4931,5032994,49237,670.3898353093526,36,96,7,0,29,107,3,0,13,2,123
2011-08-10 10:05:03,Normal,129,0,129,1451124,15929,4482587,56513,637.6786457131783,52,68,9,0,12,108,9,0,10,1,118
2011-08-10 10:05:04,Normal,153,0,153,2119064,17173,5208458,40031,647.6068582352941,57,83,13,0,34,113,6,0,28,2,123
2011-08-10 10:05:05,Normal,148,0,148,1653698,3843,4708553,55361,666.8428662364865,56,78,14,0,24,120,4,0,19,2,127
2011-08-10 10:05:06,Normal,130,0,130,1836834,16187,4525374,35622,840.8217301923077,52,64,14,0,18,102,10,0,15,2,112
2011-08-10 10:05:07,Normal,140,0,140,1167188,5335,5294161,58378,723.193319842857,42,91,7,0,17,117,6,0,15,0,123
2011-08-10 10:05:08,Normal,106,0,106,1239805,1646,4144501,52239,749.0484231132076,48,45,13,0,17,87,2,0,8,1,96
2011-08-10 10:05:09,Normal,125,0,125,1464484,17502,4189960,21129,583.654555784,50,64,11,0,13,109,3,0,14,7,103
2011-08-10 10:05:10,Normal,119,0,119,1569841,5270,4030154,56792,872.5350364789916,37,71,11,0,21,88,10,0,20,1,98
2011-08-10 10:05:11,Normal,112,0,112,1557684,17854,3280578,9464,834.8007297053571,43,59,10,0,17,92,3,0,16,1,95
2011-08-10 10:05:12,Normal,146,6,152,1652173,17544,5151391,21334,789.3274872697368,63,78,11,0,16,119,17,0,26,1,124
2011-08-10 10:05:13,Normal,97,0,97,1083097,6076,3792613,53009,723.8059650309277,44,43,10,0,12,82,3,0,12,2,83
2011-08-10 10:05:14,Normal,101,0,101,1451755,15233,3618147,43692,1068.283962970297,47,42,12,0,19,78,4,0,9,0,91
2011-08-10 10:05:15,Normal,206,0,206,1577325,6982,8009062,54139,455.5590571165049,59,137,10,0,14,192,0,0,10,2,193
2011-08-10 10:05:16,Normal,123,0,123,1646544,15080,4526629,35080,1021.02484099187,50,58,15,0,24,94,5,0,8,0,114
2011-08-10 10:05:17,Normal,150,0,150,1373037,4186,5619278,42698,819.3492454,53,89,8,0,15,131,4,0,14,0,136
2011-08-10 10:05:18,Normal,116,0,116,1407426,16673,4082562,50873,638.5005231206898,47,53,16,0,10,104,2,0,10,0,106
2011-08-10 10:05:19,Normal,110,0,110,853951,2989,4191263,63539,551.9229393272727,44,59,7,0,9,94,5,2,13,1,94
2011-08-10 10:05:20,Normal,108,0,108,1146039,3130,4011556,59360,681.3844858518519,38,60,10,0,10,94,3,1,9,1,97
2011-08-10 10:05:21,Normal,116,0,116,2093646,16585,3425886,39617,692.9769179913793,41,64,11,0,27,84,4,1,11,5,99
2011-08-10 10:05:22,Normal,139,3,142,1852662,4548,4325666,49644,589.8010065140846,56,80,6,0,20,112,10,0,17,0,125
2011-08-10 10:05:23,Normal,158,0,158,1917034,17977,5004804,28907,577.2075670506329,44,105,9,0,36,118,4,0,23,2,133
2011-08-10 10:05:24,Normal,121,0,121,2032820,2134,3545744,1809,1050.352472305785,43,65,13,0,34,82,5,0,7,1,113
2011-08-10 10:05:25,Normal,115,0,115,1423547,20176,3911007,14134,1006.0003683652174,54,52,9,0,10,101,4,0,8,1,106
2011-08-10 10:05:26,Normal,113,0,113,1642558,15626,3778309,25154,761.7491985575222,43,57,13,0,14,95,3,1,7,1,104
2011-08-10 10:05:27,Normal,140,0,140,1530188,18232,4382435,47547,719.7069814,61,67,12,0,17,120,3,0,18,3,119
2011-08-10 10:05:28,Normal,114,0,114,1377248,17112,3057613,65196,820.9761383859649,44,64,6,0,25,84,5,0,15,3,96
2011-08-10 10:05:29,Normal,134,0,134,1765981,6164,4226679,51950,455.3307572089552,44,82,8,0,32,97,5,0,15,3,115
2011-08-10 10:05:30,Normal,104,0,104,1506221,16984,3386047,3478,1074.746737,56,36,12,0,13,87,3,1,5,1,98
2011-08-10 10:05:31,Normal,97,0,97,965594,15663,3768030,33223,727.7335015567011,46,44,7,0,2,94,1,0,8,0,89
2011-08-10 10:05:32,Normal,139,3,142,1696343,18338,5510258,57812,791.2006426056339,47,89,6,0,47,91,4,0,38,1,103
2011-08-10 10:05:33,Normal,99,0,99,959677,28832,3327744,23399,691.5617814343434,41,49,9,0,8,87,4,0,10,2,87
2011-08-10 10:05:34,Normal,115,0,115,1577333,15949,4006305,44091,828.5336092956522,39,60,16,0,15,97,3,0,11,4,100
2011-08-10 10:05:35,Normal,126,0,126,1921080,17598,4260586,29272,906.5506929206348,50,67,9,0,19,103,4,0,8,2,113
2011-08-10 10:05:36,Normal,153,0,153,2431669,16422,4859626,65526,1067.665478333333,47,97,9,0,30,113,10,0,11,3,139
2011-08-10 10:05:37,Normal,131,0,131,1626746,16373,4230191,48142,773.662387557252,48,74,9,0,22,102,7,0,9,3,119
2011-08-10 10:05:38,Normal,128,0,128,1490278,4951,4448139,41900,674.8585748124999,46,71,11,0,21,100,7,0,21,2,105
2011-08-10 10:05:39,Normal,123,0,123,1099389,17309,3376373,24054,787.2210410894309,54,57,12,0,13,94,16,0,27,0,95
2011-08-10 10:05:40,Normal,122,0,122,1550586,3221,4720083,59853,763.2875200245902,42,68,12,0,12,102,8,0,10,1,111
2011-08-10 10:05:41,Normal,128,0,128,1726326,16301,4038486,30711,784.5350672187501,42,69,17,0,25,100,3,0,8,1,118
2011-08-10 10:05:42,Normal,133,3,136,1275680,17638,4772276,3024,727.5041184411765,52,79,5,0,39,91,6,0,35,1,100
2011-08-10 10:05:43,Normal,133,3,136,1250788,4981,5011808,47912,583.7378091764705,52,75,9,0,9,122,5,0,17,3,114
2011-08-10 10:05:44,Normal,167,2,169,1484024,21140,5820972,44727,512.1521502248521,43,112,14,0,42,123,4,0,33,5,130
2011-08-10 10:05:45,Normal,114,3,117,1760879,3675,4087910,55988,821.9139873162394,48,57,12,0,19,90,8,0,12,7,97
2011-08-10 10:05:46,Normal,147,0,147,1486283,19369,5197451,15557,754.0520350612246,49,86,12,0,24,120,3,0,26,2,119
2011-08-10 10:05:47,Normal,152,0,152,1020006,50919,5446995,62384,547.7513408947368,47,93,12,0,28,110,14,0,42,3,107
2011-08-10 10:05:48,Normal,221,0,221,1932118,22838,8792966,32442,446.3780795701357,55,153,13,0,31,185,5,0,21,2,198
2011-08-10 10:05:49,Normal,159,1,160,1146841,7929,6262750,48916,596.15523261875,54,96,10,0,8,148,4,0,16,1,143
2011-08-10 10:05:50,Normal,129,0,129,1506142,16571,4752612,8799,726.2063638759689,45,70,14,0,19,105,5,0,16,1,112
2011-08-10 10:05:51,Normal,118,0,118,1769131,16232,3983969,60509,872.4670684322033,51,54,13,0,19,95,4,0,9,2,106
2011-08-10 10:05:52,Normal,138,3,141,1774930,16858,5182032,40066,595.3568334964539,53,83,5,0,19,113,9,0,15,3,122
2011-08-10 10:05:53,Normal,116,0,116,1169298,16823,4480024,51810,494.29852702586203,39,63,14,0,9,105,2,0,14,1,101
2011-08-10 10:05:54,Normal,105,0,105,1277061,17767,3729741,47672,899.5612416380951,46,53,6,0,11,90,4,0,12,4,89
2011-08-10 10:05:55,Normal,112,0,112,1214977,2823,3822430,52915,685.9737340803573,52,48,12,0,8,101,3,0,8,4,100
2011-08-10 10:05:56,Normal,98,0,98,1351212,15185,3375920,42860,1068.6517221530612,44,47,7,0,16,82,0,0,7,1,89
2011-08-10 10:05:57,Normal,113,0,113,1443420,5421,3834521,57323,834.0023559911505,48,55,10,0,16,95,2,0,12,2,98
2011-08-10 10:05:58,Normal,115,0,115,1041593,16795,4451818,32988,583.835950626087,42,62,11,0,5,108,2,0,6,1,108
2011-08-10 10:05:59,Normal,108,0,108,1117520,16284,3984442,9130,789.3478469629629,55,44,9,0,10,97,1,0,9,2,96
2011-08-10 10:06:00,Normal,120,6,126,1761155,2892,4390437,19866,752.8349171031747,47,72,7,0,24,98,4,0,12,5,109
2011-08-10 10:06:01,Normal,149,0,149,1689962,18849,5229620,49506,837.2978043355704,56,77,16,0,16,124,9,0,14,1,134
2011-08-10 10:06:02,Normal,113,3,116,1229700,17968,4184428,27840,608.30914425,46,62,8,0,18,96,2,0,15,1,100
2011-08-10 10:06:03,Normal,169,0,169,1092754,19521,6860954,63354,305.67412248520714,43,119,7,0,22,144,3,0,24,0,145
2011-08-10 10:06:04,Normal,114,0,114,1751855,15974,3717009,10554,695.0898497017545,46,61,7,0,18,93,3,0,7,4,103
2011-08-10 10:06:05,Normal,107,0,107,1657236,15399,3753886,34200,1065.8583451308411,42,57,8,0,22,81,4,0,11,4,92
2011-08-10 10:06:06,Normal,123,0,123,1714711,38453,3763841,14393,633.7832839268292,49,62,12,0,18,96,9,0,14,2,107
2011-08-10 10:06:07,Normal,103,0,103,1001401,3425,3837842,46302,686.6740924368933,45,48,10,0,7,95,1,0,6,0,97
2011-08-10 10:06:08,Normal,154,0,154,1175200,35724,6462987,13363,465.33198894805184,47,100,7,0,28,123,3,0,24,1,128
2011-08-10 10:06:09,Normal,138,0,138,1034287,5713,5961699,59049,534.0127798405797,36,92,10,0,32,106,0,0,25,1,112
2011-08-10 10:06:10,Normal,150,0,150,1290519,37493,5079675,13363,552.2598484800001,46,98,6,0,40,103,7,0,36,0,114
2011-08-10 10:06:11,Normal,198,0,198,1275047,7252,8494299,3757,565.8819455050506,56,129,13,0,8,179,11,0,14,0,184
2011-08-10 10:06:12,Normal,108,3,111,1410713,16403,3751078,41272,608.632954990991,46,53,12,0,19,84,8,0,21,0,89
2011-08-10 10:06:13,Normal,173,3,176,1449790,5953,6809588,42157,620.2830512045455,59,113,4,0,19,152,5,0,16,1,158
2011-08-10 10:06:14,Normal,282,0,282,1639107,27293,11532910,46720,399.3515500567376,47,227,8,0,73,204,5,0,63,1,217
2011-08-10 10:06:15,Normal,96,0,96,942595,15692,3337383,38426,648.4785209687499,49,38,9,0,10,85,1,0,12,2,82
2011-08-10 10:06:16,Normal,103,0,103,1152398,16239,3708624,4260,782.8940670776699,43,49,11,0,5,93,5,0,8,2,93
2011-08-10 10:06:17,Normal,100,0,100,949090,62351,3799605,60563,724.51902129,43,47,10,0,4,95,1,0,10,1,88
2011-08-10 10:06:18,Normal,120,0,120,982059,16569,4848299,22487,688.9274241416666,59,51,10,0,5,115,0,0,11,0,109
2011-08-10 10:06:19,Normal,98,0,98,958539,10351,3339352,13715,636.081918887755,50,42,6,0,10,82,4,2,15,0,81
2011-08-10 10:06:20,Normal,102,0,102,1062700,47489,3818550,14215,637.8717441960783,52,46,4,0,9,90,3,0,8,2,92
2011-08-10 10:06:21,Normal,131,0,131,1060116,18303,4252289,55514,672.0033127099236,47,78,6,0,12,117,1,1,15,0,115
2011-08-10 10:06:22,Normal,131,3,134,1270281,19595,4822360,6906,645.1987985447762,42,82,10,0,10,115,8,1,23,0,110
2011-08-10 10:06:23,Normal,135,0,135,1206670,19738,4801566,48083,706.3689281185185,59,68,8,0,14,117,4,0,19,1,115
2011-08-10 10:06:24,Normal,147,0,147,1700198,4806,4765631,47307,863.2246511836735,32,103,12,0,37,107,3,0,11,1,135
2011-08-10 10:06:25,Normal,97,0,97,907238,3886,3316777,58622,754.1718604948453,44,45,8,0,10,84,3,0,11,2,84
2011-08-10 10:06:26,Normal,103,0,103,910300,16912,3839033,58433,754.0981961650483,39,51,13,0,6,93,4,0,12,0,91
2011-08-10 10:06:27,Normal,72,0,72,724183,2370,2465053,38089,644.4724825,25,40,7,0,10,59,3,0,10,0,62
2011-08-10 10:06:28,Normal,109,0,109,1085439,17619,4244230,43276,893.9001205045871,45,57,7,0,7,100,2,0,6,3,100
2011-08-10 10:06:29,Normal,153,0,153,1355753,6632,4336718,1748,606.6565431241829,59,85,9,0,11,138,4,0,44,2,107
2011-08-10 10:06:30,Normal,178,0,178,1044416,21202,5122448,12074,551.7050115617977,44,125,9,0,13,158,7,0,67,3,108
2011-08-10 10:06:31,Normal,121,0,121,805767,17848,4531651,44376,482.94255542148755,38,70,13,0,3,118,0,0,15,1,105
2011-08-10 10:06:32,Normal,126,3,129,1209787,17892,3394279,16043,566.1422335193799,41,75,13,0,8,116,5,0,31,1,97
2011-08-10 10:06:33,Normal,141,0,141,1255015,19095,4176178,48772,695.370622035461,43,81,17,0,14,115,12,0,28,3,110
2011-08-10 10:06:34,Normal,135,0,135,1365792,16981,4705559,35280,484.6994087851852,63,59,13,0,9,123,3,0,13,4,117
2011-08-10 10:06:35,Normal,182,0,182,1054639,28743,4570277,16036,355.1108117747253,57,117,8,0,30,125,27,0,59,3,120
2011-08-10 10:06:36,Normal,116,0,116,1154128,5952,4016255,35862,630.7593265431035,59,49,8,0,6,101,9,0,21,0,95
2011-08-10 10:06:37,Normal,85,0,85,898128,15471,3155372,2284,764.4099369647057,51,26,8,0,3,80,2,0,7,0,78
2011-08-10 10:06:38,Normal,125,0,125,1179241,16329,4463157,27272,793.2911193520001,49,61,15,0,6,118,1,0,6,0,119
2011-08-10 10:06:39,Normal,109,0,109,1256498,16601,4130216,12140,689.0771565596332,46,51,12,0,8,98,3,0,4,1,104
2011-08-10 10:06:40,Normal,102,0,102,982367,18394,3235465,7419,889.0132277254903,46,46,10,0,7,94,1,0,16,0,86
2011-08-10 10:06:41,Normal,118,0,118,1332702,15928,4179689,33415,894.419123694915,57,54,7,0,4,111,3,0,7,1,109
2011-08-10 10:06:42,Normal,134,3,137,1365592,17759,4888996,17699,759.4171346423358,52,67,18,0,6,129,2,0,4,2,131
2011-08-10 10:06:43,Normal,178,0,178,1453421,7295,4712035,41713,554.7695846348315,49,117,12,0,58,113,7,0,54,1,123
2011-08-10 10:06:44,Normal,182,3,185,1435383,19855,5301944,25196,615.9483618756757,56,120,9,0,47,133,5,0,46,3,136
2011-08-10 10:06:45,Normal,716,0,716,1741813,38822,23161121,15309,368.12611038128495,37,667,12,0,9,701,6,0,15,2,698
2011-08-10 10:06:46,Normal,108,0,108,1218721,16285,3890188,53529,763.6494098611109,46,49,13,0,11,96,1,0,12,1,95
2011-08-10 10:06:47,Normal,148,0,148,1071441,20888,5554030,35551,459.64026425675684,48,85,15,0,9,136,3,0,17,2,129
2011-08-10 10:06:48,Normal,141,2,143,800753,50473,4693261,13362,479.7363225104895,39,95,9,0,27,112,4,0,32,1,110
2011-08-10 10:06:49,Normal,160,0,160,1142145,19547,6611965,63140,555.36081583125,46,102,12,0,24,136,0,0,17,1,142
2011-08-10 10:06:50,Normal,122,0,122,1213135,3858,4650668,56492,589.4055006229507,49,71,2,0,16,103,3,0,14,3,105
2011-08-10 10:06:51,Normal,131,0,131,1220136,19128,4728528,44958,594.918000389313,51,67,13,0,10,121,0,0,16,2,112
2011-08-10 10:06:52,Normal,97,3,100,785797,17806,3791241,26939,659.73183244,43,49,8,0,5,91,4,0,7,0,93
2011-08-10 10:06:53,Normal,156,0,156,2221336,16863,5621055,46432,880.0625937435898,53,95,8,0,29,122,5,0,7,5,144
2011-08-10 10:06:54,Normal,147,0,147,1057399,20564,5895238,41820,612.7196331972789,44,96,7,0,12,131,4,0,11,0,136
2011-08-10 10:06:55,Normal,773,0,773,2029575,43600,26272174,6571,223.20614577490295,49,721,3,0,23,745,5,0,24,1,748
2011-08-10 10:06:56,Normal,140,0,140,1052396,6737,5455748,3869,667.5382004142857,49,75,16,0,16,123,1,0,20,1,119
2011-08-10 10:06:57,Normal,114,0,114,1337206,16814,3448725,23713,735.1688666666666,52,57,5,0,10,101,3,0,9,2,102
2011-08-10 10:06:58,Normal,132,0,132,900306,5284,4746978,43549,572.7489909469697,47,77,8,0,10,118,4,0,16,3,113
2011-08-10 10:06:59,Normal,256,0,256,1027723,25178,10678037,26292,355.65025741015626,54,189,13,0,8,216,32,0,45,3,208
2011-08-10 10:07:00,Normal,232,0,232,1291627,22233,10628882,64960,442.87520245689655,41,177,14,0,8,220,4,0,5,2,223
2011-08-10 10:07:01,Normal,101,0,101,817586,18495,3723548,29919,975.681538990099,44,48,9,0,9,88,4,0,14,0,87
2011-08-10 10:07:02,Normal,119,3,122,1185017,6853,4528639,36805,782.2847745655738,45,68,9,0,9,108,5,0,10,0,112
2011-08-10 10:07:03,Normal,110,0,110,1407009,15999,3557731,5414,974.3812848272727,40,66,4,0,21,88,1,0,6,2,102
2011-08-10 10:07:04,Normal,91,0,91,869371,16054,3310641,3871,762.3159458351647,35,45,10,0,3,83,3,1,6,0,85
2011-08-10 10:07:05,Normal,133,0,133,868195,9636,4882519,54703,770.9239061804511,38,87,8,0,15,117,1,0,16,2,115
2011-08-10 10:07:06,Normal,137,0,137,1137637,19698,5150884,48605,657.5737113722628,53,77,7,0,11,124,2,0,9,0,128
2011-08-10 10:07:07,Normal,109,0,109,1186522,17631,3410995,58030,948.8503248348625,51,46,12,0,6,101,2,0,11,0,98
2011-08-10 10:07:08,Normal,95,0,95,975978,2461,3354917,51040,688.5567877578948,35,49,11,0,9,85,1,0,7,1,87
2011-08-10 10:07:09,Normal,137,0,137,1237479,18421,5273458,43947,484.56893058394166,44,79,14,0,12,121,4,0,10,2,125
2011-08-10 10:07:10,Normal,136,0,136,1368427,62764,5507048,35155,645.7387894926471,54,77,5,0,17,117,2,0,11,0,124
2011-08-10 10:07:11,Normal,110,0,110,1631279,44583,3438374,14905,775.7783221181818,50,53,7,0,17,87,6,0,12,2,95
2011-08-10 10:07:12,Normal,122,3,125,1794521,16239,4146576,36824,836.3431518240002,45,68,12,0,23,98,4,0,8,4,113
2011-08-10 10:07:13,Normal,90,0,90,1054725,16515,3281923,3391,1072.394262577778,43,39,8,0,8,77,5,0,9,1,80
2011-08-10 10:07:14,Normal,115,0,115,1307091,18278,3633743,2969,782.5840244608696,46,61,8,0,17,96,2,0,12,2,101
2011-08-10 10:07:15,Normal,138,3,141,2047431,16798,4087062,55593,1059.881845141844,40,90,11,0,31,102,8,0,13,1,126
2011-08-10 10:07:16,Normal,124,0,124,1270063,18315,4159291,63617,563.2627665887096,45,71,8,0,19,99,6,0,25,1,98
2011-08-10 10:07:17,Normal,118,0,118,1461050,16931,3684928,51681,670.762046881356,39,68,11,0,24,92,2,0,12,2,104
2011-08-10 10:07:18,Normal,519,0,519,1192854,39161,22709977,21202,150.9110024759152,53,456,10,0,10,506,1,2,12,1,506
2011-08-10 10:07:19,Normal,110,0,110,916161,16806,3872687,14030,547.0204721636363,39,63,8,0,13,92,3,2,15,1,92
2011-08-10 10:07:20,Normal,94,0,94,1040576,17142,3165527,11490,662.1611592659574,45,42,7,0,3,87,3,1,6,1,86
2011-08-10 10:07:21,Normal,106,0,106,1144262,16999,3785863,42328,828.6900525660378,37,63,6,0,14,86,5,1,6,2,98
2011-08-10 10:07:22,Normal,96,3,99,870590,2822,3299140,42935,796.7625795959596,44,44,11,0,3,93,2,1,10,0,88
2011-08-10 10:07:23,Normal,112,0,112,1189378,39990,3831709,49068,683.3960770803571,50,50,12,0,10,102,0,0,12,2,98
2011-08-10 10:07:24,Normal,120,0,120,1299439,3562,4035626,50053,787.9780207333333,42,71,7,0,17,99,4,0,9,2,109
2011-08-10 10:07:25,Normal,134,0,134,1526858,17089,4776889,23127,660.7149728656717,53,70,11,0,14,112,7,1,13,1,119
2011-08-10 10:07:26,Normal,106,0,106,1548027,2080,3196536,45657,889.3418889245281,46,51,9,0,13,86,7,0,6,4,96
2011-08-10 10:07:27,Normal,139,0,139,1419221,20988,4650033,27457,639.1757750575539,60,69,10,0,14,120,5,0,21,3,115
2011-08-10 10:07:28,Normal,124,0,124,1064147,18902,4524919,29739,352.9806765725807,31,84,9,0,14,104,6,0,16,4,104
2011-08-10 10:07:29,Normal,126,0,126,1069261,4528,4977718,57218,578.6422326587302,44,76,6,0,12,112,2,0,12,2,112
2011-08-10 10:07:30,Normal,123,0,123,1478573,16664,3839001,43736,611.5664139349593,45,63,15,0,19,101,3,0,20,4,99
2011-08-10 10:07:31,Normal,116,0,116,1061477,20238,4036949,8523,528.7963942327586,43,69,4,0,13,99,4,0,13,2,101
2011-08-10 10:07:32,Normal,517,3,520,1087412,40780,23243871,1789,151.1967330826923,46,467,7,0,17,498,5,0,15,0,505
2011-08-10 10:07:33,Normal,105,0,105,1078804,16942,3707419,27519,797.6189050857142,48,42,15,0,5,100,0,0,4,0,100
2011-08-10 10:07:34,Normal,120,0,120,1675458,3684,3808208,33739,953.6685334583333,36,66,18,0,29,87,4,0,12,1,107
2011-08-10 10:07:35,Normal,123,0,123,1227174,18830,4358722,63425,676.4075555203252,44,69,10,0,19,98,6,0,15,2,106
2011-08-10 10:07:36,Normal,106,0,106,1872132,33675,3167236,4065,1093.2749027264153,45,45,16,0,19,84,3,0,2,4,99
2011-08-10 10:07:37,Normal,114,1,115,1212023,17565,4128624,19238,732.975357921739,47,61,7,0,10,100,5,0,13,2,100
2011-08-10 10:07:38,Normal,97,0,97,1540872,14158,3267851,59046,945.3594508350515,45,46,6,0,7,88,2,0,3,3,91
2011-08-10 10:07:39,Normal,124,0,124,1584088,17047,4670732,24669,1023.6348074193547,49,71,4,0,22,98,4,0,11,2,111
2011-08-10 10:07:40,Normal,139,10,149,1003173,19836,5738711,45647,468.49869024161075,36,105,8,0,21,123,5,0,23,2,124
2011-08-10 10:07:41,Normal,490,0,490,1572487,30095,21742373,1816,167.3519404265306,43,439,8,0,23,463,4,0,8,1,481
2011-08-10 10:07:42,Normal,217,3,220,1179898,9283,8852714,53651,297.4523062227273,44,165,11,0,7,211,2,0,8,1,211
2011-08-10 10:07:43,Normal,123,0,123,1908853,16267,4740064,45334,829.7488040569106,45,67,11,0,21,97,5,0,6,3,114
2011-08-10 10:07:44,Normal,80,0,80,853388,14974,2777709,17790,721.3644210250001,42,31,6,0,4,73,2,0,5,1,73
2011-08-10 10:07:45,Normal,102,3,105,956174,43842,3834922,14134,415.7950092380953,35,57,13,0,10,94,1,0,7,1,97
2011-08-10 10:07:46,Normal,92,0,92,1030780,32405,3254992,13714,780.3127470543478,50,31,11,0,2,87,3,0,5,2,85
2011-08-10 10:07:47,Normal,100,0,100,864666,2334,4022601,33991,797.28933104,38,57,5,0,9,91,0,0,4,1,95
2011-08-10 10:07:48,Normal,116,0,116,1729509,18677,3742650,36113,796.0319513534482,46,60,10,0,25,85,6,0,13,3,100
2011-08-10 10:07:49,Normal,145,0,145,1295711,19170,5892549,65324,592.6834504965517,52,85,8,0,17,119,9,0,20,2,123
2011-08-10 10:07:50,Normal,110,0,110,1050195,4783,3949061,59571,566.3392947545454,44,54,12,0,10,97,3,0,14,2,93
2011-08-10 10:07:51,Normal,106,0,106,924131,3284,4110484,52148,651.0540200566037,38,59,8,0,12,92,1,0,11,3,91
2011-08-10 10:07:52,Normal,106,3,109,909203,4089,3887358,59576,583.8310920183486,34,62,13,0,7,100,2,0,7,3,99
2011-08-10 10:07:53,Normal,95,0,95,1127462,69080,3415183,14904,793.0764704000001,40,47,8,0,12,81,2,0,8,3,84
2011-08-10 10:07:54,Normal,75,0,75,725265,14843,2790458,35117,949.13359776,43,26,6,0,3,72,0,0,3,1,71
2011-08-10 10:07:55,Normal,115,0,115,910450,17951,4236230,46393,733.6593421652175,54,48,13,0,4,108,3,0,15,1,98
2011-08-10 10:07:56,Normal,99,0,99,875795,2931,3682674,58412,580.9724811818181,51,39,9,0,9,88,2,0,15,2,82
2011-08-10 10:07:57,Normal,103,0,103,1084545,15939,3429357,4614,728.4209244757282,51,40,12,0,10,91,2,0,11,3,89
2011-08-10 10:07:58,Normal,118,0,118,805724,17633,4705171,56983,594.0464307796611,33,75,10,0,18,95,5,0,24,2,92
2011-08-10 10:07:59,Normal,106,0,106,1150914,4390,4180319,51732,614.488776981132,38,59,9,0,11,93,2,0,10,3,93
2011-08-10 10:08:00,Normal,74,2,76,901648,2416,2659192,63619,628.7090203552631,38,29,9,0,1,71,4,0,4,1,71
2011-08-10 10:08:01,Normal,139,0,139,1076027,19836,4313000,58040,706.1005779784173,48,81,9,0,28,105,4,1,32,1,105
2011-08-10 10:08:02,Normal,104,3,107,1137634,57124,4396770,61615,797.5517398598132,49,50,8,0,8,97,2,0,10,0,96
2011-08-10 10:08:03,Normal,111,0,111,991188,17486,4211038,51321,599.9667525855857,42,64,5,0,13,96,2,0,17,2,92
2011-08-10 10:08:04,Normal,87,0,87,1036651,16586,3023582,62960,980.6444426781609,49,31,7,0,4,81,2,0,7,1,79
2011-08-10 10:08:05,Normal,110,0,110,950413,18547,3330673,21665,801.3573886909093,46,51,13,0,16,93,1,0,17,0,93
2011-08-10 10:08:06,Normal,103,0,103,767109,20043,3518673,18497,601.8743894368931,30,67,6,0,23,79,1,0,23,1,79
2011-08-10 10:08:07,Normal,139,0,139,1434172,4370,4577810,55390,636.7286365611511,64,66,9,0,25,108,6,0,33,6,100
2011-08-10 10:08:08,Normal,155,0,155,1049735,19454,6108882,56964,399.0232430451612,43,100,12,0,20,130,5,0,24,1,130
2011-08-10 10:08:09,Normal,193,0,193,1213171,22373,4893891,6994,432.3541661761658,44,138,11,0,76,109,8,0,84,2,106
2011-08-10 10:08:10,Normal,88,0,88,797176,4384,3081241,55915,587.3884192727272,33,48,7,0,9,74,5,0,11,2,75
2011-08-10 10:08:11,Normal,110,3,113,877910,18101,3902962,1485,717.5664910707964,44,59,10,0,7,102,4,0,12,1,100
2011-08-10 10:08:12,Normal,100,6,106,1076514,5227,3408233,18904,532.054508245283,42,56,8,0,14,86,6,0,13,3,90
2011-08-10 10:08:13,Normal,117,0,117,1043562,45885,3883699,14133,643.4943142307693,50,59,8,0,23,90,4,0,24,2,91
2011-08-10 10:08:14,Normal,94,0,94,1124124,15446,3143751,37109,919.087662723404,47,37,10,0,8,82,4,0,11,1,82
2011-08-10 10:08:15,Normal,97,3,100,769627,3411,3628285,8,676.38903435,43,52,5,0,5,94,1,0,6,1,93
2011-08-10 10:08:16,Normal,102,0,102,1095669,3345,3582765,55224,845.3898354117645,45,46,11,0,8,92,2,0,13,3,86
2011-08-10 10:08:17,Normal,107,0,107,1222422,16177,3540666,5853,731.3667074392523,49,44,14,0,7,99,1,0,4,2,99
2011-08-10 10:08:18,Normal,110,0,110,948582,9872,3850996,44280,688.4885954454545,48,54,8,0,11,99,0,0,10,4,96
2011-08-10 10:08:19,Normal,120,0,120,1241699,16823,4157071,64182,715.9895561083334,44,66,10,0,10,106,2,2,8,3,106
2011-08-10 10:08:20,Normal,114,0,114,828207,16096,4081068,12985,620.0954035087718,32,74,8,0,15,97,2,0,20,1,93
2011-08-10 10:08:21,Normal,137,0,137,826062,20406,3335671,53908,481.73298386861313,39,89,9,0,47,81,8,1,57,0,79
2011-08-10 10:08:22,Normal,99,19,118,744598,4444,4498124,42998,471.61323854237287,41,67,10,0,12,97,8,1,23,1,93
2011-08-10 10:08:23,Normal,123,0,123,857616,11087,4518749,3830,604.099732796748,38,72,13,0,19,102,2,0,22,0,101
2011-08-10 10:08:24,Normal,126,0,126,1216699,17631,4523256,53097,761.843867206349,51,64,11,0,15,105,6,0,20,1,104
2011-08-10 10:08:25,Normal,103,0,103,702765,18931,3706333,62527,687.7193326504855,37,57,9,0,14,86,3,0,16,0,87
2011-08-10 10:08:26,Normal,83,0,83,962950,2310,3017277,54387,981.4203783373497,39,33,11,0,6,75,2,0,6,2,74
2011-08-10 10:08:27,Normal,91,0,91,628730,4097,3124394,49245,479.3683278131868,35,51,5,0,7,81,3,0,18,0,73
2011-08-10 10:08:28,Normal,92,0,92,1106997,22734,2648440,14134,1309.8978070978262,44,40,8,0,14,76,2,0,15,1,75
2011-08-10 10:08:29,Normal,98,0,98,958211,16528,3194750,16120,719.6472271734693,36,48,14,0,10,88,0,0,11,0,86
2011-08-10 10:08:30,Normal,116,0,116,1195351,16411,3778457,4104,810.7736718448276,50,59,7,0,8,104,4,0,8,4,104
2011-08-10 10:08:31,Normal,120,0,120,1046005,17473,4536797,18816,578.3594091416667,56,52,12,0,3,116,1,0,12,3,105
2011-08-10 10:08:32,Normal,108,3,111,1219815,16654,3890618,13884,703.7858434324323,47,57,7,0,14,94,3,0,5,1,104
2011-08-10 10:08:33,Normal,128,0,128,1407217,16674,4644917,63204,465.19766092187496,53,67,8,0,17,110,1,0,17,2,109
2011-08-10 10:08:34,Normal,112,0,112,1098592,17539,3459596,40590,439.7247486875,45,58,9,0,9,85,18,0,31,3,78
2011-08-10 10:08:35,Normal,127,0,127,560055,7879,3840566,2074,301.0446402677165,35,88,4,0,12,83,32,0,47,1,79
2011-08-10 10:08:36,Normal,134,0,134,1152078,38915,4785669,61963,560.6184965820896,42,86,6,0,12,104,18,0,19,2,112
2011-08-10 10:08:37,Normal,113,3,116,1091863,17834,3433450,60068,634.8411628793102,47,61,8,0,13,97,6,0,20,3,93
2011-08-10 10:08:38,Normal,86,0,86,763509,2542,3333867,1048,658.8134814418605,32,42,12,0,9,75,2,0,11,2,73
2011-08-10 10:08:39,Normal,100,0,100,973876,4321,3441317,60732,564.01552798,45,45,10,0,7,91,2,0,10,1,87
2011-08-10 10:08:40,Normal,104,0,104,1057755,18323,3443529,34303,748.6605158173078,46,54,4,0,7,89,8,0,13,1,90
2011-08-10 10:08:41,Normal,142,0,142,1504138,18525,4761558,1990,540.0229820915494,36,94,12,0,20,112,10,0,16,0,126
2011-08-10 10:08:42,Normal,115,3,118,960563,17539,4993424,29908,564.3110044576272,36,71,11,0,13,100,5,0,15,0,102
2011-08-10 10:08:43,Normal,124,0,124,1042265,6799,4424835,50229,616.4687323790323,46,69,9,0,11,107,6,0,18,2,103
2011-08-10 10:08:44,Normal,102,0,102,1023249,16967,3317172,53944,637.4222363137254,52,44,6,0,9,91,2,0,16,1,84
2011-08-10 10:08:45,Normal,103,3,106,856729,4857,3538701,1235,668.1512707075469,48,50,8,0,7,96,3,0,15,1,90
2011-08-10 10:08:46,Normal,113,0,113,1260004,17134,4422191,61148,837.9567526725664,39,64,10,0,16,95,2,0,9,0,104
2011-08-10 10:08:47,Normal,119,0,119,919955,18291,3287845,17482,611.499071252101,43,73,3,0,37,82,0,0,33,1,85
2011-08-10 10:08:48,Normal,132,0,132,921101,20642,5395796,27569,340.05626193939395,48,77,7,0,24,103,5,0,26,2,104
2011-08-10 10:08:49,Normal,109,0,109,888892,3745,4423622,57633,779.3291453944955,52,46,11,0,5,104,0,0,11,0,98
2011-08-10 10:08:50,Normal,102,0,102,857346,4481,3464295,49841,601.4843557058823,44,55,3,0,7,93,2,0,15,2,85
2011-08-10 10:08:51,Normal,137,0,137,1783364,18865,4443120,27430,716.7075104452555,55,69,13,0,14,119,4,0,20,2,114
2011-08-10 10:08:52,Normal,97,3,100,948508,3667,3465030,49257,779.22380488,40,53,7,0,11,83,6,0,16,0,84
2011-08-10 10:08:53,Normal,127,0,127,998383,21336,4408477,5985,549.2960742519684,31,85,11,0,13,107,7,0,24,1,101
2011-08-10 10:08:54,Normal,103,0,103,1061762,18031,3665089,59277,578.766676291262,49,45,9,0,5,89,9,0,16,1,86
2011-08-10 10:08:55,Normal,158,0,158,926081,7784,6134780,58599,609.7329592151899,50,95,13,0,31,123,4,0,37,1,120
2011-08-10 10:08:56,Normal,147,0,147,1885625,18932,5070065,15064,704.2909805374148,53,81,13,0,23,123,1,0,11,3,132
2011-08-10 10:08:57,Normal,150,0,150,1271935,49407,6061661,60217,742.0963207199999,51,92,7,0,35,106,9,0,39,2,108
2011-08-10 10:08:58,Normal,93,0,93,1065278,47230,2986106,13363,945.1129585053764,48,38,7,0,10,82,1,0,9,0,83
2011-08-10 10:08:59,Normal,237,0,237,1247482,10529,11257158,60271,297.77308282278483,44,188,5,0,17,217,3,0,11,0,224
2011-08-10 10:09:00,Normal,122,0,122,1071756,17327,4419479,9855,609.7493275081966,38,69,15,0,3,115,4,0,10,1,110
2011-08-10 10:09:01,Normal,129,0,129,1037185,18323,4505642,10805,511.9510980465117,47,76,6,0,11,117,1,0,10,2,117
2011-08-10 10:09:02,Normal,93,3,96,765652,17518,3485340,24427,524.2319955416666,41,43,12,0,3,90,3,0,10,1,83
2011-08-10 10:09:03,Normal,94,2,96,906247,3191,3506304,47039,707.3195931875001,48,41,7,0,4,91,1,0,6,2,88
2011-08-10 10:09:04,Normal,102,0,102,1013068,16352,3424745,65789,578.301141745098,44,47,11,0,11,84,7,0,14,4,84
2011-08-10 10:09:05,Normal,107,0,107,891274,16983,4238102,20639,538.8754342523366,32,66,9,0,14,92,1,0,15,1,91
2011-08-10 10:09:06,Normal,108,0,108,671947,21354,3774572,26072,445.6730186296296,35,67,6,0,5,97,6,0,22,2,84
2011-08-10 10:09:07,Normal,113,0,113,1294508,17339,3846129,54713,830.9200899292035,50,57,6,0,10,98,5,0,10,3,100
2011-08-10 10:09:08,Normal,92,0,92,1112411,16305,3113163,10716,758.8345963478262,45,42,5,0,8,82,2,0,11,1,79
2011-08-10 10:09:09,Normal,136,0,136,1386399,18408,5377497,2826,688.6157720588235,45,84,7,0,19,115,2,0,14,1,121
2011-08-10 10:09:10,Normal,129,0,129,791052,18593,3730725,24658,495.8464308837209,36,84,9,0,30,92,7,0,42,0,87
2011-08-10 10:09:11,Normal,75,0,75,1109741,2285,2323193,31926,1077.0681523733333,34,33,8,0,14,58,3,0,7,1,65
2011-08-10 10:09:12,Normal,98,3,101,1080597,15752,3988432,52990,605.0241533168316,38,60,3,0,15,80,6,0,12,0,89
2011-08-10 10:09:13,Normal,92,0,92,1057661,16083,2981792,55193,567.2265222391304,45,40,7,0,11,77,4,0,13,3,75
2011-08-10 10:09:14,Normal,86,0,86,999456,14867,2660450,51315,712.4430741744185,38,37,11,0,10,74,2,0,7,0,79
2011-08-10 10:09:15,Normal,129,3,132,1537153,3743,4055091,53522,828.6927671515151,46,77,9,0,17,109,6,0,8,2,122
2011-08-10 10:09:16,Normal,117,0,117,1394528,17711,3170259,38661,707.7440186666668,37,71,9,0,20,88,9,0,15,5,97
2011-08-10 10:09:17,Normal,141,0,141,1565336,18231,4917286,11309,800.9946501843971,52,81,8,0,21,116,4,0,15,2,124
2011-08-10 10:09:18,Normal,127,0,127,1030240,17445,4185995,16917,416.2122768503938,36,79,12,0,18,105,4,0,20,0,107
2011-08-10 10:09:19,Normal,120,0,120,1149501,17200,3692393,6668,433.285640425,40,69,11,0,19,96,3,2,20,1,96
2011-08-10 10:09:20,Normal,117,0,117,1165023,4655,4063111,44407,663.2738104700854,36,70,11,0,10,103,3,1,7,2,107
2011-08-10 10:09:21,Normal,185,0,185,2113635,5720,4855077,6242,496.79322253513516,57,114,14,0,35,139,10,1,27,5,151
2011-08-10 10:09:22,Normal,104,5,109,909676,17669,3759755,61265,688.5166669816514,42,60,7,0,18,87,4,0,18,1,89
2011-08-10 10:09:23,Normal,124,0,124,1047981,16650,4534800,4300,467.7314485322581,40,69,15,0,17,105,2,0,18,2,104
2011-08-10 10:09:24,Normal,194,0,194,1155436,21887,5766119,55957,415.9947745979381,46,142,6,0,28,162,4,0,30,3,160
2011-08-10 10:09:25,Normal,111,0,111,967722,18847,3363243,29833,599.5946871531531,26,73,12,0,25,80,6,0,25,0,85
2011-08-10 10:09:26,Normal,116,0,116,1114640,14844,4349785,14905,675.2974737586206,52,54,10,0,13,102,1,0,14,2,100
2011-08-10 10:09:27,Normal,144,0,144,1003856,20343,5836638,4197,350.8298981805556,44,94,6,0,5,131,8,0,13,2,129
2011-08-10 10:09:28,Normal,155,0,155,959321,7609,6200202,47958,314.0810621225806,48,97,10,0,10,140,4,1,17,1,136
2011-08-10 10:09:29,Normal,113,0,113,970385,17197,4339858,39859,477.77636081415926,36,65,12,0,18,93,2,0,20,0,92
2011-08-10 10:09:30,Normal,118,0,118,1512082,36009,4714815,64620,532.4919458305085,36,72,10,0,22,87,9,0,26,5,87
2011-08-10 10:09:31,Normal,137,0,137,1870992,17864,4682749,61768,581.5784032481752,61,68,8,0,21,113,3,0,13,5,119
2011-08-10 10:09:32,Normal,126,3,129,1076946,18659,4863889,12389,643.7162242403101,49,76,4,0,9,116,4,0,12,2,115
2011-08-10 10:09:33,Normal,107,0,107,994878,3872,3462202,58072,481.7609953831776,48,50,9,0,11,95,1,0,13,5,88
2011-08-10 10:09:34,Normal,91,3,94,1068930,2739,3146893,49958,780.501797531915,34,46,14,0,12,80,2,0,10,2,81
2011-08-10 10:09:35,Normal,80,0,80,716588,16674,3063426,30403,736.82401435,35,38,7,0,4,74,2,0,8,1,71
2011-08-10 10:09:36,Normal,104,0,104,950530,16809,3887102,3827,449.1326751346154,41,51,12,0,7,91,6,0,15,2,87
2011-08-10 10:09:37,Normal,116,0,116,1444028,15380,3653283,3972,894.990615560345,44,61,11,0,11,100,5,0,8,0,108
2011-08-10 10:09:38,Normal,123,0,123,1154861,3690,4571286,3059,785.3103780731707,59,54,10,0,9,109,5,0,13,1,108
2011-08-10 10:09:39,Normal,93,0,93,704642,3465,3049080,2291,660.8692799784947,39,46,8,0,10,74,9,0,23,0,70
2011-08-10 10:09:40,Normal,121,0,121,1565396,16301,3985646,14120,793.5639175867768,40,69,12,0,16,101,4,0,12,6,102
2011-08-10 10:09:41,Normal,140,0,140,1137317,7023,4225232,4348,663.2046618642858,50,76,14,0,37,97,6,0,45,4,90
2011-08-10 10:09:42,Normal,133,3,136,1311028,4842,5137408,4687,507.0110539926471,48,76,12,0,15,116,5,0,20,2,113
2011-08-10 10:09:43,Normal,83,0,83,1047767,15779,3163038,59442,876.1715191445783,36,37,10,0,7,74,2,0,5,0,78
2011-08-10 10:09:44,Normal,104,0,104,941006,10281,3878827,39927,581.601482048077,48,51,5,0,12,91,1,0,14,0,90
2011-08-10 10:09:45,Normal,115,3,118,1408991,16942,3698471,50029,758.4014781779659,57,47,14,0,9,107,2,0,15,2,101
2011-08-10 10:09:46,Normal,92,0,92,916573,3775,3471656,33171,538.044005923913,48,41,3,0,8,84,0,0,7,2,83
2011-08-10 10:09:47,Normal,129,4,133,1261853,18267,4222859,58387,564.2455393233083,54,68,11,0,12,118,3,0,13,2,118
2011-08-10 10:09:48,Normal,111,2,113,895887,4504,4443417,3983,692.1758842300885,40,60,13,0,7,106,0,0,9,0,104
2011-08-10 10:09:49,Normal,77,0,77,743753,18182,2863254,50671,862.3504299220779,40,32,5,0,5,66,6,0,10,0,67
2011-08-10 10:09:50,Normal,95,0,95,878182,5818,3724536,36378,486.7937192736843,42,44,9,0,8,79,8,0,17,2,76
2011-08-10 10:09:51,Normal,82,0,82,920757,4688,2775352,7018,966.7067164390244,39,34,9,0,6,74,1,1,9,0,73
2011-08-10 10:09:52,Normal,114,4,118,1531967,16680,3900442,49568,614.6884346355934,38,69,11,0,20,93,5,0,8,1,109
2011-08-10 10:09:53,Normal,82,0,82,853628,15312,3014427,52384,586.1358634390243,51,21,10,0,1,80,1,0,6,0,75
2011-08-10 10:09:54,Normal,98,0,98,977098,54573,3449831,14134,908.505706622449,50,41,7,0,5,91,2,0,8,1,89
2011-08-10 10:09:55,Normal,104,0,104,1340986,16018,3659464,48406,769.3159164326923,51,46,7,0,6,93,5,0,4,0,100
2011-08-10 10:09:56,Normal,114,0,114,1659600,4198,3815381,39950,830.7319234298246,48,58,8,0,25,85,4,0,11,0,103
2011-08-10 10:09:57,Normal,102,0,102,732052,8544,3575750,15007,693.2106443039214,39,55,8,0,3,95,4,0,10,0,91
2011-08-10 10:09:58,Normal,111,0,111,1046646,3811,3807588,55395,623.815088027027,48,57,6,0,19,88,4,0,22,4,85
2011-08-10 10:09:59,Normal,129,0,129,1278108,8859,4282129,15015,767.851456620155,62,58,9,0,9,113,7,0,14,1,113
2011-08-10 10:10:00,Normal,146,0,146,1198153,5092,3824103,66134,709.1621980136986,55,74,17,0,38,101,7,0,43,1,102
2011-08-10 10:10:01,Normal,167,0,167,1275982,6452,6604477,39007,387.0274108922156,48,104,15,0,9,155,3,0,11,3,153
2011-08-10 10:10:02,Normal,132,3,135,927516,5955,5023227,58783,493.66562866666675,54,74,7,0,3,131,1,0,9,0,124
2011-08-10 10:10:03,Normal,143,0,143,1119536,4371,5902707,41154,510.58830001398604,50,86,7,0,7,134,2,0,9,1,133
2011-08-10 10:10:04,Normal,92,1,93,985090,2256,3203844,36162,916.4741091612902,51,34,8,0,7,85,1,0,5,0,88
2011-08-10 10:10:05,Normal,395,0,395,1036552,18728,16996448,52776,224.56956184303797,45,344,6,0,12,371,12,0,19,1,375
2011-08-10 10:10:06,Normal,247,0,247,1161458,9486,10183520,37489,329.59009414979766,58,180,9,0,14,229,4,0,19,2,225
2011-08-10 10:10:07,Normal,103,0,103,934496,2381,3789799,56430,720.8728075631068,46,51,6,0,11,88,4,0,13,0,90
2011-08-10 10:10:08,Normal,120,0,120,755065,17177,4886548,57558,581.2481102833334,39,70,11,0,3,117,0,0,10,0,109
2011-08-10 10:10:09,Normal,113,0,113,1242764,3318,4345505,7112,539.576194699115,38,65,10,0,14,96,3,0,17,4,92
2011-08-10 10:10:10,Normal,111,0,111,1378870,58198,3861729,13371,754.9841711981984,48,52,11,0,11,92,8,0,9,1,100
2011-08-10 10:10:11,Normal,91,0,91,1106548,14653,2839968,58584,801.2163669010987,47,36,8,0,5,82,4,0,7,4,80
2011-08-10 10:10:12,Normal,93,3,96,1183590,2842,3543335,36044,796.6969487291667,46,42,8,0,12,80,4,0,7,2,87
2011-08-10 10:10:13,Normal,123,0,123,1362194,11324,4348407,2071,684.9270945447155,45,61,17,0,9,109,5,0,10,6,107
2011-08-10 10:10:14,Normal,111,0,111,1018373,8404,3991802,61337,693.0025351081081,51,50,10,0,10,100,1,0,15,2,93
2011-08-10 10:10:15,Normal,154,5,159,1717920,7769,5972727,46513,630.0388894842768,49,105,5,0,29,118,12,0,33,1,125
2011-08-10 10:10:16,Normal,248,0,248,1578193,16667,10244112,16100,356.5196510483871,48,194,6,0,39,200,9,0,39,3,206
2011-08-10 10:10:17,Normal,124,0,124,1555867,5671,4099108,56658,902.4294485483871,41,78,5,0,26,93,4,1,15,1,108
2011-08-10 10:10:18,Normal,115,0,115,1356583,16689,4119986,5358,506.12928996521737,41,67,7,0,13,97,5,0,7,3,105
2011-08-10 10:10:19,Normal,111,0,111,1074110,17938,3870077,28078,610.9419045585586,42,61,8,0,8,99,3,1,7,2,101
2011-08-10 10:10:20,Normal,98,0,98,1057435,2172,3260048,56120,879.2045022755101,48,41,9,0,8,88,1,1,12,0,85
2011-08-10 10:10:21,Normal,109,0,109,995440,18321,3900557,43155,540.451885587156,46,50,13,0,17,88,3,1,28,3,77
2011-08-10 10:10:22,Normal,117,3,120,1167162,10545,4367607,7651,721.3834025333333,52,55,13,0,8,108,3,1,12,1,106
2011-08-10 10:10:23,Normal,113,0,113,1490871,14661,3281709,36230,890.8272141858408,49,56,8,0,17,93,3,0,7,0,106
2011-08-10 10:10:24,Normal,150,0,150,2118597,43222,4664276,15164,933.5666802666666,57,87,6,0,32,106,12,0,5,3,141
2011-08-10 10:10:25,Normal,161,0,161,1929799,18557,5710509,29182,762.3258150683229,51,103,7,0,23,127,11,0,9,1,151
2011-08-10 10:10:26,Normal,518,0,518,974639,38853,23164529,30355,149.33520461196912,46,466,6,0,8,507,3,0,6,0,512
2011-08-10 10:10:27,Normal,78,0,78,798596,3000,3033758,52401,677.3758272307692,26,43,9,0,11,66,1,0,6,0,72
2011-08-10 10:10:28,Normal,135,0,135,1603521,18285,4469883,44562,552.322464311111,53,76,6,0,21,110,3,1,17,1,115
2011-08-10 10:10:29,Normal,164,0,164,728561,20468,7166043,61181,344.9257358170732,32,123,9,0,4,159,1,0,24,1,138
2011-08-10 10:10:30,Normal,507,0,507,1194634,37213,22465262,4944,189.4683105719921,53,447,7,0,14,487,6,0,19,2,486
2011-08-10 10:10:31,Normal,127,0,127,1177945,17383,4763022,27506,610.3438991653544,48,73,6,0,13,106,8,0,16,2,109
2011-08-10 10:10:32,Normal,170,3,173,1046111,8104,7439016,47552,398.30272275144506,36,126,11,0,35,128,10,0,42,2,129
2011-08-10 10:10:33,Normal,140,0,140,1153078,6489,5507953,67197,451.70962707142854,44,88,8,0,23,115,2,0,18,3,119
2011-08-10 10:10:34,Normal,108,0,108,971625,2433,4265732,43763,590.7910104814815,51,48,9,0,9,98,1,0,11,0,97
2011-08-10 10:10:35,Normal,91,0,91,898742,15947,3407692,55780,432.24248565934073,38,41,12,0,5,82,4,0,9,2,80
2011-08-10 10:10:36,Normal,210,0,210,1395509,8699,8625580,51519,291.7543538333333,36,165,9,0,18,183,9,0,7,0,203
2011-08-10 10:10:37,Normal,171,0,171,788360,20225,7537232,57959,326.61622951461993,39,124,8,0,7,162,2,0,11,0,159
2011-08-10 10:10:38,Normal,116,0,116,1226568,18395,3778680,25543,569.1111746896553,45,63,8,0,22,91,3,0,25,2,89
2011-08-10 10:10:39,Normal,113,0,113,1337396,3522,3824332,45866,811.1991417168142,46,60,7,0,12,98,3,0,8,2,102
2011-08-10 10:10:40,Normal,123,0,123,1186922,17813,3495410,47521,444.73515512195127,46,72,5,0,31,87,5,0,35,2,85
2011-08-10 10:10:41,Normal,220,0,220,1313291,10384,9550490,43237,253.24172174999998,45,169,6,0,16,178,26,0,44,1,174
2011-08-10 10:10:42,Normal,171,3,174,1835375,21561,6387200,12403,354.7962540287356,57,113,4,0,29,141,4,0,28,3,143
2011-08-10 10:10:43,Normal,123,0,123,1105555,17339,3999352,50354,615.446669414634,36,77,10,0,13,102,8,0,20,2,101
2011-08-10 10:10:44,Normal,104,0,104,1169147,16292,3631861,54408,591.5824135384615,37,54,13,0,5,95,4,0,11,1,92
2011-08-10 10:10:45,Normal,117,3,120,1398894,4762,4135237,62904,649.3171909583333,46,60,14,0,16,98,6,0,20,2,98
2011-08-10 10:10:46,Normal,138,0,138,1006623,18672,4477589,66129,524.4591260434782,42,86,10,0,27,107,4,0,34,3,101
2011-08-10 10:10:47,Normal,108,0,108,932338,3877,4286271,37866,629.3863359537037,49,52,7,0,4,97,7,0,9,2,97
2011-08-10 10:10:48,Normal,142,0,142,746543,21252,6314334,42404,423.9894781901408,35,102,5,0,44,95,3,0,47,1,94
2011-08-10 10:10:49,Normal,118,0,118,1134182,4034,4820935,53206,566.582642220339,43,65,10,0,10,106,2,0,10,0,107
2011-08-10 10:10:50,Normal,114,0,114,1087453,16637,4292212,18775,609.4848866315789,43,59,12,0,12,101,1,0,14,0,100
2011-08-10 10:10:51,Normal,117,0,117,1188043,16978,4170095,63503,726.7275778974358,56,49,12,0,10,105,2,0,12,2,103
2011-08-10 10:10:52,Normal,138,3,141,1424091,18404,4426268,44497,532.6414771914893,33,102,6,0,42,96,3,0,36,0,105
2011-08-10 10:10:53,Normal,120,0,120,1069776,11521,4170374,44114,619.7920685916667,45,63,12,0,17,100,3,0,20,2,98
2011-08-10 10:10:54,Normal,124,0,124,1124539,17723,4736021,25486,581.3659113145162,58,57,9,0,23,101,0,0,23,2,99
2011-08-10 10:10:55,Normal,512,0,512,829409,38666,22791238,8384,132.82124463085938,34,467,11,0,3,505,4,0,13,1,498
2011-08-10 10:10:56,Normal,82,0,82,771480,16283,3136526,43148,597.534266097561,37,36,9,0,3,78,1,0,8,0,74
2011-08-10 10:10:57,Normal,110,0,110,1078353,4612,4017628,10951,980.487170172727,46,55,9,0,15,93,2,0,11,0,99
2011-08-10 10:10:58,Normal,95,0,95,990322,16469,3115924,43621,613.3156066210527,40,48,7,0,13,80,2,0,6,0,89
2011-08-10 10:10:59,Normal,227,0,227,1309112,9466,10658340,55316,306.7597664052863,43,174,10,0,13,212,2,0,7,0,220
2011-08-10 10:11:00,Normal,120,0,120,1045310,3566,4546661,47659,515.5986525333333,55,63,2,0,8,110,2,0,12,1,107
2011-08-10 10:11:01,Normal,90,0,90,786778,3427,3469117,49338,615.4840359666666,40,42,8,0,4,82,4,0,10,0,80
2011-08-10 10:11:02,Normal,135,3,138,1082007,19271,4653730,2377,673.0692024130435,40,87,11,0,22,111,5,0,20,0,118
2011-08-10 10:11:03,Normal,155,0,155,1594882,20258,4494180,43577,598.2667045096774,35,108,11,0,36,110,8,0,28,2,124
2011-08-10 10:11:04,Normal,99,0,99,983838,16333,2910422,47024,651.8314057272727,35,57,7,0,13,74,12,0,21,0,77
2011-08-10 10:11:05,Normal,127,0,127,1014372,18435,4204232,3751,462.00073286614173,35,86,6,0,14,104,9,0,25,1,100
2011-08-10 10:11:06,Normal,125,0,125,722624,18847,4796190,30634,447.2440608,36,82,7,0,4,118,3,0,11,0,114
2011-08-10 10:11:07,Normal,98,0,98,855453,17284,3234330,31324,533.4757726734695,32,57,9,0,10,86,2,0,13,0,85
2011-08-10 10:11:08,Normal,112,0,112,1427671,16914,4357812,26098,870.9786056250001,50,55,7,0,15,92,5,0,11,2,99
2011-08-10 10:11:09,Normal,173,0,173,919002,7946,6327432,46151,342.1268388034682,52,115,6,0,30,140,3,0,43,0,127
2011-08-10 10:11:10,Normal,123,0,123,907171,17239,5280728,5165,535.8304308048779,42,73,8,0,7,113,3,0,8,1,114
2011-08-10 10:11:11,Normal,104,0,104,1231341,14698,3310038,43806,671.9246706538462,40,51,13,0,11,88,5,0,10,1,93
2011-08-10 10:11:12,Normal,104,3,107,817256,6011,4318537,55536,462.41689500000007,40,60,7,0,6,92,9,0,15,1,91
2011-08-10 10:11:13,Normal,94,0,94,872250,15929,3666567,27572,613.4798871489361,44,45,5,0,3,86,5,0,9,1,84
2011-08-10 10:11:14,Normal,94,0,94,1168324,16543,3107252,29652,715.9432918510639,47,40,7,0,8,80,6,0,12,1,81
2011-08-10 10:11:15,Normal,103,0,103,804290,5926,3883779,4103,567.2845781553398,42,54,7,0,6,96,0,1,9,0,94
2011-08-10 10:11:16,Normal,116,3,119,797038,18760,4632427,48971,657.3879218907563,35,77,7,0,19,90,10,0,32,0,87
2011-08-10 10:11:17,Normal,173,0,173,1000574,7959,6970655,37786,335.328655716763,50,115,8,0,13,145,15,0,30,1,142
2011-08-10 10:11:18,Normal,527,0,527,1070600,26519,23874274,47006,132.17543637001896,50,471,6,0,16,508,3,0,14,1,512
2011-08-10 10:11:19,Normal,105,0,105,1118220,17095,3614858,48736,601.712769495238,45,53,7,0,7,94,2,2,6,1,96
2011-08-10 10:11:20,Normal,88,0,88,1031100,15588,3003574,29464,562.6460323181818,41,41,6,0,6,81,1,0,6,1,81
2011-08-10 10:11:21,Normal,125,0,125,1473044,17755,4016555,2499,613.265857112,47,67,11,0,23,98,3,1,10,1,113
2011-08-10 10:11:22,Normal,93,3,96,970636,38734,3634904,14905,697.5978848125,41,49,6,0,6,87,3,0,9,2,85
2011-08-10 10:11:23,Normal,115,0,115,992224,3932,4222914,37572,501.14952379130426,50,56,9,0,8,105,2,0,14,2,99
2011-08-10 10:11:24,Normal,82,0,82,817345,16035,2803530,19459,966.3046254634147,44,30,8,0,7,73,1,1,8,1,72
2011-08-10 10:11:25,Normal,112,0,112,763501,18494,4554948,57999,312.8441726428572,43,62,7,0,3,106,3,0,6,1,105
2011-08-10 10:11:26,Normal,68,0,68,816719,13999,2362022,45065,1021.5009725441176,46,17,5,0,0,68,0,0,2,0,66
2011-08-10 10:11:27,Normal,94,0,94,839491,16212,3300162,13231,697.5800425000001,41,46,7,0,7,85,1,1,8,0,85
2011-08-10 10:11:28,Normal,153,0,153,1301653,18618,6146491,17869,543.2128716928104,59,78,16,0,11,140,2,0,13,0,140
2011-08-10 10:11:29,Normal,122,0,122,898835,7203,3475718,22832,452.2121945655737,43,65,14,0,31,90,1,0,30,0,92
2011-08-10 10:11:30,Normal,124,0,124,1290043,11349,4154016,13371,802.3053060161292,42,71,11,0,23,100,1,0,10,1,113
2011-08-10 10:11:31,Normal,99,0,99,814020,10892,3873340,14134,671.7958517171717,32,56,11,0,10,84,5,0,11,1,87
2011-08-10 10:11:32,Normal,105,3,108,1113217,16381,3885341,52071,568.6992467499999,40,61,7,0,15,88,5,0,12,1,95
2011-08-10 10:11:33,Normal,112,0,112,1141621,15930,3881860,19845,785.5250156428572,46,54,12,0,10,98,4,0,16,0,96
2011-08-10 10:11:34,Normal,142,0,142,1136324,5310,5635994,53013,482.5539879225351,38,87,17,0,31,106,5,0,38,2,102
2011-08-10 10:11:35,Normal,145,2,147,1447863,23040,4334171,16543,585.0968366530611,45,96,6,0,47,93,7,0,42,0,105
2011-08-10 10:11:36,Normal,114,0,114,953816,4401,4217518,42446,475.46804242105264,49,59,6,0,11,97,6,0,19,0,95
2011-08-10 10:11:37,Normal,120,0,120,655591,18562,4743691,20357,450.32844564166663,35,81,4,0,3,115,2,0,4,0,116
2011-08-10 10:11:38,Normal,124,0,124,1059650,5625,4353857,57030,501.8111033467742,41,73,10,0,24,97,3,0,30,3,91
2011-08-10 10:11:39,Normal,498,0,498,791946,36950,22305578,42371,100.46198082128514,40,448,9,0,7,489,1,0,8,1,488
2011-08-10 10:11:40,Normal,115,0,115,1169259,17241,4206218,8262,706.9184849826088,38,64,13,0,16,97,2,0,16,2,97
2011-08-10 10:11:41,Normal,139,0,139,1100433,4954,5098220,48373,472.0013870359713,51,77,11,0,20,114,5,0,28,1,110
2011-08-10 10:11:42,Normal,95,3,98,879835,3544,3527830,53967,710.0090309591837,32,57,9,0,19,75,4,0,22,2,74
2011-08-10 10:11:43,Normal,122,0,122,1133623,17400,4492609,5341,541.5716870819673,55,61,6,0,17,102,3,0,17,2,103
2011-08-10 10:11:44,Normal,145,0,145,738408,19887,5484289,58549,425.7661491999999,44,94,7,0,16,118,11,0,29,1,115
2011-08-10 10:11:45,Normal,103,0,103,842657,17660,3803685,54599,411.41918093203884,45,50,8,0,3,93,7,0,17,2,83
2011-08-10 10:11:46,Normal,91,3,94,802753,16010,3410707,57270,537.2532771276594,35,52,7,0,7,85,2,0,9,1,83
2011-08-10 10:11:47,Normal,116,0,116,1276477,6831,4180312,2460,590.6694378793104,45,61,10,0,18,96,2,0,21,2,93
2011-08-10 10:11:48,Normal,101,0,101,1253259,4032,3215763,5812,793.0534075940594,47,38,16,0,15,86,0,0,11,3,87
2011-08-10 10:11:49,Normal,122,0,122,981496,5453,4342638,37258,392.72868952459015,47,69,6,0,8,112,2,0,14,0,107
2011-08-10 10:11:50,Normal,128,0,128,1508714,16263,3643934,19191,795.060772421875,42,74,12,0,38,89,1,0,24,0,104
2011-08-10 10:11:51,Normal,126,0,126,1235516,4815,4774021,60213,653.7429036904762,48,67,11,0,14,110,2,0,12,0,114
2011-08-10 10:11:52,Normal,118,3,121,795843,17816,4361722,10794,518.9055931983471,35,80,6,0,19,97,5,0,23,3,94
2011-08-10 10:11:53,Normal,85,0,85,823265,15854,2862667,33393,758.8169828941177,39,39,7,0,14,71,0,0,17,1,67
2011-08-10 10:11:54,Normal,505,0,505,1026662,37802,22619906,31417,131.9574493782178,49,446,10,0,6,499,0,0,7,0,498
2011-08-10 10:11:55,Normal,71,0,71,701895,14663,2536874,43710,696.9306345774647,37,28,6,0,5,66,0,0,4,1,66
2011-08-10 10:11:56,Normal,111,0,111,1203913,3064,3794752,43967,773.8893713063061,50,52,9,0,8,102,1,0,8,1,102
2011-08-10 10:11:57,Normal,111,0,111,1023132,17223,3845607,11183,629.9808417837838,61,42,8,0,13,97,0,1,15,0,96
2011-08-10 10:11:58,Normal,108,0,108,1001096,17302,3960258,63675,773.8989437407406,52,47,9,0,9,98,1,0,9,0,98
2011-08-10 10:11:59,Normal,95,0,95,1016007,56432,3050259,14134,505.7594687473684,44,44,7,0,9,85,1,0,10,1,84
2011-08-10 10:12:00,Normal,85,0,85,955752,15506,3002530,54363,451.35235017647045,37,41,7,0,9,73,3,0,9,2,74
2011-08-10 10:12:01,Normal,119,0,119,974999,5441,4730658,36572,541.6345546470587,39,73,7,0,12,101,6,0,20,1,98
2011-08-10 10:12:02,Normal,194,3,197,1239388,10222,8387377,53817,365.26133082233497,50,141,6,0,38,155,4,0,40,1,156
2011-08-10 10:12:03,Normal,134,0,134,772199,18307,4912819,34859,524.3034194179104,34,95,5,0,25,106,3,0,28,0,106
2011-08-10 10:12:04,Normal,128,0,128,1164732,4927,4549517,62957,499.50396755468745,41,79,8,0,7,115,6,0,11,2,114
2011-08-10 10:12:05,Normal,102,0,102,1094050,15452,3515515,39344,618.8152664607843,45,45,12,0,12,88,2,0,16,0,85
2011-08-10 10:12:06,Normal,125,0,125,1171007,19519,4532598,13870,393.013227856,45,74,6,0,15,105,5,0,22,2,101
2011-08-10 10:12:07,Normal,101,0,101,1149618,3710,3703539,54398,691.1639113960397,33,57,11,0,13,86,2,0,12,2,87
2011-08-10 10:12:08,Normal,85,0,85,774784,17741,3079011,60757,461.6053847647059,39,37,9,0,4,81,0,0,14,1,70
2011-08-10 10:12:09,Normal,100,0,100,1245620,4117,3488570,44197,868.1082619099999,50,45,5,0,10,87,3,0,9,2,89
2011-08-10 10:12:10,Normal,89,0,89,985936,16462,3165232,37008,590.4770113932584,41,38,10,0,7,82,0,0,11,1,77
2011-08-10 10:12:11,Normal,96,0,96,997396,3399,3347225,46937,675.23734275,36,50,10,0,2,89,5,0,10,0,86
2011-08-10 10:12:12,Normal,114,3,117,1077010,17314,3941833,4265,492.8592458888889,37,77,3,0,23,91,3,0,17,4,95
2011-08-10 10:12:13,Normal,97,0,97,765974,17957,3612815,34924,623.7567550515463,45,46,6,0,4,90,3,0,10,0,87
2011-08-10 10:12:14,Normal,120,1,121,1051063,37533,3480899,14134,496.80697632231403,36,68,17,0,34,82,5,0,35,2,84
2011-08-10 10:12:15,Normal,220,0,220,1282666,61673,8780643,37688,401.17952873181815,54,154,12,0,42,144,34,0,79,2,139
2011-08-10 10:12:16,Normal,125,3,128,936224,18744,4735119,35667,439.28281264843747,44,80,4,0,28,91,9,0,37,1,89
2011-08-10 10:12:17,Normal,133,0,133,1161682,65233,4896129,54326,595.5456923157894,50,70,13,0,13,119,1,0,17,0,116
2011-08-10 10:12:18,Normal,90,0,90,739194,3801,3261290,1949,487.4212857,30,48,12,0,8,81,1,0,16,0,74
2011-08-10 10:12:19,Normal,100,0,100,1009109,15795,3797795,18662,577.2982614399999,47,47,6,0,9,89,1,1,10,1,88
2011-08-10 10:12:20,Normal,90,0,90,1028691,16101,3177444,11355,757.0787438666666,44,34,12,0,8,78,2,2,10,2,76
2011-08-10 10:12:21,Normal,146,0,146,1018810,19350,6292253,52280,482.20802453424653,47,90,9,0,5,138,3,0,9,0,137
2011-08-10 10:12:22,Normal,156,3,159,1062688,6631,6670312,50127,286.21457749056606,44,103,12,0,11,143,4,1,17,0,141
2011-08-10 10:12:23,Normal,101,0,101,1159165,16099,3898793,7416,874.9484061089111,52,38,11,0,7,90,4,0,14,1,86
2011-08-10 10:12:24,Normal,116,0,116,1314919,3844,4076924,52132,585.0998297758622,59,50,7,0,11,100,5,0,19,2,95
2011-08-10 10:12:25,Normal,107,1,108,979825,17812,3869409,12638,507.20338942592605,37,63,8,0,8,96,4,0,6,2,99
2011-08-10 10:12:26,Normal,103,0,103,1095122,3275,3953678,45018,456.7492865436894,36,58,9,0,11,87,4,1,13,2,87
2011-08-10 10:12:27,Normal,128,0,128,1271193,4421,4057316,51865,678.1711815937499,44,77,7,0,24,98,6,0,28,0,100
2011-08-10 10:12:28,Normal,132,0,132,1443077,4200,3897388,37668,702.6582164848485,48,72,12,0,18,113,1,0,14,3,115
2011-08-10 10:12:29,Normal,109,0,109,1036721,52106,3730190,13363,742.3614949908259,43,58,8,0,16,90,3,0,18,0,91
2011-08-10 10:12:30,Normal,120,0,120,995220,18407,4049477,23880,640.8042814833333,36,70,14,0,22,90,8,0,34,0,86
2011-08-10 10:12:31,Normal,100,0,100,1167971,3808,3173804,1831,779.0459554500002,38,55,7,0,18,77,5,0,14,0,86
2011-08-10 10:12:32,Normal,108,3,111,942509,3548,4007636,33056,501.9457375945946,39,66,6,0,10,96,5,0,15,0,96
2011-08-10 10:12:33,Normal,111,0,111,1121551,18589,3753956,49332,588.8974363603604,35,66,10,0,13,93,5,0,16,0,95
2011-08-10 10:12:34,Normal,102,0,102,992960,17988,3708036,49182,760.3643844411764,40,51,11,0,10,88,4,0,15,0,87
2011-08-10 10:12:35,Normal,98,0,98,776534,16248,3331443,53636,633.2384193571429,42,46,10,0,9,88,1,0,11,0,87
2011-08-10 10:12:36,Normal,106,0,106,906366,40248,4163089,13182,519.7610990377358,39,62,5,0,13,88,5,0,14,3,88
2011-08-10 10:12:37,Normal,121,0,121,978473,18150,4553517,11815,574.8849832809917,45,66,10,0,6,113,2,0,9,2,109
2011-08-10 10:12:38,Normal,92,0,92,832519,16028,3128133,56472,630.3169201195651,38,46,8,0,5,83,4,0,8,2,82
2011-08-10 10:12:39,Normal,113,0,113,1084070,16666,3795567,49823,512.1628765840708,48,57,8,0,14,97,2,0,19,3,91
2011-08-10 10:12:40,Normal,97,0,97,1099772,15491,3108677,1711,936.6318036804123,43,47,7,0,17,78,2,0,19,2,75
2011-08-10 10:12:41,Normal,125,0,125,1365551,3426,4461455,61585,723.025058792,52,60,13,0,17,104,4,0,16,1,108
2011-08-10 10:12:42,Normal,133,3,136,938254,18528,4276285,25459,582.5436549117647,49,81,6,0,26,109,1,0,27,0,109
2011-08-10 10:12:43,Normal,102,0,102,1194368,16605,3972461,32162,877.7481328823528,49,44,9,0,6,88,8,0,15,1,86
2011-08-10 10:12:44,Normal,113,0,113,1034874,5651,3842069,58151,795.0147696106194,53,54,6,0,11,97,5,0,17,0,96
2011-08-10 10:12:45,Normal,98,0,98,1138637,1796,3034581,5497,722.8152860714284,44,42,12,0,11,86,1,0,8,2,88
2011-08-10 10:12:46,Normal,175,3,178,1417285,6526,6669384,41563,469.38835139887647,50,119,9,0,28,142,8,0,32,2,144
2011-08-10 10:12:47,Normal,117,0,117,1161359,16228,4521121,24951,445.93556096581193,36,70,11,0,14,100,3,0,8,3,106
2011-08-10 10:12:48,Normal,155,0,155,957459,20202,6517804,42961,464.26638032258063,39,107,9,0,14,138,3,0,17,3,135
2011-08-10 10:12:49,Normal,136,0,136,906337,6405,5876050,51742,504.16320111029415,37,91,8,0,7,127,2,0,8,4,124
2011-08-10 10:12:50,Normal,134,0,134,848981,18268,5665024,50184,397.9917472985075,40,84,10,0,11,116,7,0,18,5,110
2011-08-10 10:12:51,Normal,535,0,535,1080128,26746,23892420,58797,150.34258978878506,46,480,9,0,18,511,6,0,26,4,505
2011-08-10 10:12:52,Normal,121,3,124,988735,19273,5160943,63702,362.6191193709677,42,72,10,0,18,101,5,0,26,1,97
2011-08-10 10:12:53,Normal,118,0,118,909275,4641,4565163,51091,364.1985810084747,44,62,12,0,9,106,3,0,17,2,99
2011-08-10 10:12:54,Normal,126,0,126,992263,3587,5280445,51859,480.2261212619047,50,70,6,0,10,110,5,1,20,2,103
2011-08-10 10:12:55,Normal,123,0,123,1027719,21588,4929491,25009,575.1866582439025,42,72,9,0,9,104,10,0,21,0,102
2011-08-10 10:12:56,Normal,108,2,110,957972,4239,4252325,58116,642.2087602999999,48,56,6,0,6,102,2,0,12,0,98
2011-08-10 10:12:57,Normal,120,0,120,980323,6825,4512123,50254,589.861876875,37,72,11,0,11,106,3,0,13,0,107
2011-08-10 10:12:58,Normal,100,0,100,1000418,11237,3668701,52184,537.4919152500001,49,42,9,0,6,92,2,0,10,2,87
2011-08-10 10:12:59,Normal,135,0,135,1235919,6109,4859776,44811,709.9110244518519,53,77,5,0,21,113,1,0,17,3,115
2011-08-10 10:13:00,Normal,204,0,204,738352,22599,10072967,46076,221.9924495735294,28,168,8,0,4,198,2,0,5,4,195
2011-08-10 10:13:01,Normal,166,0,166,1165424,21240,6989904,12199,467.2254044156627,47,111,8,0,23,134,9,0,29,1,136
2011-08-10 10:13:02,Normal,105,3,108,913140,20494,3843861,58642,465.80163875925933,41,57,10,0,12,93,3,0,15,2,91
2011-08-10 10:13:03,Normal,120,0,120,1257544,4487,4360385,39717,610.0140434916667,45,65,10,0,12,105,3,0,14,2,104
2011-08-10 10:13:04,Normal,150,0,150,1709622,18370,5274235,16686,621.6531755999999,46,96,8,0,34,107,9,0,26,4,120
2011-08-10 10:13:05,Normal,166,0,166,1170613,20754,6727882,23010,551.3541305843374,50,106,10,0,43,120,3,0,46,1,119
2011-08-10 10:13:06,Normal,136,0,136,1333925,18326,5308760,41113,414.3675363014705,39,91,6,0,14,119,3,0,13,4,119
2011-08-10 10:13:07,Normal,134,0,134,1102005,4952,5209813,50784,654.9322442462687,44,82,8,0,27,104,3,0,26,3,105
2011-08-10 10:13:08,Normal,133,0,133,726911,19191,5303075,10265,490.32685929323316,37,94,2,0,8,122,3,0,14,1,118
2011-08-10 10:13:09,Normal,139,16,155,1405690,5109,5795538,59386,399.6684909806452,50,94,11,0,20,121,14,0,29,1,124
2011-08-10 10:13:10,Normal,83,0,83,843295,15867,2945081,55459,640.0475309759036,33,43,7,0,8,74,1,0,7,1,75
2011-08-10 10:13:11,Normal,96,3,99,1074640,39530,3234859,14134,646.7859220808081,40,48,11,0,8,83,8,0,11,1,87
2011-08-10 10:13:12,Normal,108,6,114,1564167,17642,3994447,61077,808.6531733070175,49,54,11,0,24,85,5,0,20,0,94
2011-08-10 10:13:13,Normal,111,0,111,913426,18178,4429410,36319,572.4470539009009,40,64,7,0,8,100,3,0,5,1,105
2011-08-10 10:13:14,Normal,79,0,79,555478,16395,3258292,57642,386.5501975316456,29,46,4,0,3,75,1,0,8,0,70
2011-08-10 10:13:15,Normal,118,0,118,1067672,16618,4587293,66300,649.3124594322036,52,58,8,0,6,108,4,0,6,1,110
2011-08-10 10:13:16,Normal,90,3,93,794118,16506,3475643,13053,435.5919704731182,39,49,5,0,9,81,3,0,13,1,79
2011-08-10 10:13:17,Normal,122,0,122,1052912,4127,5173324,37322,579.9409203278688,54,63,5,0,16,105,1,0,23,2,97
2011-08-10 10:13:18,Normal,155,0,155,1045801,20376,6853819,19725,282.5219904580645,35,108,12,0,32,118,5,0,39,4,112
2011-08-10 10:13:19,Normal,88,0,88,773152,16104,3327965,35473,337.7272509318182,35,45,8,0,3,84,0,1,8,1,77
2011-08-10 10:13:20,Normal,99,0,99,1122853,48274,3218902,13947,687.8074886262627,41,49,9,0,8,83,6,2,13,4,80
2011-08-10 10:13:21,Normal,113,0,113,1187270,15808,4142649,54743,506.08998256637165,37,63,13,0,10,100,3,0,13,3,97
2011-08-10 10:13:22,Normal,99,3,102,1158793,4082,3406339,64680,490.72272777450985,35,57,10,0,14,83,4,1,13,5,83
2011-08-10 10:13:23,Normal,129,0,129,1775967,39563,3670181,14392,705.734695503876,47,73,9,0,32,93,4,0,18,3,108
2011-08-10 10:13:24,Normal,101,0,101,950835,16861,3514279,29019,759.1602629207919,40,49,12,0,14,86,1,0,14,1,86
2011-08-10 10:13:25,Normal,98,0,98,1456399,3544,3178932,19558,937.9327825408163,48,41,9,0,12,83,3,0,14,2,82
2011-08-10 10:13:26,Normal,102,0,102,1371617,16229,3315236,58409,700.0834401078432,39,51,12,0,13,83,6,0,5,3,94
2011-08-10 10:13:27,Normal,123,0,123,1429981,21103,4063256,54037,709.5504585040651,50,61,12,0,14,100,8,1,16,1,105
2011-08-10 10:13:28,Normal,114,0,114,1030356,3662,4306155,4143,678.9274095701755,53,52,9,0,5,108,1,0,8,1,105
2011-08-10 10:13:29,Normal,104,0,104,1406871,16554,2904582,13495,624.7924914903846,48,44,12,0,22,80,2,0,17,3,84
2011-08-10 10:13:30,Normal,101,0,101,1284756,15893,3693929,17017,851.5905014653465,41,48,12,0,7,88,6,0,4,4,93
2011-08-10 10:13:31,Normal,111,0,111,1072853,10668,3238783,2057,771.679660297297,51,53,7,0,23,82,6,0,31,0,79
2011-08-10 10:13:32,Normal,114,3,117,1067342,17321,4054865,13902,616.5398207094019,44,58,15,0,7,104,6,0,16,1,100
2011-08-10 10:13:33,Normal,99,0,99,1235293,15649,3327148,59944,589.7009886060606,36,54,9,0,18,81,0,0,8,3,86
2011-08-10 10:13:34,Normal,142,0,142,1479779,18652,4504503,12244,410.31117219014084,38,95,9,0,33,101,8,0,28,5,109
2011-08-10 10:13:35,Normal,169,0,169,1099527,18928,6709352,32257,467.30521077514794,53,109,7,0,11,151,7,0,19,2,147
2011-08-10 10:13:36,Normal,198,0,198,1252751,7728,8073564,44247,367.75310498989904,50,140,8,0,11,184,3,0,8,1,189
2011-08-10 10:13:37,Normal,126,0,126,1629453,8149,4245645,7372,641.6575943015872,47,68,11,0,18,104,4,0,7,4,115
2011-08-10 10:13:38,Normal,92,0,92,1011518,15266,3151359,58465,751.2072115217392,43,42,7,0,9,81,2,0,5,2,85
2011-08-10 10:13:39,Normal,78,0,78,697461,16472,2682355,18612,662.4225048717947,34,39,5,0,4,73,1,0,7,2,69
2011-08-10 10:13:40,Normal,105,0,105,1012633,58246,3661797,13363,663.4820764952381,49,48,8,0,6,97,2,0,12,0,93
2011-08-10 10:13:41,Normal,101,0,101,1046286,16000,3398129,12657,711.5899374455445,49,38,14,0,5,95,1,0,7,2,92
2011-08-10 10:13:42,Normal,121,3,124,851319,11747,5341038,35049,436.2768017258064,29,87,8,0,34,87,3,0,37,0,87
2011-08-10 10:13:43,Normal,148,0,148,1054315,7775,6192160,41482,385.2279823918919,50,93,5,0,31,115,2,0,40,1,107
2011-08-10 10:13:44,Normal,111,0,111,899349,3389,4435295,51133,463.29883537837844,45,59,7,0,5,97,9,0,11,1,99
2011-08-10 10:13:45,Normal,136,0,136,1281506,19268,4872895,32446,600.4983298161765,47,87,2,0,23,108,5,0,21,2,113
2011-08-10 10:13:46,Normal,119,3,122,1129919,17773,4362610,51317,531.2007657049181,47,67,8,0,17,102,3,0,15,0,107
2011-08-10 10:13:47,Normal,120,0,120,2295387,61146,3369148,6203,980.4437094749999,52,64,4,0,35,80,5,0,9,2,109
2011-08-10 10:13:48,Normal,102,0,102,872085,18722,3659724,17421,578.8901790784314,41,54,7,0,11,87,4,0,10,3,89
2011-08-10 10:13:49,Normal,124,0,124,950820,18737,4705573,23195,428.52609883064514,49,71,4,0,9,111,4,0,9,1,113
2011-08-10 10:13:50,Normal,106,0,106,1098284,4285,3529967,50051,654.9939282169811,39,56,11,0,13,89,4,0,12,1,93
2011-08-10 10:13:51,Normal,177,0,177,1312114,8211,7028291,53936,598.5046821864406,51,121,5,0,44,116,17,0,58,0,119
2011-08-10 10:13:52,Normal,138,3,141,1450162,62512,5044967,62350,591.9643662978724,44,82,15,0,17,115,9,0,16,2,123
2011-08-10 10:13:53,Normal,111,0,111,927177,4933,4057188,36272,470.56810337837834,29,71,11,0,12,90,9,0,12,1,98
2011-08-10 10:13:54,Normal,495,0,495,902628,37360,22461328,9386,125.00982916161617,42,445,8,0,4,487,4,0,11,1,483
2011-08-10 10:13:55,Normal,129,0,129,1504728,4046,4811948,60772,564.8006034108527,41,80,8,0,23,99,7,0,15,1,112
2011-08-10 10:13:56,Normal,120,0,120,1332751,16334,4381769,44429,662.8366421166667,32,78,10,0,20,96,4,0,9,3,108
2011-08-10 10:13:57,Normal,444,0,444,1912350,33101,18201989,19193,305.03896615990993,52,374,18,0,32,402,10,0,22,3,419
2011-08-10 10:13:58,Normal,212,2,214,1200536,8130,8970355,36789,397.05759616355147,41,159,14,0,9,204,1,0,8,2,203
2011-08-10 10:13:59,Normal,155,0,155,1088096,64661,6395237,13374,462.7045965935484,49,94,12,0,10,142,3,0,14,3,138
2011-08-10 10:14:00,Normal,112,0,112,912350,17158,4260202,48721,636.4441330714286,43,58,11,0,15,84,13,0,28,1,83
2011-08-10 10:14:01,Normal,122,0,122,955838,5331,5107778,12655,516.1837164262296,42,72,8,0,8,113,1,0,15,0,107
2011-08-10 10:14:02,Normal,100,3,103,1057392,17931,3896276,26353,662.1976912427186,49,48,6,0,5,92,6,0,9,1,93
2011-08-10 10:14:03,Normal,103,0,103,1116546,17231,3660019,4238,437.432837,39,60,4,0,13,86,4,0,14,2,87
2011-08-10 10:14:04,Normal,119,0,119,991731,16937,4395803,13123,583.7505410336134,42,69,8,0,5,113,1,0,6,1,112
2011-08-10 10:14:05,Normal,509,0,509,739458,38919,23042258,1658,95.93752076424363,37,466,6,0,9,496,4,0,19,1,488
2011-08-10 10:14:06,Normal,92,0,92,954554,9494,3061320,44191,778.0354671739129,37,45,10,0,7,81,4,0,12,3,77
2011-08-10 10:14:07,Normal,150,0,150,1152172,18845,5531878,22179,489.857201,49,91,10,0,19,129,2,0,24,4,122
2011-08-10 10:14:08,Normal,123,0,123,920149,63508,4821108,4167,534.9419036747968,40,74,9,0,6,115,2,0,15,1,107
2011-08-10 10:14:09,Normal,119,0,119,935952,17490,4258384,13175,510.2643958907562,48,66,5,0,6,105,8,0,19,2,98
2011-08-10 10:14:10,Normal,147,0,147,1766394,17701,5432874,55398,515.8716637074831,49,91,7,0,20,122,5,0,18,3,125
2011-08-10 10:14:11,Normal,149,0,149,1511728,18515,5441233,4766,727.3832139127518,47,94,8,0,21,122,6,0,17,2,130
2011-08-10 10:14:12,Normal,106,3,109,1001992,2797,4098579,54497,465.8706940550459,56,41,12,0,3,102,2,2,3,1,105
2011-08-10 10:14:13,Normal,73,0,73,850591,1692,2470885,50379,646.2670735342466,35,32,6,0,5,68,0,0,5,1,67
2011-08-10 10:14:14,Normal,124,0,124,813557,3911,4039602,55141,466.89231766129024,43,72,9,0,15,92,17,0,31,1,92
2011-08-10 10:14:15,Normal,126,0,126,965845,5480,4491394,43388,474.1372548968254,42,76,8,0,9,115,2,0,11,0,115
2011-08-10 10:14:16,Normal,83,3,86,1376182,15913,2405229,30583,650.7380801046511,36,46,4,0,7,73,6,0,12,0,74
2011-08-10 10:14:17,Normal,99,0,99,998715,17152,3364521,59793,603.0858933636364,43,47,9,0,11,87,1,0,7,1,91
2011-08-10 10:14:18,Normal,90,0,90,1071253,14769,3257557,56880,634.7902940777778,47,34,9,0,2,84,4,0,3,1,86
2011-08-10 10:14:19,Normal,130,0,130,1121612,4521,5085418,51773,453.19477506923073,45,78,7,0,14,111,4,1,14,3,111
2011-08-10 10:14:20,Normal,101,0,101,1051257,9943,3106314,7652,633.3334728910891,41,48,12,0,13,86,2,0,14,3,84
2011-08-10 10:14:21,Normal,125,0,125,1448030,17376,4424009,42896,691.603113,48,67,10,0,17,105,2,1,12,1,111
2011-08-10 10:14:22,Normal,526,3,529,1425133,48926,23376569,13361,124.90807172022686,51,466,12,0,15,510,1,3,10,0,517
2011-08-10 10:14:23,Normal,523,17,540,1970064,38671,23220489,55458,268.53872523703706,49,481,10,0,33,499,8,0,14,2,524
2011-08-10 10:14:24,Normal,97,140,237,838171,10934,9996973,48675,305.13453974683546,45,184,8,0,10,209,18,0,31,1,205
2011-08-10 10:14:25,Normal,109,0,109,1117378,17418,3900438,65316,452.5509960733945,41,59,9,0,11,95,3,0,12,2,95
2011-08-10 10:14:26,Normal,79,0,79,848552,5025,2956565,1622,739.7218539620253,39,35,5,0,3,75,1,0,4,2,73
2011-08-10 10:14:27,Normal,105,0,105,834138,3018,3723638,50398,696.275418552381,43,52,10,0,5,97,3,0,10,0,94
2011-08-10 10:14:28,Normal,96,0,96,1107051,2975,3092172,38139,758.4008247395833,35,50,11,0,9,83,4,0,9,1,86
2011-08-10 10:14:29,Normal,116,0,116,1717869,15274,3621265,17375,823.800877,49,60,7,0,19,92,5,0,11,3,102
2011-08-10 10:14:30,Normal,129,0,129,1165895,10578,4837590,52577,472.95297687596894,36,81,12,0,31,94,4,0,28,3,98
2011-08-10 10:14:31,Normal,143,0,143,1056008,19732,5478677,18390,365.0698016923078,44,93,6,0,19,114,10,0,25,2,116
2011-08-10 10:14:32,Normal,169,3,172,984064,22687,7013461,55959,275.91801477325583,35,132,5,0,46,113,13,0,50,2,120
2011-08-10 10:14:33,Normal,148,0,148,1262775,18357,5650827,4217,523.6172439324324,55,82,11,0,9,138,1,0,7,2,139
2011-08-10 10:14:34,Normal,134,6,140,1191393,5415,5404854,62127,580.0535927428571,37,95,8,0,15,122,3,0,12,2,126
2011-08-10 10:14:35,Normal,115,4,119,977856,17947,4561083,61835,527.8923719663866,47,61,11,0,11,107,1,0,11,0,108
2011-08-10 10:14:36,Normal,149,0,149,722658,9107,5087791,38501,442.5621367114094,40,104,5,0,27,113,7,2,38,1,110
2011-08-10 10:14:37,Normal,189,0,189,942013,21968,7785274,59192,359.1641010211641,45,132,12,0,31,155,3,0,35,1,153
2011-08-10 10:14:38,Normal,154,0,154,909321,18711,6949309,40315,381.44132064935064,44,99,11,0,2,150,2,0,9,1,143
2011-08-10 10:14:39,Normal,81,0,81,1092780,15621,2470618,30107,802.2935933950617,46,29,6,0,9,70,2,0,4,2,74
2011-08-10 10:14:40,Normal,502,0,502,1031362,39169,22333709,12785,126.16478230079682,34,460,8,0,13,488,1,0,7,3,491
2011-08-10 10:14:41,Normal,78,1,79,631221,15163,2635445,44298,660.3218985822784,31,39,9,0,8,70,1,0,12,2,64
2011-08-10 10:14:42,Normal,151,3,154,1165997,19203,6709205,22829,399.8104273896104,45,102,7,0,6,144,4,0,7,4,141
2011-08-10 10:14:43,Normal,92,0,92,891740,15092,3311716,29162,516.2518492065217,43,42,7,0,4,86,2,0,5,3,84
2011-08-10 10:14:44,Normal,118,0,118,1095476,18329,3510083,32690,550.6051903898306,45,67,6,0,28,90,0,0,27,3,88
2011-08-10 10:14:45,Normal,113,0,113,799021,18398,4432330,4034,435.67083735398234,30,74,9,0,11,101,1,0,17,1,94
2011-08-10 10:14:46,Normal,98,3,101,1051301,11836,3715095,22966,715.0365872574258,45,49,7,0,15,77,9,0,15,2,84
2011-08-10 10:14:47,Normal,94,0,94,911429,2879,3186485,35286,548.9022659361701,40,44,10,0,8,86,0,0,13,0,81
2011-08-10 10:14:48,Normal,137,0,137,1100219,6444,5088101,49809,558.5658745839416,55,71,11,0,6,129,2,0,19,0,118
2011-08-10 10:14:49,Normal,126,0,126,966413,19083,3940036,19686,474.5862670238095,42,77,7,0,20,100,6,0,22,1,102
2011-08-10 10:14:50,Normal,168,0,168,1280613,8977,6694419,46389,471.5177484226191,46,108,14,0,14,146,8,0,22,1,145
2011-08-10 10:14:51,Normal,108,0,108,1316921,4243,3580531,35584,686.455453175926,33,70,5,0,23,79,6,0,18,2,88
2011-08-10 10:14:52,Normal,107,3,110,860776,16018,4076340,41690,580.0877619636364,45,55,10,0,8,99,3,0,15,0,94
2011-08-10 10:14:53,Normal,121,6,127,915833,6663,4376299,44706,635.716464047244,41,77,9,0,26,96,5,0,28,0,99
2011-08-10 10:14:54,Normal,91,0,91,1067649,14797,2811528,14462,671.4371798791209,41,42,8,0,16,74,1,0,11,1,78
2011-08-10 10:14:55,Normal,104,0,104,920221,16719,3715217,58531,803.7305319038462,46,50,8,0,11,92,1,0,12,0,92
2011-08-10 10:14:56,Normal,102,0,102,1014782,2824,3360484,48548,696.6052185588236,51,37,14,0,3,98,1,0,11,0,91
2011-08-10 10:14:57,Normal,119,0,119,1423874,17048,3893995,55704,584.9071512521008,59,48,12,0,19,99,1,0,15,1,103
2011-08-10 10:14:58,Normal,448,0,448,880939,35364,19722526,5769,141.1098544464286,38,400,10,0,8,437,3,0,11,1,436
2011-08-10 10:14:59,Normal,275,0,275,916100,11322,13071224,45355,257.97158136,49,214,12,0,12,262,1,0,16,0,258
2011-08-10 10:15:00,Normal,105,0,105,772950,33428,3829717,13443,521.9685659714287,40,50,15,0,18,86,1,0,18,0,87
2011-08-10 10:15:01,Normal,150,0,150,995534,21167,4836186,51147,374.7094858666667,46,94,10,0,23,122,5,0,28,2,120
2011-08-10 10:15:02,Normal,228,5,233,792071,14132,6906242,4524,273.3582735450644,26,199,8,0,87,137,9,0,94,1,138
2011-08-10 10:15:03,Normal,118,0,118,913893,6126,4492155,3270,673.5797457627119,50,64,4,0,10,106,2,0,11,1,104
2011-08-10 10:15:04,Normal,116,0,116,1474023,18241,3703651,49386,670.1621343103448,44,63,9,0,22,91,3,0,11,0,103
2011-08-10 10:15:05,Normal,157,0,157,1608566,5336,4731005,60104,500.8794150382165,38,109,10,0,61,96,0,0,36,6,115
2011-08-10 10:15:06,Normal,152,0,152,929816,11805,5887136,50447,365.68950423026314,44,81,27,0,38,113,1,0,54,0,98
2011-08-10 10:15:07,Normal,155,0,155,676993,20966,3914942,12126,435.4248245096775,38,109,8,0,53,92,10,0,67,0,88
2011-08-10 10:15:08,Normal,121,0,121,1415088,17702,3763570,24722,735.7062657851238,53,58,10,0,15,103,3,0,13,2,105
2011-08-10 10:15:09,Normal,159,0,159,1162261,19082,6009426,15328,454.61173698742147,47,103,9,0,18,137,4,0,18,0,140
2011-08-10 10:15:10,Normal,128,0,128,982054,6801,3906481,56889,409.526080265625,46,71,11,0,14,101,13,0,28,2,98
2011-08-10 10:15:11,Normal,125,0,125,1142949,16379,4486365,38119,593.4227298879999,52,60,13,0,9,113,3,0,9,3,112
2011-08-10 10:15:12,Normal,127,3,130,1284790,17476,4718919,31642,625.7554108769231,52,75,3,0,13,111,6,0,12,3,115
2011-08-10 10:15:13,Normal,90,0,90,1043205,1875,2940024,53048,787.4206439888889,38,41,11,0,9,80,1,0,6,1,83
2011-08-10 10:15:14,Normal,133,0,133,1556263,4048,4838503,771,866.5131245187971,53,69,11,0,16,111,6,0,18,1,114
2011-08-10 10:15:15,Normal,106,0,106,1026356,16975,3910483,64033,575.1914862924529,50,49,7,0,14,92,0,0,14,1,91
2011-08-10 10:15:16,Normal,110,3,113,1224903,4011,4043934,13844,645.2458389469027,39,68,6,0,21,88,4,0,13,1,99
2011-08-10 10:15:17,Normal,109,0,109,1063280,16796,4070728,44509,498.7569287522936,46,58,5,0,17,91,1,0,12,2,95
2011-08-10 10:15:18,Normal,364,0,364,952065,30218,15868001,27815,186.48605333791207,38,314,12,0,8,354,2,0,13,0,348
2011-08-10 10:15:19,Normal,288,0,288,767465,14567,12917427,56149,227.4494995347222,40,238,10,0,8,277,2,1,14,0,273
2011-08-10 10:15:20,Normal,99,0,99,909937,16878,3365883,28701,377.91629846464645,41,49,9,0,11,87,0,1,13,0,85
2011-08-10 10:15:21,Normal,117,0,117,705939,6028,4804332,54590,492.2929585726496,40,71,6,0,33,78,4,2,39,0,76
2011-08-10 10:15:22,Normal,134,3,137,1400901,16863,4865161,11544,571.8669072773722,46,82,9,0,28,103,6,0,17,3,117
2011-08-10 10:15:23,Normal,229,0,229,1251503,9915,9209226,41485,355.08160367685593,34,187,8,0,30,196,3,0,25,1,203
2011-08-10 10:15:24,Normal,108,0,108,1150201,18906,4042718,51441,548.5269843518518,37,61,10,0,10,91,7,0,9,1,98
2011-08-10 10:15:25,Normal,95,0,95,961838,2343,3228030,50797,585.1578190736843,40,51,4,0,11,82,2,0,4,1,90
2011-08-10 10:15:26,Normal,102,0,102,1547745,2495,3194558,41011,861.102259735294,47,44,11,0,15,87,0,0,7,2,93
2011-08-10 10:15:27,Normal,112,0,112,1101836,19074,3644499,29522,468.6220998392858,35,67,10,0,23,76,12,1,30,3,78
2011-08-10 10:15:28,Normal,273,0,273,1407876,46243,11051924,15422,249.87057306959707,42,223,8,0,27,243,3,0,25,5,242
2011-08-10 10:15:29,Normal,130,0,130,719979,4699,5117490,60309,369.21306836923077,33,92,5,0,21,108,1,0,21,2,107
2011-08-10 10:15:30,Normal,114,0,114,1145335,16592,3992272,10649,633.665105491228,35,70,9,0,13,97,3,1,10,2,102
2011-08-10 10:15:31,Normal,97,0,97,1076481,2664,3303062,41107,768.1572290206185,37,51,9,0,11,83,3,0,9,1,86
2011-08-10 10:15:32,Normal,125,3,128,1239387,5080,4274654,41711,780.6746013046875,48,72,8,0,17,107,4,0,9,1,118
2011-08-10 10:15:33,Normal,134,0,134,1250869,4064,5144320,61979,721.6450916044776,34,90,10,0,18,112,4,0,14,3,117
2011-08-10 10:15:34,Normal,520,0,520,1470576,37148,22345676,45414,207.91390929615383,51,460,9,0,21,496,3,0,2,1,517
2011-08-10 10:15:35,Normal,117,0,117,1550181,17681,3600121,7474,876.8333411880342,45,65,7,0,27,88,2,0,18,2,94
2011-08-10 10:15:36,Normal,113,0,113,1226891,4359,3365243,2633,770.5985184159292,33,66,14,0,30,83,0,0,18,0,95
2011-08-10 10:15:37,Normal,491,0,491,1191781,36725,21754246,54143,134.87780811405295,46,437,8,0,7,482,2,0,8,3,480
2011-08-10 10:15:38,Normal,147,0,147,1264363,11844,5655664,3589,429.4430332108844,37,107,3,0,10,136,1,0,5,3,138
2011-08-10 10:15:39,Normal,145,0,145,1198407,17946,5589260,53445,463.5685460068966,48,87,10,0,17,123,5,0,16,0,129
2011-08-10 10:15:40,Normal,90,0,90,1173835,2318,3134917,57073,638.540068988889,36,43,11,0,8,79,3,0,6,2,81
2011-08-10 10:15:41,Normal,116,0,116,1504008,16416,3742649,5474,649.7960634310346,52,57,7,0,11,100,5,0,9,3,103
2011-08-10 10:15:42,Normal,151,3,154,1153804,5571,6103073,37779,402.8642152857143,48,101,5,0,32,119,3,0,32,2,120
2011-08-10 10:15:43,Normal,154,0,154,1258632,5013,6096353,63718,540.2553654285715,54,89,11,0,17,132,5,0,29,2,122
2011-08-10 10:15:44,Normal,144,0,144,1231348,18861,5672988,46494,574.5206623125,41,94,9,0,15,126,3,0,16,2,126
2011-08-10 10:15:45,Normal,100,0,100,1032754,16064,3290127,34214,550.57856727,42,47,11,0,10,88,2,0,15,2,82
2011-08-10 10:15:46,Normal,113,3,116,1302985,16053,4160564,45328,693.9727336810345,52,50,14,0,7,107,2,0,8,2,105
2011-08-10 10:15:47,Normal,161,0,161,1242118,6095,6304360,47578,481.7172804037267,42,102,17,0,11,147,3,0,16,3,141
2011-08-10 10:15:48,Normal,111,0,111,1076772,4078,4455310,56810,526.2941605675676,41,58,12,0,8,100,3,0,10,2,98
2011-08-10 10:15:49,Normal,78,0,78,824561,15008,2778719,37432,827.9222042948717,30,39,9,0,4,72,2,0,4,1,73
2011-08-10 10:15:50,Normal,94,0,94,825717,17592,3571331,59116,532.6639303297873,40,46,8,0,6,86,2,0,8,1,85
2011-08-10 10:15:51,Normal,100,0,100,1056771,10313,3754698,55335,770.8441749799999,46,43,11,0,8,90,2,0,11,1,88
2011-08-10 10:15:52,Normal,104,3,107,1019064,18018,3513949,17069,463.6122888691589,34,63,10,0,10,88,9,0,12,2,92
2011-08-10 10:15:53,Normal,104,0,104,881419,16958,3615610,29530,475.5959235673077,44,48,12,0,10,91,3,0,13,1,90
2011-08-10 10:15:54,Normal,244,0,244,1098952,25166,10086018,5441,314.72083753688526,52,180,12,0,7,234,3,0,12,3,228
2011-08-10 10:15:55,Normal,378,16,394,886607,18832,17434619,37309,127.48105009390865,48,340,6,0,3,384,7,0,16,4,374
2011-08-10 10:15:56,Normal,148,0,148,1063211,18493,5760904,15663,416.8588678108108,43,97,8,0,8,133,7,0,9,1,136
2011-08-10 10:15:57,Normal,89,7,96,751369,23079,3542749,13363,617.9010881666667,37,51,8,0,6,85,5,0,17,0,79
2011-08-10 10:15:58,Normal,117,0,117,910911,17277,4098307,45718,606.2220639572649,45,62,10,0,16,101,0,0,18,1,98
2011-08-10 10:15:59,Normal,139,0,139,963963,6380,5869256,61415,513.8773428776979,52,80,7,0,8,127,4,0,11,2,126
2011-08-10 10:16:00,Normal,167,0,167,798183,21570,7113749,22130,390.567612,26,127,14,0,9,157,1,0,8,2,156
2011-08-10 10:16:01,Normal,115,0,115,944392,16807,3854527,59746,478.5433248608696,50,58,7,0,18,95,2,0,21,0,94
2011-08-10 10:16:02,Normal,112,3,115,891774,4651,4164954,33312,581.8605977043478,33,68,14,0,17,95,3,0,17,0,98
2011-08-10 10:16:03,Normal,100,0,100,891793,17893,3068198,30482,411.91255863,43,48,9,0,11,88,1,0,16,0,84
2011-08-10 10:16:04,Normal,123,2,125,1456299,4614,3897332,48918,887.6232818240001,41,71,13,0,24,94,7,0,14,1,110
2011-08-10 10:16:05,Normal,153,0,153,1346102,18654,4577021,11999,525.6501342679737,48,96,9,0,36,115,2,0,36,0,117
2011-08-10 10:16:06,Normal,137,0,137,1412699,16821,4250972,58831,697.6355896934307,70,54,13,0,13,118,6,0,27,2,108
2011-08-10 10:16:07,Normal,123,0,123,1078705,16469,4489570,26393,598.9370284227645,48,61,14,0,12,108,3,0,11,0,112
2011-08-10 10:16:08,Normal,125,0,125,1368566,5357,4473391,58294,603.651641952,51,67,7,0,18,98,9,0,13,1,111
2011-08-10 10:16:09,Normal,209,0,209,2175650,21923,5387278,65673,679.3777811913876,31,167,11,0,89,105,15,0,72,3,134
2011-08-10 10:16:10,Normal,109,0,109,1366348,16549,3666686,12855,850.221065357798,43,55,11,0,13,93,3,0,6,1,102
2011-08-10 10:16:11,Normal,119,0,119,842021,4958,4764245,56710,523.4050293613445,45,63,11,0,11,102,6,0,21,0,98
2011-08-10 10:16:12,Normal,134,3,137,1338813,19700,4707675,23973,423.5141315766423,52,81,4,0,21,100,16,0,30,2,105
2011-08-10 10:16:13,Normal,128,0,128,1535733,3320,5172018,48998,679.7355782499999,40,82,6,0,30,94,4,0,20,2,106
2011-08-10 10:16:14,Normal,150,0,150,930245,18649,6246682,60936,408.48737244000006,41,103,6,0,23,117,10,0,28,0,122
2011-08-10 10:16:15,Normal,110,0,110,903695,4054,3453738,36566,617.0036743454547,44,55,11,0,8,98,4,0,12,1,97
2011-08-10 10:16:16,Normal,107,3,110,1029704,9190,3965890,28195,749.7154840636365,50,55,5,0,8,99,3,0,10,0,100
2011-08-10 10:16:17,Normal,158,0,158,1334938,21513,5672107,37194,501.0560251835443,39,107,12,0,37,115,6,0,36,2,120
2011-08-10 10:16:18,Normal,109,0,109,846848,4158,4351547,57202,389.5191255045872,36,67,6,0,13,88,8,0,23,0,86
2011-08-10 10:16:19,Normal,159,0,159,1117955,19742,5750446,18586,560.928335981132,56,92,11,0,16,138,4,1,23,1,134
2011-08-10 10:16:20,Normal,113,0,113,1389901,57956,4018325,15683,758.865004336283,46,57,10,0,15,90,7,1,13,4,95
2011-08-10 10:16:21,Normal,125,0,125,1157960,31127,4447111,13951,651.93473272,52,64,9,0,10,108,7,0,9,1,115
2011-08-10 10:16:22,Normal,122,3,125,1266371,16885,4332477,60955,593.8429386399999,50,70,5,0,17,104,3,1,16,1,107
2011-08-10 10:16:23,Normal,144,0,144,861710,6444,5061954,4067,363.89297006944446,39,98,7,0,30,111,3,0,38,1,105
2011-08-10 10:16:24,Normal,117,0,117,1134884,16515,3435498,47621,608.2335062051282,45,61,11,0,17,99,1,0,13,0,104
2011-08-10 10:16:25,Normal,88,0,88,1029087,16195,3192635,3108,645.4809591477272,44,37,7,0,8,76,4,0,13,1,74
2011-08-10 10:16:26,Normal,121,0,121,1181959,3444,3858865,37122,785.6597967851241,41,69,11,0,10,93,17,1,25,1,94
2011-08-10 10:16:27,Normal,132,0,132,1180054,18388,4367554,42121,503.6735417121211,59,66,7,0,6,103,23,0,27,1,104
2011-08-10 10:16:28,Normal,131,0,131,1348399,18059,4843885,8246,519.9039666946566,43,78,10,0,7,122,2,0,8,2,121
2011-08-10 10:16:29,Normal,102,0,102,1223223,57133,3933971,1197,741.0225687745099,51,41,10,0,6,94,1,1,4,1,96
2011-08-10 10:16:30,Normal,85,0,85,870233,2530,3068185,54833,840.7699187411764,34,44,7,0,11,74,0,0,7,0,78
2011-08-10 10:16:31,Normal,109,0,109,1298778,12114,3643438,14134,974.2254242018349,37,61,11,0,20,87,2,0,8,1,100
2011-08-10 10:16:32,Normal,107,3,110,1045100,16539,3940215,13210,615.5861633545453,38,64,8,0,11,96,3,0,9,1,100
2011-08-10 10:16:33,Normal,97,0,97,1047846,16389,3474883,60310,740.8773526494845,44,46,7,0,8,84,5,0,8,1,88
2011-08-10 10:16:34,Normal,100,0,100,980211,15221,3285480,49906,725.80994528,45,47,8,0,7,91,2,0,12,0,88
2011-08-10 10:16:35,Normal,93,0,93,1060538,3363,3408917,40613,603.0576835806452,44,43,6,0,9,82,2,0,5,1,86
2011-08-10 10:16:36,Normal,112,0,112,1229169,15859,3870645,5770,675.2175939107144,40,59,13,0,6,103,3,0,5,2,105
2011-08-10 10:16:37,Normal,91,0,91,1053730,2107,3166929,65610,750.2197505714286,50,34,7,0,5,84,2,0,8,1,82
2011-08-10 10:16:38,Normal,91,3,94,832071,3424,3558340,58974,582.7959331914893,34,50,10,0,4,87,3,0,11,0,83
2011-08-10 10:16:39,Normal,120,0,120,1637707,16913,4013421,63848,628.429807075,55,57,8,0,14,99,7,0,11,6,103
2011-08-10 10:16:40,Normal,165,0,165,1333070,52046,6521252,50030,628.6906575090908,50,108,7,0,26,133,6,0,41,0,124
2011-08-10 10:16:41,Normal,163,0,163,1647157,16181,5844455,54369,692.6228239815952,35,123,5,0,34,115,14,0,34,3,126
2011-08-10 10:16:42,Normal,211,3,214,2763554,11095,8795079,2578,524.5780133831776,49,154,11,0,75,116,23,0,86,1,126
2011-08-10 10:16:43,Normal,176,0,176,3451538,46725,5433377,7603,574.5470190170454,49,109,18,0,49,110,15,2,26,1,149
2011-08-10 10:16:44,Normal,212,0,212,4072594,4205,7726192,59616,870.85043429717,43,152,17,0,78,116,18,0,22,4,185
2011-08-10 10:16:45,Normal,180,0,180,3135317,11423,6954487,3865,795.2970479666668,53,108,19,0,49,115,16,0,19,7,154
2011-08-10 10:16:46,Normal,107,3,110,1063069,16816,3892716,41425,461.16491431818196,48,55,7,0,10,99,1,0,11,2,97
2011-08-10 10:16:47,Normal,98,0,98,1182420,15764,3116936,11662,760.1937736938777,41,46,11,0,10,86,2,0,12,3,82
2011-08-10 10:16:48,Normal,116,0,116,1272857,17489,4091705,27652,681.3841512413792,42,64,10,0,11,103,2,0,9,3,104
2011-08-10 10:16:49,Normal,123,0,123,1707611,3941,3629909,53469,660.7091770081302,55,57,11,0,17,96,8,2,11,2,110
2011-08-10 10:16:50,Normal,100,0,100,964926,15592,3721393,54256,724.2444771599999,40,48,12,0,4,92,4,0,8,2,90
2011-08-10 10:16:51,Normal,127,0,127,2022489,3532,5257571,4664,550.1773857716536,42,78,7,0,26,94,7,0,12,1,113
2011-08-10 10:16:52,Normal,102,3,105,1329057,44672,3753499,14214,739.585783257143,46,50,9,0,16,87,2,0,5,1,98
2011-08-10 10:16:53,Normal,131,0,131,1485116,18761,4765061,26277,629.9734480152671,29,89,13,0,22,106,3,0,11,3,117
2011-08-10 10:16:54,Normal,140,0,140,1958799,4074,4345209,2800,707.1340363571429,34,94,12,0,30,108,2,0,15,1,124
2011-08-10 10:16:55,Normal,127,0,127,1689959,3146,4359242,499,792.8354894566928,43,70,14,0,21,104,2,0,4,1,122
2011-08-10 10:16:56,Normal,161,0,161,925769,7589,6674824,39015,342.3712814782608,33,120,8,0,16,110,35,0,56,1,104
2011-08-10 10:16:57,Normal,164,0,164,1292066,5903,6675570,40571,523.1623694207317,43,112,9,0,20,138,6,0,23,0,141
2011-08-10 10:16:58,Normal,100,0,100,1246773,15529,3702880,34114,623.04088936,42,50,8,0,10,89,1,0,3,2,94
2011-08-10 10:16:59,Normal,192,0,192,1628629,20027,8513506,64019,455.75934602083333,48,139,5,0,20,170,2,0,7,5,179
2011-08-10 10:17:00,Normal,133,0,133,1066840,5120,5777976,58132,293.9706325338346,40,85,8,0,9,121,1,2,6,1,126
2011-08-10 10:17:01,Normal,123,0,123,1503580,18989,4745277,36781,601.9799787560976,44,68,11,0,17,101,3,2,13,3,106
2011-08-10 10:17:02,Normal,166,3,169,2236112,6825,5678804,4657,456.42235424260355,54,105,10,0,35,116,18,0,22,4,143
2011-08-10 10:17:03,Normal,115,0,115,1354480,16719,4408711,49494,640.9087331478262,43,64,8,0,17,95,3,0,5,1,109
2011-08-10 10:17:04,Normal,118,0,118,1588144,17785,4298306,9872,519.9453192118644,37,71,10,0,26,89,3,0,14,1,102
2011-08-10 10:17:05,Normal,115,0,115,1954048,14554,4274072,35892,781.3812293565217,43,67,5,0,26,83,6,0,4,4,107
2011-08-10 10:17:06,Normal,183,0,183,1324654,7720,8420536,41547,184.10957828961753,38,133,12,0,20,160,3,0,14,4,164
2011-08-10 10:17:07,Normal,120,0,120,1331318,16903,4372203,45677,353.07369270833334,46,72,2,0,22,96,2,0,9,2,109
2011-08-10 10:17:08,Normal,128,2,130,1225274,5126,4648066,6616,368.79324429230763,28,91,11,0,29,98,3,0,25,4,101
2011-08-10 10:17:09,Normal,109,0,109,1453050,16401,3721500,8855,566.5993099541284,38,64,7,0,22,84,3,0,14,2,93
2011-08-10 10:17:10,Normal,122,0,122,1562896,3257,4221446,58720,479.20616177049175,32,79,11,0,27,91,4,0,16,5,101
2011-08-10 10:17:11,Normal,110,0,110,1295535,15512,3989645,7275,724.2162913272728,45,54,11,0,13,95,2,0,7,1,102
2011-08-10 10:17:12,Normal,111,3,114,1524161,16371,4423613,34001,533.3635343421053,41,64,9,0,16,92,6,0,5,0,109
2011-08-10 10:17:13,Normal,122,0,122,1548243,15768,4355204,54183,554.0861278852459,51,59,12,0,13,107,2,0,4,2,116
2011-08-10 10:17:14,Normal,95,0,95,1171846,16028,3097724,53475,546.8724703368422,41,50,4,0,20,73,2,0,11,1,83
2011-08-10 10:17:15,Normal,73,0,73,810352,2628,2460052,45237,613.836093260274,28,36,9,0,9,63,1,0,4,0,69
2011-08-10 10:17:16,Normal,110,3,113,1298517,4648,4085202,46990,617.339705,36,67,10,0,17,89,7,0,12,2,99
2011-08-10 10:17:17,Normal,88,0,88,1406110,2081,3413781,51519,728.0412601931818,38,42,8,0,16,69,3,0,8,0,80
2011-08-10 10:17:18,Normal,123,0,123,1095673,17884,4966508,33732,555.784687504065,34,80,9,0,11,109,3,0,8,0,115
2011-08-10 10:17:19,Normal,97,0,97,1063789,16052,3369541,9125,561.6676596494846,37,52,8,0,9,79,7,2,9,3,83
2011-08-10 10:17:20,Normal,171,0,171,1280619,20739,7338343,51265,325.53235356725145,46,118,7,0,27,107,35,2,54,5,110
2011-08-10 10:17:21,Normal,148,0,148,1202378,17756,6567964,57372,484.92842593243245,44,94,10,0,11,132,5,0,7,4,137
2011-08-10 10:17:22,Normal,102,3,105,1212687,17873,4045611,38180,483.49507092380946,34,62,9,0,23,74,8,0,23,0,82
2011-08-10 10:17:23,Normal,122,0,122,1175890,17629,4527813,25497,658.1910630245902,45,60,17,0,10,109,2,1,4,3,113
2011-08-10 10:17:24,Normal,105,0,105,1259360,3197,4022095,58168,699.6894304190477,33,66,6,0,16,86,3,0,11,1,93
2011-08-10 10:17:25,Normal,89,0,89,1114293,2398,3239157,59094,497.4952145617977,40,43,6,0,10,77,2,0,7,1,81
2011-08-10 10:17:26,Normal,103,0,103,1259709,3604,4036400,38621,708.0421617572817,43,50,10,0,9,87,7,0,10,1,92
2011-08-10 10:17:27,Normal,104,0,104,1185144,3728,4007593,51670,735.0277331442309,53,40,11,0,5,91,8,0,8,2,94
2011-08-10 10:17:28,Normal,97,0,97,926786,19298,3117085,33777,358.1985400103093,36,57,4,0,14,70,13,0,21,2,74
2011-08-10 10:17:29,Normal,108,0,108,1354804,15981,3828322,8085,496.83463052777773,36,64,8,0,14,90,4,0,8,1,99
2011-08-10 10:17:30,Normal,113,0,113,1320023,16426,4140065,28276,534.4035536637168,47,59,7,0,7,95,11,0,9,2,101
2011-08-10 10:17:31,Normal,124,0,124,1150947,18776,5361058,18221,582.5089611612902,38,79,7,0,13,107,4,0,14,1,109
2011-08-10 10:17:32,Normal,141,3,144,1238522,6186,5806554,44265,257.81220788194446,35,104,5,0,15,122,7,0,18,2,124
2011-08-10 10:17:33,Normal,158,0,158,1636274,19253,5856323,50459,449.11415598101274,44,100,14,0,25,123,10,0,15,4,139
2011-08-10 10:17:34,Normal,141,0,141,1246660,20164,5714297,10354,490.81856346099283,48,89,4,0,15,121,5,0,15,1,125
2011-08-10 10:17:35,Normal,150,0,150,1549275,6799,6055106,43859,431.34631630000007,37,103,10,0,26,111,13,0,20,0,130
2011-08-10 10:17:36,Normal,172,0,172,1449670,28614,7281409,60769,317.5726941569767,31,129,12,0,20,149,3,0,5,3,164
2011-08-10 10:17:37,Normal,100,0,100,1341814,16264,3833170,43360,532.1392048299999,42,50,8,0,14,82,4,0,9,1,90
2011-08-10 10:17:38,Normal,104,0,104,1004224,16436,4023014,14501,543.7665047596154,45,53,6,0,13,87,4,0,10,1,93
2011-08-10 10:17:39,Normal,112,0,112,1176788,15697,3959382,23594,420.7354344642857,38,60,14,0,10,101,1,0,8,2,102
2011-08-10 10:17:40,Normal,89,6,95,901408,6484,3386570,55005,389.3532917684211,24,64,7,0,23,71,1,0,22,1,72
2011-08-10 10:17:41,Normal,115,4,119,1284952,4763,4199702,4751,505.99773592436975,38,73,8,0,21,93,5,0,18,0,101
2011-08-10 10:17:42,Normal,210,3,213,1385163,23867,8680249,18274,392.0679716056337,44,166,3,0,45,157,11,0,50,2,160
2011-08-10 10:17:43,Normal,128,0,128,1640242,4462,4070078,5467,562.620004859375,39,80,9,0,27,95,6,0,18,1,109
2011-08-10 10:17:44,Normal,153,0,153,966447,21133,6180904,22035,429.00692561437916,41,104,8,0,43,102,8,0,51,1,101
2011-08-10 10:17:45,Normal,129,0,129,1320031,4627,5356469,35205,362.3972822093023,38,84,7,0,25,95,9,0,22,0,107
2011-08-10 10:17:46,Normal,119,3,122,1175278,4434,4319052,38008,515.3464147459016,35,72,15,0,12,106,4,0,14,3,104
2011-08-10 10:17:47,Normal,128,0,128,1587928,17818,4916458,11590,555.6213174843749,42,77,9,0,21,103,4,0,10,3,114
2011-08-10 10:17:48,Normal,126,0,126,1321046,18542,4826875,3190,522.3513630714286,46,72,8,0,16,106,4,0,17,2,107
2011-08-10 10:17:49,Normal,86,0,86,1402401,7676,2922241,7797,915.2651885232558,37,35,14,0,11,74,1,0,2,6,77
2011-08-10 10:17:50,Normal,112,0,112,1269526,17170,4346906,56869,612.5423120714286,41,64,7,0,10,100,2,0,5,6,101
2011-08-10 10:17:51,Normal,96,0,96,1179565,17375,3536835,26474,423.7397181354166,43,40,13,0,9,80,7,0,15,0,81
2011-08-10 10:17:52,Normal,113,3,116,922138,4033,4496618,56829,577.2108314310344,39,67,10,0,9,103,4,0,10,0,105
2011-08-10 10:17:53,Normal,150,0,150,1269505,5806,4703327,59703,580.0404699133334,42,98,10,0,36,102,12,0,38,3,109
2011-08-10 10:17:54,Normal,82,0,82,794723,61785,2573126,10001,554.7421450365854,42,35,5,0,2,76,4,0,7,0,75
2011-08-10 10:17:55,Normal,133,0,133,1126223,6485,5186239,55269,500.81523746616534,42,82,9,0,16,109,8,0,18,1,114
2011-08-10 10:17:56,Normal,102,0,102,1171016,18192,3408377,63250,596.4006412352941,29,57,16,0,19,76,7,0,12,4,85
2011-08-10 10:17:57,Normal,135,0,135,988125,5494,5231050,46422,208.65192377777777,37,87,11,0,22,108,5,0,23,4,108
2011-08-10 10:17:58,Normal,206,0,206,914381,23274,8764431,44012,202.47625659223306,31,164,11,0,41,160,5,0,43,4,159
2011-08-10 10:17:59,Normal,88,0,88,960423,15667,3295573,29405,674.9164229886363,38,42,8,0,2,85,1,0,4,4,79
2011-08-10 10:18:00,Normal,128,0,128,925091,18105,4826581,31231,393.09163303125,39,78,11,0,9,115,4,0,14,4,108
2011-08-10 10:18:01,Normal,141,0,141,1259319,20095,4862820,11915,550.4651693475178,53,74,14,0,22,115,4,0,26,3,111
2011-08-10 10:18:02,Normal,206,3,209,1063394,17631,6599890,4806,266.69448576076553,42,158,9,0,52,146,11,0,64,1,144
2011-08-10 10:18:03,Normal,119,0,119,1238802,4602,3530995,62591,476.8138822941176,42,68,9,0,16,93,10,0,21,4,94
2011-08-10 10:18:04,Normal,108,0,108,1623949,15273,3362753,65439,388.98175433333336,43,56,9,0,20,85,3,0,10,3,95
2011-08-10 10:18:05,Normal,142,0,142,952039,4868,4862038,44765,397.2268536549296,39,88,15,0,10,127,5,0,23,1,118
2011-08-10 10:18:06,Normal,112,1,113,1557635,16376,4059572,54256,398.59649467256634,40,70,3,0,16,91,6,0,11,4,98
2011-08-10 10:18:07,Normal,122,0,122,1069904,35452,4152389,14133,486.97063604918037,48,66,8,0,21,98,3,0,19,3,99
2011-08-10 10:18:08,Normal,125,0,125,1199207,17030,3996890,4064,503.310405528,38,83,4,0,22,95,8,0,25,4,95
2011-08-10 10:18:09,Normal,153,0,153,1616757,26524,6163111,59343,362.5210215751634,43,103,7,0,37,112,4,0,29,1,122
2011-08-10 10:18:10,Normal,177,0,177,1343214,21851,7286638,44485,261.26941301694916,32,132,13,0,71,101,5,0,80,4,93
2011-08-10 10:18:11,Normal,209,3,212,1186805,14204,8561868,3580,310.59384010849055,38,168,6,0,19,185,8,0,38,3,171
2011-08-10 10:18:12,Normal,152,8,160,1284876,13699,6220573,60789,374.22029145,41,110,9,0,42,109,9,0,46,3,111
2011-08-10 10:18:13,Normal,110,0,110,1393143,16978,4126967,55007,463.8361800181819,29,66,15,0,13,84,13,0,16,3,91
2011-08-10 10:18:14,Normal,113,0,113,1662339,57216,3860523,61272,500.8029222035399,28,80,5,0,24,87,2,0,8,5,100
2011-08-10 10:18:15,Normal,93,0,93,1032972,3020,3387760,41760,434.1499629139786,25,62,6,0,22,69,2,0,14,1,78
2011-08-10 10:18:16,Normal,187,3,190,1802173,9174,6792602,67833,382.40817006842104,40,142,8,0,41,140,9,0,35,6,149
2011-08-10 10:18:17,Normal,143,0,143,1623837,16968,4630114,59831,447.56011393706297,46,88,9,0,27,111,5,0,29,3,111
2011-08-10 10:18:18,Normal,194,0,194,1735535,9138,8124172,50890,264.35967441237113,49,135,10,0,56,130,6,2,46,4,144
2011-08-10 10:18:19,Normal,99,0,99,1020814,16088,3454698,21288,623.0953153939394,35,57,7,0,17,76,4,2,14,3,80
2011-08-10 10:18:20,Normal,121,0,121,1565943,46787,4607351,3357,450.9523926033058,37,74,10,0,19,99,2,1,17,4,99
2011-08-10 10:18:21,Normal,153,0,153,1857483,17504,6580753,63887,495.97257101960787,40,108,5,0,32,113,8,0,17,3,133
2011-08-10 10:18:22,Normal,122,3,125,1525151,3832,4902302,34838,333.74724824000003,40,78,7,0,26,94,5,0,10,2,113
2011-08-10 10:18:23,Normal,158,0,158,1849020,5142,5282894,62049,491.93174487974676,56,96,6,0,48,106,4,0,37,3,117
2011-08-10 10:18:24,Normal,118,0,118,1481096,17153,4162685,55466,845.8724723983051,39,68,11,0,14,95,9,0,9,2,106
2011-08-10 10:18:25,Normal,125,0,125,1859612,16785,4652263,50059,475.605758984,39,77,9,0,29,92,3,1,15,2,107
2011-08-10 10:18:26,Normal,153,0,153,1820951,49338,4954168,65293,419.30930622875815,45,100,8,0,38,112,3,0,28,2,123
2011-08-10 10:18:27,Normal,175,0,175,1539000,19824,5990690,62267,375.9258609885714,41,126,8,0,17,144,14,0,20,3,152
2011-08-10 10:18:28,Normal,143,0,143,1527833,33208,5214414,15922,547.0896738671329,44,90,9,0,21,118,4,0,17,5,121
2011-08-10 10:18:29,Normal,124,0,124,1547187,2743,4441003,50486,546.1703412661291,44,68,12,0,16,101,7,0,13,4,105
2011-08-10 10:18:30,Normal,159,0,159,1498463,20207,5943751,67772,736.2166129999999,47,106,6,0,20,126,13,0,18,7,133
2011-08-10 10:18:31,Normal,200,0,200,1386581,31532,6911197,61200,288.17588390500003,37,155,8,0,55,140,5,0,54,4,142
2011-08-10 10:18:32,Normal,115,3,118,1508876,4293,4533306,61998,335.39005588983053,32,80,6,0,22,89,7,0,12,3,103
2011-08-10 10:18:33,Normal,122,0,122,1731322,2259,3920694,40560,388.5455711229507,39,74,9,0,21,97,4,0,9,4,108
2011-08-10 10:18:34,Normal,110,0,110,1596983,3068,3940841,59925,746.7683124090908,35,71,4,0,24,81,5,0,10,7,93
2011-08-10 10:18:35,Normal,125,0,125,2001471,15951,4262941,4117,742.0885936959999,43,70,12,0,29,93,3,0,12,3,110
2011-08-10 10:18:36,Normal,133,0,133,1367203,18728,4577545,43086,372.42859464661655,41,81,11,0,25,98,10,0,22,1,110
2011-08-10 10:18:37,Normal,123,0,123,1150736,17150,4652134,8049,336.56524991869924,36,79,8,0,21,102,0,0,15,4,103
2011-08-10 10:18:38,Normal,82,0,82,1224609,14770,2628393,22666,388.6514106585366,29,45,8,0,13,65,4,0,8,4,70
2011-08-10 10:18:39,Normal,133,0,133,1824543,17845,5058484,26739,572.3376830676693,38,85,10,0,27,103,3,0,16,6,111
2011-08-10 10:18:40,Normal,114,0,114,1076624,5030,3920838,38207,563.4261860350875,37,69,8,0,17,89,8,0,20,3,91
2011-08-10 10:18:41,Normal,151,0,151,1872471,17931,5396568,55989,541.1992249735099,52,92,7,0,29,117,5,0,16,1,133
2011-08-10 10:18:42,Normal,102,3,105,1238551,9293,3904341,60101,453.26782355238095,39,61,5,0,16,86,3,0,10,1,94
2011-08-10 10:18:43,Normal,130,3,133,1459961,4127,4480606,40282,660.7226096992482,40,82,11,0,33,97,3,0,20,1,112
2011-08-10 10:18:44,Normal,123,0,123,1509961,3635,3690058,54047,433.9622124390244,39,77,7,0,28,91,4,0,20,5,98
2011-08-10 10:18:45,Normal,90,0,90,1369243,54131,3054263,44629,541.3241030333334,35,47,8,0,18,69,3,0,8,2,80
2011-08-10 10:18:46,Normal,93,3,96,721671,4577,3784000,56664,387.43390003125006,35,54,7,0,7,88,1,0,12,2,82
2011-08-10 10:18:47,Normal,137,0,137,1320617,19257,4310061,12893,444.2702058540146,36,91,10,0,34,100,3,0,26,3,107
2011-08-10 10:18:48,Normal,113,0,113,1041878,18234,4032380,34472,469.8704923185841,47,57,9,0,17,95,1,0,17,1,95
2011-08-10 10:18:49,Normal,113,0,113,1487561,16452,3900007,55615,562.9898571415928,48,57,8,0,20,93,0,0,12,4,97
2011-08-10 10:18:50,Normal,134,0,134,1660315,19862,4641348,67826,398.35331797761194,38,85,11,0,8,115,11,0,19,16,99
2011-08-10 10:18:51,Normal,171,0,171,1069068,20646,7541971,29539,190.0267862748538,39,129,3,0,14,141,16,0,30,1,140
2011-08-10 10:18:52,Normal,110,3,113,1022300,5687,4215119,3710,534.3512507876106,49,58,6,0,13,92,8,0,24,2,87
2011-08-10 10:18:53,Normal,153,0,153,1558628,18292,4975769,11347,498.35798754248367,59,89,5,0,47,102,4,0,36,3,114
2011-08-10 10:18:54,Normal,143,0,143,1331669,18748,4984767,18071,335.8398939160839,46,85,12,0,22,118,3,0,20,6,117
2011-08-10 10:18:55,Normal,99,0,99,1159283,16292,3778854,36117,587.7859781414143,33,58,8,0,14,82,3,0,7,4,88
2011-08-10 10:18:56,Normal,93,0,93,909408,3470,3756471,46851,411.2597211827956,46,41,6,0,4,84,5,0,10,0,82
2011-08-10 10:18:57,Normal,119,0,119,1419727,16199,4053816,63912,583.0724301680673,43,70,6,0,20,91,8,0,18,2,99
2011-08-10 10:18:58,Normal,3010,0,3010,8058177,41772,184273376,63147,17.145473075415282,2942,62,6,0,35,2974,1,0,2930,1,79
2011-08-10 10:18:59,Normal,4117,0,4117,24250255,14478,228894049,66297,23.05059197036677,3910,204,3,0,27,4084,6,0,3870,3,243
2011-08-10 10:19:00,Normal,3847,0,3847,37330378,11554,202531213,60718,14.283924161424489,3771,67,9,0,8,3836,3,0,3739,12,96
2011-08-10 10:19:01,Normal,3884,0,3884,51758610,15376,218118565,63502,24.09338933908342,3795,82,7,0,20,3860,4,0,3758,11,114
2011-08-10 10:19:02,Normal,3647,3,3650,61067932,20674,219007737,60485,16.12518921369863,3577,61,12,0,10,3639,1,0,3552,2,96
2011-08-10 10:19:03,Normal,3638,0,3638,73377560,22579,222648374,63252,20.837097986805937,3565,66,7,0,21,3615,2,0,3548,1,89
2011-08-10 10:19:04,Normal,4083,0,4083,97632970,26339,208645494,51176,15.16494259808964,4001,71,11,0,25,4054,4,0,3979,3,101
2011-08-10 10:19:05,Normal,3791,0,3791,104852433,28474,207587137,55905,18.034777072540226,3732,56,3,0,20,3769,2,0,3714,8,69
2011-08-10 10:19:06,Normal,3991,11,4002,125050289,33352,233770090,59610,17.16913908395802,3930,62,10,0,15,3981,6,0,3905,4,93
2011-08-10 10:19:07,Normal,4013,5,4018,140227028,37923,250396156,62723,17.019552619711302,3924,84,10,0,19,3995,4,0,3894,3,121
2011-08-10 10:19:08,Normal,4047,0,4047,155216431,45099,210700389,66866,12.43012772695824,3927,110,10,0,10,4034,3,0,3905,4,138
2011-08-10 10:19:09,Normal,4053,0,4053,169405357,49138,218084283,52574,16.751196318282755,3904,137,12,0,17,4034,2,0,3887,0,166
2011-08-10 10:19:10,Normal,4116,0,4116,185979162,54468,235452694,56448,12.65895884669582,3944,164,8,0,25,4090,1,0,3922,0,194
2011-08-10 10:19:11,Normal,4085,0,4085,201665814,59013,250640049,62338,16.778769342472458,3949,130,6,0,11,4069,5,0,3916,2,167
2011-08-10 10:19:12,Normal,4040,3,4043,215875774,59479,221159459,64255,14.108524401187237,3929,107,7,0,10,4030,3,0,3908,0,135
2011-08-10 10:19:13,Normal,4248,0,4248,230683402,74219,224976266,52705,8.691008366996236,3917,325,6,0,8,4240,0,0,3891,1,356
2011-08-10 10:19:14,Normal,3878,0,3878,218776666,80470,217057919,55663,14.649064153171738,3507,367,4,0,18,3860,0,0,3484,0,394
2011-08-10 10:19:15,Normal,791,2,793,31341300,79525,41699073,61441,71.01097513114755,501,283,9,0,15,777,1,0,475,3,315
2011-08-10 10:19:16,Normal,290,3,293,1007302,14700,11839120,55168,130.79784676450512,31,252,10,0,34,258,1,0,33,4,256
2011-08-10 10:19:17,Normal,300,0,300,1007808,14024,12988149,55993,118.45876376666666,39,253,8,0,17,282,1,0,16,6,278
2011-08-10 10:19:18,Normal,212,0,212,976860,8982,9010445,36096,330.80379886320753,45,156,11,0,5,205,2,0,20,2,190
2011-08-10 10:19:19,Normal,200,0,200,1589364,7357,8020015,58885,310.308843385,49,147,4,0,23,173,3,1,15,2,182
2011-08-10 10:19:20,Normal,278,0,278,1339172,25571,11810542,55058,253.98111119064748,34,232,12,0,23,254,0,1,18,4,255
2011-08-10 10:19:21,Normal,736,0,736,1000138,39220,33233811,1538,55.00112283423913,30,697,9,0,30,703,2,1,25,5,705
2011-08-10 10:19:22,Normal,377,3,380,1214197,19545,15475759,37585,172.5095098736842,46,324,10,0,37,324,19,0,52,4,324
2011-08-10 10:19:23,Normal,477,0,477,1439778,22369,21767378,57124,77.15885273375262,39,426,12,0,35,422,20,0,55,12,410
2011-08-10 10:19:24,Normal,212,0,212,862865,8707,9005207,50554,198.19661030660376,29,176,7,0,18,181,11,2,23,4,183
2011-08-10 10:19:25,Normal,614,0,614,962978,31012,26987338,46404,76.96161613192183,30,568,16,0,12,601,1,0,16,4,593
2011-08-10 10:19:26,Normal,178,0,178,1376576,20846,6899068,17432,390.36701021348307,42,128,8,0,27,150,1,0,25,4,149
2011-08-10 10:19:27,Normal,111,1,112,982960,19559,3916035,32208,492.06284255357144,41,66,5,0,21,85,6,0,20,2,90
2011-08-10 10:19:28,Normal,315,0,315,1584412,13662,13410163,52744,193.24233686031744,46,264,5,0,16,295,4,0,7,5,303
2011-08-10 10:19:29,Normal,611,0,611,1209877,35064,26541055,42777,95.21086278559737,48,557,6,0,51,544,16,0,62,2,547
2011-08-10 10:19:30,Normal,141,0,141,1250435,20037,5323572,3055,504.7254395460993,48,78,15,0,15,122,4,0,15,2,124
2011-08-10 10:19:31,Normal,153,0,153,903816,8541,5963446,38871,235.07445300653595,29,113,11,0,25,126,2,0,22,0,131
2011-08-10 10:19:32,Normal,583,3,586,1680796,29390,25428388,42379,134.7413953686007,37,536,13,0,41,538,7,0,34,2,550
2011-08-10 10:19:33,Normal,155,0,155,1188478,20302,5730398,4814,473.3076017096774,36,110,9,0,21,131,3,0,20,4,131
2011-08-10 10:19:34,Normal,160,3,163,1215098,8144,6631068,7643,420.05022261963194,48,108,7,0,20,140,3,0,21,7,134
2011-08-10 10:19:35,Normal,180,0,180,1459408,5908,6630606,9957,345.7957036222223,42,127,11,0,20,157,3,0,15,10,155
2011-08-10 10:19:36,Normal,186,0,186,1532967,6723,7580019,4559,357.59794075806457,43,135,8,0,13,166,7,0,9,3,174
2011-08-10 10:19:37,Normal,118,0,118,1423604,16064,4368811,55637,452.35064431355937,47,62,9,0,21,95,2,0,16,1,100
2011-08-10 10:19:38,Normal,142,0,142,1616892,4366,4936299,3788,434.1629788521127,44,86,12,0,21,117,4,0,21,3,118
2011-08-10 10:19:39,Normal,122,0,122,1206870,4679,4866943,55933,345.71432647540985,40,72,10,0,19,91,12,0,23,4,95
2011-08-10 10:19:40,Normal,162,0,162,1238631,19123,5942212,50151,394.77890169753084,42,106,14,0,28,122,12,0,33,3,125
2011-08-10 10:19:41,Normal,245,0,245,1361322,23626,10131342,32762,261.53651268163264,45,194,6,0,12,227,6,0,11,4,230
2011-08-10 10:19:42,Normal,470,3,473,1181594,37056,21413756,8764,84.34299439534884,35,435,3,0,9,461,3,0,8,3,462
2011-08-10 10:19:43,Normal,118,0,118,1015738,20866,4664990,13621,516.1142784830508,29,85,4,0,18,98,2,0,10,2,105
2011-08-10 10:19:44,Normal,82,0,82,778607,17386,3022977,35288,396.5096812804878,39,38,5,0,9,72,1,0,13,1,68
2011-08-10 10:19:45,Normal,144,0,144,1590102,17686,5269160,15685,539.4933011805556,49,78,17,0,20,115,9,0,5,2,137
2011-08-10 10:19:46,Normal,129,3,132,1523330,20246,4814414,3393,620.4594236515152,34,84,14,0,19,110,3,0,12,2,118
2011-08-10 10:19:47,Normal,127,0,127,1455699,16565,4566029,41525,424.9839770314962,35,80,12,0,22,102,3,0,11,2,114
2011-08-10 10:19:48,Normal,116,0,116,1841540,16650,3981844,23698,607.3493584741381,47,61,8,0,28,85,3,0,18,2,96
2011-08-10 10:19:49,Normal,91,0,91,1047063,3365,3253862,5628,505.8673778241758,35,46,10,0,12,77,2,0,11,2,75
2011-08-10 10:19:50,Normal,93,0,93,1337752,17104,2857528,27646,492.81591223655914,41,42,10,0,8,76,9,0,9,6,78
2011-08-10 10:19:51,Normal,86,0,86,976634,16330,2833210,3997,499.15405433720923,39,41,6,0,7,76,3,0,7,4,75
2011-08-10 10:19:52,Normal,149,3,152,1196891,5893,5870168,41046,298.3867359473684,36,108,8,0,15,134,3,0,8,2,142
2011-08-10 10:19:53,Normal,110,0,110,1124494,16188,4049607,46451,456.9427934727273,45,57,8,0,7,101,2,0,9,7,94
2011-08-10 10:19:54,Normal,381,0,381,1121854,17869,16686336,36700,176.10676893700787,46,327,8,0,8,372,1,0,2,6,373
2011-08-10 10:19:55,Normal,245,0,245,1276719,10607,10551395,35255,201.20047463673467,49,185,11,0,17,223,5,0,15,1,228
2011-08-10 10:19:56,Normal,81,0,81,854370,3027,2715250,46459,613.726569160494,30,47,4,0,10,69,2,0,8,0,73
2011-08-10 10:19:57,Normal,85,0,85,661771,2567,3238990,50004,715.3454056941176,34,46,5,0,10,73,1,1,11,1,71
2011-08-10 10:19:58,Normal,102,0,102,651365,4840,3825709,59386,304.29547140196075,34,60,8,0,8,92,2,0,12,0,90
2011-08-10 10:19:59,Normal,90,0,90,918653,16443,3527204,18540,710.2699605666668,43,40,7,0,3,87,0,0,6,0,84
2011-08-10 10:20:00,Normal,122,0,122,1619037,16160,3926830,16630,621.1880378934428,53,59,10,0,20,101,1,0,9,4,109
2011-08-10 10:20:01,Normal,100,0,100,841650,4244,3687913,53486,614.13612577,41,52,7,0,6,93,1,0,10,1,88
2011-08-10 10:20:02,Normal,135,3,138,1053291,19782,4480921,12548,504.6987451884058,44,77,17,0,30,100,8,0,45,0,92
2011-08-10 10:20:03,Normal,151,0,151,1036002,51611,6097661,50330,469.5398983046357,35,110,6,0,16,116,19,0,33,1,116
2011-08-10 10:20:04,Normal,89,0,89,716392,15945,3261498,15464,413.95605035955055,33,50,6,0,8,71,10,0,21,1,67
2011-08-10 10:20:05,Normal,146,0,146,1087858,20015,5993413,56628,457.6444007123287,47,76,23,0,39,105,2,0,37,3,106
2011-08-10 10:20:06,Normal,555,0,555,1038258,41454,24966193,36635,117.80483287747748,42,498,15,0,13,541,1,0,12,0,543
2011-08-10 10:20:07,Normal,105,0,105,1363665,16549,3396069,8798,571.5714598952381,34,62,9,0,24,76,5,0,14,1,88
2011-08-10 10:20:08,Normal,94,0,94,1004163,16623,3156458,14941,465.55614502127656,47,38,9,0,22,72,0,0,14,1,79
2011-08-10 10:20:09,Normal,112,0,112,1063788,16940,3929545,42088,505.4700909553572,51,44,17,0,16,96,0,0,22,1,88
2011-08-10 10:20:10,Normal,134,0,134,882437,4074,5456838,48466,477.4828350970149,44,81,9,0,3,130,1,0,5,2,127
2011-08-10 10:20:11,Normal,103,0,103,962757,16480,3142462,43047,501.43573715533984,44,41,18,0,11,90,2,0,13,4,86
2011-08-10 10:20:12,Normal,76,3,79,822390,15974,2583697,51027,476.92355379746834,37,39,3,0,7,69,3,0,8,1,69
2011-08-10 10:20:13,Normal,107,0,107,1578329,16311,3389469,62450,762.9311047476635,45,49,13,0,20,87,0,0,10,2,94
2011-08-10 10:20:14,Normal,98,0,98,1189784,16211,3092161,36203,800.4831104591836,31,58,9,0,15,79,4,0,4,0,93
2011-08-10 10:20:15,Normal,223,0,223,744131,23474,9546200,63562,149.29303156053814,35,183,5,0,2,216,5,0,14,0,209
2011-08-10 10:20:16,Normal,436,0,436,1456326,20088,18435031,45302,126.20086201605504,38,383,15,0,24,405,7,0,19,3,414
2011-08-10 10:20:17,Normal,94,3,97,815164,2605,3591285,46766,541.4325201752578,41,47,9,0,13,80,4,0,20,1,76
2011-08-10 10:20:18,Normal,100,0,100,923304,16090,3456808,28778,660.95529648,45,44,11,0,13,86,1,0,14,1,85
2011-08-10 10:20:19,Normal,99,2,101,1440694,15946,3499252,62136,481.592337009901,36,53,12,0,17,80,2,2,7,4,88
2011-08-10 10:20:20,Normal,136,0,136,1247295,5463,5158172,48834,460.73147833823526,47,74,15,0,19,113,4,0,19,2,115
2011-08-10 10:20:21,Normal,386,0,386,1069224,39336,16923204,35596,120.42048558290156,37,338,11,0,38,344,3,1,43,0,342
2011-08-10 10:20:22,Normal,344,3,347,1255907,15997,15660954,44635,145.8774491239193,32,297,18,0,22,317,7,1,19,1,325
2011-08-10 10:20:23,Normal,126,0,126,1149320,5435,4590333,60428,365.4632231428571,37,85,4,0,30,92,4,0,26,1,99
2011-08-10 10:20:24,Normal,126,0,126,1377490,5009,4568603,61090,232.48987865873022,42,77,7,0,14,105,7,0,11,3,112
2011-08-10 10:20:25,Normal,160,0,160,1687061,19186,6022283,19528,386.16340766249994,47,100,13,0,34,118,8,0,29,2,128
2011-08-10 10:20:26,Normal,163,0,163,1298219,7925,7056418,55184,240.8021788343558,29,127,7,0,37,118,8,0,35,4,124
2011-08-10 10:20:27,Normal,576,0,576,1518769,43409,25315620,54038,120.56130676388891,45,518,13,0,23,549,4,0,38,2,536
2011-08-10 10:20:28,Normal,159,0,159,1465319,6351,5143293,4303,381.7373661509434,42,104,13,0,19,139,1,0,31,2,125
2011-08-10 10:20:29,Normal,119,0,119,1556156,15806,3821478,42961,481.6712854537815,42,60,17,0,21,96,2,0,13,6,100
2011-08-10 10:20:30,Normal,99,0,99,969745,16335,3525505,64390,419.64894055555555,36,55,8,0,24,67,8,0,21,2,75
2011-08-10 10:20:31,Normal,132,0,132,1052221,18897,5326449,60291,268.07691754545453,34,84,14,0,19,107,6,0,24,4,104
2011-08-10 10:20:32,Normal,128,3,131,1130119,18984,4897659,52483,340.0641658931297,36,90,5,0,37,83,11,0,38,2,91
2011-08-10 10:20:33,Normal,128,0,128,1264023,4447,4549936,35320,512.8934067265625,39,77,12,0,16,108,4,0,13,0,115
2011-08-10 10:20:34,Normal,166,0,166,861555,21442,7255810,7616,320.27541435542173,40,120,6,0,25,123,18,0,39,1,126
2011-08-10 10:20:35,Normal,213,0,213,948038,23093,9130030,60993,285.8688812816901,42,163,8,0,46,150,17,0,63,0,150
2011-08-10 10:20:36,Normal,133,0,133,784171,6424,5390132,54627,301.2988784210527,38,88,7,0,33,95,5,0,37,0,96
2011-08-10 10:20:37,Normal,173,0,173,1122018,24377,7113771,3782,310.5949242312139,42,119,12,0,26,141,6,0,36,2,134
2011-08-10 10:20:38,Normal,102,0,102,1146497,16469,3420708,49601,666.0862003235294,32,60,10,0,12,87,3,0,7,3,92
2011-08-10 10:20:39,Normal,469,0,469,886150,35676,21140059,19874,96.10029737526654,39,422,8,0,14,450,5,0,25,0,443
2011-08-10 10:20:40,Normal,204,0,204,1134975,9278,8509309,59135,301.0166949558824,32,163,9,0,42,156,6,0,38,0,165
2011-08-10 10:20:41,Normal,144,0,144,1028019,19818,4938147,61397,440.9296376111111,46,85,13,0,36,103,5,0,43,1,100
2011-08-10 10:20:42,Normal,188,3,191,1167998,10582,8007493,3122,366.36519201570684,41,141,9,0,49,122,20,0,64,1,126
2011-08-10 10:20:43,Normal,159,0,159,987582,8170,6913775,18070,411.5137423773585,49,103,7,0,34,116,9,0,42,3,113
2011-08-10 10:20:44,Normal,151,0,151,1363688,6545,5719852,4159,421.43692935761595,39,104,8,0,23,120,8,0,15,4,132
2011-08-10 10:20:45,Normal,140,0,140,2057820,46509,4905158,62994,405.41453411428574,39,96,5,0,28,108,4,0,11,6,121
2011-08-10 10:20:46,Normal,109,0,109,1532525,57535,3940334,15675,621.7317396880735,49,55,5,0,19,86,4,0,13,4,91
2011-08-10 10:20:47,Normal,115,3,118,897461,18262,4671576,59101,568.4216769152541,42,74,2,0,25,91,2,0,28,2,88
2011-08-10 10:20:48,Normal,131,0,131,1141341,18777,5829155,50757,408.81613911450376,34,92,5,0,18,112,1,0,10,0,121
2011-08-10 10:20:49,Normal,91,0,91,630536,17269,3570733,33624,510.50775854945056,37,52,2,0,11,78,2,0,19,0,72
2011-08-10 10:20:50,Normal,265,0,265,865809,12574,11845736,36937,163.67331651320754,31,232,2,0,11,253,1,0,5,0,260
2011-08-10 10:20:51,Normal,240,0,240,1083610,11183,10064553,53702,110.70940820416666,42,189,9,0,11,229,0,0,17,3,220
2011-08-10 10:20:52,Normal,96,3,99,1005579,3980,3760509,53827,614.2341502727273,39,53,7,0,7,89,3,0,8,3,88
2011-08-10 10:20:53,Normal,112,0,112,988886,4224,3046947,48108,463.04919676785715,43,60,9,0,17,94,1,0,19,3,89
2011-08-10 10:20:54,Normal,100,0,100,935371,2887,3863269,55405,760.6741272,37,57,6,0,11,77,12,0,17,0,82
2011-08-10 10:20:55,Normal,107,0,107,791038,3870,4415005,40505,467.7013336542056,34,66,7,0,12,88,7,0,18,0,89
2011-08-10 10:20:56,Normal,118,0,118,1396550,16277,4169456,1842,636.673801779661,46,61,11,0,23,93,2,0,15,1,102
2011-08-10 10:20:57,Normal,363,0,363,1420896,30317,14975333,6476,180.92544858126718,41,313,9,0,34,322,7,0,35,2,325
2011-08-10 10:20:58,Normal,216,0,216,1904488,8446,7611008,62533,461.6395811759259,47,160,9,0,73,138,5,0,57,1,157
2011-08-10 10:20:59,Normal,235,0,235,1272193,10050,11035985,61072,250.8787352425532,45,180,10,0,13,218,4,0,8,5,222
2011-08-10 10:21:00,Normal,110,0,110,1006290,17582,4306896,29986,359.75259774545464,44,59,7,0,17,91,2,0,16,2,92
2011-08-10 10:21:01,Normal,126,0,126,1086405,19416,4165192,13428,478.12318747619054,40,80,6,0,26,98,2,0,22,1,103
2011-08-10 10:21:02,Normal,113,3,116,1297844,19323,4573019,33934,502.50639006034487,44,63,9,0,14,95,7,0,16,2,98
2011-08-10 10:21:03,Normal,89,0,89,911469,15893,2958091,2869,671.7549113595505,39,42,8,0,7,80,2,0,8,1,80
2011-08-10 10:21:04,Normal,111,0,111,1720610,60624,3749481,23060,464.57106457657653,45,61,5,0,22,88,1,0,11,2,98
2011-08-10 10:21:05,Normal,90,0,90,798813,16293,3453902,56959,466.14811406666655,39,45,6,0,9,81,0,0,10,0,80
2011-08-10 10:21:06,Normal,142,0,142,1011754,20402,4395785,20113,440.457703887324,34,100,8,0,46,89,7,0,47,1,94
2011-08-10 10:21:07,Normal,444,0,444,1154509,34932,19009383,51988,96.40764173873872,48,390,6,0,9,433,2,0,12,3,429
2011-08-10 10:21:08,Normal,164,0,164,1258408,7333,5654064,49928,394.8345284512195,46,109,9,0,10,150,4,0,17,1,146
2011-08-10 10:21:09,Normal,155,0,155,1350926,5595,5900958,51044,409.0793637096774,37,110,8,0,29,120,6,0,28,4,123
2011-08-10 10:21:10,Normal,133,0,133,1259587,5493,4095840,58457,518.7593000601503,49,78,6,0,32,97,4,0,26,3,104
2011-08-10 10:21:11,Normal,156,0,156,1030740,19312,4838309,33835,364.5219152564102,51,92,13,0,39,111,6,0,48,1,107
2011-08-10 10:21:12,Normal,523,3,526,1597971,25345,23272925,55382,103.46689954752853,46,475,5,0,29,494,3,0,18,2,506
2011-08-10 10:21:13,Normal,112,0,112,777805,4339,4512084,48965,347.4564540803571,38,68,6,0,18,94,0,0,19,0,93
2011-08-10 10:21:14,Normal,158,0,158,1261856,6375,6168203,62587,260.6038907151899,42,106,10,0,15,141,2,0,12,6,140
2011-08-10 10:21:15,Normal,93,0,93,889112,16666,3359652,37932,487.88488654838727,31,54,8,0,12,80,1,0,14,1,78
2011-08-10 10:21:16,Normal,94,0,94,1440879,14948,3030236,20994,570.8450200638298,44,39,11,0,13,77,4,0,12,3,79
2011-08-10 10:21:17,Normal,515,3,518,971303,38499,22785768,63945,100.94701949420849,46,466,6,0,9,506,3,0,12,2,503
2011-08-10 10:21:18,Normal,105,0,105,1135073,3062,3584122,38442,577.6116583809523,42,51,12,0,8,96,1,0,8,0,95
2011-08-10 10:21:19,Normal,118,0,118,1279749,6214,4122930,41708,562.4902339322033,36,71,11,0,24,91,2,1,14,0,101
2011-08-10 10:21:20,Normal,526,0,526,1360945,40277,23173818,34142,81.71848768441065,47,469,10,0,17,505,3,1,17,5,503
2011-08-10 10:21:21,Normal,202,0,202,2195088,12112,7099132,36328,389.5217352178217,51,146,5,0,64,125,12,1,56,9,136
2011-08-10 10:21:22,Normal,135,3,138,1288286,6658,5406540,37180,313.0048019855072,34,94,10,0,22,112,4,0,20,3,115
2011-08-10 10:21:23,Normal,104,1,105,1247909,16472,3184912,22443,751.5637446857143,43,50,12,0,18,83,4,0,17,0,88
2011-08-10 10:21:24,Normal,461,1,462,2026924,34772,20162436,51995,181.09308500432903,50,404,8,0,50,395,16,1,49,6,406
2011-08-10 10:21:25,Normal,126,0,126,1142524,5525,4910063,39894,510.9746897777779,47,72,7,0,21,103,2,0,19,1,106
2011-08-10 10:21:26,Normal,122,0,122,1955325,16794,4122305,29653,605.3619052540984,49,61,12,0,20,97,3,2,3,5,114
2011-08-10 10:21:27,Normal,137,0,137,1265069,5181,4643541,39443,471.790271540146,44,86,7,0,13,122,2,0,16,6,115
2011-08-10 10:21:28,Normal,513,0,513,1482625,37469,22520346,64925,161.77400246978556,40,465,8,0,23,486,4,0,18,3,492
2011-08-10 10:21:29,Normal,181,0,181,1431894,8370,4873191,34734,378.8505772928176,52,125,4,0,20,157,3,1,69,0,111
2011-08-10 10:21:30,Normal,301,0,301,2033007,32784,12254027,16527,251.91436856146177,36,253,12,0,111,165,25,0,109,4,188
2011-08-10 10:21:31,Normal,136,0,136,1392919,5237,5058331,66558,612.6267026838235,51,77,8,0,12,122,2,0,8,3,125
2011-08-10 10:21:32,Normal,139,3,142,1344508,19062,5419309,2765,249.0847411408451,41,94,7,0,32,100,10,0,35,2,105
2011-08-10 10:21:33,Normal,523,0,523,1562876,39323,22941267,62600,115.45758276099426,54,461,8,0,17,502,4,0,14,1,508
2011-08-10 10:21:34,Normal,128,0,128,1405023,5237,4137228,49782,444.705005140625,44,76,8,0,18,105,5,0,11,3,114
2011-08-10 10:21:35,Normal,131,0,131,2149821,2958,3964144,51130,801.190314351145,46,77,8,0,26,101,4,0,11,3,116
2011-08-10 10:21:36,Normal,117,0,117,1076747,19505,4506175,18759,476.7918291196581,42,66,9,0,7,107,3,0,12,1,104
2011-08-10 10:21:37,Normal,148,0,148,2231628,18175,4915667,19978,798.0934351486487,34,76,38,0,51,93,4,0,26,3,119
2011-08-10 10:21:38,Normal,95,0,95,1066463,5373,3462133,53616,691.288249263158,42,44,9,0,8,84,3,0,10,4,81
2011-08-10 10:21:39,Normal,108,0,108,1305112,16973,3590279,18636,418.56898745370376,38,56,14,0,12,93,3,0,7,3,98
2011-08-10 10:21:40,Normal,134,0,134,1495081,20220,5162344,5380,523.9674707014925,49,75,10,0,25,103,6,0,23,3,108
2011-08-10 10:21:41,Normal,88,0,88,711877,15512,3197609,37946,329.4403130681818,33,47,8,0,6,80,2,0,10,1,77
2011-08-10 10:21:42,Normal,100,3,103,1346275,16575,3679949,49195,495.7742007184466,38,59,6,0,14,83,6,0,10,2,91
2011-08-10 10:21:43,Normal,502,0,502,1034727,23942,22328791,47368,115.91630471513943,51,447,4,0,4,497,1,0,7,2,493
2011-08-10 10:21:44,Normal,194,0,194,1176424,22484,8364814,36514,332.9195099072165,30,160,4,0,17,167,10,0,16,8,170
2011-08-10 10:21:45,Normal,145,0,145,1263012,17938,5590334,44186,396.7794717310345,48,91,6,0,14,130,1,0,16,8,120
2011-08-10 10:21:46,Normal,149,0,149,1094145,19464,6223172,23542,438.1936087986577,51,91,7,0,11,136,2,0,12,1,135
2011-08-10 10:21:47,Normal,135,3,138,704517,10410,5721882,60558,397.93608808695654,37,93,8,0,17,107,14,0,38,2,98
2011-08-10 10:21:48,Normal,137,0,137,1112983,20228,5332402,10130,504.2713714014599,45,84,8,0,18,105,12,2,26,4,107
2011-08-10 10:21:49,Normal,114,0,114,1053463,19365,3875029,20535,508.42545579824565,43,59,12,0,12,93,9,0,15,3,96
2011-08-10 10:21:50,Normal,215,0,215,1338063,10728,8468919,3883,380.662681288372,41,165,9,0,37,172,6,0,35,1,178
2011-08-10 10:21:51,Normal,447,0,447,1211419,37613,19470289,9180,147.5456612885906,45,393,9,0,36,395,16,0,49,8,390
2011-08-10 10:21:52,Normal,250,3,253,1329594,24568,10333820,50461,302.7737579841897,54,194,5,0,44,192,17,0,63,9,181
2011-08-10 10:21:53,Normal,209,0,209,1253777,10121,8920911,58870,209.29405728229668,41,161,7,0,29,167,13,0,43,13,153
2011-08-10 10:21:54,Normal,220,0,220,1240798,24782,8994111,28246,370.4258816772728,46,165,9,0,15,130,75,0,82,2,136
2011-08-10 10:21:55,Normal,159,0,159,1094005,19974,6115784,54903,264.1630643144654,44,108,7,0,12,141,6,0,11,3,145
2011-08-10 10:21:56,Normal,180,0,180,813849,10658,6371260,2001,273.7313230722222,34,129,17,0,18,141,19,2,43,0,137
2011-08-10 10:21:57,Normal,149,0,149,1245988,5241,5855841,42970,469.8375955704698,50,92,7,0,16,122,10,1,25,2,122
2011-08-10 10:21:58,Normal,101,0,101,1237988,16488,3548125,34672,590.277467821782,50,40,11,0,6,93,1,1,13,2,86
2011-08-10 10:21:59,Normal,132,0,132,1357163,16892,4469321,65281,646.6206166969696,40,86,6,0,21,105,6,0,11,1,120
2011-08-10 10:22:00,Normal,104,0,104,1054280,16945,4002530,50142,687.754501173077,39,61,4,0,12,92,0,0,6,1,97
2011-08-10 10:22:01,Normal,560,0,560,809293,29239,25846766,38641,118.12066807857141,29,520,11,0,17,541,2,0,18,0,542
2011-08-10 10:22:02,Normal,182,3,185,1047986,22627,7258601,4545,364.41203864864866,45,133,7,0,11,171,3,0,17,1,166
2011-08-10 10:22:03,Normal,179,0,179,1064389,21056,7063761,36015,349.345780094972,51,122,6,0,18,156,5,0,27,1,150
2011-08-10 10:22:04,Normal,148,0,148,880091,6494,5675428,52503,447.56761804729734,41,100,7,0,15,128,5,0,17,0,131
2011-08-10 10:22:05,Normal,111,0,111,907358,17845,4609514,54807,661.867152081081,43,59,9,0,10,96,5,0,20,0,90
2011-08-10 10:22:06,Normal,137,0,137,852961,4941,5835137,45589,338.6817262919708,47,83,7,0,2,134,1,0,7,0,130
2011-08-10 10:22:07,Normal,133,0,133,1012538,17215,4714043,12455,504.8731164661654,40,76,17,0,13,116,4,0,24,2,107
2011-08-10 10:22:08,Normal,125,0,125,923655,19339,4878608,52159,534.669595536,48,67,10,0,13,110,2,0,17,1,105
2011-08-10 10:22:09,Normal,90,0,90,837685,17369,3415290,13265,507.5012480111112,31,50,9,0,5,82,3,0,7,2,80
2011-08-10 10:22:10,Normal,92,0,92,695566,3206,3271355,42305,366.3119168369566,30,55,7,0,14,78,0,0,21,0,71
2011-08-10 10:22:11,Normal,458,0,458,642854,45277,20877778,13363,68.49886444323144,28,417,13,0,6,450,2,0,11,0,447
2011-08-10 10:22:12,Normal,138,3,141,1366939,6750,5370502,66784,423.74450735461,45,80,16,0,19,116,6,0,23,5,113
2011-08-10 10:22:13,Normal,84,0,84,788036,15789,3487277,19438,523.2892492619047,42,32,10,0,6,77,1,0,9,0,75
2011-08-10 10:22:14,Normal,152,0,152,1308739,18496,5825042,23866,475.9655940789474,42,105,5,0,31,117,4,0,35,10,107
2011-08-10 10:22:15,Normal,125,0,125,1041765,19220,4521654,11571,452.55778604,47,73,5,0,18,98,9,0,29,5,91
2011-08-10 10:22:16,Normal,518,0,518,1214335,38757,22497162,54984,104.12206899420849,40,471,7,0,18,500,0,0,12,2,504
2011-08-10 10:22:17,Normal,102,3,105,954928,17134,3748908,51475,623.0433705809522,31,66,8,0,15,88,2,0,12,0,93
2011-08-10 10:22:18,Normal,497,0,497,1057696,60465,22716775,20144,135.5432770362173,51,441,5,0,9,488,0,0,10,1,486
2011-08-10 10:22:19,Normal,105,0,105,1441161,15582,3570728,53195,490.4372340857143,40,58,7,0,20,82,2,1,7,1,96
2011-08-10 10:22:20,Normal,78,0,78,706087,16122,2629622,13650,518.2330425769233,35,36,7,0,6,68,1,3,8,0,67
2011-08-10 10:22:21,Normal,525,0,525,1280631,38523,22957121,23859,104.05567735809524,38,480,7,0,12,509,4,0,10,3,512
2011-08-10 10:22:22,Normal,106,3,109,1252571,4808,3567953,57240,616.7546564587154,35,63,11,0,21,86,2,0,11,2,96
2011-08-10 10:22:23,Normal,95,0,95,1361487,2450,3396957,44824,434.01548720000005,38,48,9,0,13,77,4,1,8,2,84
2011-08-10 10:22:24,Normal,537,0,537,759147,36829,24329324,6489,126.78738577653634,41,488,8,0,38,497,2,0,40,2,494
2011-08-10 10:22:25,Normal,140,0,140,1326539,12303,4981784,6489,460.6107296928571,47,89,4,0,32,105,3,0,28,2,110
2011-08-10 10:22:26,Normal,550,0,550,1071907,71228,23870538,39746,119.71292760181818,52,492,6,0,18,524,8,0,25,4,521
2011-08-10 10:22:27,Normal,109,0,109,781892,5108,4249533,50080,610.3085735412844,45,57,7,0,6,100,3,0,12,0,97
2011-08-10 10:22:28,Normal,107,2,109,1275377,16825,4108119,55735,425.2527520091744,28,72,9,0,15,89,5,0,6,3,100
2011-08-10 10:22:29,Normal,511,0,511,1403201,38514,21948753,11983,143.13508088454014,44,464,3,0,26,474,11,0,17,3,491
2011-08-10 10:22:30,Normal,117,0,117,1496981,16513,4303250,61917,529.0598747692308,35,78,4,0,23,90,4,0,9,2,106
2011-08-10 10:22:31,Normal,112,0,112,754480,17477,4290733,57896,431.2375942142857,44,59,9,0,5,106,1,0,9,2,101
2011-08-10 10:22:32,Normal,525,3,528,970513,41506,23014673,8636,122.57918150189393,47,473,8,0,11,507,10,0,20,1,507
2011-08-10 10:22:33,Normal,144,0,144,1547323,6628,5084757,48493,486.26629414583334,50,84,10,0,25,112,7,0,31,2,111
2011-08-10 10:22:34,Normal,339,0,339,1181369,17267,14627484,51652,214.53269005899705,41,287,11,0,23,315,1,0,23,3,313
2011-08-10 10:22:35,Normal,306,0,306,942025,15661,13232369,36254,194.3080619542484,39,263,4,0,15,288,3,0,21,0,285
2011-08-10 10:22:36,Normal,118,0,118,906636,19061,4594150,2579,433.0177310677966,38,71,9,0,11,101,6,0,16,2,100
2011-08-10 10:22:37,Normal,260,0,260,872762,14282,11689206,56109,220.00786122307693,38,216,6,0,23,236,1,0,27,2,231
2011-08-10 10:22:38,Normal,387,0,387,1495465,18930,16540850,48819,131.1889806899225,31,346,10,0,31,353,3,0,15,3,369
2011-08-10 10:22:39,Normal,179,0,179,1791257,9151,6370345,53539,426.2982684748604,43,132,4,0,50,119,10,0,38,1,140
2011-08-10 10:22:40,Normal,134,0,134,1291563,5360,4835736,42565,530.6951090373134,48,80,6,0,30,99,5,0,25,0,109
2011-08-10 10:22:41,Normal,518,0,518,1081567,39095,23104517,10314,130.8375463088803,35,473,10,0,19,493,6,0,22,1,495
2011-08-10 10:22:42,Normal,136,3,139,926494,18550,5273347,49933,402.02909633093526,39,87,13,0,4,119,16,0,19,0,120
2011-08-10 10:22:43,Normal,128,0,128,1042120,6052,4882891,34124,348.99023700781254,41,82,5,0,17,107,4,0,15,0,113
2011-08-10 10:22:44,Normal,331,0,331,1203110,28674,14173614,50920,204.91557737462236,44,283,4,0,21,301,9,0,21,0,310
2011-08-10 10:22:45,Normal,327,0,327,1124855,15943,14172080,33153,173.9485626697248,41,273,13,0,14,302,11,0,10,0,317
2011-08-10 10:22:46,Normal,112,0,112,1365003,3293,3690480,51261,713.2067063571428,39,62,11,0,16,92,4,0,17,2,93
2011-08-10 10:22:47,Normal,524,0,524,1335981,24766,23084064,52220,127.69779603625953,44,469,11,0,17,505,2,0,11,5,508
2011-08-10 10:22:48,Normal,100,3,103,815635,4353,3969746,46829,452.1195117087378,27,67,9,0,13,88,2,0,12,0,91
2011-08-10 10:22:49,Normal,374,0,374,1231767,60068,16215020,21565,166.62132472192513,33,333,8,0,14,357,3,0,8,3,363
2011-08-10 10:22:50,Normal,253,0,253,1607765,9667,10211217,57660,197.67276695652174,41,203,9,0,16,232,5,0,8,3,242
2011-08-10 10:22:51,Normal,111,0,111,1127062,18308,4096636,51088,473.26069323423417,29,72,10,0,11,96,4,0,6,0,105
2011-08-10 10:22:52,Normal,490,3,493,1031140,37670,22245827,57624,129.7250992576065,45,441,7,0,6,483,4,0,9,1,483
2011-08-10 10:22:53,Normal,114,0,114,1045600,3670,4345367,41259,601.2832711403507,34,74,6,0,10,102,2,0,6,0,108
2011-08-10 10:22:54,Normal,516,0,516,1206432,37669,22679747,57231,134.75397357170544,37,473,6,0,17,493,5,1,8,0,508
2011-08-10 10:22:55,Normal,136,0,136,1105892,4480,5175748,50101,365.30152971323537,46,82,8,0,23,112,1,0,24,2,110
2011-08-10 10:22:56,Normal,117,0,117,1195658,16707,4090527,44243,575.5453315299145,46,66,5,0,16,100,1,0,13,3,101
2011-08-10 10:22:57,Normal,547,0,547,980215,28037,24417856,42002,121.79164436563073,45,495,7,0,26,518,3,0,28,2,517
2011-08-10 10:22:58,Normal,127,0,127,1256521,17247,4752001,8360,527.5224284724408,44,77,6,0,17,106,4,0,12,2,113
2011-08-10 10:22:59,Normal,523,0,523,1155636,25927,23231959,40826,87.72414092160611,37,480,6,0,22,500,1,0,15,2,506
2011-08-10 10:23:00,Normal,275,0,275,1211582,12290,12717067,67019,184.1409624690909,36,230,9,0,24,244,7,0,20,4,251
2011-08-10 10:23:01,Normal,528,0,528,1251001,25602,23624547,49245,145.46047936553032,39,485,4,0,20,497,11,0,20,0,508
2011-08-10 10:23:02,Normal,195,3,198,1471422,23178,8165913,49805,311.26815130808075,37,152,9,0,28,160,10,0,28,2,168
2011-08-10 10:23:03,Normal,114,0,114,1047733,4907,4512307,63091,418.8836288245614,32,72,10,0,13,99,2,0,9,2,102
2011-08-10 10:23:04,Normal,529,0,529,1540634,85793,23495251,14652,184.8120804328923,40,477,12,0,17,507,5,0,9,3,517
2011-08-10 10:23:05,Normal,94,0,94,867259,16238,3463216,12924,527.4032547765956,35,52,7,0,6,87,1,0,9,1,84
2011-08-10 10:23:06,Normal,110,0,110,1486604,15772,3616087,53787,633.948887263636,33,68,9,0,20,86,4,0,8,5,97
2011-08-10 10:23:07,Normal,528,0,528,1258488,43235,23415301,15162,130.10913777651515,42,478,8,0,16,510,2,0,8,5,515
2011-08-10 10:23:08,Normal,120,0,120,931773,66580,4690638,13361,445.24523755833326,34,79,7,0,8,107,5,0,9,2,109
2011-08-10 10:23:09,Normal,127,0,127,1118685,19651,4788703,7495,376.9690096456693,35,86,6,0,19,106,2,0,15,6,106
2011-08-10 10:23:10,Normal,555,0,555,1097694,28383,24090320,45890,81.56618615315315,39,509,7,0,22,515,18,0,29,3,523
2011-08-10 10:23:11,Normal,250,4,254,870357,27972,8883379,60755,320.7877326535433,37,211,6,0,52,169,33,0,83,2,169
2011-08-10 10:23:12,Normal,156,5,161,879324,20440,5727433,58592,276.655851242236,35,122,4,0,26,120,15,0,39,2,120
2011-08-10 10:23:13,Normal,186,0,186,972426,44579,7899744,11602,298.4531993978495,31,148,7,0,30,139,17,0,42,2,142
2011-08-10 10:23:14,Normal,549,0,549,1227772,39867,24887763,63553,102.28924553005463,37,503,9,0,19,528,2,0,16,3,530
2011-08-10 10:23:15,Normal,85,0,85,942892,16057,2505008,10683,654.0024572,34,48,3,0,13,66,6,0,13,0,72
2011-08-10 10:23:16,Normal,93,0,93,782973,56749,3077176,427,392.6983203118279,31,54,8,0,7,79,7,0,14,0,79
2011-08-10 10:23:17,Normal,147,0,147,1234709,18600,5660742,51130,501.6520937346939,47,93,7,0,22,123,2,0,15,3,129
2011-08-10 10:23:18,Normal,488,3,491,922834,36854,22618371,58461,98.75479430549899,48,437,6,0,7,483,1,0,4,1,485
2011-08-10 10:23:19,Normal,105,0,105,1098673,3877,3739849,38033,553.0915452190477,31,60,14,0,8,85,11,1,15,2,87
2011-08-10 10:23:20,Normal,138,0,138,781346,18195,5275219,37248,265.33401631159416,30,99,9,0,10,113,13,2,22,1,113
2011-08-10 10:23:21,Normal,600,0,600,900070,37294,27841098,4117,74.42896111499999,46,547,7,0,18,575,7,0,30,5,565
2011-08-10 10:23:22,Normal,135,3,138,888266,5426,5447241,3082,518.2143889710145,37,92,9,0,9,117,11,1,20,5,112
2011-08-10 10:23:23,Normal,104,0,104,1043348,16279,3339057,4811,491.55965176923075,44,52,8,0,11,84,9,0,15,1,88
2011-08-10 10:23:24,Normal,543,0,543,1269761,26391,24396169,49472,134.00543102209946,46,493,4,0,15,528,0,0,6,2,535
2011-08-10 10:23:25,Normal,115,0,115,922445,10768,4319563,8034,508.59674232173916,40,66,9,0,7,99,9,0,11,2,102
2011-08-10 10:23:26,Normal,83,0,83,1106628,15364,2471970,64411,797.6426136385543,36,39,8,0,8,68,7,0,8,2,73
2011-08-10 10:23:27,Normal,502,0,502,1071294,88979,22684772,1541,78.63564604581673,45,452,5,0,10,490,2,0,14,3,485
2011-08-10 10:23:28,Normal,120,0,120,1092501,18185,4662019,1968,377.84646183333336,31,79,10,0,14,101,5,0,16,1,103
2011-08-10 10:23:29,Normal,124,0,124,1324437,4246,4608455,53105,596.0939831854839,40,78,6,0,13,107,3,1,10,3,110
2011-08-10 10:23:30,Normal,503,0,503,859103,25677,22661600,2386,71.43411928429423,38,457,8,0,6,497,0,0,11,2,490
2011-08-10 10:23:31,Normal,159,0,159,737261,9779,6352655,36202,360.18025111949686,40,109,10,0,12,120,27,0,41,0,116
2011-08-10 10:23:32,Normal,188,5,193,1029695,9115,6257777,3471,323.295055865285,44,139,10,0,12,144,37,0,48,0,145
2011-08-10 10:23:33,Normal,516,0,516,817884,38592,23555252,40564,61.72913292635659,32,478,6,0,5,507,4,0,12,1,503
2011-08-10 10:23:34,Normal,109,0,109,915938,17037,3916064,15349,493.21843102752297,35,63,11,0,7,100,2,0,9,0,100
2011-08-10 10:23:35,Normal,500,0,500,997892,23446,22453601,1821,131.84088121800002,40,452,8,0,10,487,3,0,5,1,493
2011-08-10 10:23:36,Normal,84,0,84,910226,15999,3076833,22452,536.4217823571429,32,42,10,0,4,79,1,0,5,3,76
2011-08-10 10:23:37,Normal,114,0,114,1181600,3459,3759128,37935,488.492165,37,65,12,0,9,101,4,0,9,1,104
2011-08-10 10:23:38,Normal,532,31,563,1377181,40908,24746865,23406,119.20864591119003,40,510,13,0,16,536,11,0,21,1,541
2011-08-10 10:23:39,Normal,108,47,155,1104804,41497,5962956,37965,483.8243597935484,45,100,10,0,10,140,5,0,12,2,141
2011-08-10 10:23:40,Normal,523,8,531,793691,27756,24019271,33267,50.882507005649714,23,498,10,0,13,512,6,0,21,2,507
2011-08-10 10:23:41,Normal,112,24,136,892455,4970,5660192,42280,311.5107108382353,36,92,8,0,12,123,1,0,16,3,117
2011-08-10 10:23:42,Normal,125,5,130,1581020,5196,3969100,46573,371.06862400769234,39,83,8,0,18,103,9,0,19,5,106
2011-08-10 10:23:43,Normal,537,0,537,1038244,40665,24370197,23059,49.17475713594041,35,496,6,0,22,512,3,0,23,4,510
2011-08-10 10:23:44,Normal,96,0,96,1098651,17342,3380297,17427,558.2466381145833,32,53,11,0,10,86,0,0,7,2,87
2011-08-10 10:23:45,Normal,517,7,524,1008680,27211,23464856,45564,81.28360652671755,40,478,6,0,18,502,4,0,17,3,504
2011-08-10 10:23:46,Normal,84,50,134,811889,6808,5454963,17965,398.59260058955226,28,97,9,0,10,120,4,0,21,2,111
2011-08-10 10:23:47,Normal,501,57,558,771527,42136,25283432,15023,49.11002760752689,23,530,5,0,13,545,0,0,12,4,542
2011-08-10 10:23:48,Normal,140,81,221,1056062,23081,9102332,50420,254.12357548868775,39,172,10,0,14,201,6,0,20,3,198
2011-08-10 10:23:49,Normal,418,11,429,604676,36348,18821820,14184,61.53856445454545,28,396,5,0,23,399,7,0,31,2,395
2011-08-10 10:23:50,Normal,277,6,283,1088410,13813,11168378,56950,199.84991846996465,41,234,8,0,24,237,22,0,45,1,237
2011-08-10 10:23:51,Normal,121,0,121,1108001,5272,4717217,46711,359.57783154545456,47,63,11,0,12,97,12,0,23,1,97
2011-08-10 10:23:52,Normal,571,6,577,1343031,27372,25468545,39739,88.75245640727904,45,525,7,0,23,548,6,0,23,4,549
2011-08-10 10:23:53,Normal,126,0,126,1059371,11480,4767409,11977,497.98479946031745,35,87,4,0,13,108,5,0,8,2,116
2011-08-10 10:23:54,Normal,465,0,465,1271798,36181,20450837,11870,133.8373309892473,40,418,7,0,12,448,5,0,10,1,454
2011-08-10 10:23:55,Normal,118,18,136,1057310,20096,5355671,63979,319.10072172794116,35,91,10,0,5,121,10,0,12,2,122
2011-08-10 10:23:56,Normal,449,6,455,949527,25100,20856019,44279,124.08482409230768,34,410,11,0,12,440,3,0,15,3,437
2011-08-10 10:23:57,Normal,104,13,117,834233,17050,4584895,40791,376.9692085555555,39,74,4,0,7,108,2,0,8,1,107
2011-08-10 10:23:58,Normal,422,0,422,1396013,33439,18565806,29446,164.07676908530803,52,364,6,0,33,386,3,0,27,3,392
2011-08-10 10:23:59,Normal,356,0,356,1252322,21217,14611263,57730,192.71908148314608,45,304,7,0,58,279,19,0,75,8,273
2011-08-10 10:24:00,Normal,472,0,472,1082778,36777,21708116,66389,96.04597131779663,49,415,8,0,17,449,6,0,27,3,442
2011-08-10 10:24:01,Normal,186,3,189,908876,7939,8195758,40797,210.97905756084657,38,143,8,0,4,183,2,0,8,1,180
2011-08-10 10:24:02,Normal,170,3,173,906663,21787,7011723,65875,224.34787649132952,42,124,7,0,9,159,5,0,15,3,155
2011-08-10 10:24:03,Normal,92,0,92,703138,17683,3513559,21107,497.38870766304336,31,50,11,0,5,85,2,0,13,0,79
2011-08-10 10:24:04,Normal,530,0,530,1009173,39767,23546765,18998,100.6404914,33,488,9,0,9,513,8,0,12,3,515
2011-08-10 10:24:05,Normal,102,0,102,893686,18404,3778119,15428,487.8366017254903,35,54,13,0,6,91,5,0,14,2,86
2011-08-10 10:24:06,Normal,114,0,114,1026660,16432,4615884,16925,500.8175710526316,38,67,9,0,5,107,2,0,5,2,107
2011-08-10 10:24:07,Normal,85,1,86,1060583,3881,2736124,46236,739.9279846744187,41,38,7,0,7,73,6,0,12,3,71
2011-08-10 10:24:08,Normal,186,0,186,1405574,21775,7219561,55340,406.3049533494623,42,138,6,0,13,165,8,0,10,2,173
2011-08-10 10:24:09,Normal,467,0,467,1251121,22157,20966547,47652,130.6762908222698,44,415,8,0,10,453,4,0,5,2,460
2011-08-10 10:24:10,Normal,105,0,105,818244,16633,3886990,19231,302.8282423142857,32,68,5,0,11,92,2,0,4,0,101
2011-08-10 10:24:11,Normal,108,0,108,1092164,17052,4017293,50845,636.2405623796296,35,67,6,0,9,89,10,0,8,2,98
2011-08-10 10:24:12,Normal,507,3,510,903395,38891,22694420,64127,139.40811146666667,34,469,7,0,17,484,9,0,17,1,491
2011-08-10 10:24:13,Normal,90,0,90,1161131,15859,2697282,6873,685.9206937888889,35,45,10,0,14,74,2,0,7,0,83
2011-08-10 10:24:14,Normal,169,0,169,1111473,8172,5418288,48067,269.77805233727815,41,118,10,0,34,126,9,0,45,4,120
2011-08-10 10:24:15,Normal,123,0,123,1410369,18507,3742810,50913,459.22746656910573,44,69,10,0,17,99,7,0,18,1,103
2011-08-10 10:24:16,Normal,126,0,126,1315786,22525,4032672,66790,450.0055875714285,54,61,11,0,23,93,10,0,31,2,93
2011-08-10 10:24:17,Normal,108,0,108,965411,16914,3567735,42831,444.4624823796296,35,68,5,0,19,87,2,0,25,2,81
2011-08-10 10:24:18,Normal,98,3,101,962556,2676,3289155,4789,415.5582427029702,43,49,9,0,9,87,5,0,10,3,88
2011-08-10 10:24:19,Normal,109,0,109,958881,15962,4426601,62542,587.7138413761469,43,60,6,0,5,98,5,1,9,1,97
2011-08-10 10:24:20,Normal,128,0,128,1070208,17938,5005062,36718,677.5794949453125,47,75,6,0,18,107,2,1,17,0,110
2011-08-10 10:24:21,Normal,116,0,116,1473692,3937,3762632,-1,717.7939697327588,38,65,13,0,20,92,3,1,9,0,106
2011-08-10 10:24:22,Normal,123,3,126,1349780,7144,4658209,78,601.1295170079364,39,79,8,0,13,108,3,2,6,0,118
2011-08-10 10:24:23,Normal,82,0,82,993716,15919,2785729,32458,745.5505170487804,43,35,4,0,11,70,1,0,8,1,73
2011-08-10 10:24:24,Normal,98,0,98,1063467,27601,3467323,2060,619.2889518163265,41,50,7,0,7,86,5,0,10,4,83
2011-08-10 10:24:25,Normal,127,0,127,1265206,14482,4344288,14134,624.220448448819,30,88,9,0,29,93,5,0,18,1,107
2011-08-10 10:24:26,Normal,109,0,109,1557880,15989,3825638,60369,769.4610724678901,38,57,14,0,17,88,4,0,5,0,103
2011-08-10 10:24:27,Normal,127,0,127,1137176,45037,4720151,13363,521.5957665275591,39,78,10,0,9,112,6,0,12,0,115
2011-08-10 10:24:28,Normal,114,0,114,1309705,4046,4079562,49800,572.9449819210527,46,57,11,0,13,98,3,0,17,0,97
2011-08-10 10:24:29,Normal,102,0,102,1153338,16238,3611071,16428,586.8726295980391,46,50,6,0,10,89,3,0,4,2,96
2011-08-10 10:24:30,Normal,120,0,120,1728866,16223,3979295,20503,751.1503586666665,46,68,6,0,20,93,7,0,14,0,105
2011-08-10 10:24:31,Normal,113,0,113,1417352,2771,3679446,49349,557.0259893982301,48,60,5,0,18,92,3,0,6,1,105
2011-08-10 10:24:32,Normal,109,3,112,1190534,18743,3979164,8747,574.2831300446429,39,67,6,0,11,97,4,0,8,4,98
2011-08-10 10:24:33,Normal,145,0,145,1237409,4734,5102218,56014,418.4601631241379,38,103,4,0,29,110,6,0,21,4,120
2011-08-10 10:24:34,Normal,92,3,95,863452,9998,3311599,1124,694.9331695894736,33,59,3,0,14,77,3,1,9,1,85
2011-08-10 10:24:35,Normal,87,0,87,875862,16652,2989778,13362,460.9301635402299,36,43,8,0,7,76,4,0,4,1,82
2011-08-10 10:24:36,Normal,94,2,96,1084416,2015,3386112,50935,542.4733400208333,32,57,7,0,7,87,2,0,5,1,90
2011-08-10 10:24:37,Normal,80,0,80,1166803,14450,2815191,60444,844.767060125,32,39,9,0,11,67,2,0,4,2,72
2011-08-10 10:24:38,Normal,113,0,113,1542580,3847,3782675,50969,646.5700359557521,48,56,9,0,13,96,4,0,6,3,104
2011-08-10 10:24:39,Normal,100,0,100,1113178,33757,3204814,13622,673.9407534699999,42,47,11,0,12,85,3,0,4,1,95
2011-08-10 10:24:40,Normal,95,0,95,1020585,10067,3222801,1138,526.6755243894737,33,56,6,0,19,76,0,0,7,0,87
2011-08-10 10:24:41,Normal,89,0,89,835855,10121,3044025,1218,736.0234221685394,36,45,8,0,11,76,2,0,8,0,81
2011-08-10 10:24:42,Normal,97,3,100,1043296,15566,3406036,40182,476.3307849999999,41,53,6,0,15,84,1,0,9,1,90
2011-08-10 10:24:43,Normal,120,0,120,974474,3849,4499896,54580,488.7128065833333,29,82,9,0,13,101,6,0,13,0,107
2011-08-10 10:24:44,Normal,109,0,109,1320609,20674,3605335,3452,566.5859808899083,56,43,10,0,9,97,3,0,14,1,94
2011-08-10 10:24:45,Normal,138,0,138,1025979,20742,5040899,14905,493.80917219565214,48,83,7,0,21,112,5,0,22,2,114
2011-08-10 10:24:46,Normal,110,0,110,1067603,50870,3784600,14655,487.3082935727272,45,55,10,0,10,88,12,0,23,1,86
2011-08-10 10:24:47,Normal,146,0,146,1196917,66173,3624367,14134,304.1833523082192,43,92,11,0,9,87,50,0,54,1,91
2011-08-10 10:24:48,Normal,198,3,201,1322584,11822,4288959,3132,283.4264219402985,43,153,5,0,23,85,93,0,104,0,96
2011-08-10 10:24:49,Normal,137,0,137,1890662,5660,3732273,4595,1012.8985687518249,42,86,9,0,33,81,23,0,31,3,102
2011-08-10 10:24:50,Normal,108,0,108,1207314,19035,3512353,42442,791.8986167314816,48,56,4,0,16,87,5,0,17,1,90
2011-08-10 10:24:51,Normal,137,0,137,1414536,19818,5090190,20158,473.0178350948906,56,72,9,0,8,121,8,0,14,1,122
2011-08-10 10:24:52,Normal,118,3,121,1563966,70456,3970233,15675,880.3782818347107,47,66,8,0,25,89,7,0,19,4,96
2011-08-10 10:24:53,Normal,80,0,80,897101,2713,2680126,52179,457.83804693750005,30,44,6,0,12,63,5,0,15,2,63
2011-08-10 10:24:54,Normal,82,0,82,1015677,16278,2852819,31356,328.439979195122,29,46,7,0,13,65,4,0,13,1,67
2011-08-10 10:24:55,Normal,85,0,85,1334941,16560,2617701,44668,772.4843523764707,41,36,8,0,11,71,3,0,11,4,69
2011-08-10 10:24:56,Normal,75,0,75,868959,17070,2476216,46492,591.5408808933335,29,34,12,0,6,60,9,0,17,2,55
2011-08-10 10:24:57,Normal,82,0,82,999143,17339,2782361,30176,565.7374735975611,39,36,7,0,11,68,3,0,11,0,71
2011-08-10 10:24:58,Normal,126,0,126,1754738,18188,3766574,45498,690.5885822936509,50,69,7,0,23,95,8,0,15,3,108
2011-08-10 10:24:59,Normal,198,0,198,918027,22192,9928423,57001,310.1407676868687,31,159,8,0,7,186,5,0,7,1,189
2011-08-10 10:25:00,Normal,112,0,112,1396474,4681,3591422,56871,523.218490125,42,62,8,0,21,83,8,0,17,2,93
2011-08-10 10:25:01,Normal,132,0,132,880283,23883,5216842,60380,468.9901837878788,37,92,3,0,10,108,14,0,27,3,102
2011-08-10 10:25:02,Normal,86,3,89,914758,19179,3195451,3104,539.6671907191012,37,41,11,0,8,75,6,0,19,2,68
2011-08-10 10:25:03,Normal,91,0,91,1273302,18621,2622973,59014,1037.5035722637363,42,44,5,0,16,66,9,0,14,5,69
2011-08-10 10:25:04,Normal,97,0,97,1112312,3130,2907772,52218,451.781937443299,48,41,8,0,10,81,6,0,12,3,82
2011-08-10 10:25:05,Normal,141,0,141,1131329,56023,5318125,14916,506.43701593617027,46,84,11,0,10,121,10,0,16,4,121
2011-08-10 10:25:06,Normal,88,0,88,819836,11664,3476551,4942,622.4170979545455,29,55,4,0,8,76,4,0,11,0,75
2011-08-10 10:25:07,Normal,117,0,117,1183807,36341,4377185,17218,453.4333829230768,30,79,8,0,22,85,10,0,24,5,87
2011-08-10 10:25:08,Normal,125,0,125,1328530,4546,4700179,62147,357.018883424,37,83,5,0,27,86,12,0,25,5,95
2011-08-10 10:25:09,Normal,213,0,213,1791365,25691,8471078,51913,370.88259754460097,44,158,11,0,17,162,34,0,45,8,160
2011-08-10 10:25:10,Normal,134,0,134,1571043,7474,4800771,60097,516.3832178656716,39,87,8,0,18,106,10,0,13,3,118
2011-08-10 10:25:11,Normal,104,0,104,1381593,64253,3335408,13371,737.1653870865383,40,52,12,0,12,83,9,0,11,1,92
2011-08-10 10:25:12,Normal,121,3,124,1219735,19401,4570801,57053,370.7852913064516,43,72,9,0,16,99,9,0,23,2,99
2011-08-10 10:25:13,Normal,124,0,124,2047485,19856,3726093,44581,560.3176898790323,34,81,9,0,27,83,14,0,21,2,99
2011-08-10 10:25:14,Normal,126,0,126,1985258,55646,4747849,14905,540.6886625555555,47,71,8,0,22,94,10,0,15,2,108
2011-08-10 10:25:15,Normal,112,0,112,1801744,16880,4392291,2310,647.9149174285714,41,66,5,0,26,79,7,0,17,1,94
2011-08-10 10:25:16,Normal,100,0,100,1410752,17424,2754815,6670,794.47288472,37,53,10,0,23,70,7,0,13,3,82
2011-08-10 10:25:17,Normal,160,0,160,2903173,18546,6593893,3620,785.75377279375,42,113,5,0,56,83,21,0,26,1,133
2011-08-10 10:25:18,Normal,105,0,105,1389645,43949,3699156,14134,596.5492975238095,36,59,10,0,18,77,10,0,15,2,88
2011-08-10 10:25:19,Normal,128,3,131,1102413,37639,5087760,15934,429.5164348396947,38,88,5,0,26,98,6,1,26,4,100
2011-08-10 10:25:20,Normal,111,0,111,1146851,4658,4429217,59426,731.2588170810811,38,64,9,0,13,91,6,1,16,0,92
2011-08-10 10:25:21,Normal,106,0,106,1150139,5489,3890257,61221,508.6248047075472,27,67,12,0,17,83,6,0,15,1,90
2011-08-10 10:25:22,Normal,144,3,147,1830787,4828,5000928,40124,475.96292534693873,39,100,8,0,19,118,9,1,15,6,124
2011-08-10 10:25:23,Normal,123,0,123,1010274,5706,5011278,33901,530.5701166910568,33,83,7,0,34,83,5,1,32,0,88
2011-08-10 10:25:24,Normal,102,0,102,906150,19013,4334070,12458,551.4045367254902,38,56,8,0,10,84,8,0,16,2,84
2011-08-10 10:25:25,Normal,134,0,134,1056569,6641,5843087,58366,390.8149849626865,42,83,9,0,14,107,12,1,25,1,107
2011-08-10 10:25:26,Normal,161,0,161,1379513,7690,6963990,68412,348.5054730248447,52,104,5,0,11,144,6,0,25,6,130
2011-08-10 10:25:27,Normal,128,0,128,1342631,19154,4688329,53087,456.442794484375,41,76,11,0,16,100,12,0,19,1,106
2011-08-10 10:25:28,Normal,91,0,91,985167,17307,3217055,14313,589.4991188021978,33,50,8,0,15,71,5,0,15,2,73
2011-08-10 10:25:29,Normal,83,0,83,1067572,14776,3005991,14134,441.8048952771084,37,39,7,0,10,71,1,1,5,1,76
2011-08-10 10:25:30,Normal,103,0,103,1063003,16885,4036395,35737,668.7297558349516,41,58,4,0,28,74,1,0,26,2,75
2011-08-10 10:25:31,Normal,137,0,137,1110644,20379,4369384,40284,306.33370267883214,32,97,8,0,42,86,9,0,47,2,88
2011-08-10 10:25:32,Normal,173,3,176,1274703,22611,6820833,15676,342.27358082954544,37,129,10,0,34,124,18,0,49,3,124
2011-08-10 10:25:33,Normal,110,0,110,1094642,16813,4211054,23502,334.12213810000003,30,71,9,0,19,82,9,0,22,2,85
2011-08-10 10:25:34,Normal,112,0,112,1178743,18856,4150869,28432,470.48418208928575,44,57,11,0,23,79,10,0,27,4,81
2011-08-10 10:25:35,Normal,137,0,137,1133982,21381,5308823,49887,436.64876883211684,53,79,5,0,11,113,13,0,28,2,107
2011-08-10 10:25:36,Normal,169,0,169,1019900,8079,4784769,60027,255.7607064852071,29,133,7,0,62,99,8,0,66,5,98
2011-08-10 10:25:37,Normal,121,0,121,1143907,18162,3280288,24295,648.7011127355371,40,76,5,0,42,77,2,0,35,1,85
2011-08-10 10:25:38,Normal,111,0,111,1051219,18715,3783550,15558,338.0905762702702,31,72,8,0,26,79,6,0,28,1,82
2011-08-10 10:25:39,Normal,82,0,82,885234,17376,2664038,51951,684.666267195122,37,38,7,0,11,64,7,0,15,1,65
2011-08-10 10:25:40,Normal,104,0,104,1305939,17693,3621060,3141,411.73207366346156,47,47,10,0,12,89,3,0,12,2,89
2011-08-10 10:25:41,Normal,89,2,91,747129,46211,3498967,1355,513.0230319670329,33,51,7,0,14,73,4,0,19,0,72
2011-08-10 10:25:42,Normal,122,3,125,1236578,6721,4597330,51454,652.3493694,49,71,5,0,13,101,11,0,19,2,103
2011-08-10 10:25:43,Normal,109,0,109,1067899,18649,4104705,60968,444.39497868807337,36,65,8,0,7,92,10,0,19,3,87
2011-08-10 10:25:44,Normal,147,0,147,1037332,21866,6281370,33117,362.1319326870748,40,96,11,0,11,132,4,0,55,1,90
2011-08-10 10:25:45,Normal,115,0,115,900551,20456,4545474,30628,506.8325866,39,63,13,0,4,97,14,0,21,2,92
2011-08-10 10:25:46,Normal,137,0,137,1143994,7058,5420722,58612,450.36662029927015,46,84,7,0,19,114,4,0,24,2,109
2011-08-10 10:25:47,Normal,154,0,154,1165414,19978,5612603,27892,430.65069233116884,45,105,4,0,23,127,4,0,28,5,121
2011-08-10 10:25:48,Normal,113,0,113,1495239,19180,3887601,68221,512.1764069911505,44,62,7,0,16,91,6,0,15,6,92
2011-08-10 10:25:49,Normal,104,3,107,985937,4780,3924574,52366,421.2133571028037,42,60,5,0,11,86,10,0,11,1,93
2011-08-10 10:25:50,Normal,127,0,127,1326298,19610,4317418,29420,508.51140770078746,39,81,7,0,18,91,18,0,30,4,92
2011-08-10 10:25:51,Normal,178,0,178,1440921,21447,5790840,32091,406.04035791573034,39,130,9,0,53,115,10,0,54,3,121
2011-08-10 10:25:52,Normal,135,3,138,1033439,6958,5285816,49692,315.9907672318841,32,97,9,0,30,99,9,0,43,0,95
2011-08-10 10:25:53,Normal,186,0,186,1220918,20898,7194155,50603,341.49591989784943,39,137,10,0,30,153,3,0,35,5,146
2011-08-10 10:25:54,Normal,145,0,145,1185760,38701,5064808,22628,423.9343741655172,43,95,7,0,19,125,1,0,28,1,116
2011-08-10 10:25:55,Normal,101,0,101,1041410,2446,3327143,35577,594.413100950495,38,53,10,0,20,78,3,0,16,2,83
2011-08-10 10:25:56,Normal,129,0,129,1171582,18839,3832750,7165,297.68878254263564,33,85,11,0,37,88,4,0,27,1,101
2011-08-10 10:25:57,Normal,118,0,118,990562,18010,3611981,23824,315.7977582033898,32,77,9,0,29,86,3,0,36,2,80
2011-08-10 10:25:58,Normal,115,0,115,947243,3968,3350214,52500,645.4230903826086,46,64,5,0,30,84,1,0,40,2,73
2011-08-10 10:25:59,Normal,135,0,135,1169371,6263,4546713,3021,392.3052745111111,35,93,7,0,33,102,0,0,50,1,84
2011-08-10 10:26:00,Normal,111,0,111,1237120,38115,4343637,14913,439.86974297297303,41,62,8,0,14,96,1,0,10,3,98
2011-08-10 10:26:01,Normal,131,0,131,946024,5966,5355998,58442,487.21966006870235,40,83,8,0,6,121,4,0,13,2,116
2011-08-10 10:26:02,Normal,125,3,128,976409,6859,4936797,51502,476.86938451562503,35,84,9,0,10,114,4,0,32,0,96
2011-08-10 10:26:03,Normal,126,0,126,1097131,17985,4572937,42022,516.9024071746032,43,76,7,0,12,114,0,0,20,1,105
2011-08-10 10:26:04,Normal,192,0,192,1111325,22593,8240453,28549,311.0694625885416,47,136,9,0,17,174,1,0,88,1,103
2011-08-10 10:26:05,Normal,127,3,130,809918,19318,5499720,46528,275.1508179461539,34,86,10,0,6,115,9,0,36,1,93
2011-08-10 10:26:06,Normal,108,0,108,908559,17626,4158388,58363,387.31147513888897,38,65,5,0,25,75,8,0,26,1,81
2011-08-10 10:26:07,Normal,105,0,105,888978,3069,4223507,51661,702.3406092095239,35,63,7,0,5,97,3,0,7,0,98
2011-08-10 10:26:08,Normal,117,0,117,1113365,17741,4333597,32090,504.2435057435897,51,54,12,0,11,103,3,0,9,2,106
2011-08-10 10:26:09,Normal,119,0,119,851071,18209,4564295,49658,440.25964073109225,36,79,4,0,20,94,5,0,21,2,96
2011-08-10 10:26:10,Normal,100,0,100,680631,16202,3917250,32538,373.49517564,32,60,8,0,6,94,0,0,7,0,93
2011-08-10 10:26:11,Normal,96,0,96,978058,17236,3539716,34743,570.1056048854167,41,49,6,0,8,88,0,0,6,2,87
2011-08-10 10:26:12,Normal,88,3,91,726710,63447,3325185,13363,424.78696419780215,32,50,9,0,5,84,2,0,9,0,82
2011-08-10 10:26:13,Normal,107,0,107,1428770,17258,3811306,39571,894.1016519813085,26,74,7,0,21,80,6,0,12,1,94
2011-08-10 10:26:14,Normal,101,0,101,1087253,16489,3931553,8248,564.256507871287,29,61,11,0,12,88,1,0,6,1,94
2011-08-10 10:26:15,Normal,110,0,110,848234,19116,4280410,2195,374.4523450454544,39,63,8,0,16,92,2,0,15,0,95
2011-08-10 10:26:16,Normal,113,0,113,1017134,18164,3668818,3039,442.5340153893805,40,61,12,0,18,91,4,0,23,2,88
2011-08-10 10:26:17,Normal,109,0,109,752637,18253,3926060,9238,505.33992886238536,37,63,9,0,19,83,7,0,27,0,82
2011-08-10 10:26:18,Normal,108,0,108,1220069,16735,3699956,55635,468.4251268148148,47,53,8,0,14,94,0,0,6,2,100
2011-08-10 10:26:19,Normal,112,3,115,759469,17763,4683465,53615,556.8066558086957,34,72,9,0,18,91,4,2,24,1,88
2011-08-10 10:26:20,Normal,118,0,118,1275145,60018,4652144,14903,489.8274890847458,42,67,9,0,10,104,3,1,9,3,105
2011-08-10 10:26:21,Normal,197,0,197,1287863,10085,7702359,58236,379.1596047614214,39,150,8,0,72,113,12,0,77,1,119
2011-08-10 10:26:22,Normal,108,3,111,1048043,19979,4084542,23493,580.4334518648649,34,72,5,0,11,93,7,0,15,0,95
2011-08-10 10:26:23,Normal,199,0,199,2023750,8660,8078381,50691,377.34942841708545,32,157,10,0,58,109,32,0,56,2,140
2011-08-10 10:26:24,Normal,122,0,122,1891116,33937,4363084,53351,649.6241895245902,40,73,9,0,21,94,6,1,13,3,105
2011-08-10 10:26:25,Normal,111,0,111,1329870,18723,4381353,62386,454.60986137837835,26,78,7,0,26,75,10,0,18,1,92
2011-08-10 10:26:26,Normal,115,0,115,1382942,17363,3710360,3883,434.4470313130435,40,68,7,0,17,94,4,0,14,1,99
2011-08-10 10:26:27,Normal,99,0,99,1047354,6705,3465739,57217,540.2939294848485,32,63,4,0,18,72,8,1,18,0,79
2011-08-10 10:26:28,Normal,105,0,105,840134,17843,4242289,30760,321.1330534095238,36,61,8,0,12,88,5,0,16,0,89
2011-08-10 10:26:29,Normal,88,0,88,1122894,2452,3279763,52908,750.4703149318182,46,39,3,0,9,75,4,0,10,2,76
2011-08-10 10:26:30,Normal,133,0,133,1849245,17215,4312762,2458,782.3379230225562,43,86,4,0,24,105,4,0,6,0,126
2011-08-10 10:26:31,Normal,114,0,114,1735787,17125,3597270,32504,561.295555877193,42,67,5,0,21,89,4,0,10,5,98
2011-08-10 10:26:32,Normal,113,4,117,1347699,17799,4070392,18413,482.7593804615384,30,80,7,0,21,87,9,0,15,1,101
2011-08-10 10:26:33,Normal,138,0,138,1179947,19124,5614125,43436,335.4237862753623,31,102,5,0,15,122,1,0,12,3,123
2011-08-10 10:26:34,Normal,137,0,137,794240,7806,5507041,42355,370.3335522992701,42,90,5,0,8,124,5,0,33,2,102
2011-08-10 10:26:35,Normal,251,0,251,1254679,27105,11105254,5440,333.8196076693227,45,198,8,0,44,171,36,0,76,3,171
2011-08-10 10:26:36,Normal,167,0,167,1006894,20425,6728437,28595,335.08060072455083,27,133,7,0,31,131,5,0,29,0,138
2011-08-10 10:26:37,Normal,100,0,100,744068,17864,3849147,7589,270.60965113,23,70,7,0,27,66,7,0,29,2,68
2011-08-10 10:26:38,Normal,96,0,96,1046144,17269,3632733,29938,505.00794355208336,37,57,2,0,15,73,8,0,15,2,79
2011-08-10 10:26:39,Normal,208,0,208,1385754,10292,9726771,53093,365.0559272788462,46,152,10,0,64,134,10,0,70,3,135
2011-08-10 10:26:40,Normal,129,0,129,1483233,16378,4678174,18254,598.0598286279069,48,69,12,0,13,115,1,0,5,1,122
2011-08-10 10:26:41,Normal,117,0,117,902320,19151,4725195,59975,446.2451213846154,38,73,6,0,15,97,5,0,14,0,102
2011-08-10 10:26:42,Normal,105,3,108,926146,19117,4488033,80,538.5498563425926,35,67,6,0,9,89,10,0,14,0,94
2011-08-10 10:26:43,Normal,94,0,94,941157,17612,3296180,11294,661.687952787234,36,51,7,0,9,80,5,0,10,2,82
2011-08-10 10:26:44,Normal,159,0,159,1091645,21751,6465725,17019,343.35449191194976,33,114,12,0,39,99,21,0,52,3,104
2011-08-10 10:26:45,Normal,105,2,107,814837,18907,3759967,43719,325.15353073831784,31,65,11,0,7,91,9,0,21,2,84
2011-08-10 10:26:46,Normal,135,0,135,945943,9723,5107777,50795,366.51620305185185,38,87,10,0,10,116,9,0,22,3,110
2011-08-10 10:26:47,Normal,116,0,116,1674174,6000,3698981,44271,797.8709909310345,42,67,7,0,26,78,12,0,19,2,95
2011-08-10 10:26:48,Normal,98,0,98,805517,14355,3618891,2788,472.7747321734693,34,57,7,0,11,79,8,0,22,3,73
2011-08-10 10:26:49,Normal,103,3,106,975808,16352,3830340,45177,474.2345876037735,39,58,9,0,7,97,2,0,5,1,99
2011-08-10 10:26:50,Normal,87,0,87,897617,17322,3129106,10055,321.5109703448277,42,41,4,0,11,75,1,0,9,5,73
2011-08-10 10:26:51,Normal,169,0,169,976128,8285,7383279,64302,278.0931723550296,38,129,2,0,9,158,2,0,10,4,155
2011-08-10 10:26:52,Normal,109,3,112,812962,17667,4290058,44349,289.7963343392857,47,59,6,0,8,93,11,0,23,0,89
2011-08-10 10:26:53,Normal,96,0,96,943083,18117,3861700,64991,386.9746176354167,35,57,4,0,9,79,8,0,13,2,81
2011-08-10 10:26:54,Normal,83,0,83,762521,16373,3078615,31881,670.7653873975903,30,47,6,0,7,68,8,0,12,1,70
2011-08-10 10:26:55,Normal,91,0,91,1141174,1512,3586409,40813,646.1623663296704,37,47,7,0,12,78,1,0,5,3,83
2011-08-10 10:26:56,Normal,115,0,115,868729,19531,4740664,14911,508.54294881739133,29,78,8,0,9,99,7,0,13,2,100
2011-08-10 10:26:57,Normal,116,0,116,1282129,3433,4385600,59792,554.7435159310345,40,65,11,0,10,103,3,0,12,4,100
2011-08-10 10:26:58,Normal,123,0,123,1444403,3780,4354809,35340,370.29615327642273,50,67,6,0,14,106,3,0,15,4,103
2011-08-10 10:26:59,Normal,239,0,239,1278210,24359,11185889,35510,224.12036312133895,30,199,10,0,20,216,3,0,15,1,223
2011-08-10 10:27:00,Normal,149,0,149,1197981,18617,6095306,55193,493.0403175973155,48,91,10,0,13,131,5,0,16,6,126
2011-08-10 10:27:01,Normal,138,0,138,1392801,19556,5325782,44094,486.77524930434777,51,75,12,0,15,118,5,0,19,4,115
2011-08-10 10:27:02,Normal,113,3,116,906722,6801,4275168,54804,385.2597495689655,32,74,10,0,17,92,7,0,22,3,90
2011-08-10 10:27:03,Normal,116,0,116,666039,5005,4486154,48889,283.7641956034483,39,73,4,0,10,97,9,0,24,2,90
2011-08-10 10:27:04,Normal,82,0,82,1001959,15309,2983213,21004,588.3832891097561,28,39,15,0,4,76,2,0,5,4,73
2011-08-10 10:27:05,Normal,111,0,111,1240080,3584,3890765,51416,793.6265060360361,47,56,8,0,17,94,0,0,12,1,98
2011-08-10 10:27:06,Normal,111,0,111,939245,40536,3915328,48375,462.2503544144143,38,66,7,0,10,100,1,0,13,0,98
2011-08-10 10:27:07,Normal,110,0,110,912371,17197,4757039,10616,408.05353286363624,38,61,11,0,6,103,1,0,12,1,97
2011-08-10 10:27:08,Normal,121,0,121,948213,17159,4720016,55865,386.310487429752,30,88,3,0,8,113,0,0,9,12,100
2011-08-10 10:27:09,Normal,132,0,132,851780,18848,5269249,61886,352.7456062045455,43,83,6,0,10,120,2,0,11,3,118
2011-08-10 10:27:10,Normal,179,0,179,1839710,19106,6543133,55177,568.6481621005586,41,127,11,0,28,136,15,0,21,6,152
2011-08-10 10:27:11,Normal,127,0,127,743246,19559,5087158,66368,319.8576693228346,35,84,8,0,15,104,8,0,24,5,98
2011-08-10 10:27:12,Normal,106,3,109,980197,17808,4153572,3725,496.9659098073394,56,46,7,0,4,102,3,0,11,1,96
2011-08-10 10:27:13,Normal,171,0,171,939044,9515,7339265,40493,291.6559180233918,47,116,8,0,36,121,12,2,54,3,114
2011-08-10 10:27:14,Normal,89,0,89,747972,17729,3307186,55576,499.0635832134832,32,46,11,0,8,79,2,0,13,1,75
2011-08-10 10:27:15,Normal,131,75,206,1128397,22210,8404757,62906,328.4486770970874,39,155,12,0,29,168,9,0,34,1,171
2011-08-10 10:27:16,Normal,193,0,193,1305576,22923,8272904,64525,285.3069250103627,35,152,6,0,28,146,19,0,31,1,161
2011-08-10 10:27:17,Normal,115,0,115,801948,17685,4392055,64896,362.53839419130435,29,78,8,0,23,91,1,0,24,2,89
2011-08-10 10:27:18,Normal,120,0,120,1838041,16249,3793511,13648,653.4260379583333,38,69,13,0,16,95,9,0,12,4,104
2011-08-10 10:27:19,Normal,147,7,154,1710873,17610,5980775,54698,507.588063448052,46,97,11,0,23,122,7,2,18,3,132
2011-08-10 10:27:20,Normal,93,0,93,1182419,18191,3307871,37373,587.1902671290321,36,49,8,0,11,78,3,1,8,1,83
2011-08-10 10:27:21,Normal,115,4,119,878502,18874,4486292,51065,442.1705708235293,45,66,8,0,14,102,2,1,17,1,100
2011-08-10 10:27:22,Normal,122,3,125,729671,21465,5130173,53168,204.02734028799995,38,82,5,0,15,101,9,0,24,1,99
2011-08-10 10:27:23,Normal,143,0,143,1183825,56618,5391460,14651,376.1652916013987,41,93,9,0,34,100,8,1,34,3,105
2011-08-10 10:27:24,Normal,146,0,146,1189314,70170,4559909,13363,412.902460260274,48,86,12,0,36,109,1,0,38,0,108
2011-08-10 10:27:25,Normal,96,0,96,880763,17028,3459323,63111,487.25986172916663,34,54,8,0,10,80,6,0,14,0,82
2011-08-10 10:27:26,Normal,97,0,97,948831,16529,3532480,36860,645.5273070309279,33,58,6,0,12,81,4,0,6,2,88
2011-08-10 10:27:27,Normal,134,0,134,773638,6303,5539324,2696,262.3760774477612,30,91,13,0,23,101,9,1,37,1,94
2011-08-10 10:27:28,Normal,125,0,125,891133,19873,4952671,46103,450.392315008,48,68,9,0,17,104,4,0,17,2,106
2011-08-10 10:27:29,Normal,123,0,123,1268957,17553,4300146,3747,552.4678125772358,50,62,11,0,13,109,1,0,13,1,109
2011-08-10 10:27:30,Normal,98,0,98,1398353,16699,3281601,47752,601.2224308877551,42,50,6,0,16,82,0,0,13,1,84
2011-08-10 10:27:31,Normal,122,0,122,940938,20839,4668062,46514,358.1156773934427,23,86,13,0,19,102,1,0,16,1,105
2011-08-10 10:27:32,Normal,139,3,142,1057470,21314,5706567,26006,441.6623084507042,37,98,7,0,14,117,11,0,27,2,113
2011-08-10 10:27:33,Normal,93,0,93,822844,15568,3539692,45923,563.7295478924731,27,58,8,0,11,80,2,0,11,1,81
2011-08-10 10:27:34,Normal,118,0,118,874442,19391,4755701,59030,373.15245192372885,32,79,7,0,15,100,3,0,12,0,106
2011-08-10 10:27:35,Normal,126,0,126,1428450,6480,4744658,63250,309.3633574047619,43,72,11,0,17,102,7,0,16,4,106
2011-08-10 10:27:36,Normal,131,0,131,1063113,19164,4812188,35433,513.8031745954198,47,80,4,0,16,112,3,0,20,2,109
2011-08-10 10:27:37,Normal,142,0,142,1617492,17938,6391305,60787,697.8814588169014,44,95,3,0,29,108,5,0,15,1,126
2011-08-10 10:27:38,Normal,79,0,79,884206,15711,2846901,51651,501.2301972405063,39,32,8,0,8,68,3,0,14,0,65
2011-08-10 10:27:39,Normal,126,0,126,734678,5721,5446149,64958,284.85421451587297,30,90,6,0,22,99,5,0,27,1,97
2011-08-10 10:27:40,Normal,171,10,181,893270,10389,7328808,50538,231.7195433977901,45,124,12,0,45,130,5,1,64,0,117
2011-08-10 10:27:41,Normal,103,0,103,767335,17451,4004318,49804,248.91677943689322,43,55,5,0,6,95,2,0,11,1,91
2011-08-10 10:27:42,Normal,97,6,103,990839,37718,3579732,13997,415.3474409805825,33,59,11,0,17,79,7,0,20,1,82
2011-08-10 10:27:43,Normal,98,0,98,909863,17061,3519174,29622,487.93340685714287,40,48,10,0,11,85,2,0,14,2,82
2011-08-10 10:27:44,Normal,98,0,98,709580,17602,3714459,26146,293.070469132653,41,52,5,0,8,90,0,0,5,0,93
2011-08-10 10:27:45,Normal,90,0,90,673344,3858,3482150,51448,420.3460159333333,21,62,6,0,11,73,5,0,13,0,76
2011-08-10 10:27:46,Normal,103,0,103,885302,3449,3713640,35291,652.5043619999999,43,51,9,0,6,96,1,0,9,1,93
2011-08-10 10:27:47,Normal,103,0,103,964758,16755,4051400,23918,444.47633176699037,31,63,9,0,17,85,1,0,18,1,84
2011-08-10 10:27:48,Normal,89,0,89,940461,9465,3143380,2147,561.3027048651686,36,44,9,0,10,77,2,0,8,0,80
2011-08-10 10:27:49,Normal,83,5,88,917903,9290,3234467,1720,631.7679490454545,39,41,8,0,13,72,3,0,11,0,76
2011-08-10 10:27:50,Normal,96,0,96,616926,16417,4096338,9746,349.01535348958333,33,59,4,0,10,81,5,0,18,1,76
2011-08-10 10:27:51,Normal,113,0,113,882792,4502,4396667,40258,503.43893278761067,42,60,11,0,6,104,3,0,11,1,100
2011-08-10 10:27:52,Normal,87,3,90,917274,9393,3375080,13997,577.4984181666666,29,54,7,0,15,73,2,0,5,1,84
2011-08-10 10:27:53,Normal,77,0,77,1024775,15106,2624800,18801,398.56419018181816,27,35,15,0,7,67,3,0,5,3,69
2011-08-10 10:27:54,Normal,78,0,78,707828,1804,2814235,60764,380.7957580000001,35,37,6,0,1,75,2,0,5,2,71
2011-08-10 10:27:55,Normal,88,0,88,716247,15647,3660760,14697,204.7363739772727,34,43,11,0,3,80,5,0,12,0,76
2011-08-10 10:27:56,Normal,104,0,104,530230,4626,4748327,57502,336.61456055769236,25,70,9,0,4,93,7,0,16,0,88
2011-08-10 10:27:57,Normal,122,0,122,776855,5969,4869827,51200,307.2053852213115,32,85,5,0,18,95,9,0,24,4,94
2011-08-10 10:27:58,Normal,97,0,97,795617,3800,3852624,37453,402.8586977422681,38,52,7,0,11,82,4,0,12,0,85
2011-08-10 10:27:59,Normal,117,0,117,847792,6619,4429921,20255,526.5095564786325,38,72,7,0,22,94,1,0,24,1,92
2011-08-10 10:28:00,Normal,77,0,77,785936,2532,2710441,51544,579.8207684675325,33,37,7,0,7,66,4,0,11,0,66
2011-08-10 10:28:01,Normal,128,0,128,1005166,5114,4403991,57485,308.32168384375007,40,78,10,0,21,99,8,0,27,3,97
2011-08-10 10:28:02,Normal,128,3,131,1226708,7274,5076897,52195,411.4584552442748,38,79,14,0,26,101,4,0,24,3,103
2011-08-10 10:28:03,Normal,80,0,80,497550,17789,3005937,55059,276.388091575,22,55,3,0,7,70,3,0,11,2,66
2011-08-10 10:28:04,Normal,79,0,79,982577,2203,2551449,60401,611.3758739999998,39,31,9,0,7,71,1,0,7,3,69
2011-08-10 10:28:05,Normal,106,0,106,867429,17719,4089225,51595,373.304712226415,36,62,8,0,10,93,3,0,19,5,82
2011-08-10 10:28:06,Normal,161,0,161,1353461,46242,6425167,3082,343.2420194534161,47,106,8,0,24,120,17,0,48,6,107
2011-08-10 10:28:07,Normal,116,0,116,1190028,16364,3908512,5545,406.4317766293104,38,62,16,0,10,100,6,0,16,4,96
2011-08-10 10:28:08,Normal,93,0,93,633689,4215,3890749,56428,343.19175173118276,28,55,10,0,14,72,7,0,21,2,70
2011-08-10 10:28:09,Normal,158,0,158,1302741,7598,6145225,40965,355.88341610759494,42,107,9,0,31,123,4,0,33,9,116
2011-08-10 10:28:10,Normal,123,0,123,952735,18648,4890836,27629,279.9967981056911,38,77,8,0,14,107,2,0,19,6,98
2011-08-10 10:28:11,Normal,111,2,113,805335,17876,4634592,16060,512.6184941150443,29,72,12,0,7,100,6,0,13,5,95
2011-08-10 10:28:12,Normal,198,6,204,1037538,27672,8550272,30065,207.77759502941177,36,155,13,0,48,140,16,0,68,5,130
2011-08-10 10:28:13,Normal,157,1,158,916804,21143,6715856,12664,280.9526723164557,44,101,13,0,8,121,29,0,45,1,112
2011-08-10 10:28:14,Normal,86,0,86,625428,15380,3181199,259,477.13865401162786,39,40,7,0,4,81,1,0,9,1,76
2011-08-10 10:28:15,Normal,83,0,83,700786,3212,2979762,2468,300.679609192771,36,42,5,0,5,78,0,0,9,1,73
2011-08-10 10:28:16,Normal,84,0,84,910581,17465,2789619,37441,521.9096208214285,39,40,5,0,12,72,0,0,13,3,68
2011-08-10 10:28:17,Normal,147,0,147,933869,19705,6036855,34891,273.416071292517,41,99,7,0,5,139,3,0,13,5,129
2011-08-10 10:28:18,Normal,161,0,161,886416,26242,6595321,61943,387.45310286956516,38,99,24,0,38,108,15,0,71,4,85
2011-08-10 10:28:19,Normal,85,3,88,814676,18036,3087513,8954,251.46800485227274,32,48,8,0,7,79,1,1,11,4,72
2011-08-10 10:28:20,Normal,81,0,81,1012935,62190,2545876,15671,639.9771966790123,34,39,8,0,10,70,1,0,8,4,68
2011-08-10 10:28:21,Normal,102,0,102,756149,63296,3514164,25667,373.12222362745086,36,59,7,0,16,84,1,1,21,2,77
2011-08-10 10:28:22,Normal,114,3,117,806658,18900,4153434,60173,335.06226828205126,34,56,27,0,11,104,2,0,29,2,86
2011-08-10 10:28:23,Normal,159,1,160,937349,7678,6526497,30263,216.83373135624998,35,117,8,0,18,129,11,2,32,7,118
2011-08-10 10:28:24,Normal,158,0,158,1086791,20494,6937988,33532,238.49777252531646,30,119,9,0,9,142,6,1,16,7,134
2011-08-10 10:28:25,Normal,92,0,92,763164,16747,3239596,10022,442.7319476195651,35,44,13,0,10,76,6,0,16,1,74
2011-08-10 10:28:26,Normal,107,0,107,1002836,17347,3853314,18376,399.3402046168224,37,61,9,0,14,90,3,0,15,2,90
2011-08-10 10:28:27,Normal,113,0,113,912444,4192,4186302,40828,511.42221100000006,38,72,3,0,10,99,4,0,16,2,95
2011-08-10 10:28:28,Normal,127,0,127,1066419,19738,4979463,22901,365.24995797637786,36,88,3,0,12,104,11,0,23,3,101
2011-08-10 10:28:29,Normal,104,0,104,681796,4540,4398611,60701,457.7790300576923,34,61,9,0,10,92,2,0,12,2,90
2011-08-10 10:28:30,Normal,81,0,81,931469,16588,3036092,58907,771.9177262222222,36,38,7,0,4,75,2,0,8,3,70
2011-08-10 10:28:31,Normal,82,0,82,680923,15931,2848360,60021,479.72860569512187,27,49,6,0,5,75,2,0,7,3,72
2011-08-10 10:28:32,Normal,100,3,103,806886,3903,3906320,55040,360.4578969708738,36,60,7,0,13,87,3,0,14,4,84
2011-08-10 10:28:33,Normal,190,0,190,1521274,21533,8030174,21057,236.07755359473686,38,148,4,0,15,164,11,0,28,13,149
2011-08-10 10:28:34,Normal,190,0,190,1388430,20941,7570503,70861,334.59658816842114,48,135,7,0,11,176,3,0,23,12,155
2011-08-10 10:28:35,Normal,207,0,207,1708721,10228,8232024,66637,298.93411431884056,33,169,5,0,56,146,5,0,54,17,136
2011-08-10 10:28:36,Normal,124,0,124,1053891,17684,4452111,17929,315.76069429838714,39,79,6,0,22,100,2,0,21,7,96
2011-08-10 10:28:37,Normal,96,0,96,749223,3479,3531403,2443,322.14749349999994,34,55,7,0,16,75,5,0,17,2,77
2011-08-10 10:28:38,Normal,116,0,116,1074950,17463,5135647,60684,255.63420143103448,36,72,8,0,14,100,2,0,16,3,97
2011-08-10 10:28:39,Normal,171,0,171,1670751,6367,7197564,55281,460.93652508771925,48,117,6,0,60,109,2,0,47,2,121
2011-08-10 10:28:40,Normal,130,0,130,1201920,43801,5235118,28723,458.57676973076923,44,76,10,0,26,93,11,0,30,2,97
2011-08-10 10:28:41,Normal,81,0,81,994079,15300,2544315,25721,876.495555037037,36,38,7,0,17,60,4,0,8,2,70
2011-08-10 10:28:42,Normal,106,3,109,1052034,16867,4003079,49187,544.4527118256881,42,59,8,0,15,88,4,2,13,3,93
2011-08-10 10:28:43,Normal,152,2,154,950914,21682,4865710,13834,313.11296878571426,35,111,8,0,58,87,9,0,64,3,87
2011-08-10 10:28:44,Normal,105,0,105,917450,16247,4018315,53312,453.9983367238096,43,53,9,0,5,99,1,0,8,1,96
2011-08-10 10:28:45,Normal,100,0,100,941241,3632,3880063,59631,490.2603105,33,53,14,0,10,82,8,0,4,4,92
2011-08-10 10:28:46,Normal,79,0,79,892112,16278,2557444,51159,526.1898506075948,36,34,9,0,10,68,1,0,8,4,67
2011-08-10 10:28:47,Normal,164,0,164,2165391,19788,7464507,37346,493.92295918902437,33,126,5,0,40,107,17,0,25,4,135
2011-08-10 10:28:48,Normal,144,0,144,1562649,18931,5468477,16151,488.31040609722226,43,95,6,0,14,125,5,0,13,2,129
2011-08-10 10:28:49,Normal,207,3,210,1496868,8923,8664899,44285,345.78015098571433,33,175,2,0,26,171,13,0,23,2,185
2011-08-10 10:28:50,Normal,131,0,131,2334763,17728,5895350,40458,840.2176939923663,32,96,3,0,39,84,8,0,8,7,116
2011-08-10 10:28:51,Normal,72,0,72,743090,16699,2272988,15792,550.010258111111,41,23,8,0,2,68,2,0,6,2,64
2011-08-10 10:28:52,Normal,123,3,126,1461443,18207,4994798,53000,436.87255955555554,50,74,2,0,20,101,5,0,22,3,101
2011-08-10 10:28:53,Normal,97,2,99,759440,3125,3938048,36401,366.2523933434343,41,56,2,0,6,91,2,0,10,1,87
2011-08-10 10:28:54,Normal,100,0,100,921264,16395,3724085,13882,579.95042491,39,56,5,0,7,91,2,0,10,2,88
2011-08-10 10:28:55,Normal,84,12,96,962133,16550,3424574,61967,454.3526675937499,38,46,12,0,5,86,5,0,13,1,81
2011-08-10 10:28:56,Normal,100,5,105,1235860,16628,4002987,16897,403.88357405714277,38,59,8,0,13,88,4,0,14,2,88
2011-08-10 10:28:57,Normal,96,0,96,854594,16149,3440043,57214,510.4431222291667,41,48,7,0,7,86,3,0,8,2,86
2011-08-10 10:28:58,Normal,105,0,105,1227342,18092,3224352,23098,423.01196918095235,33,67,5,0,14,89,2,0,7,4,94
2011-08-10 10:28:59,Normal,133,0,133,1108597,5518,4831345,24678,277.0261539624061,33,91,9,0,24,108,1,0,19,4,110
2011-08-10 10:29:00,Normal,239,0,239,1700673,23186,11186976,5223,175.16876425941422,27,202,10,0,17,211,11,0,9,3,227
2011-08-10 10:29:01,Normal,92,0,92,1211059,15166,3449254,58883,607.8543122934782,37,51,4,0,12,79,1,0,3,3,86
2011-08-10 10:29:02,Normal,73,3,76,689736,16968,3042553,41500,467.56394069736837,31,43,2,0,6,68,2,0,7,2,67
2011-08-10 10:29:03,Normal,82,0,82,694468,4125,3038734,65663,380.7550880487804,29,47,6,0,9,70,3,0,8,1,73
2011-08-10 10:29:04,Normal,113,0,113,868368,16593,4249340,61428,435.64930029203543,47,57,9,0,3,109,1,0,7,2,103
2011-08-10 10:29:05,Normal,99,0,99,738588,18455,3581616,31407,210.0260657979798,34,58,7,0,20,76,3,0,24,3,72
2011-08-10 10:29:06,Normal,81,0,81,529418,3601,3160189,65087,271.40067822222227,36,41,4,0,5,67,7,2,23,2,56
2011-08-10 10:29:07,Normal,79,0,79,568952,4683,2954767,54169,310.6535355569621,37,36,6,0,6,73,0,0,11,2,66
2011-08-10 10:29:08,Normal,81,0,81,728435,38103,2944980,61598,422.52232016049385,36,42,3,0,8,73,0,0,5,2,74
2011-08-10 10:29:09,Normal,122,0,122,932968,20463,5253647,62349,457.20893417213114,36,79,7,0,9,111,2,0,12,3,107
2011-08-10 10:29:10,Normal,162,6,168,1024270,21266,7132130,24038,164.64851135119048,38,116,14,0,8,150,10,0,23,1,144
2011-08-10 10:29:11,Normal,108,0,108,573710,19366,4295496,8032,226.75255651851853,29,70,9,0,14,91,3,0,26,0,82
2011-08-10 10:29:12,Normal,92,3,95,670169,17499,3423547,11574,410.5268031368421,33,54,8,0,14,77,4,0,19,0,76
2011-08-10 10:29:13,Normal,75,0,75,670216,15611,2981695,40711,376.9787662,28,38,9,0,3,69,3,0,10,0,65
2011-08-10 10:29:14,Normal,100,0,100,935953,18435,3842651,2616,261.57335506,35,58,7,0,5,92,3,0,8,2,90
2011-08-10 10:29:15,Normal,91,0,91,763175,17837,3547844,40689,386.3262311648351,37,47,7,0,5,85,1,0,17,2,71
2011-08-10 10:29:16,Normal,115,0,115,846011,17361,4602359,17994,353.0150767130436,35,70,10,0,5,109,1,0,9,4,102
2011-08-10 10:29:17,Normal,139,0,139,1011136,5287,5444665,57277,329.8142150143884,35,96,8,0,7,128,4,0,6,3,130
2011-08-10 10:29:18,Normal,74,0,74,596916,16107,2930313,22140,586.6551065135135,32,38,4,0,8,64,2,0,9,0,65
2011-08-10 10:29:19,Normal,123,3,126,1076889,16881,4758396,53691,336.2226102460317,49,66,11,0,3,118,4,1,8,4,112
2011-08-10 10:29:20,Normal,84,0,84,678798,5064,3368195,51385,239.89043327380955,35,45,4,0,5,76,3,0,10,1,73
2011-08-10 10:29:21,Normal,193,0,193,548681,23210,8854925,21184,207.00780877202072,31,153,9,0,21,170,1,1,26,0,165
2011-08-10 10:29:22,Normal,90,3,93,903739,18492,3037999,34781,230.54097365591397,36,51,6,0,11,75,6,1,24,2,66
2011-08-10 10:29:23,Normal,100,0,100,1103985,15866,3602211,22110,439.8461332399999,42,51,7,0,9,88,3,0,13,3,84
2011-08-10 10:29:24,Normal,94,0,94,1111193,42150,3405000,14132,345.9252642446808,35,50,9,0,11,82,0,1,11,2,80
2011-08-10 10:29:25,Normal,86,0,86,725429,17074,3223715,45209,216.84561740697671,39,42,5,0,5,81,0,0,9,1,76
2011-08-10 10:29:26,Normal,84,0,84,761674,16447,3163019,13356,543.2519358333333,36,42,6,0,6,76,2,0,11,2,71
2011-08-10 10:29:27,Normal,96,0,96,593287,18084,3611984,8138,378.2046209375,33,60,3,0,8,86,2,0,17,1,78
2011-08-10 10:29:28,Normal,131,0,131,697842,6357,5167983,2468,310.02997496183207,37,87,7,0,3,128,0,0,10,1,120
2011-08-10 10:29:29,Normal,112,0,112,850862,19725,4475118,50581,267.49870888392854,43,63,6,0,11,97,4,0,18,1,93
2011-08-10 10:29:30,Normal,183,0,183,1173396,10410,7495910,33543,227.23021075409835,47,126,10,0,25,153,5,0,26,3,154
2011-08-10 10:29:31,Normal,83,0,83,932351,35633,2827584,14905,384.02515734939755,35,41,7,0,6,74,3,0,6,2,75
2011-08-10 10:29:32,Normal,118,3,121,1074740,18296,4678846,43599,400.8362167355372,36,70,15,0,15,103,3,0,17,3,101
2011-08-10 10:29:33,Normal,97,0,97,938862,20605,3381248,29763,537.03867785567,34,60,3,0,12,75,10,0,15,3,78
2011-08-10 10:29:34,Normal,124,3,127,1077189,18831,4777193,39098,273.49499917322834,38,80,9,0,13,113,1,0,9,0,118
2011-08-10 10:29:35,Normal,142,0,142,982683,20618,5681292,52535,324.1193115422535,44,90,8,0,36,90,16,0,51,3,88
2011-08-10 10:29:36,Normal,84,0,84,713473,18562,3173397,10182,244.18896413095231,26,47,11,0,10,68,6,0,18,3,63
2011-08-10 10:29:37,Normal,85,0,85,1055922,15524,3071742,26981,557.1961764352941,46,31,8,0,5,79,1,0,7,0,78
2011-08-10 10:29:38,Normal,98,0,98,831191,16017,3730602,15104,343.7910377653061,37,54,7,0,5,87,6,0,10,2,86
2011-08-10 10:29:39,Normal,92,0,92,1190942,4056,2955117,54424,440.654390902174,32,55,5,0,17,70,5,0,13,3,76
2011-08-10 10:29:40,Normal,139,0,139,786030,7247,5327817,37153,375.0271117913669,33,101,5,0,22,106,11,0,30,2,107
2011-08-10 10:29:41,Normal,78,0,78,623585,2905,2844088,62801,479.82846267948713,31,42,5,0,5,71,2,0,12,1,64
2011-08-10 10:29:42,Normal,128,3,131,849829,48991,5354329,14213,484.74005233587786,42,84,5,0,19,108,4,0,25,2,104
2011-08-10 10:29:43,Normal,128,0,128,1017539,18448,5209264,16442,326.9568752109375,33,85,10,0,16,100,12,0,23,3,102
2011-08-10 10:29:44,Normal,91,0,91,659534,19381,3615573,20334,361.7158532307692,27,61,3,0,12,71,8,0,17,2,72
2011-08-10 10:29:45,Normal,93,0,93,916645,59960,3442384,13622,348.4029613870968,34,47,12,0,9,83,1,0,7,1,85
2011-08-10 10:29:46,Normal,71,0,71,736421,5075,2490624,50830,662.3459027887324,27,34,10,0,12,59,0,0,14,0,57
2011-08-10 10:29:47,Normal,111,0,111,1006693,16973,3967605,56111,364.86338889189193,44,57,10,0,9,101,1,0,9,0,101
2011-08-10 10:29:48,Normal,64,0,64,643028,16196,2347273,23410,573.8847883281251,28,31,5,0,9,54,1,0,7,1,56
2011-08-10 10:29:49,Normal,104,0,104,980056,18564,3970000,41480,468.5764173076923,31,63,10,0,14,83,7,0,16,2,86
2011-08-10 10:29:50,Normal,138,3,141,932873,7265,5551216,62837,314.9900028936169,35,101,5,0,8,123,10,0,18,0,123
2011-08-10 10:29:51,Normal,74,0,74,750085,16284,2802739,63242,483.8282498108108,30,37,7,0,2,70,2,0,9,1,64
2011-08-10 10:29:52,Normal,95,3,98,482945,17984,4373349,57719,282.29921892857146,25,63,10,0,14,82,2,0,19,1,78
2011-08-10 10:29:53,Normal,83,0,83,739605,18588,3278519,15052,370.270316060241,29,49,5,0,11,64,8,0,16,0,67
2011-08-10 10:29:54,Normal,103,0,103,956504,18165,3561169,2249,324.66789699029124,40,55,8,0,15,84,4,0,19,2,82
2011-08-10 10:29:55,Normal,90,0,90,868558,16113,3719047,29845,415.3017193555555,31,49,10,0,4,85,1,0,7,2,81
2011-08-10 10:29:56,Normal,69,0,69,575311,16019,2661869,56607,447.22808381159416,34,26,9,0,5,64,0,0,9,0,60
2011-08-10 10:29:57,Normal,92,0,92,672219,16276,2902782,10557,419.7473035108697,34,53,5,0,12,77,3,0,13,0,79
2011-08-10 10:29:58,Normal,70,0,70,679878,15292,2202597,52871,416.3560332571429,28,34,8,0,6,62,2,0,9,2,59
2011-08-10 10:29:59,Normal,128,0,128,853650,18993,5494461,47426,279.684548,31,88,9,0,30,86,12,0,42,0,86
2011-08-10 10:30:00,Normal,112,0,112,1005523,17559,4448733,56279,254.0558486517857,36,69,7,0,9,99,4,0,15,1,96
2011-08-10 10:30:01,Normal,121,4,125,846509,7061,4636391,34212,385.863778736,36,85,4,0,12,110,3,0,14,2,108
2011-08-10 10:30:02,Normal,76,3,79,523778,3693,3182353,61762,326.87516797468356,23,50,6,0,4,73,2,0,8,2,69
2011-08-10 10:30:03,Normal,132,0,132,1040749,4869,5313275,62392,258.436832,33,89,10,0,16,116,0,0,17,8,107
2011-08-10 10:30:04,Normal,185,0,185,828583,9610,7693176,60755,193.10241716216217,38,141,6,0,36,138,11,0,65,7,113
2011-08-10 10:30:05,Normal,101,0,101,634511,4153,3755788,50920,462.38210180198024,31,59,11,0,13,87,1,0,15,1,85
2011-08-10 10:30:06,Normal,84,0,84,1451160,37385,2823764,32115,946.2480836071428,30,47,7,0,19,61,4,0,2,2,79
2011-08-10 10:30:07,Normal,91,0,91,797430,17230,3159405,11031,381.15407958241764,31,53,7,0,9,81,1,0,7,3,81
2011-08-10 10:30:08,Normal,70,0,70,569146,2142,2795552,60497,575.8319772142856,26,34,10,0,5,63,2,0,6,0,63
2011-08-10 10:30:09,Normal,84,0,84,709918,17722,2951769,26634,447.84101335714286,39,37,8,0,6,78,0,0,6,1,76
2011-08-10 10:30:10,Normal,92,2,94,832234,15248,3235420,33651,644.2104764893616,36,49,9,0,4,89,1,0,4,3,87
2011-08-10 10:30:11,Normal,81,0,81,807003,2330,2820415,45218,409.5528686419753,26,46,9,0,5,73,3,0,6,7,67
2011-08-10 10:30:12,Normal,100,3,103,740680,19592,3870576,49548,374.9304708058251,41,55,7,0,7,91,5,0,14,3,85
2011-08-10 10:30:13,Normal,63,0,63,630545,15731,1933779,20825,556.1578986666666,27,31,5,0,7,56,0,0,12,2,49
2011-08-10 10:30:14,Normal,87,0,87,738191,15596,2817363,47726,312.1609402068965,34,48,5,0,8,79,0,0,7,4,76
2011-08-10 10:30:15,Normal,117,0,117,770752,5043,4814210,2568,366.84697205128214,33,73,11,0,7,108,2,0,11,2,104
2011-08-10 10:30:16,Normal,86,0,86,783095,17249,3274174,59567,431.276143744186,40,37,9,0,3,81,2,0,8,0,78
2011-08-10 10:30:17,Normal,82,0,82,565139,3274,3278551,39233,433.1116084634146,24,50,8,0,5,77,0,0,6,1,75
2011-08-10 10:30:18,Normal,73,0,73,646620,46828,3031321,14134,396.1844500136986,32,38,3,0,2,70,1,0,4,1,68
2011-08-10 10:30:19,Normal,86,0,86,684258,3064,3407940,49429,481.874736639535,45,38,3,0,10,75,0,1,13,0,72
2011-08-10 10:30:20,Normal,130,0,130,791104,20050,5808798,49567,276.7644999769231,34,92,4,0,12,111,7,0,31,0,99
2011-08-10 10:30:21,Normal,138,3,141,864842,19510,5955237,3616,254.42747378723402,35,98,8,0,13,120,6,2,16,3,120
2011-08-10 10:30:22,Normal,105,3,108,627800,18611,4628876,64566,311.802166287037,29,71,8,0,6,101,1,0,12,3,93
2011-08-10 10:30:23,Normal,68,0,68,699635,15469,2446440,35840,328.7649463382353,28,36,4,0,6,61,0,1,10,2,55
2011-08-10 10:30:24,Normal,101,0,101,543883,17242,3468750,23237,416.50265524752484,30,63,8,0,21,80,0,0,25,1,75
2011-08-10 10:30:25,Normal,73,0,73,782560,15807,2489328,59557,526.446813479452,41,24,8,0,4,68,1,0,7,2,64
2011-08-10 10:30:26,Normal,80,0,80,841138,16363,2712223,24285,461.688209275,30,47,3,0,9,69,2,0,8,3,69
2011-08-10 10:30:27,Normal,83,0,83,833329,17692,3009474,18847,377.5705579638554,38,36,9,0,8,68,6,1,15,1,66
2011-08-10 10:30:28,Normal,114,0,114,999817,40320,4457235,50956,396.84678863157893,35,68,11,0,10,102,2,0,16,2,95
2011-08-10 10:30:29,Normal,116,0,116,624193,19023,5232670,56233,268.80715647413797,31,77,8,0,29,83,3,1,36,1,79
2011-08-10 10:30:30,Normal,90,0,90,739276,16073,3291881,58735,439.467745,39,48,3,0,7,83,0,0,21,0,69
2011-08-10 10:30:31,Normal,145,0,145,1357168,18166,5499031,37084,506.70226855172416,51,84,10,0,13,131,1,0,12,0,133
2011-08-10 10:30:32,Normal,95,3,98,1233214,15956,3513739,35587,561.474743377551,30,57,11,0,15,80,3,0,7,4,87
2011-08-10 10:30:33,Normal,79,0,79,995794,14721,2919674,2313,687.4353055949366,31,40,8,0,11,68,0,0,5,1,73
2011-08-10 10:30:34,Normal,76,0,76,733734,15318,2404361,15097,544.185924881579,33,29,14,0,6,70,0,0,8,1,67
2011-08-10 10:30:35,Normal,79,0,79,530521,16101,2671514,1299,452.8449289620254,26,44,9,0,12,66,1,0,17,0,62
2011-08-10 10:30:36,Normal,71,0,71,540060,15423,2867998,35714,561.4439154507041,28,35,8,0,4,67,0,0,5,0,65
2011-08-10 10:30:37,Normal,88,0,88,937905,16994,2995827,29240,409.0634142840909,34,45,9,0,8,78,2,0,7,3,78
2011-08-10 10:30:38,Normal,78,0,78,720486,46328,2594694,11802,341.10733103846155,31,42,5,0,8,68,2,0,14,1,63
2011-08-10 10:30:39,Normal,176,0,176,805665,22308,7746335,34172,142.3699967556818,35,137,4,0,49,110,17,0,67,1,107
2011-08-10 10:30:40,Normal,125,0,125,897548,4909,5052699,39490,445.399898664,33,84,8,0,36,89,0,0,33,1,90
2011-08-10 10:30:41,Normal,132,0,132,571945,6254,5244625,50739,161.7243761439394,40,89,3,0,23,105,4,0,35,0,97
2011-08-10 10:30:42,Normal,74,3,77,680317,1957,2937588,50725,587.7497954545454,36,31,10,0,2,73,2,0,8,0,69
2011-08-10 10:30:43,Normal,102,0,102,913134,16637,3918677,30230,407.4908180392156,41,56,5,0,3,93,6,0,9,1,92
2011-08-10 10:30:44,Normal,108,0,108,754571,10487,3839660,50090,458.6440044814815,37,62,9,0,17,84,7,0,26,1,80
2011-08-10 10:30:45,Normal,172,1,173,743260,9814,7005032,54217,214.2406020231214,24,138,11,0,31,128,14,0,47,1,125
2011-08-10 10:30:46,Normal,129,0,129,719931,6461,5551175,55020,259.0330465968992,36,84,9,0,11,117,1,0,20,2,107
2011-08-10 10:30:47,Normal,100,0,100,897389,16302,3619714,25601,283.18832718,42,53,5,0,6,87,7,0,10,2,88
2011-08-10 10:30:48,Normal,102,0,102,850503,17858,3385818,17513,476.15700888235295,34,59,9,0,28,72,2,0,30,0,72
2011-08-10 10:30:49,Normal,203,0,203,860370,9973,8700618,56218,142.1326376502463,39,155,9,0,25,172,6,0,32,1,170
2011-08-10 10:30:50,Normal,90,0,90,643740,3464,3140302,57452,473.62666571111123,30,49,11,0,6,73,11,0,18,0,72
2011-08-10 10:30:51,Normal,124,3,127,862857,19691,4239246,10586,372.5821231023623,38,84,5,0,10,109,8,0,16,0,111
2011-08-10 10:30:52,Normal,119,3,122,1058453,7815,4233865,49279,339.0208418442623,32,87,3,0,33,79,10,0,35,2,85
2011-08-10 10:30:53,Normal,98,0,98,615278,16394,3512348,40231,381.9335734387755,37,57,4,0,10,84,4,0,17,0,81
2011-08-10 10:30:54,Normal,118,0,118,1185146,5257,4986976,61830,251.26591962711865,37,75,6,0,33,85,0,0,25,3,90
2011-08-10 10:30:55,Normal,122,0,122,527224,7256,4785034,58741,86.0996064590164,20,97,5,0,17,98,7,0,26,0,96
2011-08-10 10:30:56,Normal,88,0,88,662382,16370,2992030,36849,440.8509169204545,36,47,5,0,4,84,0,0,7,1,80
2011-08-10 10:30:57,Normal,75,0,75,642945,24216,3028249,49677,412.78701302666667,37,30,8,0,4,71,0,0,10,0,65
2011-08-10 10:30:58,Normal,129,0,129,1727102,4521,4249396,39543,526.1297912248061,34,85,10,0,23,100,6,0,9,3,116
2011-08-10 10:30:59,Normal,246,0,246,950655,25984,11690406,41371,212.14536061788618,19,220,7,0,32,211,3,0,25,2,218
2011-08-10 10:31:00,Normal,85,0,85,809408,15973,3129775,55307,413.14574308235296,39,44,2,0,5,78,2,0,5,3,77
2011-08-10 10:31:01,Normal,115,0,115,873001,4910,4452226,49236,440.28284619130426,46,60,9,0,9,103,3,0,19,0,96
2011-08-10 10:31:02,Normal,113,3,116,1035277,5043,4039345,40902,319.18669583620687,28,82,6,0,13,101,2,0,12,3,101
2011-08-10 10:31:03,Normal,99,0,99,1139958,16336,3375379,26392,435.26802805050505,23,70,6,0,13,84,2,0,12,4,83
2011-08-10 10:31:04,Normal,133,0,133,884412,5717,5397375,52508,269.0712004962406,28,99,6,0,20,110,3,0,21,1,111
2011-08-10 10:31:05,Normal,130,2,132,1012770,18368,5500872,61410,419.9279016363636,41,82,9,0,12,115,5,0,10,3,119
2011-08-10 10:31:06,Normal,118,0,118,1125400,16071,4343717,47489,575.5741467881356,40,70,8,0,18,95,5,0,17,0,101
2011-08-10 10:31:07,Normal,137,0,137,952734,5920,5297152,55841,295.172008569343,35,97,5,0,18,115,4,0,17,2,118
2011-08-10 10:31:08,Normal,104,0,104,830088,19820,3565277,13675,408.7871066057693,41,53,10,0,14,88,2,0,17,1,86
2011-08-10 10:31:09,Normal,110,0,110,756820,4813,3892771,42735,293.2193327181818,31,74,5,0,11,96,3,0,11,3,96
2011-08-10 10:31:10,Normal,154,0,154,942851,20723,6098757,61724,166.22016725974026,34,113,7,0,26,119,9,0,35,3,116
2011-08-10 10:31:11,Normal,97,0,97,687239,4221,3948621,18869,313.3945402061855,31,60,6,0,7,89,1,0,11,1,85
2011-08-10 10:31:12,Normal,133,3,136,706811,6425,5478838,58642,217.77972013235296,31,95,10,0,5,126,5,0,18,1,117
2011-08-10 10:31:13,Normal,124,0,124,861535,6122,4111762,65939,296.7162144112903,34,81,9,0,34,81,7,2,50,3,71
2011-08-10 10:31:14,Normal,127,0,127,1307009,18853,5159723,50947,409.37808129133856,35,83,9,0,23,99,5,0,21,6,99
2011-08-10 10:31:15,Normal,80,0,80,666472,16105,2722655,10969,414.9938052625001,30,43,7,0,4,75,1,0,7,0,73
2011-08-10 10:31:16,Normal,88,0,88,686829,16558,3715980,4867,498.3696450795455,39,45,4,0,4,82,2,0,10,0,78
2011-08-10 10:31:17,Normal,102,0,102,599377,18599,4133563,18542,242.68428824509803,32,62,8,0,4,97,1,0,8,0,94
2011-08-10 10:31:18,Normal,63,0,63,445718,15114,2660228,64926,310.3457764444445,26,36,1,0,5,58,0,0,7,2,54
2011-08-10 10:31:19,Normal,95,0,95,761508,16853,3412575,65989,339.35975808421045,32,54,9,0,14,70,8,3,20,1,73
2011-08-10 10:31:20,Normal,121,0,121,1269690,17209,4712503,59182,372.6351080991735,40,71,10,0,15,104,1,1,12,3,105
2011-08-10 10:31:21,Normal,167,3,170,675568,11824,7374212,61453,234.7518575647059,32,130,8,0,11,104,55,0,81,0,89
2011-08-10 10:31:22,Normal,190,3,193,968934,24687,7948485,8318,233.48661497927463,35,151,7,0,17,147,28,1,41,2,149
2011-08-10 10:31:23,Normal,87,0,87,727902,15486,3257067,45346,409.33056021839093,32,50,5,0,6,80,0,1,6,0,79
2011-08-10 10:31:24,Normal,94,0,94,912570,16435,3055902,6825,466.63750080851065,27,63,4,0,12,77,5,0,13,0,81
2011-08-10 10:31:25,Normal,111,0,111,998506,23926,3598913,1037,386.49606635135143,32,76,3,0,20,74,16,1,30,3,76
2011-08-10 10:31:26,Normal,91,0,91,751213,16676,2928091,19665,541.7076335604396,31,53,7,0,9,81,1,0,16,1,72
2011-08-10 10:31:27,Normal,81,0,81,710249,16548,3211382,47501,334.456488271605,37,42,2,0,8,72,1,0,10,1,70
2011-08-10 10:31:28,Normal,84,0,84,1005870,16100,2578769,35265,461.00468033333334,31,41,12,0,10,67,7,0,16,2,66
2011-08-10 10:31:29,Normal,107,0,107,793540,18498,3451460,61431,259.86642539252335,41,59,7,0,11,93,3,0,16,1,90
2011-08-10 10:31:30,Normal,147,0,147,1043751,20202,3827594,16554,236.00865559863945,47,97,3,0,28,109,8,2,45,2,100
2011-08-10 10:31:31,Normal,110,0,110,1003476,62617,3528419,27796,187.00873506363638,36,66,8,0,22,84,2,2,21,2,87
2011-08-10 10:31:32,Normal,114,3,117,955516,8678,4015378,59814,245.73114389743589,42,66,9,0,10,100,7,0,25,1,91
2011-08-10 10:31:33,Normal,75,0,75,588873,7176,2367688,14134,400.5328157733333,24,45,6,0,10,63,2,0,18,1,56
2011-08-10 10:31:34,Normal,101,0,101,620433,18050,3519106,17480,219.20069686138612,23,73,5,0,11,86,3,1,26,0,75
2011-08-10 10:31:35,Normal,98,0,98,669056,17590,3494099,59595,410.2764896632653,36,51,11,0,3,94,1,0,15,1,81
2011-08-10 10:31:36,Normal,113,0,113,827482,19801,4157423,56002,258.2432685221239,39,71,3,0,5,96,12,0,21,1,90
2011-08-10 10:31:37,Normal,97,0,97,714256,34999,3133621,15934,270.7751131649485,27,64,6,0,15,75,7,0,25,1,70
2011-08-10 10:31:38,Normal,113,0,113,1184130,6860,4093083,15878,505.4835610884956,35,69,9,0,15,95,2,1,11,4,98
2011-08-10 10:31:39,Normal,98,0,98,792549,10043,3874740,59057,306.82245978571433,32,58,8,0,10,84,4,0,17,2,79
2011-08-10 10:31:40,Normal,113,0,113,865092,64112,4339797,16930,294.2855935840708,32,71,10,0,11,98,4,0,21,2,90
2011-08-10 10:31:41,Normal,97,0,97,871118,16803,3868124,55787,350.4034505670103,34,51,12,0,7,87,3,0,12,2,83
2011-08-10 10:31:42,Normal,113,3,116,983700,19042,4682183,52938,134.38311198275863,29,81,6,0,11,90,15,0,31,3,82
2011-08-10 10:31:43,Normal,110,0,110,638064,19040,4753249,51396,246.97873509090908,29,78,3,0,12,96,2,0,19,1,90
2011-08-10 10:31:44,Normal,106,0,106,1042277,5142,3903088,52173,515.2885936226414,45,54,7,0,15,88,3,0,18,3,85
2011-08-10 10:31:45,Normal,133,0,133,1244956,6173,4574897,52944,321.6369208345865,45,68,20,0,18,103,12,0,32,4,97
2011-08-10 10:31:46,Normal,132,6,138,992528,7611,5467471,51402,285.1441334710145,47,82,9,0,12,123,3,0,35,2,101
2011-08-10 10:31:47,Normal,139,0,139,977558,6681,5502064,52173,305.49137141726624,43,87,9,0,24,111,4,0,39,3,97
2011-08-10 10:31:48,Normal,106,0,106,887648,4664,3653734,50631,376.579239754717,42,59,5,0,12,91,3,0,14,1,91
2011-08-10 10:31:49,Normal,98,0,98,851482,3355,3712178,50973,536.0790949795919,40,48,10,0,7,90,1,0,14,1,83
2011-08-10 10:31:50,Normal,96,0,96,936770,3171,3424437,50898,608.4866680416667,40,47,9,0,8,87,1,0,11,1,83
2011-08-10 10:31:51,Normal,86,3,89,793709,16747,2819408,41532,614.5703430898876,29,49,11,0,9,78,2,0,20,2,67
2011-08-10 10:31:52,Normal,100,3,103,643416,17499,3991227,65568,280.2169044077669,25,73,5,0,11,91,1,0,19,1,83
2011-08-10 10:31:53,Normal,97,0,97,887782,2299,3586121,2252,623.3402719690722,48,43,6,0,4,93,0,0,8,0,88
2011-08-10 10:31:54,Normal,86,0,86,897062,16996,3198611,7697,469.5346583372093,36,47,3,0,5,80,1,0,4,2,79
2011-08-10 10:31:55,Normal,60,0,60,581409,15364,2002203,40854,418.4533516166666,27,28,5,0,8,51,1,0,8,1,50
2011-08-10 10:31:56,Normal,89,0,89,630998,18330,3427756,50277,502.2465163033708,29,52,8,0,9,78,2,0,13,0,76
2011-08-10 10:31:57,Normal,109,0,109,774211,17537,4569200,64161,307.5322108990826,32,73,4,0,9,97,2,1,9,3,97
2011-08-10 10:31:58,Normal,138,0,138,789623,18474,5766825,41664,330.05819286956523,38,93,7,0,12,125,1,0,13,2,123
2011-08-10 10:31:59,Normal,118,0,118,740964,4898,5024382,50462,421.1786693813558,35,75,8,0,10,99,9,0,20,2,96
2011-08-10 10:32:00,Normal,144,0,144,832104,10166,5936660,54518,362.19642539583333,39,99,6,0,12,117,15,0,31,5,108
2011-08-10 10:32:01,Normal,107,0,107,735673,6344,4020380,49695,320.89647397196256,33,68,6,0,5,99,3,0,14,1,91
2011-08-10 10:32:02,Normal,146,4,150,918860,22088,6278744,55864,218.920283,39,100,11,0,35,103,12,0,51,2,96
2011-08-10 10:32:03,Normal,118,0,118,886447,4458,4610032,35175,411.0862174661017,36,72,10,0,6,110,2,0,9,2,107
2011-08-10 10:32:04,Normal,90,0,90,872469,16949,3169127,36195,504.7230408666667,31,47,12,0,12,78,0,0,13,2,75
2011-08-10 10:32:05,Normal,82,0,82,800189,16589,2657172,52930,298.8403951097561,31,46,5,0,4,64,14,0,18,5,59
2011-08-10 10:32:06,Normal,88,0,88,691195,18565,3282575,14266,282.06243057954543,35,41,12,0,3,82,3,0,11,1,76
2011-08-10 10:32:07,Normal,137,0,137,773485,5909,6154023,56672,305.254140569343,46,85,6,0,10,124,3,0,13,2,122
2011-08-10 10:32:08,Normal,125,0,125,976766,5982,5025439,56598,333.66253035200003,32,87,6,0,14,110,1,0,15,1,109
2011-08-10 10:32:09,Normal,100,2,102,604594,17391,4353989,54863,192.81915320588237,33,65,4,0,13,87,2,0,17,2,83
2011-08-10 10:32:10,Normal,131,0,131,792460,19166,5776366,29090,271.9607519312977,39,84,8,0,7,120,4,0,10,1,120
2011-08-10 10:32:11,Normal,109,0,109,595147,5540,4338461,2322,398.2888429266055,29,74,6,0,11,97,1,0,14,0,95
2011-08-10 10:32:12,Normal,153,3,156,767635,6545,6566235,54931,115.34896321153846,32,118,6,0,7,146,3,0,15,3,138
2011-08-10 10:32:13,Normal,114,0,114,952486,4542,4266441,50228,409.2344924649123,44,61,9,0,11,99,4,0,19,1,94
2011-08-10 10:32:14,Normal,91,0,91,676085,17500,3442768,65418,612.1352386153845,40,43,8,0,9,75,7,0,20,0,71
2011-08-10 10:32:15,Normal,103,0,103,919345,17064,3698682,44840,313.4243054271845,34,59,10,0,12,83,8,0,18,0,85
2011-08-10 10:32:16,Normal,96,0,96,822942,4605,3789321,53535,338.2926636979167,36,52,8,0,8,81,7,0,17,2,77
2011-08-10 10:32:17,Normal,103,0,103,776332,4527,4112889,51869,232.76818490291265,23,71,9,0,18,84,1,0,21,2,80
2011-08-10 10:32:18,Normal,127,0,127,914737,4718,5235233,18888,278.48990505511813,31,87,9,0,14,106,7,0,21,1,104
2011-08-10 10:32:19,Normal,169,0,169,1095360,10001,7530890,55208,131.66334760946745,33,128,8,0,34,116,18,1,49,6,113
2011-08-10 10:32:20,Normal,132,0,132,1167522,18683,5612309,65565,277.415668409091,24,96,12,0,24,101,6,1,24,4,103
2011-08-10 10:32:21,Normal,93,4,97,976932,3342,3840067,50291,180.83642468041236,30,53,14,0,6,87,3,1,5,2,89
2011-08-10 10:32:22,Normal,98,8,106,1017600,4278,3892781,53537,272.95030699999995,31,68,7,0,16,77,13,0,18,1,87
2011-08-10 10:32:23,Normal,113,0,113,1032552,17569,3935890,5977,378.04340456637175,32,72,9,0,17,84,10,2,21,3,87
2011-08-10 10:32:24,Normal,125,0,125,1135142,17255,4566157,19091,378.72551164,37,83,5,0,24,100,1,0,12,2,111
2011-08-10 10:32:25,Normal,110,0,110,749708,17532,4320481,21931,364.16334930909085,30,70,10,0,11,90,9,0,16,1,93
2011-08-10 10:32:26,Normal,121,0,121,974461,17699,4765155,28903,345.1867297355372,38,74,9,0,12,105,4,0,15,1,103
2011-08-10 10:32:27,Normal,132,0,132,1115271,19791,5479427,4111,339.6643291666667,36,88,8,0,9,115,8,0,17,2,113
2011-08-10 10:32:28,Normal,121,0,121,978217,5684,4801096,54407,446.3015160991735,34,77,10,0,16,97,8,0,22,2,97
2011-08-10 10:32:29,Normal,144,9,153,763468,24491,6693401,38110,77.28920290196078,27,122,4,0,19,126,8,0,25,0,128
2011-08-10 10:32:30,Normal,120,0,120,1136693,18339,5118230,60049,315.100122725,36,78,6,0,13,102,5,0,10,2,108
2011-08-10 10:32:31,Normal,89,0,89,908375,45609,3280174,13716,207.97476834831465,33,50,6,0,7,79,3,0,13,0,76
2011-08-10 10:32:32,Normal,87,3,90,771300,16682,3495047,62565,599.2465920333333,41,45,4,0,6,80,4,0,6,0,84
2011-08-10 10:32:33,Normal,169,0,169,1030104,51285,7163503,2290,253.39528668639048,40,123,6,0,36,117,16,0,45,1,123
2011-08-10 10:32:34,Normal,108,0,108,1048066,4623,4364517,54516,280.1245285277778,29,71,8,0,13,95,0,0,23,2,83
2011-08-10 10:32:35,Normal,124,0,124,972158,4980,5196509,59881,308.32005006451607,38,78,8,0,24,95,5,0,33,2,89
2011-08-10 10:32:36,Normal,87,0,87,764461,4015,3209165,55342,222.80370255172417,23,59,5,0,8,72,7,0,14,1,72
2011-08-10 10:32:37,Normal,131,0,131,1009075,44260,5382607,9967,309.91892640458013,34,89,8,0,25,103,3,0,25,2,103
2011-08-10 10:32:38,Normal,122,0,122,1176773,6389,4225401,60503,352.77307291803277,37,75,10,0,17,94,11,0,17,2,103
2011-08-10 10:32:39,Normal,135,0,135,972755,18708,5320876,30546,192.5694737037037,36,87,12,0,13,114,8,0,18,0,117
2011-08-10 10:32:40,Normal,165,0,165,1101752,21164,7021251,51461,245.1719018242424,37,124,4,0,16,125,24,0,35,2,128
2011-08-10 10:32:41,Normal,156,0,156,1314826,9254,6426771,15510,379.8542741538461,39,107,10,0,38,112,6,0,30,2,123
2011-08-10 10:32:42,Normal,219,3,222,1605808,24756,9371502,35306,300.6201065810811,40,174,8,0,111,106,5,0,95,1,126
2011-08-10 10:32:43,Normal,143,0,143,1060990,22673,5512222,5274,207.95466917482517,44,92,7,0,52,88,3,0,55,2,86
2011-08-10 10:32:44,Normal,116,0,116,981813,17326,4473757,53122,387.714113362069,38,72,6,0,20,95,1,0,17,2,96
2011-08-10 10:32:45,Normal,111,0,111,1148329,7687,4162688,45893,350.1310923333332,43,62,6,0,26,82,3,0,20,1,90
2011-08-10 10:32:46,Normal,94,0,94,1145173,51712,3374362,60387,279.95367880851063,47,45,2,0,11,81,2,0,8,2,84
2011-08-10 10:32:47,Normal,100,0,100,1000988,10278,3627169,1945,284.30468672000006,31,64,5,0,18,76,6,0,21,2,77
2011-08-10 10:32:48,Normal,71,3,74,717223,17162,2719207,62962,503.8325619594593,30,38,6,0,8,64,2,0,12,0,62
2011-08-10 10:32:49,Normal,151,0,151,730237,7462,5764607,39778,187.7849523708609,31,116,4,0,18,123,10,0,26,0,125
2011-08-10 10:32:50,Normal,108,0,108,1133021,3744,3861307,62295,407.9261894351851,43,58,7,0,12,94,2,0,10,4,93
2011-08-10 10:32:51,Normal,122,0,122,1017148,18904,4243283,23541,254.62363200819672,37,81,4,0,14,101,7,0,23,1,98
2011-08-10 10:32:52,Normal,190,6,196,655283,23670,8937881,50863,172.31696486734694,28,161,7,0,17,134,45,0,68,2,126
2011-08-10 10:32:53,Normal,105,0,105,1001300,5054,4314769,50338,398.77910304761906,30,67,8,0,13,89,3,0,11,1,93
2011-08-10 10:32:54,Normal,79,0,79,803109,45928,3112045,59005,414.7810600253164,28,42,9,0,13,61,4,1,11,0,67
2011-08-10 10:32:55,Normal,92,0,92,783568,16923,3269977,34690,419.6725227934781,33,50,9,0,9,78,5,0,16,1,75
2011-08-10 10:32:56,Normal,90,0,90,970278,16992,3663785,47547,412.4854038555555,27,55,8,0,11,77,2,0,11,1,78
2011-08-10 10:32:57,Normal,129,0,129,1138834,5322,5638423,56255,332.0466426589147,34,87,8,0,19,100,10,0,25,1,103
2011-08-10 10:32:58,Normal,117,0,117,1343119,15466,4635612,46019,404.7350177777778,47,64,6,0,15,99,3,0,11,0,106
2011-08-10 10:32:59,Normal,175,0,175,796529,7983,8549365,59842,182.39931595428573,33,134,8,0,6,165,4,0,8,0,167
2011-08-10 10:33:00,Normal,118,0,118,711846,4892,5338045,59150,252.44257537288135,29,83,6,0,4,104,10,0,12,0,106
2011-08-10 10:33:01,Normal,101,0,101,1160414,15930,3995163,17744,662.6348800990099,37,55,9,0,10,89,2,0,8,2,90
2011-08-10 10:33:02,Normal,109,11,120,1100315,5286,4800213,4627,510.56465979166666,43,66,11,0,12,103,5,0,14,1,105
2011-08-10 10:33:03,Normal,99,8,107,732167,18967,4082059,26332,343.249031046729,29,68,10,0,13,90,4,0,19,0,88
2011-08-10 10:33:04,Normal,79,0,79,834848,14954,2633319,37977,579.8182853164557,33,39,7,0,5,72,2,0,4,1,74
2011-08-10 10:33:05,Normal,64,0,64,611807,16071,2584821,60931,320.935858171875,23,30,11,0,5,58,1,0,4,1,59
2011-08-10 10:33:06,Normal,77,0,77,832872,15370,2827069,15144,382.2528039740258,25,41,11,0,5,71,1,0,4,1,72
2011-08-10 10:33:07,Normal,82,0,82,733093,15742,3204414,13760,337.8843114146341,33,43,6,0,3,78,1,0,10,0,72
2011-08-10 10:33:08,Normal,100,0,100,723513,4419,4126938,57235,387.02205345000004,37,56,7,0,8,90,2,0,12,0,88
2011-08-10 10:33:09,Normal,98,0,98,918903,16761,3789216,10145,590.5737601632653,35,55,8,0,13,84,1,0,11,0,87
2011-08-10 10:33:10,Normal,102,0,102,743801,3662,4050989,53548,270.91799435294115,44,48,10,0,3,95,4,0,18,0,84
2011-08-10 10:33:11,Normal,98,7,105,729090,7849,3852385,3886,185.28363900952382,37,60,8,0,10,84,11,0,21,3,81
2011-08-10 10:33:12,Normal,77,4,81,651714,16831,3095936,30581,542.9207246419753,39,37,5,0,1,78,2,0,5,1,74
2011-08-10 10:33:13,Normal,162,0,162,835433,22036,6694997,18336,152.68945204320985,37,116,9,0,30,102,30,0,63,1,98
2011-08-10 10:33:14,Normal,67,0,67,816091,1166,2233660,39555,377.31367349253736,32,31,4,0,6,61,0,0,2,4,61
2011-08-10 10:33:15,Normal,91,0,91,769823,18283,3497330,40890,405.33719230769225,40,45,6,0,11,78,2,0,18,1,72
2011-08-10 10:33:16,Normal,140,0,140,1006956,7067,5642814,62602,184.4796857357143,29,103,8,0,12,114,14,0,27,9,104
2011-08-10 10:33:17,Normal,206,0,206,1446669,9157,8564238,65108,231.55881316019415,26,174,6,0,18,153,35,0,49,21,136
2011-08-10 10:33:18,Normal,118,0,118,1139181,3654,4257986,63374,394.5917882627119,30,83,5,0,16,99,3,0,16,10,92
2011-08-10 10:33:19,Normal,128,0,128,846803,6300,5161678,54229,268.83715060937504,29,97,2,0,32,89,5,2,41,7,78
2011-08-10 10:33:20,Normal,157,0,157,816528,14936,6484725,3175,233.4908705859873,31,117,9,0,14,131,12,0,27,4,126
2011-08-10 10:33:21,Normal,239,0,239,791133,12749,10528516,58174,192.46216236820084,36,197,6,0,5,209,24,1,32,3,203
2011-08-10 10:33:22,Normal,135,6,141,1470960,19701,5198742,61594,496.35832632624107,37,98,6,0,23,111,7,0,16,1,124
2011-08-10 10:33:23,Normal,96,0,96,828195,4981,3265130,49463,520.8264448958333,35,54,7,0,10,84,1,1,10,0,84
2011-08-10 10:33:24,Normal,69,0,69,695478,17616,2467907,62531,407.27620199999996,32,33,4,0,7,59,3,0,9,0,60
2011-08-10 10:33:25,Normal,107,0,107,1257942,5321,3831775,55002,543.3307750373832,37,59,11,0,17,88,2,0,13,1,93
2011-08-10 10:33:26,Normal,102,0,102,1347724,59592,3424176,62285,375.5930542941177,34,60,8,0,22,77,3,0,11,8,83
2011-08-10 10:33:27,Normal,92,0,92,1075883,59828,3400349,3081,388.31119105434783,32,55,5,0,15,76,1,0,11,7,74
2011-08-10 10:33:28,Normal,80,0,80,892143,17088,2599715,1280,253.27431338749994,31,46,3,0,7,72,1,0,8,4,67
2011-08-10 10:33:29,Normal,78,0,78,1103728,14733,3033195,10743,365.65811280769236,33,36,9,0,8,68,1,1,2,4,71
2011-08-10 10:33:30,Normal,115,0,115,1716914,15981,3721787,64956,323.74236542608696,30,81,4,0,24,90,1,0,6,8,101
2011-08-10 10:33:31,Normal,112,0,112,1049519,4856,4358223,44915,363.0266734553571,32,74,6,0,13,92,7,0,11,3,98
2011-08-10 10:33:32,Normal,104,3,107,992263,17253,4010026,43755,355.45680122429906,37,64,6,0,16,85,6,0,17,6,84
2011-08-10 10:33:33,Normal,89,0,89,1279411,15691,3279770,4524,261.96017422471914,37,40,12,0,14,72,3,0,8,5,76
2011-08-10 10:33:34,Normal,109,0,109,1117717,11546,3992671,6010,421.61058259633023,44,59,6,0,11,93,5,0,10,7,91
2011-08-10 10:33:35,Normal,126,0,126,1194716,17566,5127110,65308,454.93104547619055,41,75,10,0,17,108,1,0,14,1,111
2011-08-10 10:33:36,Normal,87,0,87,895192,2291,3218098,52672,453.3661144367816,45,35,7,0,5,82,0,0,4,2,81
2011-08-10 10:33:37,Normal,141,0,141,856028,18695,5961406,51846,285.54183582978726,37,96,8,0,28,107,6,0,32,2,107
2011-08-10 10:33:38,Normal,208,0,208,820403,23244,9364212,2621,178.83753810576926,26,175,7,0,21,175,12,0,27,1,180
2011-08-10 10:33:39,Normal,100,0,100,981568,32919,3751216,14913,370.28878635000007,30,62,8,0,10,83,7,0,16,3,81
2011-08-10 10:33:40,Normal,102,0,102,1267276,3038,3746909,64532,320.236052627451,40,56,6,0,13,86,3,0,11,6,85
2011-08-10 10:33:41,Normal,79,0,79,1308191,15569,2757340,6826,469.99174487341776,35,41,3,0,18,60,1,0,6,4,69
2011-08-10 10:33:42,Normal,89,3,92,796915,16224,3176549,22273,316.2848560652174,36,52,4,0,4,85,3,0,11,4,77
2011-08-10 10:33:43,Normal,76,0,76,966338,14403,2726346,4805,450.6850836973684,40,32,4,0,9,66,1,0,5,1,70
2011-08-10 10:33:44,Normal,100,0,100,1132764,15665,3889321,16816,327.04223372999996,41,53,6,0,16,81,3,0,7,5,88
2011-08-10 10:33:45,Normal,101,0,101,1041276,16037,3450051,2448,313.459821029703,37,50,14,0,10,90,1,0,13,2,85
2011-08-10 10:33:46,Normal,143,0,143,1420488,20913,5573690,66535,250.4201845874126,32,98,13,0,43,97,3,0,34,4,105
2011-08-10 10:33:47,Normal,114,0,114,1082430,19907,4416220,15124,152.82290950877194,30,79,5,0,26,83,5,0,28,5,81
2011-08-10 10:33:48,Normal,117,0,117,1193239,10397,4530941,2442,401.10024175213664,37,64,16,0,16,101,0,0,16,3,98
2011-08-10 10:33:49,Normal,85,0,85,944593,3028,3282927,50262,476.0848372235294,33,43,9,0,9,76,0,0,3,3,79
2011-08-10 10:33:50,Normal,99,0,99,934202,16584,3689180,29730,209.15753472727272,46,49,4,0,12,85,2,0,26,4,69
2011-08-10 10:33:51,Normal,86,0,86,764926,2777,3616842,47525,246.03535320930234,27,52,7,0,8,75,3,0,4,1,81
2011-08-10 10:33:52,Normal,92,6,98,996402,16317,3711188,45464,568.4880681938774,39,48,11,0,9,86,3,0,7,1,90
2011-08-10 10:33:53,Normal,128,0,128,1196484,17543,4959780,29710,408.10636239843745,41,76,11,0,8,111,9,0,16,0,112
2011-08-10 10:33:54,Normal,91,0,91,662571,16570,3642140,50179,403.25857664835155,32,53,6,0,16,73,2,0,19,0,72
2011-08-10 10:33:55,Normal,95,0,95,1003164,17099,3665886,24183,349.47416016842107,40,44,11,0,8,84,3,0,9,2,84
2011-08-10 10:33:56,Normal,122,2,124,849264,4426,4665175,55841,358.6291660806452,34,74,16,0,19,105,0,0,17,2,105
2011-08-10 10:33:57,Normal,87,0,87,915352,16133,3167587,44139,560.2011577241379,33,48,6,0,8,79,0,0,11,2,73
2011-08-10 10:33:58,Normal,88,0,88,1033949,52105,3314807,6856,214.00251663636365,32,48,8,0,11,74,3,0,12,2,74
2011-08-10 10:33:59,Normal,139,0,139,870997,8605,5558245,42138,140.95671669784173,25,103,11,0,25,105,9,0,30,3,105
2011-08-10 10:34:00,Normal,106,0,106,826841,4157,3942653,51312,377.51546189622644,32,64,10,0,19,83,4,0,25,4,77
2011-08-10 10:34:01,Normal,141,0,141,859943,19158,5810172,23299,353.57993546808507,36,97,8,0,9,131,1,0,11,2,126
2011-08-10 10:34:02,Normal,85,3,88,713637,16977,3389752,62429,426.34909485227274,28,52,8,0,5,81,2,0,7,2,79
2011-08-10 10:34:03,Normal,102,0,102,655475,18686,4142677,40547,341.397367490196,33,62,7,0,5,96,1,0,15,1,86
2011-08-10 10:34:04,Normal,54,0,54,629984,14526,1857332,14015,673.9056645185184,23,25,6,0,1,52,1,0,3,3,48
2011-08-10 10:34:05,Normal,85,0,85,1207112,14976,2642504,13075,665.2210356705883,40,41,4,0,15,69,1,0,6,3,75
2011-08-10 10:34:06,Normal,90,0,90,1027788,2380,3610642,54633,446.54350426666673,30,53,7,0,6,83,1,0,5,6,79
2011-08-10 10:34:07,Normal,112,0,112,919885,16513,4274750,7205,293.8753920714285,42,60,10,0,4,107,1,0,8,5,99
2011-08-10 10:34:08,Normal,71,0,71,762711,15995,2404362,10782,230.97600060563377,26,34,11,0,2,68,1,0,5,3,63
2011-08-10 10:34:09,Normal,87,0,87,811512,16469,2899565,62183,417.1816831149426,33,46,8,0,5,79,3,0,10,2,74
2011-08-10 10:34:10,Normal,83,0,83,809157,15812,3058700,61830,364.9682027590361,29,49,5,0,7,75,1,0,6,3,74
2011-08-10 10:34:11,Normal,106,0,106,565120,19523,4286010,7622,210.12072473584905,33,69,4,0,5,101,0,0,8,1,97
2011-08-10 10:34:12,Normal,80,3,83,790873,15815,2862884,38021,353.2797335060242,37,34,12,0,5,76,2,0,8,0,74
2011-08-10 10:34:13,Normal,85,0,85,972997,2506,2910110,34937,700.3211041647058,37,41,7,0,10,73,2,0,9,0,76
2011-08-10 10:34:14,Normal,89,0,89,1098639,16506,3137677,47046,518.5247314382023,42,37,10,0,8,80,1,0,9,2,78
2011-08-10 10:34:15,Normal,72,0,72,648421,17254,2711652,50812,480.45197004166664,32,35,5,0,2,69,1,0,3,2,67
2011-08-10 10:34:16,Normal,71,2,73,532235,9632,2498092,36729,308.666488630137,27,37,9,0,2,70,1,0,8,1,63
2011-08-10 10:34:17,Normal,112,0,112,782820,5408,4576889,55487,326.8879246607143,40,68,4,0,6,105,1,0,11,2,99
2011-08-10 10:34:18,Normal,87,0,87,872777,15963,3148597,46878,476.503207448276,32,48,7,0,16,68,3,0,15,1,71
2011-08-10 10:34:19,Normal,104,0,104,766442,16861,3981264,14441,364.38266227884617,43,54,7,0,15,86,2,1,20,1,82
2011-08-10 10:34:20,Normal,84,0,84,665295,18536,3201572,9025,517.1978604166666,30,43,11,0,7,74,3,0,14,0,70
2011-08-10 10:34:21,Normal,111,0,111,828826,19877,4225868,61790,480.0987078738738,34,69,8,0,8,100,2,1,11,5,93
2011-08-10 10:34:22,Normal,123,6,129,621165,18838,5857773,45366,285.0595744728682,29,92,8,0,6,120,3,0,12,1,116
2011-08-10 10:34:23,Normal,81,0,81,614624,2307,2927516,36901,266.3205450493827,26,49,6,0,8,71,0,2,12,0,67
2011-08-10 10:34:24,Normal,91,0,91,845097,2637,3326468,63149,413.0172870879121,38,47,6,0,5,83,3,0,10,2,79
2011-08-10 10:34:25,Normal,77,0,77,702056,17162,2813471,60670,675.3071097272726,44,24,9,0,0,74,3,0,10,0,66
2011-08-10 10:34:26,Normal,76,0,76,723826,14740,2799725,13932,552.6530473421051,36,34,6,0,1,74,0,1,0,0,75
2011-08-10 10:34:27,Normal,82,0,82,754400,17880,2925568,48870,341.53006196341465,27,45,10,0,4,75,3,0,9,4,69
2011-08-10 10:34:28,Normal,81,0,81,1076221,14743,2528617,27316,704.6987383703704,43,36,2,0,11,70,0,0,6,0,75
2011-08-10 10:34:29,Normal,141,0,141,1014104,66038,5724562,16768,260.0593497730496,41,94,6,0,20,119,2,0,19,1,121
2011-08-10 10:34:30,Normal,83,0,83,668964,17019,2995453,33548,419.2763439638555,27,45,11,0,7,72,4,0,11,0,72
2011-08-10 10:34:31,Normal,76,0,76,631250,17139,2796451,54978,369.4928655526316,30,40,6,0,8,66,2,0,11,0,65
2011-08-10 10:34:32,Normal,102,3,105,660465,17777,4315930,59237,314.71897189523804,36,66,3,0,4,99,2,0,11,1,93
2011-08-10 10:34:33,Normal,92,0,92,800505,38194,3644019,17027,226.9457430326087,37,51,4,0,11,81,0,0,6,0,86
2011-08-10 10:34:34,Normal,66,3,69,652260,2106,2760395,57207,432.609466768116,30,30,9,0,5,64,0,0,6,0,63
2011-08-10 10:34:35,Normal,66,0,66,837493,14132,2397656,27349,610.322117969697,35,24,7,0,0,61,5,0,2,0,64
2011-08-10 10:34:36,Normal,89,0,89,545221,47887,3758312,24935,303.8389176966292,29,55,5,0,14,74,1,0,17,1,69
2011-08-10 10:34:37,Normal,77,0,77,620055,15247,2617847,50044,424.02679158441555,40,35,2,0,3,74,0,0,8,1,68
2011-08-10 10:34:38,Normal,94,0,94,677425,3661,3885770,59592,299.9074914574468,29,56,9,0,2,89,3,0,15,1,78
2011-08-10 10:34:39,Normal,84,0,84,815193,15166,3105311,58035,580.2330885476191,31,48,5,0,0,82,2,0,6,1,77
2011-08-10 10:34:40,Normal,88,0,88,860564,16100,3273271,28252,508.7935430454545,39,42,7,0,5,82,1,0,7,1,80
2011-08-10 10:34:41,Normal,65,0,65,623857,26752,2048360,6857,573.2901807538462,33,26,6,0,3,60,2,0,4,1,60
2011-08-10 10:34:42,Normal,106,3,109,785056,16801,3990276,38718,194.96856209174308,35,65,9,0,4,99,6,0,7,2,100
2011-08-10 10:34:43,Normal,68,0,68,674806,15179,2493423,13258,522.3539435735295,34,29,5,0,4,62,2,0,4,2,62
2011-08-10 10:34:44,Normal,72,0,72,634373,16082,2526706,61209,396.3368258333333,30,38,4,0,7,64,1,0,15,0,57
2011-08-10 10:34:45,Normal,111,0,111,711508,17778,4188907,10904,224.9725488828829,36,64,11,0,11,88,12,0,18,1,92
2011-08-10 10:34:46,Normal,92,0,92,747656,19806,3312874,63183,576.18940475,37,46,9,0,13,75,4,0,18,2,72
2011-08-10 10:34:47,Normal,107,0,107,686450,4504,3661458,44661,349.33464831775706,36,64,7,0,6,94,7,0,23,1,83
2011-08-10 10:34:48,Normal,65,0,65,600377,17513,2468335,61785,237.67262406153844,24,35,6,0,4,59,2,0,10,2,53
2011-08-10 10:34:49,Normal,136,0,136,1377108,18138,5395695,20864,388.76231634558826,37,91,8,0,12,119,5,0,7,3,125
2011-08-10 10:34:50,Normal,74,0,74,961405,2780,2613557,58452,229.94647827027026,30,34,10,0,4,64,6,0,9,1,64
2011-08-10 10:34:51,Normal,115,0,115,1019844,18702,4332964,6190,369.4257006869566,42,69,4,0,9,100,6,0,13,2,100
2011-08-10 10:34:52,Normal,82,6,88,618143,15941,3411177,60727,489.8145282613636,27,54,7,0,7,77,4,0,15,2,71
2011-08-10 10:34:53,Normal,97,0,97,700626,4856,3630895,51253,203.49374885567013,30,57,10,0,17,77,3,0,24,4,69
2011-08-10 10:34:54,Normal,100,0,100,635346,18341,4111216,43790,176.60923796999998,29,61,10,0,9,90,1,0,13,3,84
2011-08-10 10:34:55,Normal,90,0,90,686332,16036,3337768,60122,392.6623601333334,35,50,5,0,4,85,1,0,6,3,81
2011-08-10 10:34:56,Normal,80,0,80,667646,15006,3179907,54277,401.6000203,35,36,9,0,3,75,2,0,6,2,72
2011-08-10 10:34:57,Normal,150,0,150,1023758,6250,5900432,2491,326.18443972,33,111,6,0,29,121,0,0,33,2,115
2011-08-10 10:34:58,Normal,97,0,97,902065,16591,3899512,3833,419.7685087731959,30,62,5,0,9,88,0,0,11,4,82
2011-08-10 10:34:59,Normal,213,0,213,656168,23637,10730841,39626,115.7188465539906,30,181,2,0,18,193,2,0,17,1,195
2011-08-10 10:35:00,Normal,104,0,104,1045950,17350,3034576,4300,507.66561969230776,35,62,7,0,11,79,14,0,22,2,80
2011-08-10 10:35:01,Normal,128,0,128,817324,20040,4915000,57181,255.0374340390625,39,79,10,0,11,110,7,0,21,3,104
2011-08-10 10:35:02,Normal,139,3,142,1195750,19404,4528747,35132,318.26403552816896,55,81,6,0,25,113,4,0,27,4,111
2011-08-10 10:35:03,Normal,134,0,134,737650,19144,4099344,51316,297.4805450746269,29,102,3,0,26,103,5,0,26,2,106
2011-08-10 10:35:04,Normal,94,0,94,666124,3779,3496557,2599,374.5924224148936,31,57,6,0,5,88,1,0,11,2,81
2011-08-10 10:35:05,Normal,121,0,121,1153776,58021,4234234,41032,509.9166824545455,47,58,16,0,3,118,0,0,2,6,113
2011-08-10 10:35:06,Normal,75,0,75,858107,14937,2739026,9377,539.9253107866666,39,27,9,0,6,69,0,0,9,2,64
2011-08-10 10:35:07,Normal,113,0,113,435572,19839,5140327,64838,181.2521145221239,22,82,9,0,20,80,13,0,37,1,75
2011-08-10 10:35:08,Normal,110,0,110,1088394,4155,3915025,50428,400.4407471727273,36,68,6,0,24,78,8,0,24,3,83
2011-08-10 10:35:09,Normal,102,0,102,1068862,12400,3231001,4306,294.04161650980393,35,60,7,0,13,86,3,0,12,6,83
2011-08-10 10:35:10,Normal,108,0,108,1005948,4496,3974586,37305,495.7375163240741,40,63,5,0,16,90,2,0,14,3,91
2011-08-10 10:35:11,Normal,94,4,98,976929,16765,3318681,62241,344.3662091632653,37,52,9,0,10,87,1,0,11,5,82
2011-08-10 10:35:12,Normal,64,0,64,603621,15109,2095975,47313,305.923055421875,24,36,4,0,13,50,1,0,11,3,50
2011-08-10 10:35:13,Normal,117,0,117,881341,7470,4598502,62031,183.78084138461543,36,73,8,0,25,85,5,2,30,4,83
2011-08-10 10:35:14,Normal,103,0,103,743829,4786,4116032,59318,252.46205283495146,29,68,6,0,20,77,6,0,27,3,73
2011-08-10 10:35:15,Normal,88,0,88,840185,15822,3092347,41584,362.83599857954545,33,46,9,0,6,78,4,0,10,3,75
2011-08-10 10:35:16,Normal,92,0,92,843148,18089,3652202,60347,318.0273769456522,44,43,5,0,15,75,2,0,18,2,72
2011-08-10 10:35:17,Normal,141,0,141,988874,19757,5717781,50507,288.0288417588652,44,89,8,0,17,113,11,0,32,6,103
2011-08-10 10:35:18,Normal,183,0,183,1824883,21289,6832705,7586,241.53754820765022,45,128,10,0,36,141,6,0,26,10,147
2011-08-10 10:35:19,Normal,109,0,109,1005706,17316,3262873,36403,323.3033222752293,34,70,5,0,30,74,4,1,28,4,76
2011-08-10 10:35:20,Normal,114,2,116,701810,5034,4348795,54937,381.3642526637931,29,83,4,0,19,85,10,2,29,6,78
2011-08-10 10:35:21,Normal,99,0,99,740428,18155,3678902,16748,401.8053460404041,36,56,7,0,5,93,1,0,8,5,86
2011-08-10 10:35:22,Normal,106,6,112,796264,19861,4326383,24764,213.546577375,39,61,12,0,8,101,3,0,18,5,89
2011-08-10 10:35:23,Normal,127,0,127,994619,6874,4734061,59006,204.53670544094484,35,87,5,0,12,106,9,0,19,7,101
2011-08-10 10:35:24,Normal,116,0,116,749262,57186,4621307,57335,296.01890936206894,35,76,5,0,25,86,5,0,33,7,75
2011-08-10 10:35:25,Normal,121,0,121,813012,22259,4914195,56938,435.8243070909091,40,72,9,0,19,86,15,1,37,4,79
2011-08-10 10:35:26,Normal,106,0,106,1202002,16345,3713602,9034,383.5061985566038,39,58,9,0,13,83,9,1,16,3,86
2011-08-10 10:35:27,Normal,122,0,122,969640,18282,5079293,43141,167.34515702459018,30,82,10,0,11,109,2,0,12,10,100
2011-08-10 10:35:28,Normal,147,0,147,1670315,5579,5189491,58986,317.38507961904764,35,101,11,0,13,120,14,0,21,10,116
2011-08-10 10:35:29,Normal,97,0,97,948795,15687,3482132,61583,274.3434960206186,34,53,10,0,7,89,0,1,7,5,85
2011-08-10 10:35:30,Normal,92,0,92,1041584,1804,3320917,59590,552.6177328369565,31,50,11,0,11,79,2,0,7,2,83
2011-08-10 10:35:31,Normal,84,0,84,863363,61722,3191729,58301,247.86733442857144,35,46,3,0,6,78,0,0,3,3,78
2011-08-10 10:35:32,Normal,95,9,104,858626,18138,3921515,36810,266.8659326826923,38,58,8,0,6,95,3,0,16,3,84
2011-08-10 10:35:33,Normal,82,0,82,690467,2621,3029553,49938,490.74001092682926,31,48,3,0,6,76,0,0,3,2,76
2011-08-10 10:35:34,Normal,88,0,88,793996,4615,3215758,51228,281.4760442045454,30,46,12,0,10,76,2,0,9,5,74
2011-08-10 10:35:35,Normal,114,0,114,1139534,4747,4115876,49170,334.78856260526317,36,69,9,0,14,96,4,0,14,1,99
2011-08-10 10:35:36,Normal,81,0,81,939941,15735,2567487,46013,431.0368664074074,36,41,4,0,7,73,1,0,5,1,75
2011-08-10 10:35:37,Normal,104,0,104,1309747,17461,4052217,16462,257.7709395480769,30,65,9,0,17,84,3,0,6,1,97
2011-08-10 10:35:38,Normal,112,0,112,953356,19356,4295635,5030,380.8596603571429,36,68,8,0,15,95,2,0,16,3,93
2011-08-10 10:35:39,Normal,163,0,163,1469282,7904,6735988,48655,377.3088012883436,40,117,6,0,29,128,6,0,21,2,140
2011-08-10 10:35:40,Normal,85,0,85,1193821,2310,2863439,782,488.3919850235294,35,39,11,0,19,65,1,0,8,3,74
2011-08-10 10:35:41,Normal,109,0,109,1057951,21188,3966196,9185,308.2622502568808,32,75,2,0,22,78,9,0,21,6,82
2011-08-10 10:35:42,Normal,123,3,126,749293,5534,5461473,51204,265.2718526190476,29,85,12,0,24,99,3,0,28,4,94
2011-08-10 10:35:43,Normal,105,0,105,1093879,18760,4368369,13514,373.1056762,40,62,3,0,13,89,3,0,13,4,87
2011-08-10 10:35:44,Normal,89,0,89,1078634,2402,3325376,61475,464.2783208876405,34,50,5,0,13,75,1,0,7,4,78
2011-08-10 10:35:45,Normal,98,0,98,955292,63292,3541041,14476,292.5239624897959,38,56,4,0,8,85,5,0,13,5,79
2011-08-10 10:35:46,Normal,104,0,104,1184582,17715,3769638,46577,212.66763557692306,31,64,9,0,27,71,6,0,23,4,77
2011-08-10 10:35:47,Normal,101,0,101,1196669,16868,3679073,61530,436.3395094653465,40,56,5,0,15,82,4,0,10,2,89
2011-08-10 10:35:48,Normal,94,0,94,1286440,3179,3399489,49410,520.6150878404255,35,52,7,0,22,69,3,0,13,1,79
2011-08-10 10:35:49,Normal,111,0,111,1231530,13989,4104464,14913,475.2067165495495,40,66,5,0,15,94,2,0,9,3,99
2011-08-10 10:35:50,Normal,101,0,101,1037106,4149,3682918,57003,274.7908827524752,38,57,6,0,15,80,6,0,18,4,79
2011-08-10 10:35:51,Normal,105,0,105,1252023,15703,3779175,26977,367.7628607333333,46,45,14,0,16,81,8,0,17,1,87
2011-08-10 10:35:52,Normal,105,6,111,1043213,40546,4258704,57141,223.0095998198198,38,65,8,0,12,94,5,0,14,3,94
2011-08-10 10:35:53,Normal,104,0,104,1143117,17647,3873704,56565,327.94941285576925,36,63,5,0,13,86,5,0,11,7,86
2011-08-10 10:35:54,Normal,106,0,106,1461926,15637,3994878,2836,397.8062014811321,46,58,2,0,20,84,2,0,7,3,96
2011-08-10 10:35:55,Normal,113,0,113,1053612,18306,4600268,29535,307.42903548672564,28,74,11,0,27,86,0,0,24,2,87
2011-08-10 10:35:56,Normal,123,0,123,1918078,16455,4521648,55933,262.22705891869924,31,84,8,0,22,95,6,0,6,4,113
2011-08-10 10:35:57,Normal,99,0,99,1412914,15977,3809273,15139,498.1698654747476,32,61,6,0,21,71,7,0,12,3,83
2011-08-10 10:35:58,Normal,106,0,106,1258757,4971,3681882,52501,431.8881869528301,39,62,5,0,15,90,1,0,9,6,91
2011-08-10 10:35:59,Normal,99,0,99,1155925,32216,3883925,35976,380.333212030303,34,60,5,0,20,74,5,0,9,2,88
2011-08-10 10:36:00,Normal,94,0,94,1295232,16186,3285834,10731,441.80550960638294,36,55,3,0,15,75,4,0,8,5,81
2011-08-10 10:36:01,Normal,163,0,163,1480911,23825,7023579,21287,265.516570993865,36,119,8,0,64,93,6,0,52,2,109
2011-08-10 10:36:02,Normal,177,3,180,1346055,21794,7714029,40363,355.63846107222224,41,135,4,0,59,113,8,0,55,3,122
2011-08-10 10:36:03,Normal,111,0,111,1215379,17609,4016809,45640,350.23859145045054,38,67,6,0,16,91,4,0,9,2,99
2011-08-10 10:36:04,Normal,105,0,105,1563184,15219,4045006,18826,324.3358379047619,39,63,3,0,22,82,1,0,3,2,100
2011-08-10 10:36:05,Normal,84,0,84,1116420,16595,2832893,60197,250.07632946428575,34,45,5,0,14,66,4,0,8,4,71
2011-08-10 10:36:06,Normal,97,0,97,1069054,4978,4211337,17225,220.31636762886595,29,62,6,0,15,78,4,0,8,3,86
2011-08-10 10:36:07,Normal,94,0,94,1103591,16222,3295177,21618,322.94478358510634,20,67,7,0,22,68,4,0,11,2,81
2011-08-10 10:36:08,Normal,158,0,158,1347052,20310,6844682,17908,201.77509316455695,38,115,5,0,23,129,6,0,18,5,135
2011-08-10 10:36:09,Normal,106,0,106,984157,17139,3954231,51240,364.8250579056604,26,69,11,0,11,89,6,0,10,4,92
2011-08-10 10:36:10,Normal,218,0,218,1174697,24730,10375766,55181,156.342897646789,38,175,5,0,31,183,4,0,29,6,182
2011-08-10 10:36:11,Normal,132,0,132,1144937,7912,5500762,57095,241.28321904545453,30,99,3,0,32,91,9,0,34,6,92
2011-08-10 10:36:12,Normal,138,3,141,1147145,5677,6138801,50560,183.09053826950353,30,100,11,0,33,103,5,0,34,4,103
2011-08-10 10:36:13,Normal,101,0,101,1068190,2630,3728132,38449,525.6702635940594,34,62,5,0,13,83,5,0,13,4,84
2011-08-10 10:36:14,Normal,146,0,146,1517604,18280,5981289,22608,418.79136563698626,36,105,5,0,25,107,14,0,31,5,110
2011-08-10 10:36:15,Normal,208,0,208,879797,10494,7560936,54003,212.32533777884615,35,169,4,0,54,135,19,0,69,5,133
2011-08-10 10:36:16,Normal,125,16,141,1339843,6049,5193696,57467,372.6763923687943,38,92,11,0,16,115,10,0,28,2,110
2011-08-10 10:36:17,Normal,146,7,153,851407,7532,5090630,51073,237.67817933333333,27,122,4,0,16,120,17,0,33,4,116
2011-08-10 10:36:18,Normal,187,0,187,815256,8702,8043117,5041,197.1358215026738,33,141,13,0,16,167,2,2,15,5,167
2011-08-10 10:36:19,Normal,106,0,106,700966,6161,4213193,21953,247.40821575471696,36,65,5,0,16,87,2,1,22,2,81
2011-08-10 10:36:20,Normal,151,0,151,1322148,19813,5969170,47725,270.03237965562914,47,93,11,0,31,109,10,1,35,5,110
2011-08-10 10:36:21,Normal,228,0,228,919132,12038,10605535,38748,128.90483399561404,27,193,8,0,59,139,29,1,88,2,137
2011-08-10 10:36:22,Normal,101,6,107,849362,17977,4179292,57542,441.5450378504672,32,64,11,0,11,92,3,1,13,3,90
2011-08-10 10:36:23,Normal,135,0,135,1910712,19181,4097213,20788,302.355324,30,97,8,0,37,89,8,1,26,1,107
2011-08-10 10:36:24,Normal,150,2,152,2067852,4029,4316761,51586,354.01556776315783,35,111,6,0,42,98,12,0,17,1,134
2011-08-10 10:36:25,Normal,137,0,137,1285325,7014,4574373,37353,237.3648972335766,34,91,12,0,27,92,18,0,37,4,96
2011-08-10 10:36:26,Normal,180,0,180,1204211,23373,7423352,3815,209.79082626666664,26,145,9,0,22,116,42,0,47,2,131
2011-08-10 10:36:27,Normal,132,0,132,1306771,65332,4576027,25031,289.59273712878786,41,86,5,0,23,102,7,0,26,4,102
2011-08-10 10:36:28,Normal,120,0,120,1155574,27678,3406630,13371,444.47866145833336,27,82,11,0,20,93,7,0,22,1,97
2011-08-10 10:36:29,Normal,116,0,116,957136,4931,3955401,43371,360.23107475,31,74,11,0,17,97,2,0,21,5,90
2011-08-10 10:36:30,Normal,104,0,104,1111583,17860,4123256,12394,697.1963841634614,39,58,7,0,21,83,0,0,12,1,91
2011-08-10 10:36:31,Normal,107,0,107,912342,4780,3935133,47284,262.62469136448595,34,67,6,0,12,95,0,0,20,4,83
2011-08-10 10:36:32,Normal,114,3,117,1071296,6163,4805565,43877,234.2620505982906,29,81,7,0,15,99,3,0,11,3,103
2011-08-10 10:36:33,Normal,164,0,164,1058561,20550,6323001,4525,230.74979979878051,31,120,13,0,43,116,5,0,42,3,119
2011-08-10 10:36:34,Normal,155,0,155,1014320,6299,6181266,56951,232.73038111612902,40,104,11,0,27,124,4,0,27,4,124
2011-08-10 10:36:35,Normal,145,0,145,1432401,6210,4765701,58110,169.37544110344828,40,93,12,0,33,107,5,0,30,7,108
2011-08-10 10:36:36,Normal,188,0,188,1354071,20933,6493152,1945,362.91969538829784,46,130,12,0,58,125,5,0,53,2,133
2011-08-10 10:36:37,Normal,127,0,127,814125,18709,4848341,54141,259.6725242125984,32,90,5,0,18,106,3,0,19,4,104
2011-08-10 10:36:38,Normal,149,0,149,1223745,6469,5466643,36991,342.7417629798658,32,109,8,0,32,114,3,0,17,2,130
2011-08-10 10:36:39,Normal,156,0,156,1321770,19478,6124032,14771,265.01205250641027,36,114,6,0,24,129,3,0,23,5,128
2011-08-10 10:36:40,Normal,106,0,106,893805,18257,3365946,60781,378.2430163773585,29,66,11,0,26,77,3,0,18,2,86
2011-08-10 10:36:41,Normal,107,0,107,1200562,17230,3936597,30680,476.38330428037386,41,64,2,0,18,87,2,0,10,2,95
2011-08-10 10:36:42,Normal,90,3,93,981645,15505,3234452,34815,494.91717692473134,39,47,7,0,11,80,2,0,10,5,77
2011-08-10 10:36:43,Normal,107,0,107,859238,17894,4200550,9645,372.9332867102803,40,59,8,0,11,95,1,0,13,2,92
2011-08-10 10:36:44,Normal,112,0,112,1293735,16611,3930235,32612,297.5530039017857,29,70,13,0,21,91,0,0,11,5,96
2011-08-10 10:36:45,Normal,87,0,87,830510,10459,2838437,14998,356.2114874712644,30,52,5,0,13,73,1,0,13,6,68
2011-08-10 10:36:46,Normal,126,0,126,1448617,18262,4320964,32607,331.27587584126985,38,80,8,0,25,95,6,0,22,6,98
2011-08-10 10:36:47,Normal,122,0,122,1072374,56725,4460849,1464,269.6390008360655,36,75,11,0,14,103,5,0,14,4,104
2011-08-10 10:36:48,Normal,132,0,132,1564627,4917,4766566,61738,479.6386478409091,43,77,12,0,21,103,8,0,14,4,114
2011-08-10 10:36:49,Normal,106,0,106,1126231,46954,3832828,30367,277.3794292169811,34,63,9,0,17,87,2,0,9,5,92
2011-08-10 10:36:50,Normal,119,6,125,1187706,5447,5182745,44477,215.16915781599997,26,91,8,0,26,96,3,0,22,2,101
2011-08-10 10:36:51,Normal,100,0,100,1211738,38453,3531559,5747,383.12232592,33,58,9,0,20,77,3,0,10,3,87
2011-08-10 10:36:52,Normal,153,6,159,1884057,18233,5928566,9831,258.5170976603773,46,105,8,0,28,116,15,0,23,4,132
2011-08-10 10:36:53,Normal,98,0,98,1158025,16658,3477776,48032,607.4835397857144,30,55,13,0,19,72,7,0,16,2,80
2011-08-10 10:36:54,Normal,242,0,242,1724678,24262,11102037,40963,278.7359574917355,42,191,9,0,45,194,3,0,29,6,206
2011-08-10 10:36:55,Normal,120,0,120,1339655,16995,3910930,13938,273.1165029,41,71,8,0,21,96,3,0,21,7,91
2011-08-10 10:36:56,Normal,111,0,111,1350890,16950,3820768,22606,416.3806803153154,30,73,8,0,31,74,6,0,15,1,95
2011-08-10 10:36:57,Normal,139,0,139,684252,15497,5405450,2941,118.55761160431653,20,116,3,0,59,74,6,0,67,3,69
2011-08-10 10:36:58,Normal,101,0,101,1132212,17285,3894794,59215,298.3043205445545,40,53,8,0,16,83,2,0,14,4,83
2011-08-10 10:36:59,Normal,102,0,102,1250828,16660,3579739,4804,466.2780457549019,44,51,7,0,21,74,7,0,19,1,82
2011-08-10 10:37:00,Normal,253,0,253,1523452,23801,12427187,33263,152.40805841106726,30,215,8,0,26,220,7,0,10,2,238
2011-08-10 10:37:01,Normal,117,0,117,1108059,6893,4532957,58897,166.80752744444445,33,81,3,0,23,90,4,0,14,2,101
2011-08-10 10:37:02,Normal,119,3,122,1323551,18546,4664410,7957,293.7090575819672,36,76,10,0,15,101,6,0,11,4,107
2011-08-10 10:37:03,Normal,98,0,98,1414855,17801,3121352,49508,463.8476225714286,37,53,8,0,19,75,4,0,11,3,84
2011-08-10 10:37:04,Normal,143,0,143,2246312,17039,4479982,66105,503.8337002027972,38,100,5,0,33,97,13,0,11,5,127
2011-08-10 10:37:05,Normal,76,0,76,960555,1875,2658829,41947,279.56502299999994,28,41,7,0,10,66,0,0,6,2,68
2011-08-10 10:37:06,Normal,102,0,102,876393,18280,3985082,63389,180.55569110784316,35,60,7,0,28,73,1,0,25,4,73
2011-08-10 10:37:07,Normal,100,0,100,899613,17254,3392118,6853,189.40726729999994,35,60,5,0,20,77,3,0,23,4,71
2011-08-10 10:37:08,Normal,79,0,79,895128,4678,2842072,787,319.1549773037974,24,45,10,0,9,68,2,0,3,3,73
2011-08-10 10:37:09,Normal,139,0,139,1084992,17793,5568065,59697,472.3884819712231,32,102,5,0,18,114,7,0,11,1,126
2011-08-10 10:37:10,Normal,131,0,131,795155,7457,5450794,50160,197.17995503053436,29,93,9,0,12,116,3,0,14,1,116
2011-08-10 10:37:11,Normal,99,0,99,958634,5234,3729040,2465,172.11023091919193,29,64,6,0,28,70,1,0,18,2,78
2011-08-10 10:37:12,Normal,120,3,123,1243173,17693,4674548,54579,397.9618568536586,36,73,14,0,17,100,6,0,18,2,103
2011-08-10 10:37:13,Normal,95,0,95,960983,16292,3222965,33080,416.2881243052632,38,51,6,0,15,80,0,0,12,2,81
2011-08-10 10:37:14,Normal,120,0,120,1310703,4154,4252111,57067,500.9332220666666,31,84,5,0,19,85,16,0,19,5,95
2011-08-10 10:37:15,Normal,109,0,109,1111022,62718,3920989,18768,267.6729046972477,31,71,7,0,19,90,0,0,12,8,89
2011-08-10 10:37:16,Normal,79,0,79,541364,2753,2868532,49721,422.0562350759495,36,40,3,0,6,71,2,0,10,1,68
2011-08-10 10:37:17,Normal,95,0,95,803180,17426,3601641,52486,224.63333887368418,34,56,5,0,11,80,4,0,12,4,79
2011-08-10 10:37:18,Normal,69,0,69,581912,15345,2437767,42901,311.9764941449275,28,37,4,0,5,63,1,0,2,2,65
2011-08-10 10:37:19,Normal,63,0,63,604374,14734,2010393,59078,580.2976601111112,31,28,4,0,10,51,1,1,8,1,53
2011-08-10 10:37:20,Normal,91,0,91,934007,20288,3107013,1626,402.11275579120877,32,49,10,0,7,78,2,4,8,3,76
2011-08-10 10:37:21,Normal,79,0,79,864971,15915,2960466,53764,246.5063358227848,32,39,8,0,5,73,1,0,5,2,71
2011-08-10 10:37:22,Normal,98,6,104,881013,16593,3952004,39767,324.69823750961535,34,62,8,0,12,89,3,0,15,2,87
2011-08-10 10:37:23,Normal,82,0,82,869376,16966,2770656,57253,291.6383442560975,25,52,5,0,9,69,4,0,6,3,70
2011-08-10 10:37:24,Normal,96,0,96,1127173,16619,2950498,63899,544.2439725416667,36,55,5,0,12,82,2,0,11,7,77
2011-08-10 10:37:25,Normal,105,0,105,629547,18328,4355578,50910,364.6978247428572,27,74,4,0,6,92,7,0,12,1,92
2011-08-10 10:37:26,Normal,106,0,106,853701,19546,3898972,5099,377.43132426415093,43,56,7,0,5,94,7,0,19,3,84
2011-08-10 10:37:27,Normal,75,0,75,794572,15081,3135532,61185,358.0859979066667,34,36,5,0,2,69,4,0,12,1,62
2011-08-10 10:37:28,Normal,111,0,111,877023,4156,4197267,57262,368.88653275675676,33,69,9,0,23,86,2,0,24,1,84
2011-08-10 10:37:29,Normal,98,2,100,836452,16729,3994640,39588,226.41335389,34,64,2,0,13,75,12,0,24,3,73
2011-08-10 10:37:30,Normal,107,0,107,950626,17694,3851699,58409,299.2571334579439,41,63,3,0,15,86,6,0,14,2,90
2011-08-10 10:37:31,Normal,178,0,178,2921510,8928,7948965,1558,749.5101858539326,34,137,7,0,67,94,17,0,29,4,145
2011-08-10 10:37:32,Normal,136,3,139,1426900,42588,5076386,55265,322.0183981438849,33,99,7,0,23,106,9,1,20,3,116
2011-08-10 10:37:33,Normal,99,0,99,878462,3835,3874769,53274,245.86531086868686,28,63,8,0,20,75,4,0,15,3,81
2011-08-10 10:37:34,Normal,86,0,86,975452,3290,2737861,59810,482.2336898488372,41,42,3,0,15,68,3,0,13,4,69
2011-08-10 10:37:35,Normal,108,0,108,553473,21609,4240776,64814,271.1501392962963,27,76,5,0,12,87,9,0,24,3,81
2011-08-10 10:37:36,Normal,106,0,106,587912,17445,4333063,62482,323.11699164150946,31,69,6,0,11,92,3,0,18,2,86
2011-08-10 10:37:37,Normal,123,0,123,1190591,4620,4601602,40791,375.0663534634146,28,85,10,0,22,100,1,0,18,5,100
2011-08-10 10:37:38,Normal,92,0,92,704269,3407,3472241,59870,423.7442162173914,36,54,2,0,6,86,0,0,4,3,85
2011-08-10 10:37:39,Normal,84,0,84,549467,17516,3191251,24991,324.3351509404761,37,44,3,0,2,80,2,0,9,1,72
2011-08-10 10:37:40,Normal,101,6,107,895507,19021,3852143,42360,304.54684620560744,33,63,11,0,15,92,0,0,19,2,85
2011-08-10 10:37:41,Normal,109,4,113,1135681,6721,4118651,58330,318.2395634159292,35,70,8,0,16,95,2,0,19,5,89
2011-08-10 10:37:42,Normal,98,3,101,1239758,18010,3421444,39724,186.05274199999997,28,66,7,0,26,70,5,0,6,2,93
2011-08-10 10:37:43,Normal,157,0,157,2041182,33383,5800426,1907,331.11995693630575,42,106,9,0,33,105,19,0,21,2,133
2011-08-10 10:37:44,Normal,84,0,84,616730,3411,3470474,49973,528.0611604285715,32,49,3,0,7,69,8,0,18,2,63
2011-08-10 10:37:45,Normal,201,0,201,592947,23363,8660267,32919,106.56740804975124,27,159,15,0,12,175,14,0,18,1,182
2011-08-10 10:37:46,Normal,70,0,70,699359,3233,2281731,38156,268.1042804142857,24,41,5,0,11,54,5,0,16,2,52
2011-08-10 10:37:47,Normal,82,0,82,702241,4125,3319370,37411,347.51934082926834,32,42,8,0,2,77,3,0,10,3,69
2011-08-10 10:37:48,Normal,106,0,106,963100,18002,3825207,35734,377.9636095471698,31,64,11,0,15,88,3,0,18,4,84
2011-08-10 10:37:49,Normal,146,0,146,1193546,19941,5532716,18500,202.51287204794525,37,103,6,0,47,93,6,0,50,2,94
2011-08-10 10:37:50,Normal,91,0,91,747667,53710,3194787,1977,392.46958431868137,29,56,6,0,7,82,2,0,8,3,80
2011-08-10 10:37:51,Normal,135,0,135,1380739,17833,4943605,10194,368.8439080222222,36,88,11,0,21,111,3,0,19,4,112
2011-08-10 10:37:52,Normal,117,6,123,1464521,17590,4017725,28761,376.8360902845529,34,80,9,0,17,98,8,0,15,5,103
2011-08-10 10:37:53,Normal,121,0,121,1275990,19677,4401598,58054,381.3477785867768,31,84,6,0,27,88,6,0,25,2,94
2011-08-10 10:37:54,Normal,113,0,113,1044871,4801,3809592,1219,365.3572188141593,26,80,7,0,27,84,2,0,20,2,91
2011-08-10 10:37:55,Normal,94,0,94,1084221,4136,3356568,53501,398.71309621276606,28,48,18,0,13,80,1,0,6,5,83
2011-08-10 10:37:56,Normal,80,0,80,732780,17745,3022857,17167,384.39455999999996,28,48,4,0,11,67,2,0,10,2,68
2011-08-10 10:37:57,Normal,82,0,82,918735,15133,2801842,24228,312.4655556951219,46,28,8,0,6,76,0,0,8,3,71
2011-08-10 10:37:58,Normal,90,0,90,1006987,15919,3486187,37879,468.11282229999995,39,46,5,0,8,80,2,0,3,1,85
2011-08-10 10:37:59,Normal,91,0,91,1068612,15718,3032946,15894,447.10200126373627,41,44,6,0,17,71,3,0,17,2,72
2011-08-10 10:38:00,Normal,114,0,114,933597,19948,4389285,31320,425.07689950877193,43,67,4,0,11,98,5,0,13,4,97
2011-08-10 10:38:01,Normal,124,0,124,623110,19970,5185675,34307,157.87224641129032,30,87,7,0,26,94,4,0,30,2,92
2011-08-10 10:38:02,Normal,86,3,89,738937,47583,3079511,42562,226.75695251685397,37,48,4,0,5,83,1,0,6,4,79
2011-08-10 10:38:03,Normal,95,0,95,603624,63560,3740926,18430,312.3028307578947,28,62,5,0,14,80,1,0,16,3,76
2011-08-10 10:38:04,Normal,107,0,107,527101,5913,4793309,56589,345.20679364485983,25,78,4,0,16,89,2,0,20,1,86
2011-08-10 10:38:05,Normal,112,0,112,960159,62633,4174429,42587,149.614887125,30,78,4,0,15,88,9,0,23,5,84
2011-08-10 10:38:06,Normal,153,0,153,918646,20729,5967082,55139,302.8086465555555,37,105,11,0,14,130,9,0,29,2,122
2011-08-10 10:38:07,Normal,108,0,108,826329,18726,3998282,40626,258.7408822129629,31,67,10,0,6,75,27,0,32,3,73
2011-08-10 10:38:08,Normal,161,0,161,1004094,21074,6255305,7628,377.3907314285714,35,116,10,0,23,111,27,0,46,2,113
2011-08-10 10:38:09,Normal,129,0,129,899042,7440,5114720,35674,147.65912887596897,30,89,10,0,30,92,7,0,35,5,89
2011-08-10 10:38:10,Normal,95,0,95,589101,18816,3704794,28276,494.82535169473687,28,61,6,0,13,68,14,0,32,1,62
2011-08-10 10:38:11,Normal,135,4,139,611087,9497,6119066,2372,200.93419076978418,33,96,10,0,16,113,10,0,31,0,108
2011-08-10 10:38:12,Normal,114,5,119,801089,9186,5028667,24,338.20974087394956,44,73,2,0,7,107,5,0,18,3,98
2011-08-10 10:38:13,Normal,68,0,68,582530,16180,2080267,61111,375.09492557352945,29,25,14,0,8,59,1,0,13,1,54
2011-08-10 10:38:14,Normal,82,0,82,579818,16570,2856613,39991,271.85320812195124,24,47,11,0,8,70,4,0,12,4,66
2011-08-10 10:38:15,Normal,71,0,71,441366,14721,2919733,24974,192.92270528169013,22,42,7,0,19,52,0,0,24,1,46
2011-08-10 10:38:16,Normal,96,0,96,715701,6252,3976368,47185,227.21996558333333,32,59,5,0,10,85,1,0,13,1,82
2011-08-10 10:38:17,Normal,83,0,83,642597,17394,2846478,21385,387.7707763975904,31,45,7,0,11,69,3,0,20,3,60
2011-08-10 10:38:18,Normal,117,0,117,604928,18783,4927618,53204,174.18616150427357,33,76,8,0,16,94,7,0,26,1,90
2011-08-10 10:38:19,Normal,142,0,142,721498,14214,5762169,3805,172.8098626197183,30,108,4,0,33,102,6,1,40,3,98
2011-08-10 10:38:20,Normal,137,0,137,902855,7237,5229062,54732,197.13038821897808,34,96,7,0,28,104,3,2,37,4,94
2011-08-10 10:38:21,Normal,107,0,107,1109097,5651,3737562,17331,234.25463168224297,33,69,5,0,16,88,1,2,18,4,83
2011-08-10 10:38:22,Normal,95,12,107,725003,5712,4349431,35858,375.140595859813,37,61,9,0,9,89,9,0,20,2,84
2011-08-10 10:38:23,Normal,84,0,84,589290,17151,2974832,39627,242.04165789285707,32,48,4,0,7,74,3,0,11,2,71
2011-08-10 10:38:24,Normal,71,0,71,445440,3628,2612631,59515,153.82231095774645,22,44,5,0,8,62,1,0,10,1,60
2011-08-10 10:38:25,Normal,137,0,137,718395,8281,6016514,51040,158.89217108759124,26,103,8,0,16,108,13,0,34,2,101
2011-08-10 10:38:26,Normal,100,0,100,733582,19969,4262356,26166,252.67399167999997,30,60,10,0,16,84,0,0,19,3,78
2011-08-10 10:38:27,Normal,88,0,88,961924,16397,3242320,41678,467.6801436931819,30,49,9,0,8,77,3,0,10,3,74
2011-08-10 10:38:28,Normal,79,0,79,907819,16340,2265395,62099,435.0574400126582,31,40,8,0,8,69,2,0,14,6,59
2011-08-10 10:38:29,Normal,111,0,111,814798,5519,4144101,55670,213.99954394594593,24,78,9,0,27,83,1,0,34,4,73
2011-08-10 10:38:30,Normal,94,0,94,875021,37227,3098181,14911,322.1391378404256,37,42,15,0,18,75,1,0,18,5,71
2011-08-10 10:38:31,Normal,82,0,82,679911,16117,2892159,1825,478.388704597561,27,48,7,0,11,69,2,0,14,2,66
2011-08-10 10:38:32,Normal,97,3,100,805408,17572,3849964,12686,277.54832094,30,62,8,0,21,75,4,0,27,2,71
2011-08-10 10:38:33,Normal,78,2,80,696575,17246,2832396,63263,387.9019609625,36,41,3,0,10,69,1,0,12,3,65
2011-08-10 10:38:34,Normal,79,0,79,650332,16643,2582304,50083,185.75656308860763,26,48,5,0,10,68,1,0,9,0,70
2011-08-10 10:38:35,Normal,103,0,103,562665,24099,4287184,1046,178.136182776699,29,67,7,0,30,72,1,0,33,4,66
2011-08-10 10:38:36,Normal,123,0,123,1321490,18564,4657868,31908,469.14048278861793,33,82,8,0,19,83,21,0,22,4,97
2011-08-10 10:38:37,Normal,99,0,99,833353,3880,3530689,56914,211.85407273737368,25,63,11,0,14,84,1,0,11,6,82
2011-08-10 10:38:38,Normal,73,0,73,728417,15843,2429318,34015,345.67039642465755,24,41,8,0,11,59,3,0,11,4,58
2011-08-10 10:38:39,Normal,105,0,105,509026,18553,4128595,13448,142.86343291428574,19,79,7,0,4,99,2,0,8,4,93
2011-08-10 10:38:40,Normal,145,0,145,1065255,8336,5293664,33594,232.59554939310348,42,98,5,0,44,92,9,0,50,6,89
2011-08-10 10:38:41,Normal,128,0,128,683770,5388,4984081,42399,241.28216811718747,40,82,6,0,20,105,3,0,32,3,93
2011-08-10 10:38:42,Normal,77,3,80,587588,16251,2901567,6753,161.87253990000002,28,47,5,0,8,66,6,0,18,3,59
2011-08-10 10:38:43,Normal,90,0,90,627693,4215,3060702,48735,327.75860988888894,30,54,6,0,5,81,4,0,10,3,76
2011-08-10 10:38:44,Normal,113,0,113,799630,6260,4275841,22985,334.9713264424779,38,74,1,0,7,100,6,0,29,4,80
2011-08-10 10:38:45,Normal,130,0,130,768091,7351,5501604,27812,205.82408273076922,33,93,4,0,43,73,14,0,73,2,55
2011-08-10 10:38:46,Normal,121,0,121,727957,19616,4623644,45800,139.52921224793388,25,89,7,0,27,92,2,0,36,5,80
2011-08-10 10:38:47,Normal,91,0,91,652202,4173,3346907,57418,431.931859054945,30,56,5,0,8,79,4,0,20,3,68
2011-08-10 10:38:48,Normal,108,0,108,813429,19411,4015720,57341,222.76371815740745,36,61,11,0,12,96,0,0,16,6,85
2011-08-10 10:38:49,Normal,81,0,81,957927,17503,2860657,10485,400.3834570617284,38,37,6,0,8,71,2,0,12,4,65
2011-08-10 10:38:50,Normal,85,0,85,777830,2824,3000619,44856,210.16831482352936,38,43,4,0,3,82,0,0,5,5,75
2011-08-10 10:38:51,Normal,72,0,72,726052,2241,2368482,62539,296.3763054166667,28,35,9,0,8,64,0,0,9,4,59
2011-08-10 10:38:52,Normal,101,6,107,663755,5023,4079650,38338,189.29529255140184,33,70,4,0,7,93,7,0,23,3,81
2011-08-10 10:38:53,Normal,76,0,76,893709,15174,2350566,11748,512.8352658815788,26,40,10,0,12,62,2,0,16,3,57
2011-08-10 10:38:54,Normal,119,0,119,887196,5162,4053899,39773,343.15792732773104,34,78,7,0,31,86,2,0,29,4,86
2011-08-10 10:38:55,Normal,83,0,83,832475,9864,3126063,14435,493.91206969879516,33,48,2,0,10,67,6,0,10,1,72
2011-08-10 10:38:56,Normal,84,0,84,719949,16430,3196780,52999,231.26065936904763,39,37,8,0,11,71,2,0,18,2,64
2011-08-10 10:38:57,Normal,82,0,82,562776,16934,3089859,33277,309.79075785365853,26,52,4,0,7,74,1,0,11,1,70
2011-08-10 10:38:58,Normal,99,0,99,715019,16991,3406633,62109,166.28618301010104,29,63,7,0,19,77,3,0,23,5,71
2011-08-10 10:38:59,Normal,144,0,144,986607,18968,6456321,15546,313.0613300625,34,102,8,0,10,130,4,0,7,3,134
2011-08-10 10:39:00,Normal,126,0,126,787981,5686,5738501,63116,148.18065853968253,28,92,6,0,2,120,4,0,11,5,110
2011-08-10 10:39:01,Normal,124,0,124,1133618,6028,4937396,61307,292.3890425645161,35,84,5,0,21,88,15,0,26,2,96
2011-08-10 10:39:02,Normal,128,3,131,563788,10895,5425591,8,124.34057785496185,31,96,4,0,9,117,5,0,24,1,105
2011-08-10 10:39:03,Normal,69,0,69,776786,3883,2385759,8,648.1070994347826,32,24,13,0,4,63,2,0,3,1,65
2011-08-10 10:39:04,Normal,94,0,94,1167958,5699,3040455,4713,375.0041272127659,35,49,10,0,9,83,2,0,15,8,71
2011-08-10 10:39:05,Normal,75,0,75,515253,17117,2732832,51132,273.4060392,24,43,8,0,6,67,2,0,10,4,61
2011-08-10 10:39:06,Normal,96,0,96,798278,18280,3337555,6188,307.4430903541667,43,48,5,0,8,82,6,0,15,3,78
2011-08-10 10:39:07,Normal,78,0,78,759538,5637,2769108,777,311.0320072179487,29,42,7,0,6,71,1,0,5,4,69
2011-08-10 10:39:08,Normal,104,0,104,1188889,16186,3546095,19583,302.20065476923077,38,59,7,0,11,92,1,0,6,6,92
2011-08-10 10:39:09,Normal,80,0,80,893747,6425,2512251,3171,354.31534725,37,37,6,0,7,71,2,0,14,6,60
2011-08-10 10:39:10,Normal,84,0,84,899656,2347,2884714,43874,449.9778219880953,38,37,9,0,5,78,1,0,9,4,71
2011-08-10 10:39:11,Normal,100,0,100,642315,5448,3933811,50183,225.30443419000002,35,59,6,0,10,90,0,0,21,3,76
2011-08-10 10:39:12,Normal,91,3,94,704850,5838,3836045,777,400.1857798085107,32,53,9,0,4,88,2,0,6,3,83
2011-08-10 10:39:13,Normal,100,0,100,818737,6337,3757246,168,302.33989954,43,54,3,0,12,88,0,0,12,2,86
2011-08-10 10:39:14,Normal,109,0,109,749775,5263,3672519,41533,122.66627222935782,38,62,9,0,38,70,1,0,39,3,67
2011-08-10 10:39:15,Normal,113,0,113,620496,8485,4721355,779,236.3044878938053,35,70,8,0,28,85,0,0,31,2,80
2011-08-10 10:39:16,Normal,78,0,78,912454,60978,2704585,10689,267.8795656538461,42,33,3,0,4,73,1,0,6,5,67
2011-08-10 10:39:17,Normal,103,0,103,1066426,17269,3951796,3384,268.7640281844661,38,56,9,0,11,81,11,0,15,5,83
2011-08-10 10:39:18,Normal,98,0,98,704194,3388,3885050,35025,290.5059210714286,34,59,5,0,11,86,1,0,13,2,83
2011-08-10 10:39:19,Normal,55,0,55,665228,3332,1722072,1548,428.7650931272727,23,30,2,0,8,46,0,1,3,4,47
2011-08-10 10:39:20,Normal,86,0,86,597679,3690,3299389,45736,275.0955432093023,26,53,7,0,8,76,1,1,10,3,71
2011-08-10 10:39:21,Normal,87,0,87,509142,4170,3365109,32306,238.91277545977007,29,51,7,0,12,72,1,2,18,2,65
2011-08-10 10:39:22,Normal,109,6,115,723134,17608,4644001,52850,69.32642379130435,31,82,2,0,8,100,7,0,14,4,96
2011-08-10 10:39:23,Normal,82,0,82,600911,16681,3213951,55041,290.78333912195126,32,43,7,0,5,75,2,0,11,1,70
2011-08-10 10:39:24,Normal,66,0,66,710112,14921,2109424,5826,441.7200496666667,33,27,6,0,4,61,1,0,8,2,56
2011-08-10 10:39:25,Normal,105,0,105,775270,6998,3894513,7,262.1890479523809,27,73,5,0,11,91,3,0,7,2,95
2011-08-10 10:39:26,Normal,83,0,83,690823,15409,2992481,6710,475.86449601204816,30,43,10,0,4,75,4,0,8,2,73
2011-08-10 10:39:27,Normal,68,0,68,732318,4982,2088721,2658,382.2904028382353,25,36,7,0,10,56,1,1,6,6,55
2011-08-10 10:39:28,Normal,99,0,99,675610,5070,3904815,59031,282.0884457979798,26,61,12,0,5,94,0,0,6,4,89
2011-08-10 10:39:29,Normal,93,0,93,655240,8170,3463804,1550,259.9513515268817,32,50,11,0,5,88,0,0,11,3,79
2011-08-10 10:39:30,Normal,90,0,90,784029,5340,3154178,88,506.07847712222224,31,52,7,0,11,75,4,0,9,1,80
2011-08-10 10:39:31,Normal,76,0,76,607651,15477,2954778,51515,234.6161118421052,35,36,5,0,1,74,1,0,6,1,69
2011-08-10 10:39:32,Normal,98,3,101,574703,21336,3996004,22087,447.26545259405947,32,62,7,0,20,80,1,0,28,1,71
2011-08-10 10:39:33,Normal,121,0,121,524301,5926,5136235,51519,243.58819192561987,32,88,1,0,12,107,2,0,13,1,107
2011-08-10 10:39:34,Normal,125,6,131,465743,7784,5083351,40636,125.78570775572518,29,99,3,0,34,83,14,0,54,1,76
2011-08-10 10:39:35,Normal,108,0,108,786539,6375,4119764,4112,160.71565200925926,28,73,7,0,11,96,1,0,17,4,87
2011-08-10 10:39:36,Normal,98,0,98,861500,5772,3606585,8,509.12184060204083,32,56,10,0,18,78,2,0,22,1,75
2011-08-10 10:39:37,Normal,125,0,125,929261,17744,4864261,30311,261.01557476799996,34,89,2,0,21,101,3,0,21,4,100
2011-08-10 10:39:38,Normal,131,0,131,571741,5978,5294476,41342,168.78667309923662,29,98,4,0,5,123,3,0,8,2,121
2011-08-10 10:39:39,Normal,131,0,131,935789,5232,4949121,42839,224.46378874809156,42,83,6,0,35,89,7,0,43,4,84
2011-08-10 10:39:40,Normal,81,0,81,606285,3196,3347593,32819,197.5805359382716,32,46,3,0,8,68,5,0,16,1,63
2011-08-10 10:39:41,Normal,90,0,90,781907,18266,3603198,34094,372.0447459444445,31,52,7,0,23,61,6,0,32,2,56
2011-08-10 10:39:42,Normal,102,3,105,646412,16981,4357575,13371,270.23880321904767,34,64,7,0,17,79,9,0,29,1,75
2011-08-10 10:39:43,Normal,128,0,128,736858,6648,4864740,55773,111.00322861718749,34,88,6,0,30,87,11,0,41,3,84
2011-08-10 10:39:44,Normal,99,0,99,1325716,17926,3212143,58960,438.3102064747476,34,57,8,0,24,62,13,0,19,4,76
2011-08-10 10:39:45,Normal,94,2,96,929189,3090,3673843,52906,305.4722501979167,40,50,6,0,13,80,3,0,13,2,80
2011-08-10 10:39:46,Normal,74,0,74,934067,2028,2318752,37097,406.29709704054056,34,35,5,0,13,60,1,0,11,3,60
2011-08-10 10:39:47,Normal,86,0,86,854015,16683,2962305,39957,470.5672090465117,31,49,6,0,12,72,2,0,13,3,70
2011-08-10 10:39:48,Normal,100,0,100,758334,4250,3802617,34385,333.4889653999999,30,59,11,0,14,84,2,0,18,3,78
2011-08-10 10:39:49,Normal,87,0,87,588365,36620,3474706,14142,270.21799488505746,27,55,5,0,13,72,2,0,15,2,70
2011-08-10 10:39:50,Normal,80,0,80,660940,17710,2711366,11943,389.2021975125,37,31,12,0,3,73,4,0,11,2,67
2011-08-10 10:39:51,Normal,88,0,88,685017,17829,3463636,14554,178.9086322954546,29,54,5,0,8,75,5,0,10,3,75
2011-08-10 10:39:52,Normal,83,3,86,778058,16090,3216127,64547,255.42009960465114,31,47,8,0,7,73,6,0,11,3,72
2011-08-10 10:39:53,Normal,94,3,97,619239,3604,3807370,48131,190.02396769072163,32,57,8,0,10,83,4,0,19,1,77
2011-08-10 10:39:54,Normal,110,0,110,685685,20120,4070492,56126,253.98803160000003,34,73,3,0,19,90,1,0,22,4,84
2011-08-10 10:39:55,Normal,57,0,57,407980,9668,2203411,7660,263.83884521052636,23,30,4,0,2,55,0,0,2,2,53
2011-08-10 10:39:56,Normal,96,0,96,1119579,17146,3179762,35400,317.97466000000003,46,43,7,0,13,73,10,0,26,6,64
2011-08-10 10:39:57,Normal,71,0,71,751321,15160,2669940,8040,487.08670192957754,35,29,7,0,9,62,0,0,7,3,61
2011-08-10 10:39:58,Normal,80,0,80,540757,2620,3110910,59647,431.0228238374999,24,50,6,0,1,78,1,0,5,2,73
2011-08-10 10:39:59,Normal,92,0,92,618895,4876,3704150,50292,254.30691644565218,32,54,6,0,9,74,9,0,19,2,71
2011-08-10 10:40:00,Normal,117,0,117,649061,22148,3603537,21229,245.0495862393162,32,79,6,0,8,108,1,0,38,3,76
2011-08-10 10:40:01,Normal,84,0,84,659432,3845,3628068,63320,311.44412372619047,34,43,7,0,5,76,3,0,14,2,68
2011-08-10 10:40:02,Normal,114,3,117,487817,6506,4878974,53465,157.8390346153846,24,84,9,0,20,93,4,0,30,2,85
2011-08-10 10:40:03,Normal,81,0,81,513700,3722,2910316,50732,239.60328054320988,25,49,7,0,7,72,2,0,19,2,60
2011-08-10 10:40:04,Normal,126,0,126,888937,13786,4604350,15683,229.74637823809525,40,81,5,0,15,108,3,0,18,5,103
2011-08-10 10:40:05,Normal,129,0,129,694352,5705,5378735,56928,216.00445117829457,29,93,7,0,24,104,1,0,32,3,94
2011-08-10 10:40:06,Normal,113,0,113,1072006,18904,3990785,19455,351.46686677876113,41,61,11,0,10,96,7,0,11,3,99
2011-08-10 10:40:07,Normal,65,0,65,516846,15373,2574055,51423,438.6324993538461,32,28,5,0,4,61,0,0,7,2,56
2011-08-10 10:40:08,Normal,214,0,214,773076,10334,10318884,53278,137.57663218691587,40,167,7,0,5,208,1,0,11,2,201
2011-08-10 10:40:09,Normal,96,0,96,700133,3675,3494960,2472,271.2639036875,28,59,9,0,8,88,0,0,11,1,84
2011-08-10 10:40:10,Normal,73,0,73,824748,15639,2780842,36919,376.507949849315,22,40,11,0,11,60,2,0,13,2,58
2011-08-10 10:40:11,Normal,80,0,80,540403,4941,2819516,55290,317.98768275000003,30,45,5,0,5,73,2,0,7,3,70
2011-08-10 10:40:12,Normal,94,3,97,905292,4725,3409296,36207,267.6281987835052,30,38,29,0,25,66,6,0,29,7,61
2011-08-10 10:40:13,Normal,100,0,100,1066044,4083,3400273,62590,444.95404561000004,43,50,7,0,14,85,1,0,15,5,80
2011-08-10 10:40:14,Normal,90,0,90,593411,3994,2813197,65107,263.26255747777776,26,61,3,0,18,71,1,0,20,2,68
2011-08-10 10:40:15,Normal,64,0,64,544539,2187,2126922,39973,570.906370640625,29,29,6,0,4,60,0,0,10,2,52
2011-08-10 10:40:16,Normal,78,0,78,494717,2590,2960844,49231,278.34561448717943,26,47,5,0,2,75,0,1,7,1,69
2011-08-10 10:40:17,Normal,53,0,53,518408,8341,1875123,13371,575.0989539622641,22,25,6,0,4,48,1,0,5,1,47
2011-08-10 10:40:18,Normal,93,0,93,628684,5053,3466010,50388,174.90049797849466,28,58,7,0,5,85,3,0,10,2,81
2011-08-10 10:40:19,Normal,74,0,74,555084,16080,2887727,31247,550.3118830000001,30,35,9,0,6,67,0,1,9,1,63
2011-08-10 10:40:20,Normal,102,0,102,936437,16610,3698806,14414,281.1485573823529,31,63,8,0,8,92,1,1,12,5,84
2011-08-10 10:40:21,Normal,74,0,74,635725,2412,2763791,35686,431.5789510675675,33,34,7,0,13,61,0,0,14,3,56
2011-08-10 10:40:22,Normal,103,3,106,580806,18132,4347575,2284,167.4253740471698,27,68,11,0,24,81,1,0,26,3,77
2011-08-10 10:40:23,Normal,97,0,97,540231,4411,4030245,50885,296.78247748453606,35,57,5,0,16,79,0,2,18,3,73
2011-08-10 10:40:24,Normal,91,3,94,652824,17836,3804197,6387,289.3766180319149,35,52,7,0,12,76,6,0,21,4,69
2011-08-10 10:40:25,Normal,89,0,89,719893,17093,3350857,38397,220.20944723595508,25,53,11,0,19,66,4,0,19,3,67
2011-08-10 10:40:26,Normal,99,0,99,812529,16393,3871071,58762,350.136089969697,36,57,6,0,15,78,6,0,22,3,74
2011-08-10 10:40:27,Normal,83,0,83,680003,17033,3027211,50452,541.31882586747,28,48,7,0,14,64,5,0,19,2,62
2011-08-10 10:40:28,Normal,86,0,86,556823,2658,3068101,52445,408.7050379651162,27,53,6,0,12,71,3,0,16,3,67
2011-08-10 10:40:29,Normal,113,0,113,677751,5133,4418541,54278,226.67899295575222,25,88,0,0,9,102,2,0,17,2,94
2011-08-10 10:40:30,Normal,101,0,101,568324,3523,3789816,44293,236.6411063762376,31,64,6,0,7,92,2,0,10,3,88
2011-08-10 10:40:31,Normal,91,0,91,806966,1965,2833699,33599,278.2769205164835,39,42,10,0,8,79,4,0,18,3,70
2011-08-10 10:40:32,Normal,80,3,83,618465,15722,3328826,25891,479.34489081927705,32,43,8,0,8,73,2,0,13,3,67
2011-08-10 10:40:33,Normal,126,0,126,546502,6051,4975662,49391,168.7034038333333,31,87,8,0,17,105,4,0,25,3,98
2011-08-10 10:40:34,Normal,83,0,83,909511,15362,3157129,54005,300.90348096385543,35,40,8,0,15,66,2,0,15,4,64
2011-08-10 10:40:35,Normal,107,0,107,854776,19191,4029974,63061,289.5587056728972,33,70,4,0,18,87,2,0,18,2,87
2011-08-10 10:40:36,Normal,103,0,103,565437,18005,4279525,62987,185.30624668932037,22,77,4,0,21,82,0,0,26,2,75
2011-08-10 10:40:37,Normal,68,0,68,648364,2115,2513246,1703,392.8978189705882,25,39,4,0,3,65,0,0,5,2,61
2011-08-10 10:40:38,Normal,93,0,93,795126,2669,3645291,53712,511.2138695268817,35,54,4,0,6,86,1,0,7,2,84
2011-08-10 10:40:39,Normal,186,0,186,932558,9482,8749006,41038,204.96239347849465,26,153,7,0,22,120,44,0,60,2,124
2011-08-10 10:40:40,Normal,214,0,214,718522,24253,10484406,42390,134.67394271495328,34,175,5,0,5,207,2,0,9,3,202
2011-08-10 10:40:41,Normal,113,0,113,1037721,6946,4153136,56813,123.23671784070797,31,72,10,0,16,94,3,0,24,3,86
2011-08-10 10:40:42,Normal,126,3,129,740587,7391,5510829,60093,273.6357645503876,27,97,5,0,36,84,9,0,44,2,83
2011-08-10 10:40:43,Normal,97,0,97,533977,17008,3908706,36233,226.43041088659797,28,61,8,0,8,86,3,0,14,2,81
2011-08-10 10:40:44,Normal,228,0,228,1189923,23700,9627291,33382,67.6285273114035,43,176,9,0,25,200,3,0,31,6,191
2011-08-10 10:40:45,Normal,106,0,106,812726,19101,3966133,23737,361.5760622924529,31,58,17,0,20,76,10,0,25,2,79
2011-08-10 10:40:46,Normal,277,0,277,941651,79515,12754678,14621,58.22577561732851,25,241,11,0,66,203,8,0,91,3,182
2011-08-10 10:40:47,Normal,145,0,145,830913,6462,6333034,48816,231.12214039310342,29,109,7,0,23,117,5,0,27,3,115
2011-08-10 10:40:48,Normal,102,0,102,1092530,16824,3919167,60843,303.25134243137256,31,57,14,0,11,90,1,0,22,2,78
2011-08-10 10:40:49,Normal,92,0,92,750948,9870,3795912,1637,275.6603706304348,29,53,10,0,7,84,1,0,12,1,79
2011-08-10 10:40:50,Normal,119,0,119,974941,23712,4931258,13371,364.6598520168067,41,70,8,0,9,108,2,0,8,1,110
2011-08-10 10:40:51,Normal,99,11,110,891157,63089,3984226,31785,173.7981209818182,37,63,10,0,8,98,4,0,15,6,89
2011-08-10 10:40:52,Normal,91,10,101,1258980,16664,3453993,11388,405.0043348811881,26,64,11,0,15,79,7,0,15,1,85
2011-08-10 10:40:53,Normal,70,0,70,727900,1806,2366787,62302,95.58374192857143,27,37,6,0,9,58,3,0,12,3,55
2011-08-10 10:40:54,Normal,83,3,86,599914,16329,3503838,31140,294.7091343604651,25,52,9,0,3,80,3,0,17,1,68
2011-08-10 10:40:55,Normal,97,0,97,834467,17621,3825386,50056,258.06596487628866,39,46,12,0,8,86,3,0,13,3,81
2011-08-10 10:40:56,Normal,107,0,107,670895,16413,4314861,31268,279.7876155140187,29,63,15,0,6,99,2,0,15,2,90
2011-08-10 10:40:57,Normal,87,0,87,777001,16612,3410977,40858,489.4107054827586,39,36,12,0,2,82,3,0,11,2,74
2011-08-10 10:40:58,Normal,104,0,104,845829,4649,4036688,50381,340.9276707884615,21,65,18,0,4,85,15,0,32,3,69
2011-08-10 10:40:59,Normal,223,0,223,1068032,24000,10780345,66964,109.54083894618832,17,198,8,0,26,189,8,0,16,3,204
2011-08-10 10:41:00,Normal,83,0,83,848203,15790,3158430,63284,232.17993686746988,30,44,9,0,6,74,3,0,11,2,70
2011-08-10 10:41:01,Normal,103,0,103,1071591,16380,3486571,18676,494.6571654563107,30,66,7,0,19,84,0,0,8,1,94
2011-08-10 10:41:02,Normal,104,3,107,1052445,17916,4154356,45929,319.9433452616822,39,57,11,0,13,92,2,0,17,4,86
2011-08-10 10:41:03,Normal,127,0,127,1610181,17549,4586355,22200,284.4773229212599,44,77,6,0,22,101,4,0,10,4,113
2011-08-10 10:41:04,Normal,88,0,88,1590919,15045,3073753,38167,555.5752023068181,39,37,12,0,10,73,5,0,13,6,69
2011-08-10 10:41:05,Normal,88,0,88,811782,16478,3198011,17161,237.52655517045451,27,51,10,0,14,73,1,0,19,2,67
2011-08-10 10:41:06,Normal,107,0,107,892585,19010,3773342,63780,406.8396770747664,32,66,9,0,14,90,3,0,20,3,84
2011-08-10 10:41:07,Normal,71,0,71,729071,15709,2675311,61032,428.07648169014084,27,39,5,0,6,64,1,0,12,1,58
2011-08-10 10:41:08,Normal,99,0,99,955165,25082,3659002,60860,425.4163564747475,39,51,9,0,6,90,3,0,14,2,83
2011-08-10 10:41:09,Normal,125,0,125,738225,18558,4844745,62186,168.460591416,30,86,9,0,20,105,0,0,23,1,101
2011-08-10 10:41:10,Normal,92,0,92,1146045,18158,3004962,3847,310.2990999347826,32,54,6,0,13,77,2,0,16,3,73
2011-08-10 10:41:11,Normal,82,0,82,1015260,3310,2748687,5485,304.66386034146336,27,45,10,0,13,69,0,0,9,5,68
2011-08-10 10:41:12,Normal,75,3,78,386729,17173,3154234,61593,212.19167042307689,21,56,1,0,6,69,3,0,11,1,66
2011-08-10 10:41:13,Normal,80,0,80,999312,25320,2763816,1644,281.976099725,29,48,3,0,14,65,1,0,13,6,61
2011-08-10 10:41:14,Normal,65,0,65,757294,15001,2329992,64047,474.57285252307696,25,33,7,0,9,54,2,0,10,2,52
2011-08-10 10:41:15,Normal,82,0,82,632310,15873,3348116,47807,338.2867911951219,29,46,7,0,4,77,1,0,8,1,72
2011-08-10 10:41:16,Normal,237,0,237,847142,25283,10290334,16613,131.47709123628692,31,200,6,0,33,190,14,0,42,2,193
2011-08-10 10:41:17,Normal,97,0,97,602653,3604,3782306,50521,180.57592417525774,29,62,6,0,8,82,7,0,19,3,75
2011-08-10 10:41:18,Normal,52,0,52,483567,2178,1963161,40736,362.06760446153845,27,21,4,0,2,50,0,0,4,1,47
2011-08-10 10:41:19,Normal,146,0,146,979544,7408,5807758,59730,184.53057300684932,43,93,10,0,47,95,3,1,54,3,88
2011-08-10 10:41:20,Normal,87,0,87,569389,5009,3320770,42955,327.27579044827587,34,44,9,0,1,84,1,1,11,1,73
2011-08-10 10:41:21,Normal,134,0,134,762665,20487,5457810,34343,124.4129887761194,30,101,3,0,18,112,3,1,23,1,109
2011-08-10 10:41:22,Normal,92,3,95,856307,3479,3685263,60694,346.8906514105263,39,50,6,0,6,83,6,0,13,1,81
2011-08-10 10:41:23,Normal,108,0,108,710320,6712,4430984,47964,206.26107353703708,28,73,7,0,12,89,7,0,22,1,84
2011-08-10 10:41:24,Normal,85,3,88,911976,36238,3457450,55463,438.92343050000005,32,48,8,0,10,72,5,1,10,1,76
2011-08-10 10:41:25,Normal,126,0,126,358999,19717,5815053,1032,208.36437396825397,18,105,3,0,33,84,9,0,42,1,83
2011-08-10 10:41:26,Normal,101,0,101,881165,18156,3587626,49556,332.496735960396,35,61,5,0,8,90,3,0,17,3,81
2011-08-10 10:41:27,Normal,90,0,90,797029,3390,3478038,61754,223.89287696666665,20,63,7,0,15,71,4,0,14,2,74
2011-08-10 10:41:28,Normal,115,0,115,806103,5723,4552981,49624,315.60369131304344,28,80,7,0,32,69,14,0,41,1,73
2011-08-10 10:41:29,Normal,66,3,69,569187,15379,2490008,65363,306.3802857391305,23,41,5,0,8,60,0,1,7,3,58
2011-08-10 10:41:30,Normal,100,0,100,928582,17596,3645347,2967,412.74867428000005,39,56,5,0,18,78,4,0,18,2,80
2011-08-10 10:41:31,Normal,77,0,77,533426,4253,2719429,29672,238.33468275324677,34,39,4,0,6,71,0,0,10,1,66
2011-08-10 10:41:32,Normal,127,3,130,752523,17448,5022268,22298,296.26562949230765,43,80,7,0,7,122,1,0,12,2,115
2011-08-10 10:41:33,Normal,82,0,82,722843,16309,2745844,11812,350.50610247560985,31,48,3,0,12,70,0,0,11,2,69
2011-08-10 10:41:34,Normal,79,0,79,583081,16719,2508535,24354,191.73170860759495,24,48,7,0,8,71,0,0,14,1,64
2011-08-10 10:41:35,Normal,75,0,75,681602,15195,2670046,62741,345.73723792,26,39,10,0,3,71,1,0,9,1,64
2011-08-10 10:41:36,Normal,79,0,79,583147,16492,2671840,52067,256.3169053670886,25,48,6,0,8,64,7,0,24,2,53
2011-08-10 10:41:37,Normal,89,0,89,799629,15486,3068610,19594,303.9336651460674,34,48,7,0,4,80,5,0,12,2,75
2011-08-10 10:41:38,Normal,84,0,84,804768,3736,2868915,52709,333.7196485952381,25,46,13,0,5,75,4,0,13,3,68
2011-08-10 10:41:39,Normal,83,0,83,928887,17606,2855307,58070,384.22435903614456,35,33,15,0,10,72,1,0,16,1,66
2011-08-10 10:41:40,Normal,100,0,100,955239,17240,3966037,64358,256.66350767,35,57,8,0,12,86,2,0,13,2,85
2011-08-10 10:41:41,Normal,81,0,81,618875,16185,3150305,2138,264.3996898765432,30,46,5,0,4,75,2,0,9,1,71
2011-08-10 10:41:42,Normal,89,3,92,605422,16414,3790399,22326,109.00371032608695,27,62,3,0,6,82,4,0,10,3,79
2011-08-10 10:41:43,Normal,75,0,75,911530,2709,2771071,58169,356.08564689333326,33,35,7,0,5,69,1,0,5,6,64
2011-08-10 10:41:44,Normal,98,4,102,1021902,16549,3434238,1822,249.70212371568633,37,52,13,0,5,96,1,0,4,3,94
2011-08-10 10:41:45,Normal,67,0,67,663440,18387,2206508,9032,377.0155368507463,25,35,7,0,10,51,6,0,16,3,47
2011-08-10 10:41:46,Normal,84,0,84,509150,3493,3296953,64711,342.6641355714286,27,49,8,0,14,67,3,0,21,2,61
2011-08-10 10:41:47,Normal,85,0,85,620152,16039,3284291,64531,401.5671444705882,34,44,7,0,5,80,0,0,7,3,75
2011-08-10 10:41:48,Normal,80,7,87,514866,18860,3563007,62658,436.30076554022986,34,47,6,0,11,73,3,0,17,2,68
2011-08-10 10:41:49,Normal,80,0,80,610290,3178,3111801,51945,235.445549025,37,33,10,0,5,73,2,0,10,1,69
2011-08-10 10:41:50,Normal,136,0,136,569818,5060,6293459,64945,227.26096839705883,29,94,13,0,3,132,1,0,8,2,126
2011-08-10 10:41:51,Normal,128,0,128,633788,6541,5988281,40323,247.2861420703125,26,96,6,0,11,79,38,0,52,2,74
2011-08-10 10:41:52,Normal,137,3,140,823564,18429,6162968,55078,239.99671696428575,29,98,13,0,10,126,4,0,16,2,121
2011-08-10 10:41:53,Normal,69,0,69,509850,16621,2347952,4497,375.28266760869565,32,30,7,0,8,61,0,0,13,1,55
2011-08-10 10:41:54,Normal,80,3,83,670608,2743,2791813,4501,332.3845432048193,32,41,10,0,5,76,2,0,10,1,71
2011-08-10 10:41:55,Normal,76,0,76,496516,16563,2605557,65512,322.86706336842104,24,47,5,0,19,56,1,0,18,1,57
2011-08-10 10:41:56,Normal,92,2,94,734170,5042,3862711,4505,356.32719751063826,26,61,7,0,28,64,2,0,27,1,65
2011-08-10 10:41:57,Normal,112,0,112,1268472,4309,3711696,5048,496.6579520446429,38,70,4,0,25,83,3,1,19,1,92
2011-08-10 10:41:58,Normal,150,0,150,795430,9784,6314191,45324,144.10218184666667,29,114,7,0,40,108,2,0,43,3,104
2011-08-10 10:41:59,Normal,77,0,77,835804,2551,2616378,5276,409.9254646363637,36,35,6,0,12,64,1,0,11,2,64
2011-08-10 10:42:00,Normal,103,0,103,874129,17180,3471675,62870,264.3760381941748,29,69,5,0,18,84,1,0,19,1,83
2011-08-10 10:42:01,Normal,120,0,120,785775,21365,4606245,25436,327.4861548166666,29,84,7,0,24,91,5,0,27,2,91
2011-08-10 10:42:02,Normal,101,3,104,616556,18669,3855210,4497,147.607153625,29,70,5,0,6,94,4,0,14,1,89
2011-08-10 10:42:03,Normal,70,0,70,753881,1946,2316701,36025,385.5055613857143,35,26,9,0,0,70,0,0,7,2,60
2011-08-10 10:42:04,Normal,81,0,81,634692,16209,2820648,65300,236.15876407407407,29,43,9,0,8,72,1,0,17,1,63
2011-08-10 10:42:05,Normal,61,0,61,394426,16580,2181247,29903,251.44817675409834,18,38,5,0,13,47,1,0,16,2,43
2011-08-10 10:42:06,Normal,86,0,86,800209,20119,3278207,13451,247.98852434883727,39,42,5,0,2,83,1,0,8,1,76
2011-08-10 10:42:07,Normal,70,0,70,703742,60206,2505510,13371,321.19046152857146,17,47,6,0,12,57,1,0,9,1,59
2011-08-10 10:42:08,Normal,77,0,77,617215,3012,2885099,42048,228.7115911688312,24,47,6,0,6,69,2,0,8,2,67
2011-08-10 10:42:09,Normal,73,0,73,529486,15692,2875399,41804,426.3464141780821,34,37,2,0,4,62,7,0,12,1,60
2011-08-10 10:42:10,Normal,91,0,91,633364,4490,3017751,49521,285.3880471098901,21,65,5,0,19,68,4,0,18,2,70
2011-08-10 10:42:11,Normal,89,0,89,724533,4524,3183225,2403,155.73781583146064,27,58,4,0,14,72,3,0,14,1,74
2011-08-10 10:42:12,Normal,120,3,123,978406,12377,4492938,49821,196.98434214634148,28,86,9,0,18,102,3,0,14,4,105
2011-08-10 10:42:13,Normal,139,0,139,974138,19762,5789490,64272,320.1685635251798,44,84,11,0,60,79,0,0,60,3,75
2011-08-10 10:42:14,Normal,73,0,73,728349,15818,2254475,34709,316.29344482191783,36,32,5,0,13,59,1,0,14,3,56
2011-08-10 10:42:15,Normal,77,0,77,568816,38526,3056169,23635,150.33828092207793,26,46,5,0,5,72,0,0,6,1,70
2011-08-10 10:42:16,Normal,68,0,68,591196,8599,2494838,14816,332.5201612647059,39,27,2,0,4,62,2,0,9,1,58
2011-08-10 10:42:17,Normal,64,0,64,480891,16205,2308007,63231,233.756609453125,28,32,4,0,4,60,0,0,7,1,56
2011-08-10 10:42:18,Normal,93,0,93,810566,17179,3399066,15208,366.69611152688174,35,56,2,0,12,78,3,0,11,2,80
2011-08-10 10:42:19,Normal,75,0,75,392033,16179,3020167,12480,229.21276133333333,23,51,1,0,8,60,7,0,19,1,55
2011-08-10 10:42:20,Normal,76,0,76,546176,16077,2725812,2037,169.7480182105263,30,40,6,0,4,69,1,2,5,2,67
2011-08-10 10:42:21,Normal,96,0,96,777545,17992,3527677,24334,234.92625215625003,28,58,10,0,11,81,2,2,9,1,83
2011-08-10 10:42:22,Normal,158,3,161,691902,8332,4580124,1171,227.32652415527951,34,121,6,0,34,106,21,0,53,1,107
2011-08-10 10:42:23,Normal,85,0,85,518867,17601,3279955,2307,239.0338386,25,58,2,0,8,77,0,0,15,2,68
2011-08-10 10:42:24,Normal,64,3,67,609186,2532,2346313,44965,373.1175653432836,26,40,1,0,8,57,2,0,8,1,58
2011-08-10 10:42:25,Normal,101,0,101,775594,18549,4063726,48371,257.4204166534653,24,68,9,0,9,87,5,0,11,2,88
2011-08-10 10:42:26,Normal,123,0,123,739879,18621,4412376,47491,255.7818980162602,33,78,12,0,6,112,5,0,22,2,99
2011-08-10 10:42:27,Normal,158,0,158,521606,8405,7461440,62328,147.0925703227848,27,125,6,0,9,138,11,0,19,1,137
2011-08-10 10:42:28,Normal,119,0,119,663431,18780,4258659,49541,213.70720563865552,34,77,8,0,13,103,2,1,21,1,96
2011-08-10 10:42:29,Normal,93,0,93,625008,16972,2779688,23157,227.5337051505376,37,48,8,0,19,72,2,0,28,1,64
2011-08-10 10:42:30,Normal,153,0,153,598253,7516,6836844,3833,251.7934567777778,34,113,6,0,26,124,3,0,30,3,120
2011-08-10 10:42:31,Normal,121,0,121,512312,19725,5075633,47491,161.764837553719,26,87,8,0,50,69,2,0,60,2,59
2011-08-10 10:42:32,Normal,88,3,91,886912,17284,3453678,63718,348.93638403296706,35,50,6,0,13,76,2,0,12,3,76
2011-08-10 10:42:33,Normal,102,0,102,676661,4858,3189099,49123,247.34736980392154,35,62,5,0,14,81,7,0,27,3,72
2011-08-10 10:42:34,Normal,98,0,98,807567,4684,3248285,52530,271.932867622449,28,61,9,0,15,82,1,0,32,1,65
2011-08-10 10:42:35,Normal,110,0,110,560992,5299,4293949,53620,195.08234365454547,27,75,8,0,28,82,0,0,30,2,78
2011-08-10 10:42:36,Normal,115,0,115,820111,18550,4186415,5113,299.87631744347823,42,69,4,0,25,89,1,0,31,4,80
2011-08-10 10:42:37,Normal,111,0,111,515279,4693,3922274,60524,155.3095928738739,32,73,6,0,11,100,0,0,20,1,90
2011-08-10 10:42:38,Normal,107,0,107,601843,4589,4384570,57692,259.349736728972,33,70,4,0,28,79,0,0,25,2,80
2011-08-10 10:42:39,Normal,99,0,99,612511,18578,3998305,6900,167.35566859595963,36,60,3,0,23,69,7,0,31,1,67
2011-08-10 10:42:40,Normal,130,0,130,836151,6141,4474720,42092,242.93071036923078,31,86,13,0,23,97,10,0,37,4,88
2011-08-10 10:42:41,Normal,112,0,112,717218,12467,4263715,45470,309.0014913214286,40,63,9,0,16,94,2,0,20,1,91
2011-08-10 10:42:42,Normal,107,3,110,891560,39137,4285142,52346,328.87007020909095,37,66,7,0,27,81,2,0,33,3,74
2011-08-10 10:42:43,Normal,99,0,99,678404,3550,3878396,37093,385.55891837373736,35,60,4,0,15,82,2,0,18,3,78
2011-08-10 10:42:44,Normal,84,0,84,573547,16382,2807666,48135,245.67891830952382,28,48,8,0,10,74,0,0,13,2,69
2011-08-10 10:42:45,Normal,113,0,113,471533,18697,4216965,46703,250.43709934513274,24,82,7,0,22,91,0,0,32,1,80
2011-08-10 10:42:46,Normal,116,0,116,835263,5583,4450680,3563,202.68645579310345,26,78,12,0,31,83,1,1,32,3,80
2011-08-10 10:42:47,Normal,90,0,90,528259,3656,3515637,49165,244.31042581111114,21,62,7,0,10,77,3,0,16,1,73
2011-08-10 10:42:48,Normal,146,0,146,551726,8574,6701777,59830,158.62289680136985,24,117,5,0,15,125,6,0,18,1,126
2011-08-10 10:42:49,Normal,160,0,160,916770,8837,4957016,50959,113.59343828749999,28,126,6,0,70,81,9,0,76,1,83
2011-08-10 10:42:50,Normal,130,0,130,650861,19065,5228723,35372,327.29879818461535,24,97,9,0,20,105,5,0,28,2,100
2011-08-10 10:42:51,Normal,85,0,85,787511,3896,3160170,64999,279.73947812941174,33,46,6,0,10,73,2,0,12,1,72
2011-08-10 10:42:52,Normal,105,3,108,806467,18708,3315688,36819,301.0732346574074,28,75,5,0,28,75,5,0,33,4,71
2011-08-10 10:42:53,Normal,185,0,185,490675,10628,8168660,2044,80.82254561621622,31,150,4,0,49,125,11,0,63,2,120
2011-08-10 10:42:54,Normal,84,3,87,724819,2779,3206066,55387,299.8914295287356,35,45,7,0,5,79,3,0,9,1,77
2011-08-10 10:42:55,Normal,137,0,137,836762,19846,5379039,11486,260.2053246715329,32,100,5,0,49,86,1,1,47,4,86
2011-08-10 10:42:56,Normal,116,0,116,709196,19846,4028004,60098,284.3058768706896,36,72,8,0,25,90,1,0,26,2,88
2011-08-10 10:42:57,Normal,95,0,95,665369,5396,3834301,50792,311.8164850315789,34,55,6,0,7,82,6,0,11,4,80
2011-08-10 10:42:58,Normal,125,0,125,656664,13477,5199859,2590,218.97029888800003,42,80,3,0,17,107,1,0,21,1,103
2011-08-10 10:42:59,Normal,163,0,163,696122,20822,6771622,49568,253.23464151533744,40,115,8,0,19,123,21,0,41,2,120
2011-08-10 10:43:00,Normal,299,0,299,643856,27990,14364614,39642,87.53579635451506,26,267,6,0,7,284,8,0,14,3,282
2011-08-10 10:43:01,Normal,77,0,77,583248,17233,3158976,52438,328.58083112987015,31,42,4,0,5,72,0,0,8,2,67
2011-08-10 10:43:02,Normal,80,3,83,698144,17913,3329725,25632,296.09400349397583,25,52,6,0,4,76,3,0,6,2,75
2011-08-10 10:43:03,Normal,112,0,112,734010,20473,4271717,52651,168.4789784375,25,83,4,0,16,91,5,0,17,1,94
2011-08-10 10:43:04,Normal,126,0,126,826737,18283,4928988,10932,183.05296068253975,34,82,10,0,24,87,15,0,43,2,81
2011-08-10 10:43:05,Normal,89,0,89,1150297,18595,2939500,16082,491.1715842247191,23,61,5,0,15,73,1,0,8,3,78
2011-08-10 10:43:06,Normal,90,0,90,632514,16381,3216237,52107,393.47645383333344,29,52,9,0,6,81,3,0,10,2,78
2011-08-10 10:43:07,Normal,100,0,100,982421,10638,3641603,3051,419.28525622,40,54,6,0,13,80,7,0,21,3,76
2011-08-10 10:43:08,Normal,102,0,102,751856,17327,3965272,6086,257.04962933333326,29,65,8,0,9,90,3,0,16,2,84
2011-08-10 10:43:09,Normal,103,2,105,801208,3655,4101462,57388,254.0530798,37,60,8,0,10,92,3,0,16,3,86
2011-08-10 10:43:10,Normal,115,0,115,733516,17439,4454047,9704,280.7060326869565,37,74,4,0,7,105,3,0,7,1,107
2011-08-10 10:43:11,Normal,88,5,93,839421,7345,3565933,55785,350.5040426989247,33,53,7,0,11,69,13,0,26,4,63
2011-08-10 10:43:12,Normal,79,4,83,535779,3965,3296255,55576,224.97523927710847,34,43,6,0,9,66,7,1,20,2,61
2011-08-10 10:43:13,Normal,138,0,138,709748,9117,3629157,52487,350.34053521739133,35,99,4,0,43,78,16,1,64,1,73
2011-08-10 10:43:14,Normal,92,0,92,650501,16487,2990046,33589,207.08648168478257,26,54,12,0,13,78,1,0,18,2,72
2011-08-10 10:43:15,Normal,79,0,79,554284,3223,2964921,51240,265.18701667088607,30,47,2,0,7,71,1,0,16,1,62
2011-08-10 10:43:16,Normal,83,0,83,979237,16055,3073983,62032,662.8805829759036,28,48,7,0,12,65,6,0,14,2,67
2011-08-10 10:43:17,Normal,110,0,110,911009,3808,4122011,41873,428.3962084363636,43,58,9,0,13,96,1,0,19,3,88
2011-08-10 10:43:18,Normal,80,0,80,703122,3356,2811529,56365,289.39045946249996,27,47,6,0,8,68,4,0,14,1,65
2011-08-10 10:43:19,Normal,90,0,90,736107,47474,3644858,13371,197.67747872222225,34,52,4,0,13,67,10,0,27,1,62
2011-08-10 10:43:20,Normal,84,0,84,625610,16691,2809287,19886,329.34934345238094,22,55,7,0,16,66,1,1,16,3,64
2011-08-10 10:43:21,Normal,125,0,125,674677,19718,3799467,65870,148.59515168,36,82,7,0,36,88,1,0,40,2,83
2011-08-10 10:43:22,Normal,74,3,77,911658,15834,2540924,15614,314.15879567532465,23,45,9,0,10,63,2,2,6,2,67
2011-08-10 10:43:23,Normal,87,0,87,559155,8235,3284317,1267,276.9352824137931,26,61,0,0,15,66,6,0,22,1,64
2011-08-10 10:43:24,Normal,77,5,82,537988,4325,3255449,39531,144.87939921951218,18,64,0,0,5,74,2,1,8,1,71
2011-08-10 10:43:25,Normal,99,0,99,880518,4926,2785456,55076,195.47023553535357,28,66,5,0,31,62,6,0,28,1,70
2011-08-10 10:43:26,Normal,72,0,72,634677,2245,2802353,51032,261.56059737500004,20,45,7,0,5,62,5,0,9,2,61
2011-08-10 10:43:27,Normal,77,0,77,597358,16532,2833691,63811,256.92099738961036,31,43,3,0,7,69,1,0,10,2,65
2011-08-10 10:43:28,Normal,110,0,110,1352496,18113,3649067,2648,324.90081106363635,31,69,10,0,26,75,9,0,17,3,90
2011-08-10 10:43:29,Normal,143,1,144,1119644,18982,4260727,46626,350.0861444375,43,93,8,0,40,100,4,0,35,1,108
2011-08-10 10:43:30,Normal,119,0,119,914091,7136,3665759,58265,235.30257784873947,36,78,5,0,28,89,2,0,28,6,85
2011-08-10 10:43:31,Normal,82,0,82,520310,18153,3025222,44710,217.06210952439022,24,52,6,0,8,74,0,0,12,1,69
2011-08-10 10:43:32,Normal,85,3,88,732846,4660,2686591,36158,259.67196454545456,28,51,9,0,12,69,7,0,19,1,68
2011-08-10 10:43:33,Normal,97,0,97,758430,4474,3448930,48498,409.51928156701035,36,53,8,0,13,78,6,0,21,4,72
2011-08-10 10:43:34,Normal,114,0,114,919737,5869,4175371,52679,470.1701944210527,38,73,3,0,17,91,6,0,28,5,81
2011-08-10 10:43:35,Normal,80,0,80,737818,3538,2826233,64773,141.81627951250002,33,43,4,0,15,64,1,0,15,4,61
2011-08-10 10:43:36,Normal,87,0,87,754721,3061,3155158,50030,298.30081487356324,29,50,8,0,6,76,3,2,9,3,75
2011-08-10 10:43:37,Normal,73,0,73,731181,2556,2059855,52806,421.39047947945204,33,35,5,0,13,59,1,0,15,5,53
2011-08-10 10:43:38,Normal,63,0,63,382400,2069,2455366,49889,354.4041824444444,16,41,6,0,3,60,0,0,4,3,56
2011-08-10 10:43:39,Normal,97,0,97,856686,17158,3621746,29445,413.35063921649487,35,60,2,0,7,89,1,0,5,5,87
2011-08-10 10:43:40,Normal,75,0,75,592776,15407,2567784,62010,303.81255970666666,20,48,7,0,9,64,2,0,9,4,62
2011-08-10 10:43:41,Normal,90,3,93,523615,17975,3803595,59397,139.7033583548387,36,52,5,0,5,86,2,0,10,1,82
2011-08-10 10:43:42,Normal,71,3,74,723841,62877,2673289,17659,297.1629759864865,34,35,5,0,4,66,4,0,11,2,61
2011-08-10 10:43:43,Normal,84,0,84,685175,18266,3142890,21046,173.12627679761903,26,47,11,0,12,72,0,0,13,2,69
2011-08-10 10:43:44,Normal,109,0,109,639519,20701,4080091,64602,204.13751855963304,31,76,2,0,23,84,2,0,32,2,75
2011-08-10 10:43:45,Normal,119,0,119,770726,21205,4522534,58692,241.5786909159664,23,80,16,0,26,84,9,0,23,3,93
2011-08-10 10:43:46,Normal,87,0,87,695235,4287,3421720,35489,250.53890113793102,33,50,4,0,6,81,0,0,12,6,69
2011-08-10 10:43:47,Normal,148,0,148,810888,24301,6378456,33786,167.4504817837838,29,114,5,0,14,111,23,0,37,6,105
2011-08-10 10:43:48,Normal,121,0,121,1174305,6491,4761351,44401,226.52088161157025,47,68,6,0,8,111,2,0,14,11,96
2011-08-10 10:43:49,Normal,93,0,93,1004433,16817,3286678,27924,341.40216997849467,43,45,5,0,8,83,2,0,14,4,74
2011-08-10 10:43:50,Normal,91,0,91,991383,15585,3070437,47239,366.93761424175824,34,47,10,0,8,81,2,0,10,4,77
2011-08-10 10:43:51,Normal,47,0,47,502191,1657,1555182,53730,312.5789537446809,22,20,5,0,2,45,0,0,2,3,42
2011-08-10 10:43:52,Normal,92,3,95,779863,16304,3145328,23935,287.2976388526315,33,53,9,0,4,87,4,0,12,2,81
2011-08-10 10:43:53,Normal,92,0,92,590342,30244,3610417,53003,340.72520153260865,29,59,4,0,21,69,2,0,18,2,72
2011-08-10 10:43:54,Normal,113,3,116,660461,6292,4331673,43217,287.20688132758625,40,69,7,0,13,100,3,0,18,5,93
2011-08-10 10:43:55,Normal,100,0,100,671362,19277,3702315,48818,324.12073383,27,64,9,0,5,95,0,0,6,7,87
2011-08-10 10:43:56,Normal,72,0,72,553880,16271,2783619,5099,370.7695933611111,28,40,4,0,7,65,0,0,4,3,65
2011-08-10 10:43:57,Normal,68,0,68,561544,15347,2380921,47620,437.4892657205882,29,30,9,0,6,62,0,0,11,2,55
2011-08-10 10:43:58,Normal,90,0,90,726831,3825,3810339,42429,212.54116235555554,25,54,11,0,14,74,2,0,17,3,70
2011-08-10 10:43:59,Normal,96,0,96,681218,5556,3527164,49980,192.30065861458334,31,63,2,0,16,79,1,0,15,2,79
2011-08-10 10:44:00,Normal,66,0,66,646355,14990,1840609,21638,252.86283550000002,31,32,3,0,8,58,0,0,13,4,49
2011-08-10 10:44:01,Normal,88,0,88,639274,17580,3157887,45204,271.05426892045455,24,54,10,0,6,80,1,1,5,2,81
2011-08-10 10:44:02,Normal,110,3,113,900995,5930,3598625,43806,378.9581950707964,33,70,10,0,30,81,2,0,33,6,74
2011-08-10 10:44:03,Normal,107,0,107,758687,5720,3764161,56276,244.77197006542056,32,62,13,0,19,88,0,0,26,5,76
2011-08-10 10:44:04,Normal,104,0,104,917659,16676,4201584,54045,377.86891257692304,27,66,11,0,7,92,5,0,10,7,87
2011-08-10 10:44:05,Normal,132,0,132,611864,5914,5743482,53463,98.8239301363636,20,108,4,0,12,110,10,0,23,7,102
2011-08-10 10:44:06,Normal,161,0,161,1090424,20300,6838133,22131,199.47724141614907,38,121,2,0,13,136,12,0,31,15,115
2011-08-10 10:44:07,Normal,155,0,155,768951,7451,6826083,64258,128.67735497419355,28,119,8,0,32,119,4,0,40,11,104
2011-08-10 10:44:08,Normal,119,0,119,860320,17534,4721284,23863,247.7262370756302,34,84,1,0,20,98,1,0,26,6,87
2011-08-10 10:44:09,Normal,101,0,101,990007,3235,3279511,39049,399.4844311683168,37,59,5,0,18,79,4,0,21,5,75
2011-08-10 10:44:10,Normal,82,0,82,730981,38500,2941984,46399,353.5161349878049,34,45,3,0,6,75,1,0,14,3,65
2011-08-10 10:44:11,Normal,77,0,77,676623,4306,2478096,64245,368.19969687012986,33,38,6,0,11,66,0,0,20,1,56
2011-08-10 10:44:12,Normal,92,3,95,833626,5188,3643878,58470,430.87507113684205,34,50,11,0,12,81,2,0,20,2,73
2011-08-10 10:44:13,Normal,82,2,84,722264,24690,3265934,13866,307.85986375000005,33,46,5,0,7,76,1,0,13,1,70
2011-08-10 10:44:14,Normal,82,0,82,838834,3367,2726852,2298,329.5634230731707,36,40,6,0,14,67,1,0,13,2,67
2011-08-10 10:44:15,Normal,80,0,80,488044,16919,3271729,26370,231.88025159999998,28,46,6,0,2,78,0,0,5,1,74
2011-08-10 10:44:16,Normal,111,0,111,1084431,37749,4020611,53774,435.979854945946,44,59,8,0,11,98,2,0,10,5,96
2011-08-10 10:44:17,Normal,118,0,118,593548,6825,4763325,60131,243.87868622033895,28,87,3,0,26,84,8,0,39,2,77
2011-08-10 10:44:18,Normal,83,0,83,723624,2347,3309857,37778,484.2480169879518,28,42,13,0,2,77,4,0,6,2,75
2011-08-10 10:44:19,Normal,87,0,87,797719,15701,3297734,9134,373.54664216091953,33,49,5,0,10,75,2,0,12,3,72
2011-08-10 10:44:20,Normal,74,0,74,623231,2222,2710013,46357,142.51479347297294,34,37,3,0,7,65,0,2,13,4,55
2011-08-10 10:44:21,Normal,91,0,91,837485,16266,3155857,1829,373.98127232967033,40,47,4,0,5,83,2,1,8,3,79
2011-08-10 10:44:22,Normal,67,3,70,618069,15604,2626913,33490,375.6307739571428,32,35,3,0,5,62,2,1,11,2,56
2011-08-10 10:44:23,Normal,94,0,94,762378,16933,4020005,36564,325.48980795744677,34,53,7,0,10,84,0,0,17,2,75
2011-08-10 10:44:24,Normal,76,3,79,770944,16179,2793572,36025,275.78939934177214,33,39,7,0,5,69,4,1,11,5,62
2011-08-10 10:44:25,Normal,95,0,95,1036440,3767,3538245,54534,322.7122273894737,43,43,9,0,10,85,0,0,5,4,86
2011-08-10 10:44:26,Normal,84,0,84,735243,17124,3357293,3579,418.03447367857143,32,46,6,0,8,75,1,0,11,2,71
2011-08-10 10:44:27,Normal,91,0,91,880459,17543,3344590,64673,337.7316248021978,37,47,7,0,14,75,2,0,14,2,75
2011-08-10 10:44:28,Normal,123,0,123,900339,44837,4630515,14163,260.8340375528455,38,77,8,0,11,98,14,0,24,3,96
2011-08-10 10:44:29,Normal,68,0,68,874015,14921,2271083,49455,349.00648039705874,29,32,7,0,7,61,0,0,5,4,58
2011-08-10 10:44:30,Normal,102,0,102,750414,4473,3593920,51421,145.02733543137256,41,55,6,0,7,93,2,0,12,3,86
2011-08-10 10:44:31,Normal,88,0,88,819053,17458,3495094,19456,357.0743895909091,21,58,9,0,10,74,4,0,7,2,78
2011-08-10 10:44:32,Normal,88,3,91,795564,17137,3565351,59806,353.23984401098903,34,49,8,0,18,71,2,0,19,2,70
2011-08-10 10:44:33,Normal,81,0,81,638180,16670,2842773,36431,346.65209604938275,32,45,4,0,13,67,1,0,15,2,64
2011-08-10 10:44:34,Normal,87,3,90,721099,16554,2924258,64298,289.54396822222225,39,45,6,0,19,71,0,0,18,2,70
2011-08-10 10:44:35,Normal,96,0,96,727183,17707,3766441,31937,206.33125231250003,38,53,5,0,8,87,1,0,7,2,86
2011-08-10 10:44:36,Normal,72,0,72,765716,1849,2676363,51113,366.60934384722225,32,33,7,0,6,63,3,0,7,2,63
2011-08-10 10:44:37,Normal,84,0,84,700950,57143,3092950,435,260.14924260714287,29,45,10,0,4,78,2,0,9,1,74
2011-08-10 10:44:38,Normal,75,0,75,729840,2380,2819017,39257,256.0566488266667,30,41,4,0,6,68,1,0,12,2,61
2011-08-10 10:44:39,Normal,103,0,103,724976,17694,3987748,34808,208.12366000970874,36,55,12,0,5,87,11,0,21,2,80
2011-08-10 10:44:40,Normal,105,0,105,796929,17482,3745451,3109,389.4927820380952,44,47,14,0,8,92,5,0,20,4,81
2011-08-10 10:44:41,Normal,69,0,69,598389,15601,2888855,57099,367.21123557971003,26,33,10,0,1,68,0,0,2,1,66
2011-08-10 10:44:42,Normal,81,3,84,684257,16448,3013144,17305,408.8894173928572,33,44,7,0,8,72,4,0,14,1,69
2011-08-10 10:44:43,Normal,76,0,76,601457,2635,2886943,65033,332.7833990526316,27,43,6,0,6,69,1,0,5,2,69
2011-08-10 10:44:44,Normal,65,0,65,688834,14735,2288359,62007,465.5754158615385,31,27,7,0,4,61,0,0,8,1,56
2011-08-10 10:44:45,Normal,77,0,77,568897,15353,3109847,64011,229.088689051948,30,41,6,0,5,72,0,0,6,1,70
2011-08-10 10:44:46,Normal,81,0,81,880665,3731,3018846,64982,333.4844141728395,38,40,3,0,9,70,2,0,14,4,63
2011-08-10 10:44:47,Normal,93,0,93,715621,19243,3570166,59875,245.0710942473119,34,52,7,0,13,77,3,0,19,3,71
2011-08-10 10:44:48,Normal,94,0,94,619163,18501,3841302,64251,216.6688927021277,31,57,6,0,20,72,2,0,24,1,69
2011-08-10 10:44:49,Normal,89,0,89,462116,18186,3744369,1129,184.52095448314606,27,56,6,0,15,63,11,0,34,1,54
2011-08-10 10:44:50,Normal,352,0,352,786579,32344,18092597,50605,78.98074776420454,39,305,8,0,11,333,8,0,22,1,329
2011-08-10 10:44:51,Normal,97,0,97,595234,19613,3837428,64066,280.64284934020617,30,60,7,0,5,84,8,0,13,1,82
2011-08-10 10:44:52,Normal,104,3,107,716821,38795,4028111,11089,207.1995793831775,33,68,6,0,13,86,8,0,24,2,81
2011-08-10 10:44:53,Normal,80,0,80,468258,4847,3064394,1495,203.50847667500003,22,50,8,0,20,58,1,1,26,1,53
2011-08-10 10:44:54,Normal,87,3,90,740828,17910,3352535,7985,318.44947044444444,31,51,8,0,16,71,3,0,19,2,69
2011-08-10 10:44:55,Normal,71,0,71,942731,2152,2427244,55687,431.9373639718311,36,29,6,0,9,62,0,0,7,2,62
2011-08-10 10:44:56,Normal,109,11,120,738450,18462,4800610,15143,275.7013926916667,40,71,9,0,9,105,6,0,18,1,101
2011-08-10 10:44:57,Normal,79,6,85,618112,16895,3151832,29974,125.36845776470591,30,45,10,0,2,80,3,0,12,2,71
2011-08-10 10:44:58,Normal,67,7,74,528726,16689,2769555,54895,205.4036847162162,21,45,8,0,3,64,7,0,14,3,56
2011-08-10 10:44:59,Normal,70,0,70,785156,15808,2451455,40574,341.2362009285714,29,32,9,0,6,61,3,0,9,3,58
2011-08-10 10:45:00,Normal,234,0,234,747969,23063,11454316,8592,58.81896144017093,30,196,8,0,5,229,0,0,5,1,228
2011-08-10 10:45:01,Normal,102,0,102,601044,17229,4292938,10211,375.95009300000004,30,66,6,0,9,92,1,0,9,1,92
2011-08-10 10:45:02,Normal,78,3,81,519051,18858,3293419,38736,224.97698177777775,28,48,5,0,8,71,2,0,14,1,66
2011-08-10 10:45:03,Normal,88,0,88,729048,55776,3325704,62394,402.99373437500003,31,52,5,0,8,78,2,0,6,2,80
2011-08-10 10:45:04,Normal,79,0,79,623676,16187,2989579,51829,360.5008033670885,33,39,7,0,5,72,2,0,11,2,66
2011-08-10 10:45:05,Normal,85,0,85,864247,3318,3168163,36819,193.96648834117647,29,49,7,0,6,77,2,0,14,3,68
2011-08-10 10:45:06,Normal,83,0,83,543918,17002,3375165,22381,188.1079042289157,21,56,6,0,3,78,2,0,10,3,70
2011-08-10 10:45:07,Normal,134,0,134,463165,21140,6013546,31514,166.52008124626863,25,104,5,0,17,79,38,0,59,2,73
2011-08-10 10:45:08,Normal,126,0,126,904299,4616,5275095,41946,216.79404292857143,30,93,3,0,14,110,2,0,11,3,112
2011-08-10 10:45:09,Normal,75,0,75,678044,15093,2678153,41867,385.92589484,28,39,8,0,4,67,4,0,13,3,58
2011-08-10 10:45:10,Normal,100,0,100,563759,17568,4209212,36634,327.19895887,23,66,11,0,7,87,6,0,15,4,81
2011-08-10 10:45:11,Normal,80,0,80,776198,3953,2810729,2418,452.5027322375001,33,44,3,0,10,65,5,0,12,3,65
2011-08-10 10:45:12,Normal,130,3,133,656403,5086,5799606,56667,231.3556687518797,32,95,6,0,7,120,6,0,13,2,117
2011-08-10 10:45:13,Normal,121,0,121,803974,22461,4525535,14912,272.3240520909091,39,79,3,0,20,91,10,0,33,4,84
2011-08-10 10:45:14,Normal,85,2,87,667107,17724,3160463,10172,229.62937665517236,23,59,5,0,19,64,4,0,22,5,60
2011-08-10 10:45:15,Normal,87,0,87,1002938,4099,3231428,43961,363.447813091954,27,54,6,0,17,69,1,0,13,1,73
2011-08-10 10:45:16,Normal,136,0,136,657863,7189,6176777,57958,299.58664979411765,27,105,4,0,41,86,9,0,47,1,88
2011-08-10 10:45:17,Normal,100,0,100,1050422,16112,3630389,67122,363.83803278000005,36,59,5,0,12,87,1,0,6,3,91
2011-08-10 10:45:18,Normal,100,0,100,668337,17822,3811956,4415,349.67378611,31,63,6,0,5,93,2,0,7,3,90
2011-08-10 10:45:19,Normal,100,0,100,661328,6182,3877920,62554,320.08624506999996,27,68,5,0,15,77,8,0,22,2,76
2011-08-10 10:45:20,Normal,93,0,93,669014,18628,3395486,33312,425.29993777419344,36,50,7,0,17,70,5,1,28,3,61
2011-08-10 10:45:21,Normal,109,0,109,1116092,18076,3995251,36259,320.53740868807336,37,66,6,0,9,97,2,1,12,4,92
2011-08-10 10:45:22,Normal,103,3,106,680869,4297,4195253,56075,155.24356758490566,37,64,5,0,5,99,1,1,13,4,88
2011-08-10 10:45:23,Normal,78,0,78,682413,3343,2797334,41552,207.6641048461539,26,46,6,0,7,67,2,2,5,1,70
2011-08-10 10:45:24,Normal,57,3,60,595207,15913,2218914,52349,419.37869501666665,25,28,7,0,5,54,1,0,7,1,52
2011-08-10 10:45:25,Normal,74,3,77,875308,15866,2520339,58752,290.6593025064936,26,47,4,0,10,66,1,0,9,2,66
2011-08-10 10:45:26,Normal,83,0,83,675689,3266,2981679,58728,355.22300691566267,37,39,7,0,8,75,0,0,9,2,72
2011-08-10 10:45:27,Normal,105,0,105,1472701,15724,3504497,63294,197.16944246666668,32,67,6,0,20,81,4,0,7,5,93
2011-08-10 10:45:28,Normal,83,0,83,1480959,16012,2469240,56037,407.02602884337347,25,51,7,0,19,61,3,0,5,3,75
2011-08-10 10:45:29,Normal,87,0,87,936076,62988,2845918,20633,373.9438177126437,37,44,6,0,9,76,1,1,7,4,76
2011-08-10 10:45:30,Normal,88,0,88,1032524,17089,2931409,18183,473.8624583181818,40,44,4,0,12,74,2,0,17,3,67
2011-08-10 10:45:31,Normal,91,0,91,643882,16604,3593758,60227,385.46089182417586,32,47,12,0,3,83,5,0,9,2,80
2011-08-10 10:45:32,Normal,80,3,83,672852,16418,2980040,15763,249.58120012048192,32,41,10,0,4,78,1,0,8,2,73
2011-08-10 10:45:33,Normal,81,0,81,451919,3183,2913763,34157,259.2592378024691,29,50,2,0,10,71,0,0,11,2,68
2011-08-10 10:45:34,Normal,78,0,78,602086,2722,2720152,59913,328.6994301923077,26,46,6,0,8,70,0,0,8,2,68
2011-08-10 10:45:35,Normal,72,0,72,910547,16468,2483395,58298,318.3962138333333,35,32,5,0,10,62,0,0,8,2,62
2011-08-10 10:45:36,Normal,79,0,79,620725,15822,2973574,36153,313.27647296202537,32,41,6,0,4,75,0,0,8,1,70
2011-08-10 10:45:37,Normal,89,0,89,782364,16853,2758441,26240,246.53728012359556,25,53,11,0,11,75,3,0,14,3,72
2011-08-10 10:45:38,Normal,105,0,105,948840,4031,4040365,48869,258.3907488761904,28,71,6,0,21,77,7,0,25,3,77
2011-08-10 10:45:39,Normal,149,0,149,1223225,18860,5856788,18580,164.42673746979867,36,111,2,0,21,117,11,0,28,2,118
2011-08-10 10:45:40,Normal,93,0,93,1200564,16987,2720117,22573,385.21668220430104,36,51,6,0,12,78,3,0,6,7,80
2011-08-10 10:45:41,Normal,79,0,79,889586,15680,2739931,3548,294.40081951898725,35,34,10,0,4,72,3,0,6,5,68
2011-08-10 10:45:42,Normal,81,3,84,701815,2773,2843211,38772,175.14657092857146,35,41,8,0,2,80,2,0,8,3,73
2011-08-10 10:45:43,Normal,97,0,97,859826,16330,3604379,25707,420.7208703402062,35,57,5,0,10,84,1,2,8,7,82
2011-08-10 10:45:44,Normal,78,0,78,692886,16088,2789345,8877,300.1836297307692,29,40,9,0,14,63,1,0,19,4,55
2011-08-10 10:45:45,Normal,90,0,90,807065,3329,3694236,65124,456.3967221,31,55,4,0,14,72,4,0,15,2,73
2011-08-10 10:45:46,Normal,75,0,75,779889,15993,2752313,52967,619.3518676266666,36,33,6,0,10,64,1,0,10,4,61
2011-08-10 10:45:47,Normal,69,0,69,651345,15503,2326501,19656,518.4285007246377,22,46,1,0,8,60,1,0,6,2,61
2011-08-10 10:45:48,Normal,90,0,90,854229,6236,3238715,65816,265.12446559999995,40,44,6,0,10,74,6,0,21,2,67
2011-08-10 10:45:49,Normal,84,0,84,654426,16469,3166865,15118,300.68628240476187,40,37,7,0,1,80,1,2,7,1,76
2011-08-10 10:45:50,Normal,75,0,75,570369,16320,2555109,18726,317.5152742133334,31,38,6,0,3,72,0,0,10,2,62
2011-08-10 10:45:51,Normal,79,0,79,904493,7529,2768075,50704,421.68489325316466,34,41,4,0,16,63,0,0,10,2,67
2011-08-10 10:45:52,Normal,84,3,87,854068,16579,2925013,17543,589.1286692183907,35,44,8,0,8,77,2,0,8,2,77
2011-08-10 10:45:53,Normal,72,0,72,565727,2739,2499340,65490,300.6228378472222,27,38,7,0,7,64,1,0,9,3,60
2011-08-10 10:45:54,Normal,93,3,96,1074292,6892,3033623,14401,262.095194625,37,53,6,0,17,77,2,0,14,3,79
2011-08-10 10:45:55,Normal,75,0,75,746127,16133,2563095,32755,406.99682794666666,25,46,4,0,10,64,1,0,9,3,63
2011-08-10 10:45:56,Normal,70,0,70,543129,16055,2734249,46385,417.9128312857143,27,38,5,0,10,60,0,0,8,2,60
2011-08-10 10:45:57,Normal,70,0,70,485180,3728,2802625,35466,265.6992068285714,27,41,2,0,5,50,15,0,18,2,50
2011-08-10 10:45:58,Normal,111,0,111,884967,17558,4088786,48882,294.5066934594594,45,58,8,0,14,97,0,0,14,2,95
2011-08-10 10:45:59,Normal,140,1,141,1020761,20536,5945934,65101,206.40863234751768,33,95,13,0,66,72,3,0,74,3,64
2011-08-10 10:46:00,Normal,87,0,87,830989,3822,3207714,61125,262.3145379655172,47,36,4,0,2,80,3,2,10,4,73
2011-08-10 10:46:01,Normal,120,0,120,808711,15494,4726190,13451,270.7915677,40,74,6,0,43,74,1,2,46,1,73
2011-08-10 10:46:02,Normal,89,3,92,558190,18757,3562468,7170,339.58290402173907,23,57,12,0,11,79,2,0,13,2,77
2011-08-10 10:46:03,Normal,90,0,90,710964,17817,3598789,64958,161.93386969999997,31,53,6,0,13,77,0,0,16,2,72
2011-08-10 10:46:04,Normal,67,0,67,533618,16231,2262398,11138,244.75327928358206,23,37,7,0,8,57,2,0,11,2,54
2011-08-10 10:46:05,Normal,80,0,80,431847,2918,3118409,45781,193.76234785,24,52,4,0,6,60,14,0,20,1,59
2011-08-10 10:46:06,Normal,86,0,86,845653,16466,3560086,17040,381.37664086046516,33,49,4,0,18,61,7,0,26,2,58
2011-08-10 10:46:07,Normal,81,0,81,620960,16824,2706909,10230,335.8189883580247,35,39,7,0,9,70,2,0,14,1,66
2011-08-10 10:46:08,Normal,89,0,89,462658,17778,3505217,33072,217.4271299101123,26,62,1,0,11,75,3,0,14,2,73
2011-08-10 10:46:09,Normal,132,0,132,897167,18508,4936704,38704,215.08011478787876,30,97,5,0,27,97,8,0,30,1,101
2011-08-10 10:46:10,Normal,102,0,102,922188,3717,3529458,51397,281.47603082352936,39,54,9,0,13,87,2,0,16,7,79
2011-08-10 10:46:11,Normal,87,0,87,720066,16458,2800930,16329,377.42620218390806,37,45,5,0,5,82,0,0,7,2,78
2011-08-10 10:46:12,Normal,67,3,70,609094,15576,2584020,64187,407.0754705428571,30,30,10,0,2,67,1,0,8,1,60
2011-08-10 10:46:13,Normal,102,0,102,742019,18498,3655776,52258,221.58551523529408,30,62,10,0,11,89,2,0,15,2,83
2011-08-10 10:46:14,Normal,117,0,117,738111,18676,4611416,4716,227.6955744188034,36,76,5,0,15,94,8,0,19,3,95
2011-08-10 10:46:15,Normal,84,0,84,653431,17476,3250601,35650,298.3868225952381,32,47,5,0,19,63,2,0,26,3,55
2011-08-10 10:46:16,Normal,78,0,78,644202,2354,2883368,51055,353.7925008461538,31,43,4,0,4,73,1,0,10,2,66
2011-08-10 10:46:17,Normal,80,0,80,849464,17087,2790431,35522,339.51599245,43,29,8,0,8,71,1,0,15,3,62
2011-08-10 10:46:18,Normal,103,2,105,780804,18603,3838157,46271,187.11655573333334,34,66,5,0,7,96,2,0,15,3,87
2011-08-10 10:46:19,Normal,97,0,97,811713,56003,3755663,1630,249.457607185567,30,61,6,0,21,72,4,0,20,3,74
2011-08-10 10:46:20,Normal,80,0,80,621144,16600,3017214,56099,439.427872475,27,45,8,0,6,72,1,1,7,1,71
2011-08-10 10:46:21,Normal,88,0,88,529807,3235,3513140,41468,203.49616303409093,28,53,7,0,21,65,2,0,27,1,60
2011-08-10 10:46:22,Normal,105,3,108,546960,5540,4338488,62081,246.64069630555557,31,75,2,0,8,98,1,1,12,2,93
2011-08-10 10:46:23,Normal,59,0,59,451315,15053,2148800,58058,439.81709352542373,31,26,2,0,2,56,0,1,8,1,49
2011-08-10 10:46:24,Normal,87,3,90,548835,17320,3225779,38103,138.98220271111109,32,52,6,0,6,83,1,0,17,3,70
2011-08-10 10:46:25,Normal,69,0,69,697742,15426,2375567,28137,165.41682986956522,25,37,7,0,10,57,1,1,11,2,55
2011-08-10 10:46:26,Normal,77,0,77,573647,3212,2823128,50523,426.00889394805205,30,43,4,0,7,68,1,1,7,2,67
2011-08-10 10:46:27,Normal,77,0,77,849638,16126,2693907,66857,310.40181924675323,38,31,8,0,5,68,4,0,10,4,63
2011-08-10 10:46:28,Normal,97,6,103,823457,16887,4089849,58099,321.51813842718457,33,62,8,0,17,84,2,0,16,1,86
2011-08-10 10:46:29,Normal,141,0,141,983988,19788,5738466,52617,185.12499466666668,28,103,10,0,17,115,9,0,20,5,116
2011-08-10 10:46:30,Normal,113,0,113,851606,17485,4220104,25655,355.31525927433626,29,67,17,0,9,99,5,0,10,0,103
2011-08-10 10:46:31,Normal,122,0,122,920227,4382,4936900,46100,141.23852298360657,29,87,6,0,5,115,2,0,2,2,118
2011-08-10 10:46:32,Normal,89,3,92,948443,17582,3273033,22255,347.8124047608696,34,53,5,0,25,63,4,0,22,1,69
2011-08-10 10:46:33,Normal,68,0,68,558938,15146,2346437,61951,391.68249541176465,30,34,4,0,9,59,0,0,8,1,59
2011-08-10 10:46:34,Normal,91,0,91,793119,5152,3246816,58048,344.6078140549451,27,58,6,0,10,81,0,0,13,2,76
2011-08-10 10:46:35,Normal,62,0,62,580892,15724,2482726,6263,154.449211,20,36,6,0,11,51,0,0,17,1,44
2011-08-10 10:46:36,Normal,72,0,72,565046,15273,2794111,59363,270.3476757083333,27,37,8,0,2,69,1,0,5,0,67
2011-08-10 10:46:37,Normal,94,0,94,631139,3419,3603471,60317,353.9139612553192,36,50,8,0,10,84,0,0,16,0,78
2011-08-10 10:46:38,Normal,113,0,113,763710,4843,4461349,2362,185.7192899115044,31,76,6,0,15,96,2,0,21,1,91
2011-08-10 10:46:39,Normal,122,0,122,997278,17052,4826936,47738,319.6252710819672,38,78,6,0,14,104,4,0,12,1,109
2011-08-10 10:46:40,Normal,88,0,88,665722,3605,3463753,59050,142.59162450000002,24,61,3,0,13,68,7,0,20,0,68
2011-08-10 10:46:41,Normal,101,0,101,767216,4340,4178801,54516,232.48052172277232,22,68,11,0,13,85,3,0,15,2,84
2011-08-10 10:46:42,Normal,83,3,86,658796,3699,3390570,9665,239.1302841046511,31,44,11,0,6,77,3,0,6,1,79
2011-08-10 10:46:43,Normal,60,0,60,646190,15284,1981279,1929,476.5868405500001,30,29,1,0,5,53,2,0,7,1,52
2011-08-10 10:46:44,Normal,96,0,96,564838,20386,3441597,79,387.1660004583334,21,68,7,0,7,88,1,0,16,1,79
2011-08-10 10:46:45,Normal,150,0,150,719243,22001,6646612,47747,119.57838775333333,34,104,12,0,38,81,31,0,65,2,83
2011-08-10 10:46:46,Normal,111,0,111,747889,66696,4283657,42679,267.4364275495495,36,69,6,0,20,87,4,0,30,2,79
2011-08-10 10:46:47,Normal,189,0,189,749605,23369,7868598,4438,129.56929556084654,31,152,6,0,20,168,1,0,22,3,164
2011-08-10 10:46:48,Normal,128,0,128,571659,6071,5498814,60070,198.45575485156252,30,91,7,0,21,105,2,0,32,2,94
2011-08-10 10:46:49,Normal,252,0,252,694914,11541,11179273,37387,105.3930478452381,33,211,8,0,7,242,3,0,25,0,227
2011-08-10 10:46:50,Normal,78,0,78,484079,18087,2733447,63059,236.1150015,19,55,4,0,8,70,0,0,11,1,66
2011-08-10 10:46:51,Normal,67,0,67,535912,15690,2681195,54115,203.01679186567162,27,37,3,0,3,63,1,0,6,2,59
2011-08-10 10:46:52,Normal,77,3,80,627558,16093,2846080,50944,195.95093213750002,30,43,7,0,12,65,3,0,20,0,60
2011-08-10 10:46:53,Normal,126,0,126,851141,19669,4955544,7177,429.05153499999994,30,85,11,0,12,109,5,0,31,0,95
2011-08-10 10:46:54,Normal,142,3,145,737244,8483,5974019,53134,324.5134457724138,31,103,11,0,19,116,10,0,36,0,108
2011-08-10 10:46:55,Normal,104,0,104,763981,21226,3759412,6599,442.6803703557692,35,61,7,1,11,90,2,1,18,1,84
2011-08-10 10:46:56,Normal,90,0,90,687376,17931,3330646,11410,548.3863072333334,31,52,7,0,12,73,4,1,18,2,68
2011-08-10 10:46:57,Normal,95,1,96,792319,47589,3891351,56620,677.92686415625,38,49,9,0,10,85,1,0,22,0,74
2011-08-10 10:46:58,Normal,89,3,92,776346,3556,3487142,44565,590.4491217173913,28,53,11,0,5,85,2,0,11,2,79
2011-08-10 10:46:59,Normal,118,3,121,862600,6846,4771228,15482,580.7980056115704,30,82,9,0,24,95,2,0,29,3,89
2011-08-10 10:47:00,Normal,207,2,209,817963,22866,10044552,9627,296.22990354066985,29,174,6,0,4,200,5,0,13,2,194
2011-08-10 10:47:01,Normal,89,0,89,940970,3059,3289502,50754,665.6442253595505,48,32,9,0,8,80,1,0,15,2,72
2011-08-10 10:47:02,Normal,93,3,96,813519,6511,3584589,43621,429.4737010833333,29,56,11,0,3,88,5,0,23,0,73
2011-08-10 10:47:03,Normal,163,0,163,767920,25092,7312415,8368,378.37868860736194,33,127,3,0,79,76,8,0,94,0,69
2011-08-10 10:47:04,Normal,183,0,183,727587,8946,7938432,58236,258.6283723770492,34,141,8,0,26,154,3,0,39,0,144
2011-08-10 10:47:05,Normal,130,0,130,864945,6242,5176603,39968,473.7870561000001,39,80,11,0,23,104,3,0,45,0,85
2011-08-10 10:47:06,Normal,97,0,97,766714,17336,3834037,45995,462.1072266597938,37,55,5,0,26,71,0,0,35,1,61
2011-08-10 10:47:07,Normal,98,0,98,837134,5627,3636143,22362,667.5511057857143,36,53,9,0,10,87,1,0,16,1,80
2011-08-10 10:47:08,Normal,76,4,80,992793,17426,2773471,34890,712.4793471125001,30,38,11,1,9,67,3,1,19,1,60
2011-08-10 10:47:09,Normal,103,0,103,1103992,16585,3625668,54266,452.8718789805825,41,56,6,0,9,93,1,0,13,2,88
2011-08-10 10:47:10,Normal,90,0,90,674213,16558,3632041,48499,474.59253155555564,19,59,12,0,15,74,1,0,21,1,68
2011-08-10 10:47:11,Normal,107,0,107,1227880,5950,4101050,55057,495.2164925233644,28,61,18,0,16,90,1,0,19,4,84
2011-08-10 10:47:12,Normal,82,3,85,950567,2564,2931614,62083,776.722536082353,36,37,12,0,4,78,3,0,15,2,68
2011-08-10 10:47:13,Normal,88,0,88,840090,42477,3269143,704,807.4845985227272,38,46,4,0,5,80,3,0,18,1,69
2011-08-10 10:47:14,Normal,87,0,87,691336,18224,3299948,53368,567.7421115057471,30,47,10,0,9,77,1,0,19,2,66
2011-08-10 10:47:15,Normal,97,0,97,732502,4772,3356390,35569,340.2970661752577,29,63,5,0,14,80,3,0,18,1,78
2011-08-10 10:47:16,Normal,74,1,75,462560,9406,2714637,771,840.8167563466667,25,45,5,0,4,65,6,0,15,1,59
2011-08-10 10:47:17,Normal,90,3,93,747492,67354,3646969,5666,659.5205185376343,31,54,8,0,11,76,6,0,28,0,65
2011-08-10 10:47:18,Normal,67,0,67,527527,3391,2448378,52928,948.6121015970148,22,40,5,0,3,61,3,0,9,1,57
2011-08-10 10:47:19,Normal,88,0,88,921234,2773,3391368,56684,851.1197382159091,30,45,13,0,20,66,1,1,26,0,62
2011-08-10 10:47:20,Normal,119,0,119,744453,19024,4532929,28524,525.655004327731,39,72,8,0,7,107,3,2,15,0,102
2011-08-10 10:47:21,Normal,100,0,100,911332,18624,3887206,61430,509.64828541,31,62,7,0,17,78,5,0,24,2,74
2011-08-10 10:47:22,Normal,118,5,123,763543,7287,5120224,53035,472.1080950406503,38,79,6,0,13,106,4,0,28,0,95
2011-08-10 10:47:23,Normal,108,0,108,727037,21617,3510813,27713,623.4170760648148,31,65,12,0,8,87,12,1,24,1,81
2011-08-10 10:47:24,Normal,138,3,141,934233,20318,5358145,11324,343.3714085531915,43,90,8,0,11,109,20,1,27,1,111
2011-08-10 10:47:25,Normal,147,0,147,931671,6837,5750095,49221,370.93515382312927,27,109,11,0,32,108,6,1,40,0,106
2011-08-10 10:47:26,Normal,103,0,103,905819,17082,3652600,64739,498.030715883495,37,61,5,0,8,84,11,0,23,0,79
2011-08-10 10:47:27,Normal,116,0,116,801412,19289,4056086,55786,439.49852674137935,49,61,6,0,11,99,6,0,29,1,86
2011-08-10 10:47:28,Normal,71,0,71,865300,15685,2177592,36172,950.239909802817,29,34,8,0,8,62,1,0,12,2,57
2011-08-10 10:47:29,Normal,69,1,70,997276,14914,2430424,36521,723.2924882857143,25,41,4,0,12,57,1,0,13,1,56
2011-08-10 10:47:30,Normal,98,0,98,692750,17975,3721495,24858,564.6494739387755,31,62,5,0,5,91,2,0,18,0,80
2011-08-10 10:47:31,Normal,98,0,98,1247433,57654,3336678,2835,1001.4087362040817,38,53,7,0,11,84,3,0,22,3,72
2011-08-10 10:47:32,Normal,82,3,85,1118167,2373,3011118,61154,709.0913337058824,44,33,8,0,8,76,1,0,18,1,66
2011-08-10 10:47:33,Normal,93,0,93,623865,5181,3565566,38253,493.74717987096784,26,58,9,0,11,80,2,0,16,0,77
2011-08-10 10:47:34,Normal,129,0,129,801481,20061,4591783,37761,647.2746989534883,38,82,9,0,26,99,4,0,40,0,89
2011-08-10 10:47:35,Normal,125,0,125,1217273,20521,4822437,63989,557.561603144,34,83,8,0,7,109,8,1,22,4,99
2011-08-10 10:47:36,Normal,90,0,90,683080,6269,3228908,3633,519.348971288889,28,56,6,0,11,77,2,0,17,2,71
2011-08-10 10:47:37,Normal,85,0,85,866151,5876,2987806,42554,360.4043911647059,40,39,6,0,9,70,6,0,15,0,69
2011-08-10 10:47:38,Normal,88,0,88,819185,16383,3034849,20911,534.3442294886363,27,54,7,0,6,74,8,0,17,2,69
2011-08-10 10:47:39,Normal,85,0,85,890587,15479,3020000,45053,768.0986005764705,34,43,8,0,7,74,4,0,12,2,71
2011-08-10 10:47:40,Normal,104,6,110,698229,6163,4183930,61989,707.4759430909091,24,81,5,0,12,90,8,0,23,0,87
2011-08-10 10:47:41,Normal,107,5,112,1034612,19600,3986451,43448,813.1226822053571,43,62,7,0,9,100,3,0,23,1,88
2011-08-10 10:47:42,Normal,66,3,69,875829,36430,2542417,48335,1013.5043203043477,34,31,4,0,5,62,2,0,14,0,53
2011-08-10 10:47:43,Normal,138,0,138,1158547,18695,6226508,25304,486.51214678260874,37,90,11,0,12,125,1,0,9,2,127
2011-08-10 10:47:44,Normal,79,0,79,790804,1670,2635274,51949,524.3963104936709,26,48,5,0,7,69,3,0,6,0,73
2011-08-10 10:47:45,Normal,136,0,136,865333,19874,4831071,60237,535.8616504264706,34,89,13,0,29,101,5,1,40,0,96
2011-08-10 10:47:46,Normal,237,0,237,856303,26399,10608651,45696,325.9963446835443,28,200,9,0,31,197,9,0,51,1,185
2011-08-10 10:47:47,Normal,119,0,119,752743,6859,4917517,59753,480.419288210084,29,81,9,0,13,82,24,0,40,1,78
2011-08-10 10:47:48,Normal,100,0,100,897221,17939,3478134,7127,730.2967313600001,29,65,6,0,12,83,5,0,22,2,76
2011-08-10 10:47:49,Normal,95,1,96,534992,5539,3661214,41651,579.0268728541666,24,62,10,0,4,85,7,0,21,0,75
2011-08-10 10:47:50,Normal,92,0,92,710348,17098,3223623,1921,733.3597285978261,39,44,9,0,4,87,1,0,13,0,79
2011-08-10 10:47:51,Normal,130,0,130,772070,6848,4768023,65711,652.575451723077,24,96,10,0,9,113,8,0,38,0,92
2011-08-10 10:47:52,Normal,103,3,106,661095,21389,3685778,65424,684.5624166320755,30,70,6,0,17,81,8,0,31,1,74
2011-08-10 10:47:53,Normal,77,0,77,616234,17174,2426679,53403,557.384774064935,26,42,9,0,10,65,2,0,16,2,59
2011-08-10 10:47:54,Normal,139,3,142,910463,9977,5240549,45410,546.9681472816901,44,85,13,0,30,106,6,0,34,3,105
2011-08-10 10:47:55,Normal,207,1,208,863936,26832,8687328,8573,363.3130990144231,30,169,9,0,45,158,5,0,53,3,152
2011-08-10 10:47:56,Normal,170,0,170,1149063,11036,7257326,56404,470.3790722647059,37,124,9,0,30,133,7,0,40,4,126
2011-08-10 10:47:57,Normal,97,0,97,953239,54352,3702212,62905,664.9852057731958,40,52,5,0,11,82,4,0,17,3,77
2011-08-10 10:47:58,Normal,99,0,99,728834,6350,4008824,53938,789.8478705656566,23,63,13,0,18,76,5,0,29,1,69
2011-08-10 10:47:59,Normal,107,0,107,946103,19232,3699015,19518,700.7226925327103,37,59,11,0,19,86,1,1,18,0,89
2011-08-10 10:48:00,Normal,84,0,84,625236,2685,3361705,51774,475.7441062619047,21,55,8,0,16,63,5,0,24,1,59
2011-08-10 10:48:01,Normal,115,0,115,797374,43405,4417380,14134,573.9661632956521,32,76,7,0,19,94,2,0,20,1,94
2011-08-10 10:48:02,Normal,115,3,118,753273,6133,4606793,54841,365.2982510508474,22,89,7,0,19,94,5,0,32,0,86
2011-08-10 10:48:03,Normal,134,0,134,1217718,19041,5009222,5588,600.3267213582089,46,77,11,0,6,124,4,0,14,1,119
2011-08-10 10:48:04,Normal,120,0,120,1040197,18520,4749409,49005,293.52803236666665,38,73,9,0,13,99,8,0,26,1,93
2011-08-10 10:48:05,Normal,119,0,119,1264770,17980,5320940,26292,626.1323599327733,30,85,4,0,25,83,11,0,26,1,92
2011-08-10 10:48:06,Normal,125,1,126,1366288,5497,4911677,67175,451.6485745714286,36,79,11,0,15,101,10,0,18,6,102
2011-08-10 10:48:07,Normal,134,0,134,960653,7166,5959200,4640,453.5399731492537,34,96,4,0,32,94,8,0,39,2,92
2011-08-10 10:48:08,Normal,83,0,83,989246,4406,3030019,56113,692.3898743253011,39,36,8,0,10,72,1,0,10,2,71
2011-08-10 10:48:09,Normal,110,4,114,1245425,17604,4350474,63852,633.0607270526317,45,63,6,0,17,91,6,0,20,4,90
2011-08-10 10:48:10,Normal,101,0,101,1612692,3604,3861294,56649,576.2680451287127,39,56,6,0,17,77,7,0,18,1,82
2011-08-10 10:48:11,Normal,95,3,98,1028581,5399,3701775,4076,566.1575650204081,30,62,6,0,6,83,9,0,13,2,82
2011-08-10 10:48:12,Normal,126,4,130,1088742,6011,5302488,35637,487.4702232692307,27,90,13,0,11,114,5,0,13,2,115
2011-08-10 10:48:13,Normal,84,0,84,907821,3205,3076207,54471,718.9116418690477,28,44,12,0,8,70,6,0,16,2,66
2011-08-10 10:48:14,Normal,110,0,110,1095767,4960,3953532,2081,804.9218644727272,33,67,10,0,20,80,10,0,25,0,85
2011-08-10 10:48:15,Normal,98,0,98,894131,4218,3440655,4247,670.4955263163265,34,54,10,0,14,77,7,0,26,4,68
2011-08-10 10:48:16,Normal,182,2,184,895357,10547,7902802,55946,324.3009349239131,25,151,8,0,40,139,5,0,51,1,132
2011-08-10 10:48:17,Normal,111,0,111,1017642,3521,3887716,45576,718.4840907927927,34,65,12,0,27,83,0,1,31,1,79
2011-08-10 10:48:18,Normal,130,0,130,1287219,17163,5564673,3095,624.3820194076924,31,91,8,0,20,108,2,0,14,1,115
2011-08-10 10:48:19,Normal,100,0,100,858758,16851,4067934,22265,689.8284638099999,39,53,8,0,11,87,2,0,18,0,81
2011-08-10 10:48:20,Normal,103,0,103,1067631,4631,3690963,36312,510.0851029708738,34,59,10,0,16,80,5,2,21,1,79
2011-08-10 10:48:21,Normal,136,0,136,820280,7295,5996885,50613,406.6824066691176,21,105,10,0,47,79,9,1,54,1,80
2011-08-10 10:48:22,Normal,112,3,115,822112,16939,4658246,55771,458.0619520521739,24,83,8,0,9,102,4,0,12,1,102
2011-08-10 10:48:23,Normal,100,0,100,950106,3973,4127744,58554,631.5832570200001,29,65,6,0,17,76,7,0,25,3,72
2011-08-10 10:48:24,Normal,109,3,112,1098223,18858,3983310,29982,970.3774312232144,37,64,11,0,15,92,5,0,28,2,82
2011-08-10 10:48:25,Normal,96,0,96,945870,3847,3753315,59092,588.8537761458334,24,66,6,0,11,82,2,1,13,1,81
2011-08-10 10:48:26,Normal,136,0,136,1107236,6356,5375110,52582,542.2693494264705,33,95,8,0,15,110,10,1,27,3,105
2011-08-10 10:48:27,Normal,136,0,136,1224918,18221,5348988,58386,702.8731285073529,34,88,14,0,16,105,15,0,26,2,108
2011-08-10 10:48:28,Normal,125,0,125,1096019,18638,4738071,17099,552.4230495200001,46,71,8,0,11,111,3,0,13,1,110
2011-08-10 10:48:29,Normal,92,0,92,1142899,16277,3115372,53040,787.3283762173912,29,54,9,0,14,76,2,0,12,1,78
2011-08-10 10:48:30,Normal,95,0,95,1074298,16344,3451265,36606,441.4668485789474,28,60,7,0,14,79,2,0,12,2,81
2011-08-10 10:48:31,Normal,103,0,103,671721,5789,3994820,54676,338.4276362912622,22,76,5,0,14,79,10,0,19,1,82
2011-08-10 10:48:32,Normal,96,3,99,776472,19299,3667564,30903,406.20590281818187,34,62,3,0,12,80,7,0,22,3,74
2011-08-10 10:48:33,Normal,89,0,89,1040902,4252,3480008,63519,499.38912428089884,25,56,8,0,17,69,3,0,15,2,72
2011-08-10 10:48:34,Normal,80,2,82,874934,18674,2734020,62428,659.1111002439025,30,49,3,0,17,62,2,1,20,2,60
2011-08-10 10:48:35,Normal,113,0,113,1581224,4461,3976327,53983,677.2106657168141,36,70,7,0,22,89,2,0,10,3,98
2011-08-10 10:48:36,Normal,103,0,103,943461,17084,3848361,27304,555.3435326310681,41,51,11,0,7,95,1,0,19,1,82
2011-08-10 10:48:37,Normal,112,0,112,1367301,39022,4303931,12763,889.4166184464285,37,63,12,0,16,93,2,1,18,1,92
2011-08-10 10:48:38,Normal,113,0,113,1017642,17240,3933613,24810,635.7652551327435,37,69,7,0,19,92,2,0,17,2,93
2011-08-10 10:48:39,Normal,126,0,126,1097364,17367,4666716,29430,476.4545615476191,40,78,8,0,25,99,2,0,25,2,99
2011-08-10 10:48:40,Normal,89,0,89,892836,17745,3437048,44203,853.4293707865168,31,51,7,0,7,72,10,0,22,0,66
2011-08-10 10:48:41,Normal,123,0,123,1085707,18217,4674519,47958,584.4164751707318,37,77,9,0,22,101,0,0,18,0,105
2011-08-10 10:48:42,Normal,112,4,116,861761,3898,4616800,46798,578.5059166896551,27,85,4,0,26,88,2,0,26,2,88
2011-08-10 10:48:43,Normal,103,0,103,1262932,17034,3602403,23523,702.5971927864076,30,62,11,0,16,86,1,0,11,1,91
2011-08-10 10:48:44,Normal,86,0,86,796258,4468,2845779,62324,766.1858119534883,36,39,11,0,12,71,3,0,24,0,62
2011-08-10 10:48:45,Normal,91,0,91,1082783,16148,3462193,57219,703.5405585934066,26,51,14,0,9,80,2,0,9,1,81
2011-08-10 10:48:46,Normal,95,0,95,1271814,16384,3191451,7203,643.3959010526316,33,55,7,0,20,74,1,0,19,2,74
2011-08-10 10:48:47,Normal,130,0,130,1027401,20167,5020442,52733,450.0779916846154,38,86,6,0,24,105,1,0,25,4,101
2011-08-10 10:48:48,Normal,72,11,83,865819,60932,3056643,14132,614.2819643253011,27,50,6,0,13,65,5,0,14,3,65
2011-08-10 10:48:49,Normal,114,5,119,1284358,16727,4563555,28596,638.2935146890758,37,73,9,0,18,96,5,0,20,4,95
2011-08-10 10:48:50,Normal,72,3,75,506445,17224,2821110,11379,698.3956542,23,46,6,0,10,62,3,0,17,2,55
2011-08-10 10:48:51,Normal,80,0,80,678872,3371,3086191,48631,516.454022375,17,61,2,0,10,66,4,0,15,0,65
2011-08-10 10:48:52,Normal,120,3,123,1074556,4941,4204253,35983,642.5225169105692,31,84,8,0,29,91,3,0,26,1,96
2011-08-10 10:48:53,Normal,92,0,92,1273030,16830,2759376,37697,638.3629848043478,33,48,11,0,17,68,7,0,17,6,69
2011-08-10 10:48:54,Normal,124,3,127,1460827,19338,3409555,63879,532.7682321574803,40,81,6,0,30,91,6,0,27,4,95
2011-08-10 10:48:55,Normal,99,0,99,1605990,17455,2918850,3860,820.2490312828284,33,56,10,0,16,76,7,0,15,4,80
2011-08-10 10:48:56,Normal,119,0,119,953065,18882,4178917,48454,688.6493681932774,34,71,14,0,7,107,4,1,16,2,101
2011-08-10 10:48:57,Normal,118,0,118,788905,19447,4615668,64350,527.4452188559322,37,74,7,0,13,105,0,0,24,1,91
2011-08-10 10:48:58,Normal,114,0,114,920245,20603,3950872,29288,366.5900446666667,27,85,2,0,25,85,4,0,28,3,83
2011-08-10 10:48:59,Normal,217,0,217,863637,23627,10484926,11369,291.1626870599078,34,179,4,0,12,205,0,0,12,3,202
2011-08-10 10:49:00,Normal,101,0,101,679082,18117,3492143,49994,462.5251853663366,35,57,9,0,18,76,7,0,30,4,66
2011-08-10 10:49:01,Normal,85,0,85,710449,17548,3074722,4947,650.3038777411766,30,47,8,0,8,74,3,0,12,2,71
2011-08-10 10:49:02,Normal,94,3,97,1061071,3170,3724137,40348,663.7497606288659,26,62,9,0,12,83,2,0,8,1,88
2011-08-10 10:49:03,Normal,117,0,117,897377,5463,4789220,63464,272.24427392307695,31,78,8,0,11,105,1,0,13,3,100
2011-08-10 10:49:04,Normal,87,0,87,1121804,2551,2825655,36505,812.2374225632184,36,42,9,0,14,71,2,0,10,3,74
2011-08-10 10:49:05,Normal,89,0,89,728940,16420,3211505,43226,455.7607268089888,30,51,8,0,6,81,2,0,10,2,77
2011-08-10 10:49:06,Normal,105,0,105,968663,16263,3401341,1794,510.77870869523815,40,61,4,0,20,79,6,0,25,4,76
2011-08-10 10:49:07,Normal,116,0,116,1141996,5135,4186511,36132,647.1860161379311,31,81,4,0,34,78,4,0,35,5,76
2011-08-10 10:49:08,Normal,161,0,161,1096525,19356,6254298,33294,356.32570255279506,42,110,9,0,18,140,3,0,25,5,130
2011-08-10 10:49:09,Normal,176,0,176,946073,8574,7533437,65890,377.66787726704547,32,131,13,0,57,113,6,0,71,3,101
2011-08-10 10:49:10,Normal,104,0,104,935310,4880,3916008,50700,482.8757774326923,39,57,8,0,11,91,2,0,16,1,87
2011-08-10 10:49:11,Normal,90,0,90,1007444,58635,3074870,15165,604.2058379333332,42,45,3,0,8,79,3,0,12,4,73
2011-08-10 10:49:12,Normal,68,3,71,603022,6387,2522157,4494,605.3825210422536,28,35,8,0,6,62,3,0,11,2,57
2011-08-10 10:49:13,Normal,107,0,107,1230720,4319,3971667,56841,428.07901631775707,38,62,7,0,12,93,2,0,10,7,90
2011-08-10 10:49:14,Normal,85,0,85,1045376,2410,3118759,2345,640.8260168470587,35,39,11,0,17,65,3,0,11,3,71
2011-08-10 10:49:15,Normal,98,0,98,1044724,18791,3211823,8792,579.5034628775511,34,53,11,0,13,84,1,0,15,0,83
2011-08-10 10:49:16,Normal,156,0,156,987518,21709,7088355,43159,563.1547157115385,38,110,8,0,44,109,3,0,48,2,105
2011-08-10 10:49:17,Normal,120,0,120,1026963,18468,5120217,62137,256.7709479916667,26,91,3,0,17,100,3,0,11,1,108
2011-08-10 10:49:18,Normal,131,0,131,1264335,40882,5434933,60478,417.8870532442748,33,90,8,0,31,97,3,0,31,3,97
2011-08-10 10:49:19,Normal,227,0,227,999509,13575,9807797,42321,206.02301972246696,35,186,6,0,97,126,4,0,97,1,129
2011-08-10 10:49:20,Normal,149,0,149,1269678,20459,5802672,24921,548.1574144496644,43,91,15,0,37,109,2,1,34,2,112
2011-08-10 10:49:21,Normal,111,0,111,1176226,19585,3775420,7843,758.1795131531529,31,70,10,0,24,77,7,3,26,2,82
2011-08-10 10:49:22,Normal,122,3,125,1768513,3607,4778272,1691,542.463102784,37,84,4,0,25,93,7,0,18,3,104
2011-08-10 10:49:23,Normal,166,0,166,1254618,20815,7226778,56293,258.2747982590361,27,129,10,0,32,105,28,1,48,2,115
2011-08-10 10:49:24,Normal,147,3,150,1159094,6239,6048695,64639,437.7929340266666,34,112,4,0,22,107,21,0,39,3,108
2011-08-10 10:49:25,Normal,103,0,103,1238549,16613,4013520,50388,472.88605996116496,25,72,6,0,20,74,8,1,14,4,84
2011-08-10 10:49:26,Normal,168,0,168,1106342,11589,6422526,51784,510.97245147619054,36,128,4,0,31,117,20,0,41,3,122
2011-08-10 10:49:27,Normal,131,0,131,1575829,17952,4429245,1009,415.7655819541985,43,80,8,0,32,93,6,0,28,3,100
2011-08-10 10:49:28,Normal,116,0,116,1392700,4082,3996820,63223,578.7199874482759,33,73,10,0,30,80,5,1,21,2,91
2011-08-10 10:49:29,Normal,123,0,123,1976150,6102,4033066,6189,548.927099300813,30,86,7,0,30,87,6,0,22,6,95
2011-08-10 10:49:30,Normal,123,0,123,1833373,4972,4713726,34023,529.6119419268293,24,94,5,0,35,83,5,0,15,3,105
2011-08-10 10:49:31,Normal,101,0,101,1247381,17446,4078118,9325,401.0250704158415,26,70,5,0,26,74,1,0,11,1,89
2011-08-10 10:49:32,Normal,122,3,125,1540399,17366,4268992,60095,528.3429868320001,42,78,5,0,26,95,4,0,16,3,106
2011-08-10 10:49:33,Normal,110,0,110,1531563,16308,3846569,39484,535.7920850454545,38,69,3,0,28,77,5,0,18,3,88
2011-08-10 10:49:34,Normal,124,3,127,1820619,17797,4741095,59474,555.8725558503936,37,82,8,0,29,95,3,0,10,2,115
2011-08-10 10:49:35,Normal,100,0,100,1600711,16767,3428109,49213,471.68003831000004,37,58,5,0,27,70,3,0,13,4,83
2011-08-10 10:49:36,Normal,124,0,124,1557620,17197,4677345,48341,509.1920067338709,37,80,7,0,21,100,3,0,12,5,107
2011-08-10 10:49:37,Normal,115,0,115,2283143,16036,3650977,46110,778.432996947826,31,78,6,0,33,73,9,0,10,5,99
2011-08-10 10:49:38,Normal,119,0,119,1452642,3443,4467241,58525,550.3733700840336,33,79,7,0,15,97,7,0,17,4,98
2011-08-10 10:49:39,Normal,141,0,141,1484353,18861,5309282,52825,505.4101577730496,37,96,8,0,32,104,5,0,23,2,116
2011-08-10 10:49:40,Normal,91,0,91,1109149,26187,3824914,59114,575.7388871648351,39,46,6,0,15,75,1,0,21,3,67
2011-08-10 10:49:41,Normal,108,0,108,1006262,4988,4699329,60366,555.3826747222223,38,63,7,0,15,88,5,0,19,1,88
2011-08-10 10:49:42,Normal,120,3,123,1710447,5040,3988740,44863,774.5337245528455,35,79,9,0,31,91,1,0,11,2,110
2011-08-10 10:49:43,Normal,101,0,101,1575852,50414,3138053,16706,882.6271426435644,38,51,12,0,18,77,6,0,11,5,85
2011-08-10 10:49:44,Normal,115,0,115,1300017,15909,4162105,35958,511.4351834347825,44,69,2,0,12,100,3,0,6,3,106
2011-08-10 10:49:45,Normal,108,2,110,1082185,17628,4019327,36543,495.9462401090909,41,56,13,0,14,88,8,0,11,4,95
2011-08-10 10:49:46,Normal,115,0,115,1077781,17108,4030449,30718,537.7959682521739,53,53,9,0,14,100,1,0,15,7,93
2011-08-10 10:49:47,Normal,104,0,104,1187852,16425,4219251,58499,708.0749187307691,27,69,8,0,19,80,5,0,9,1,94
2011-08-10 10:49:48,Normal,148,0,148,1913055,6657,3824466,52165,720.705713722973,48,93,7,0,53,90,5,0,34,2,112
2011-08-10 10:49:49,Normal,133,0,133,1387334,72111,4837839,14985,409.0785820451128,27,101,5,0,24,95,14,0,23,2,108
2011-08-10 10:49:50,Normal,100,0,100,1245525,11390,3453223,39994,801.16018207,37,51,12,0,14,79,7,0,20,2,77
2011-08-10 10:49:51,Normal,87,0,87,1167242,22080,3113581,1807,616.8051958045978,29,49,9,0,10,76,1,0,8,5,74
2011-08-10 10:49:52,Normal,73,3,76,755053,3324,2469731,29739,640.2845683289473,39,30,7,0,9,64,1,2,6,0,70
2011-08-10 10:49:53,Normal,153,0,153,740045,43138,6807454,1289,424.1223807385621,33,113,7,0,24,106,23,0,48,3,100
2011-08-10 10:49:54,Normal,98,0,98,895305,18359,3216229,19847,841.8660788061225,33,58,7,0,16,81,1,0,18,3,75
2011-08-10 10:49:55,Normal,152,3,155,1573618,8172,6104063,3590,347.16140234838707,49,101,5,0,30,119,6,0,21,2,131
2011-08-10 10:49:56,Normal,98,0,98,1146875,4432,3563935,4368,605.3909152142858,28,64,6,0,19,76,3,0,9,3,85
2011-08-10 10:49:57,Normal,96,0,96,1068984,5781,3785993,3211,658.4900064375,36,55,5,0,14,80,2,0,14,2,80
2011-08-10 10:49:58,Normal,183,0,183,1593140,22201,6462716,18524,471.83240656830594,30,144,9,0,75,103,5,0,57,3,122
2011-08-10 10:49:59,Normal,159,0,159,1645428,69270,5527867,14134,491.3562753333333,37,110,12,0,43,102,14,0,30,1,128
2011-08-10 10:50:00,Normal,117,0,117,1214756,19897,4454325,59418,528.917209974359,30,79,8,0,28,83,6,0,21,2,94
2011-08-10 10:50:01,Normal,209,0,209,1186740,25106,5575827,10262,216.85321046411482,40,160,9,0,86,120,3,0,85,1,123
2011-08-10 10:50:02,Normal,122,3,125,792153,9720,3513061,2314,494.69991995199996,31,91,3,0,41,81,3,0,46,3,76
2011-08-10 10:50:03,Normal,114,0,114,811794,21042,4050211,13532,381.951915877193,30,71,13,0,7,104,3,0,14,3,97
2011-08-10 10:50:04,Normal,105,0,105,1311939,21454,3787219,7392,728.6824774761906,27,68,10,0,22,77,6,0,18,1,86
2011-08-10 10:50:05,Normal,123,0,123,1227929,17499,4745549,57866,358.4628313739838,31,79,13,0,18,103,2,0,8,1,114
2011-08-10 10:50:06,Normal,92,0,92,775959,18887,3569869,50917,560.7015955543479,33,47,12,0,10,81,1,0,10,3,79
2011-08-10 10:50:07,Normal,99,0,99,1253871,16272,3425508,5453,470.31236989898986,32,62,5,0,10,85,4,0,10,2,87
2011-08-10 10:50:08,Normal,121,0,121,1409381,18312,4100812,58049,511.05484078512393,31,81,9,0,32,88,1,0,17,4,99
2011-08-10 10:50:09,Normal,148,0,148,1167358,24598,5807677,55257,499.592655,35,106,7,0,30,116,2,0,23,2,123
2011-08-10 10:50:10,Normal,129,0,129,1605343,5260,4576273,48636,684.2279649922481,37,85,7,0,24,104,1,0,10,3,116
2011-08-10 10:50:11,Normal,141,0,141,2097626,4558,4288613,3977,622.3970768794326,39,90,12,0,40,96,5,0,15,6,119
2011-08-10 10:50:12,Normal,121,3,124,1390365,17654,4233809,38032,564.8680818225805,37,79,8,0,23,96,5,0,10,9,105
2011-08-10 10:50:13,Normal,64,0,64,817864,37626,2334203,34039,456.990430984375,28,31,5,0,9,52,3,0,9,0,55
2011-08-10 10:50:14,Normal,138,0,138,1614233,12143,4380212,60868,575.0467249492754,40,88,10,0,26,106,6,0,25,5,108
2011-08-10 10:50:15,Normal,140,0,140,1450648,18104,4880973,41105,474.9389799642857,46,84,10,0,17,120,3,0,13,2,124
2011-08-10 10:50:16,Normal,98,0,98,1088168,17243,3014315,63633,486.76735268367344,42,49,7,0,18,78,2,0,21,2,75
2011-08-10 10:50:17,Normal,148,0,148,1183642,6670,4137398,32982,335.41385513513507,43,99,6,0,19,129,0,0,47,2,99
2011-08-10 10:50:18,Normal,110,0,110,1325693,17290,4135278,24318,561.9386843181818,45,57,8,0,13,95,2,0,6,2,102
2011-08-10 10:50:19,Normal,87,0,87,1139241,15535,2725403,60425,518.6771252413791,36,43,8,0,18,67,2,0,15,2,70
2011-08-10 10:50:20,Normal,143,0,143,1534700,18100,5221416,61872,471.1788168321678,42,95,6,0,25,115,1,2,10,1,130
2011-08-10 10:50:21,Normal,110,0,110,1359267,4073,3319262,2655,657.695495490909,37,67,6,0,12,94,3,1,12,4,93
2011-08-10 10:50:22,Normal,127,3,130,1515640,4656,4606356,1196,495.30400526923074,40,82,8,0,20,104,5,1,14,2,113
2011-08-10 10:50:23,Normal,137,0,137,1104578,6698,5128896,1800,428.3495251167883,30,99,8,0,32,96,9,0,33,4,100
2011-08-10 10:50:24,Normal,145,0,145,1662517,5030,5060237,1800,330.18525522068967,33,104,8,0,35,105,5,0,22,4,119
2011-08-10 10:50:25,Normal,136,3,139,1299132,4758,4947721,1028,437.89359212230215,29,101,9,0,36,97,6,0,29,3,106
2011-08-10 10:50:26,Normal,83,0,83,1208615,16011,2581612,21581,728.0420387831325,31,42,10,0,15,62,6,0,10,2,71
2011-08-10 10:50:27,Normal,107,0,107,1087513,17117,3882186,54639,428.2002927663551,30,67,10,0,11,91,5,0,10,3,94
2011-08-10 10:50:28,Normal,112,0,112,1129583,16188,4401128,49475,437.29436939285705,34,70,8,0,18,90,4,0,16,2,93
2011-08-10 10:50:29,Normal,172,0,172,938244,11406,7456257,51671,346.8785501744186,39,125,8,0,45,115,12,0,56,2,114
2011-08-10 10:50:30,Normal,111,0,111,1104501,25246,3618463,15504,558.863404117117,37,66,8,0,13,94,3,1,11,3,96
2011-08-10 10:50:31,Normal,151,0,151,1133487,8620,6137885,65034,376.71390866225164,35,107,9,0,38,102,11,0,41,1,108
2011-08-10 10:50:32,Normal,106,3,109,894347,19569,3890663,16646,716.7228968623853,38,63,8,0,12,95,2,0,11,2,96
2011-08-10 10:50:33,Normal,125,0,125,1655225,16802,4021412,29202,450.65529197599994,48,70,7,0,25,99,1,0,15,2,108
2011-08-10 10:50:34,Normal,89,0,89,1073662,2962,2947150,51155,617.3492545280899,33,47,9,0,13,74,2,0,17,2,69
2011-08-10 10:50:35,Normal,108,0,108,1019628,3728,3594805,3240,593.6003528611111,32,72,4,0,22,80,6,0,17,2,89
2011-08-10 10:50:36,Normal,119,0,119,1420267,3694,4248276,50509,504.3812366386555,36,72,11,0,22,93,4,0,9,1,109
2011-08-10 10:50:37,Normal,90,0,90,1115388,2844,2710015,2398,612.1343088333333,43,40,7,0,12,78,0,0,15,1,73
2011-08-10 10:50:38,Normal,95,0,95,866829,3323,3358379,4979,438.4786783789474,31,53,11,0,12,81,2,0,13,3,79
2011-08-10 10:50:39,Normal,92,0,92,1383561,9581,2990606,60862,433.1419454239131,29,58,5,0,18,72,2,0,6,3,83
2011-08-10 10:50:40,Normal,118,0,118,1401033,36984,4083991,1802,589.930202042373,38,69,11,0,13,103,2,0,6,4,108
2011-08-10 10:50:41,Normal,117,0,117,1247264,3798,4010847,3946,529.1314007863248,47,63,7,0,11,101,5,0,14,2,101
2011-08-10 10:50:42,Normal,89,3,92,1121890,16064,2714732,59217,1000.1667602173915,42,45,5,0,16,74,2,0,8,3,80
2011-08-10 10:50:43,Normal,113,0,113,1652707,4152,3513161,54646,431.4053240353983,36,66,11,0,21,91,1,0,10,4,99
2011-08-10 10:50:44,Normal,105,0,105,1843765,14992,3143957,55534,669.9778096761904,36,55,14,0,29,73,3,0,8,1,96
2011-08-10 10:50:45,Normal,113,1,114,1569509,2601,3842992,61237,514.8889045438596,36,69,9,0,21,90,3,0,14,5,95
2011-08-10 10:50:46,Normal,140,0,140,1195846,19694,4915886,31580,341.98312505,41,95,4,0,33,104,3,0,31,4,105
2011-08-10 10:50:47,Normal,84,0,84,1102739,1967,2438874,62173,668.6169030595239,31,47,6,0,21,60,3,0,15,3,66
2011-08-10 10:50:48,Normal,150,0,150,1485020,21981,5506586,63057,481.0934798733334,32,105,13,0,37,104,7,2,29,0,121
2011-08-10 10:50:49,Normal,101,0,101,1584134,15843,3304342,35009,565.1870590693069,40,52,9,0,20,76,5,0,10,3,88
2011-08-10 10:50:50,Normal,201,2,203,1471832,19955,7549643,15164,376.913396004926,50,149,4,0,85,113,5,0,73,5,124
2011-08-10 10:50:51,Normal,103,0,103,981348,19183,3601716,53421,531.0873453300972,32,66,5,0,15,84,4,0,17,4,82
2011-08-10 10:50:52,Normal,89,3,92,1246870,1361,2970029,765,406.28584438043475,29,50,13,0,15,74,3,0,12,7,73
2011-08-10 10:50:53,Normal,102,0,102,1123503,3585,4101658,61250,523.1873110392157,38,55,9,0,7,93,2,0,7,3,92
2011-08-10 10:50:54,Normal,121,0,121,1654072,19610,3727586,49859,457.47858219834717,43,68,10,0,28,88,5,0,19,9,93
2011-08-10 10:50:55,Normal,106,3,109,928060,4159,3660026,56009,467.8097609174312,35,65,9,0,16,89,4,0,14,1,94
2011-08-10 10:50:56,Normal,149,0,149,1317775,6693,6428186,53168,180.1129147248322,32,114,3,0,32,109,8,0,29,5,114
2011-08-10 10:50:57,Normal,101,0,101,844145,18861,3651616,18295,496.5835834653464,33,54,14,0,5,92,0,4,7,3,91
2011-08-10 10:50:58,Normal,133,0,133,1185522,6835,4874866,58923,514.7944379172932,37,89,7,0,36,93,4,0,27,5,101
2011-08-10 10:50:59,Normal,108,0,108,1397701,2033,3682337,39076,587.6063545833334,44,55,9,0,17,89,2,0,7,4,96
2011-08-10 10:51:00,Normal,261,0,261,1542840,12794,11920707,60522,198.26634150574714,38,213,10,0,22,231,8,0,13,5,242
2011-08-10 10:51:01,Normal,76,0,76,869700,15681,2524653,16208,555.280628144737,24,44,8,0,10,63,3,0,5,3,68
2011-08-10 10:51:02,Normal,115,3,118,1492817,4905,3859948,59485,773.7797057966101,31,80,7,0,22,92,4,0,23,1,94
2011-08-10 10:51:03,Normal,132,0,132,1098964,7825,5229996,60365,524.3836142348486,30,94,8,0,13,111,8,0,14,5,113
2011-08-10 10:51:04,Normal,142,0,142,1341726,8187,5712797,54142,179.1801502112676,26,107,9,0,23,109,10,0,33,7,101
2011-08-10 10:51:05,Normal,194,0,194,1577256,54301,8230706,15338,228.3760092216495,33,154,7,0,28,145,21,0,37,12,144
2011-08-10 10:51:06,Normal,202,0,202,1340678,53643,8421631,22623,248.11175393069308,28,162,12,0,36,155,11,0,43,13,146
2011-08-10 10:51:07,Normal,160,0,160,1052798,20253,6637011,38836,367.29662858125005,29,121,10,0,30,123,7,0,33,7,119
2011-08-10 10:51:08,Normal,245,0,245,1716465,67041,10333280,22623,246.3432739346939,31,209,5,0,65,169,11,0,59,13,173
2011-08-10 10:51:09,Normal,259,0,259,1351022,14430,10979686,50555,226.60493442471042,36,218,5,0,52,199,8,0,55,9,195
2011-08-10 10:51:10,Normal,138,0,138,1057353,7141,5608600,56646,501.419710615942,36,84,18,0,11,118,9,0,18,1,119
2011-08-10 10:51:11,Normal,145,0,145,778058,7527,6161883,54004,361.44296442068963,27,111,7,0,17,107,21,0,30,3,112
2011-08-10 10:51:12,Normal,84,3,87,1069149,53702,3064431,14401,416.8444845172415,34,46,7,0,15,69,3,0,9,3,75
2011-08-10 10:51:13,Normal,127,0,127,1468472,16309,4552424,65560,520.5161288897639,48,68,11,0,18,105,4,0,16,3,108
2011-08-10 10:51:14,Normal,126,0,126,1410618,7228,4670555,59537,781.0072261031745,49,70,7,0,27,91,8,0,12,2,111
2011-08-10 10:51:15,Normal,100,0,100,773019,17540,4012440,26642,570.72300487,33,55,12,0,7,91,2,0,13,1,85
2011-08-10 10:51:16,Normal,117,0,117,1684519,61130,3888998,15676,536.7960938547008,30,83,4,0,29,81,6,1,19,3,95
2011-08-10 10:51:17,Normal,90,0,90,860588,15742,2985186,29213,713.2958451888887,30,56,4,0,11,76,3,0,9,1,80
2011-08-10 10:51:18,Normal,122,0,122,1216730,19803,4691381,25983,481.78035137704916,42,75,5,0,23,97,2,0,24,2,96
2011-08-10 10:51:19,Normal,132,0,132,823120,20926,5429547,55846,350.4519829621213,41,85,6,0,25,107,0,0,29,5,98
2011-08-10 10:51:20,Normal,123,0,123,1276588,18592,4159543,33502,453.49776037398374,28,87,8,0,26,88,7,2,18,5,98
2011-08-10 10:51:21,Normal,126,0,126,1145754,18646,4553422,47910,475.03319082539684,38,81,7,0,15,106,4,1,16,0,109
2011-08-10 10:51:22,Normal,123,3,126,1184828,7889,4362347,54249,523.4314870714285,34,82,10,0,13,105,7,1,16,3,105
2011-08-10 10:51:23,Normal,102,0,102,1119100,18030,3564987,29352,500.15912954901955,44,51,7,0,19,79,4,0,24,4,74
2011-08-10 10:51:24,Normal,118,0,118,1315127,3329,4265075,44068,470.73459814406783,41,69,8,0,21,95,2,0,16,1,101
2011-08-10 10:51:25,Normal,109,3,112,1477466,37803,3932408,14905,584.9003774285715,35,71,6,0,20,78,14,0,16,2,94
2011-08-10 10:51:26,Normal,139,0,139,1262125,13446,5548062,4864,384.01751648920873,41,96,2,0,30,102,6,1,24,2,112
2011-08-10 10:51:27,Normal,94,0,94,1018001,3409,3234246,61754,448.88766209574453,29,60,5,0,13,76,5,0,19,1,74
2011-08-10 10:51:28,Normal,109,0,109,1251290,16660,3468456,46415,743.7258573486239,37,66,6,0,27,82,0,0,20,3,86
2011-08-10 10:51:29,Normal,109,0,109,1125165,3080,3531405,55525,806.7608518073392,35,65,9,0,14,89,6,0,19,0,90
2011-08-10 10:51:30,Normal,119,0,119,1037909,18257,4364484,64140,439.169380067227,39,70,10,0,15,100,4,0,16,4,98
2011-08-10 10:51:31,Normal,122,0,122,1208987,37280,4993037,14905,447.0147945,41,70,11,0,10,108,4,0,13,2,106
2011-08-10 10:51:32,Normal,82,3,85,827366,3850,3098582,59444,742.4501155999999,33,44,8,0,9,75,1,0,13,0,72
2011-08-10 10:51:33,Normal,89,0,89,941752,2871,2900701,57033,795.6560690449438,37,46,6,0,6,80,3,0,13,1,75
2011-08-10 10:51:34,Normal,97,0,97,977173,16831,3486796,46892,692.5690766804124,48,42,7,0,3,94,0,0,6,0,91
2011-08-10 10:51:35,Normal,88,0,88,1096555,16206,2534570,36676,992.8925313863637,31,52,5,0,20,68,0,0,9,1,78
2011-08-10 10:51:36,Normal,136,0,136,1329505,4682,5187515,3152,584.2792766764707,40,87,9,0,16,115,5,0,22,2,112
2011-08-10 10:51:37,Normal,102,0,102,752655,16752,3850046,10420,389.89119732352947,38,59,5,0,4,96,2,0,11,2,89
2011-08-10 10:51:38,Normal,159,0,159,1110048,30244,6668332,15164,415.25538171698116,31,118,10,0,22,132,5,0,18,4,137
2011-08-10 10:51:39,Normal,143,0,143,738440,21509,5864315,6542,262.0113751678322,30,109,4,0,26,113,4,0,27,2,114
2011-08-10 10:51:40,Normal,154,0,154,943838,19077,6152890,6038,342.8645722142857,40,105,9,0,36,116,2,0,37,3,113
2011-08-10 10:51:41,Normal,172,0,172,1309453,14703,6605991,42174,488.3631757325581,49,115,8,0,30,133,9,0,43,7,122
2011-08-10 10:51:42,Normal,95,3,98,1050318,59773,2862141,13443,721.9106767142856,17,75,6,0,33,57,8,0,28,0,70
2011-08-10 10:51:43,Normal,88,0,88,822291,62497,3122901,56437,742.4170378522729,28,57,3,0,12,74,2,0,9,3,76
2011-08-10 10:51:44,Normal,99,0,99,880177,16568,3005159,64455,586.2652829494949,36,57,6,0,21,75,3,0,26,2,71
2011-08-10 10:51:45,Normal,97,0,97,863138,18349,3534998,34605,570.6812693402062,33,57,7,0,15,80,2,0,17,3,77
2011-08-10 10:51:46,Normal,108,0,108,791980,18658,4194814,20750,509.88390279629635,36,66,6,0,16,91,1,0,14,3,90
2011-08-10 10:51:47,Normal,89,0,89,841293,17244,2853885,46520,515.2263870449439,36,41,12,0,10,78,1,0,13,2,74
2011-08-10 10:51:48,Normal,130,0,130,823387,20181,3519745,50524,528.6175808230769,42,82,6,0,10,119,1,0,45,1,83
2011-08-10 10:51:49,Normal,121,0,121,929597,17866,4854977,39944,530.1352366363636,32,77,12,0,10,95,16,0,24,2,95
2011-08-10 10:51:50,Normal,246,0,246,943235,53632,11246762,6761,176.59026268292683,42,194,10,0,15,222,9,0,34,3,209
2011-08-10 10:51:51,Normal,286,0,286,754272,15392,14161810,61502,145.9820066923077,37,244,5,0,12,266,8,0,22,1,263
2011-08-10 10:51:52,Normal,149,3,152,943838,18469,6578800,26521,394.11753162499997,47,97,8,0,9,141,2,0,15,0,137
2011-08-10 10:51:53,Normal,79,0,79,712677,16995,2717830,15755,708.1285178734176,29,44,6,0,5,69,4,1,16,0,63
2011-08-10 10:51:54,Normal,120,2,122,819733,6918,4820238,50733,491.30235074590155,32,84,6,0,14,98,10,0,25,1,95
2011-08-10 10:51:55,Normal,98,3,101,1241017,3116,3367012,54524,604.8912050594059,37,56,8,0,15,85,1,0,13,3,84
2011-08-10 10:51:56,Normal,128,0,128,756152,5822,5173151,54017,490.4267683984375,33,85,10,0,12,113,3,0,18,1,109
2011-08-10 10:51:57,Normal,123,0,123,1005244,6171,4110732,50840,704.5409461056911,44,72,7,0,14,104,4,1,23,2,98
2011-08-10 10:51:58,Normal,132,0,132,995168,52867,4689990,13624,508.0863995757576,44,83,5,0,9,119,4,0,26,1,104
2011-08-10 10:51:59,Normal,87,0,87,699643,3532,2840853,2553,575.4253812183908,30,48,9,0,7,79,1,0,10,3,74
2011-08-10 10:52:00,Normal,96,0,96,991463,15957,3952196,45781,730.6703541041667,38,48,10,0,12,80,4,0,13,0,82
2011-08-10 10:52:01,Normal,129,0,129,888320,39740,5076992,14141,521.7708468294575,43,82,4,0,9,115,5,0,13,2,113
2011-08-10 10:52:02,Normal,134,3,137,863968,6787,5080915,2101,383.5132712262773,42,88,7,0,17,115,5,0,26,1,110
2011-08-10 10:52:03,Normal,98,0,98,824979,17674,4050179,35858,418.39828617346944,46,45,7,0,8,89,1,0,15,2,81
2011-08-10 10:52:04,Normal,92,0,92,606138,2861,3812566,50961,521.8311171413044,30,54,8,0,6,85,1,0,10,0,82
2011-08-10 10:52:05,Normal,88,0,88,637756,17561,2956173,21556,453.5711436022728,30,57,1,0,10,76,2,0,19,3,66
2011-08-10 10:52:06,Normal,101,0,101,864400,4087,4263645,33599,471.69858907920786,33,64,4,0,6,93,2,0,9,1,91
2011-08-10 10:52:07,Normal,117,0,117,958690,19438,4561745,26147,416.00226840170944,44,65,8,0,12,101,4,0,18,1,98
2011-08-10 10:52:08,Normal,157,0,157,895212,19969,6984913,13256,434.66853633757967,39,113,5,0,10,140,7,0,13,1,142
2011-08-10 10:52:09,Normal,104,0,104,895904,17875,3544246,27721,579.1495947019231,38,58,8,0,18,85,1,0,21,2,81
2011-08-10 10:52:10,Normal,109,0,109,924407,19562,3606483,10398,643.9718800458717,37,59,13,0,5,100,4,0,18,2,89
2011-08-10 10:52:11,Normal,118,0,118,985052,4501,3924748,64497,638.1768383135594,30,76,12,0,8,108,2,0,19,1,98
2011-08-10 10:52:12,Normal,123,3,126,1253771,17316,3869418,41875,510.44818285714285,51,70,5,0,9,112,5,0,31,3,92
2011-08-10 10:52:13,Normal,100,0,100,786055,17696,3233109,11418,428.41296808,32,60,8,0,11,88,1,0,21,2,77
2011-08-10 10:52:14,Normal,102,0,102,732390,18993,3265236,4974,494.6811045392157,27,65,10,0,22,76,4,0,34,3,65
2011-08-10 10:52:15,Normal,105,0,105,876811,17279,3275415,34989,316.4532005047619,35,65,5,0,12,93,0,0,27,2,76
2011-08-10 10:52:16,Normal,99,0,99,746899,16871,3476838,45405,403.9174331212122,24,67,8,0,11,87,1,0,23,2,74
2011-08-10 10:52:17,Normal,191,0,191,667832,10821,7904110,1639,298.21089238743457,33,151,7,0,79,108,4,0,88,0,103
2011-08-10 10:52:18,Normal,174,0,174,1301594,16164,7185613,21060,497.77794292528733,42,122,10,0,44,113,17,0,54,5,115
2011-08-10 10:52:19,Normal,128,0,128,1022887,44860,4278293,13363,570.9280342812499,41,84,3,0,15,106,7,0,26,0,102
2011-08-10 10:52:20,Normal,72,0,72,830647,15644,2659887,60182,870.8322049722224,34,34,4,0,6,63,2,1,8,2,59
2011-08-10 10:52:21,Normal,72,0,72,535251,16468,2972509,47639,572.886113263889,28,40,4,0,4,67,0,1,5,0,66
2011-08-10 10:52:22,Normal,82,3,85,542333,16989,3376765,39935,646.4538746117647,30,52,3,0,4,75,5,1,7,2,75
2011-08-10 10:52:23,Normal,82,0,82,705271,41481,2932538,13363,553.539149292683,27,46,9,0,10,70,2,0,13,0,69
2011-08-10 10:52:24,Normal,103,0,103,910061,16323,3329393,9672,707.7295373203885,35,61,7,0,19,83,1,0,18,3,82
2011-08-10 10:52:25,Normal,104,3,107,1042876,17385,4236891,63666,347.0391604859813,37,62,8,0,8,86,13,0,16,4,87
2011-08-10 10:52:26,Normal,118,0,118,869075,18922,4603730,18949,452.08633445762723,36,70,12,0,11,99,7,1,16,1,99
2011-08-10 10:52:27,Normal,101,0,101,920015,16795,3897981,12735,644.2006756336633,27,71,3,0,15,78,8,0,14,0,87
2011-08-10 10:52:28,Normal,98,0,98,884980,20058,3702110,44931,528.9790251734694,36,58,4,0,10,86,1,1,19,0,78
2011-08-10 10:52:29,Normal,83,0,83,520748,18128,3028375,1891,637.4138970000001,20,56,7,0,9,72,2,0,17,1,65
2011-08-10 10:52:30,Normal,72,0,72,946338,14842,2183369,4993,1119.8490978888888,36,33,3,0,9,62,1,0,4,3,65
2011-08-10 10:52:31,Normal,74,0,74,683540,16369,2760979,53032,732.274710445946,33,35,6,0,4,69,1,0,6,2,66
2011-08-10 10:52:32,Normal,123,3,126,1176597,20197,4585205,20610,593.4972492063491,29,90,7,0,18,103,5,0,16,0,110
2011-08-10 10:52:33,Normal,119,0,119,1098901,20973,4648172,3230,463.45890352100844,30,78,11,0,13,98,8,0,13,1,105
2011-08-10 10:52:34,Normal,81,0,81,1070494,18004,2749799,21067,740.0205272592592,31,45,5,0,15,66,0,0,13,2,66
2011-08-10 10:52:35,Normal,114,0,114,717755,17784,4055063,21256,706.2199669561403,31,74,9,0,8,104,2,0,19,2,93
2011-08-10 10:52:36,Normal,94,0,94,910063,17417,3269329,32079,717.8646350106384,30,55,9,0,12,82,0,0,11,1,82
2011-08-10 10:52:37,Normal,119,0,119,1649874,18479,4090406,39306,1004.1834266386556,45,73,1,0,22,92,5,0,12,3,104
2011-08-10 10:52:38,Normal,90,0,90,967981,18247,3439350,66680,823.7752409222223,31,50,9,0,5,84,1,0,12,3,75
2011-08-10 10:52:39,Normal,101,0,101,983123,2619,3529337,35422,665.8364786336633,33,62,6,0,14,85,2,0,10,2,89
2011-08-10 10:52:40,Normal,73,0,73,796429,15481,2414552,29381,585.2270969315069,30,32,11,0,7,65,1,0,8,2,63
2011-08-10 10:52:41,Normal,71,0,71,658469,15062,2426983,59243,1020.5211842816904,32,33,6,0,10,58,3,0,8,1,62
2011-08-10 10:52:42,Normal,99,3,102,1074823,5150,3750151,3616,671.8853909215686,36,58,8,0,10,88,4,0,11,2,89
2011-08-10 10:52:43,Normal,116,0,116,957530,22044,4244605,60397,610.3706334310347,41,67,8,0,7,109,0,0,22,0,94
2011-08-10 10:52:44,Normal,91,0,91,1052096,9404,2819608,52255,598.0684508571429,34,48,9,0,12,78,1,0,10,2,79
2011-08-10 10:52:45,Normal,105,0,105,1161165,50160,3494187,15676,438.4059149333334,31,54,20,0,8,87,10,0,20,3,82
2011-08-10 10:52:46,Normal,106,0,106,851506,20347,3922186,17952,499.93764544339626,40,57,9,0,9,96,1,0,17,1,88
2011-08-10 10:52:47,Normal,112,0,112,1280297,17762,4086748,55188,678.7007177053571,42,63,7,0,12,96,4,0,13,0,99
2011-08-10 10:52:48,Normal,167,0,167,1040938,12276,6545705,51660,399.2410751197605,36,123,8,0,29,119,19,0,47,1,118
2011-08-10 10:52:49,Normal,94,0,94,740157,18265,3429624,19171,462.34345165957455,32,58,4,0,13,79,2,0,20,0,74
2011-08-10 10:52:50,Normal,102,0,102,1089229,4952,3617762,59570,719.3583436862743,27,69,6,0,23,74,5,0,22,1,79
2011-08-10 10:52:51,Normal,86,0,86,642812,14917,3444432,5166,416.68951955813935,37,46,3,0,10,75,1,0,22,1,63
2011-08-10 10:52:52,Normal,71,3,74,594897,16430,2639303,21535,646.6824196216218,33,34,7,0,2,71,1,0,16,0,58
2011-08-10 10:52:53,Normal,103,0,103,681067,16692,4207987,57059,517.6213436116504,28,67,8,0,4,99,0,0,5,2,96
2011-08-10 10:52:54,Normal,129,0,129,1337364,55978,4263368,4258,681.9873795658915,46,73,10,0,17,109,3,0,15,2,112
2011-08-10 10:52:55,Normal,119,3,122,1204783,4937,4255364,3869,599.6309143852459,38,76,8,0,34,84,4,0,31,2,89
2011-08-10 10:52:56,Normal,86,0,86,1067103,1777,2947945,62751,900.5736683604649,26,56,4,0,13,71,2,0,5,2,79
2011-08-10 10:52:57,Normal,87,1,88,1295167,2743,2730458,62988,1005.7739180909091,36,43,9,0,17,68,3,0,8,3,77
2011-08-10 10:52:58,Normal,123,2,125,1094892,4187,4749940,33104,515.996899992,37,81,7,0,11,103,11,0,20,1,104
2011-08-10 10:52:59,Normal,157,0,157,1049419,20176,7241452,19840,488.18056822929935,38,109,10,0,29,113,15,0,40,2,115
2011-08-10 10:53:00,Normal,216,0,216,920440,8909,10316588,56964,367.1120582638889,33,179,4,0,12,198,6,0,17,0,199
2011-08-10 10:53:01,Normal,117,0,117,1159274,5583,4369761,61474,542.2086460512821,41,66,10,0,13,101,3,0,12,3,101
2011-08-10 10:53:02,Normal,80,3,83,717790,16954,2742814,29463,621.5301652891567,34,46,3,0,9,71,3,0,12,3,68
2011-08-10 10:53:03,Normal,106,0,106,714160,50912,3766660,13620,510.8956973962264,34,65,7,0,9,93,4,0,13,3,90
2011-08-10 10:53:04,Normal,91,0,91,830441,16693,3025561,10444,777.8982029890109,32,53,6,0,15,75,1,0,17,2,72
2011-08-10 10:53:05,Normal,92,0,92,694306,17583,3600067,25505,477.27152730434784,33,53,6,0,7,84,1,0,16,2,74
2011-08-10 10:53:06,Normal,131,0,131,1794226,16797,4315271,60984,1114.5343073206107,30,94,7,0,32,95,4,0,10,2,118
2011-08-10 10:53:07,Normal,129,0,129,1055870,18489,4782267,61484,615.5269516821705,41,84,4,0,18,100,11,0,21,1,106
2011-08-10 10:53:08,Normal,129,0,129,743565,19118,5217355,53363,542.3521304573643,34,86,9,0,9,104,16,0,28,1,100
2011-08-10 10:53:09,Normal,100,0,100,1250314,3211,3350416,51744,861.9801099299999,24,70,6,0,22,77,1,0,6,4,90
2011-08-10 10:53:10,Normal,112,0,112,1012111,5163,4284467,53196,692.6780887232144,39,67,6,0,13,97,2,0,12,1,99
2011-08-10 10:53:11,Normal,95,3,98,935272,5569,3396505,2441,780.1334683061225,23,66,9,0,17,76,5,0,13,1,84
2011-08-10 10:53:12,Normal,153,6,159,851599,22116,6414090,50873,450.51496836477986,30,122,7,0,40,107,12,0,44,0,115
2011-08-10 10:53:13,Normal,105,0,105,792550,20107,3782178,60326,491.36808495238097,27,71,7,0,11,93,1,0,14,2,88
2011-08-10 10:53:14,Normal,90,0,90,790484,18545,3092555,18607,712.3594855666668,34,50,6,0,6,82,2,0,13,1,76
2011-08-10 10:53:15,Normal,74,0,74,902212,16035,2420315,35950,809.5092388783785,35,32,7,0,7,62,4,1,6,1,66
2011-08-10 10:53:16,Normal,111,0,111,887810,17905,4278554,48458,451.63445509009006,37,64,10,0,7,103,1,0,13,2,96
2011-08-10 10:53:17,Normal,87,0,87,879809,16389,2934303,7013,440.0189505172413,33,45,9,0,7,78,2,0,8,2,76
2011-08-10 10:53:18,Normal,111,0,111,869157,17558,4094563,12627,591.478386081081,34,65,12,0,17,93,1,0,16,1,94
2011-08-10 10:53:19,Normal,111,0,111,1125373,4873,3889467,56773,656.8714384594596,29,74,8,0,25,82,4,0,15,0,95
2011-08-10 10:53:20,Normal,98,0,98,865033,3920,3519265,44169,613.3405030306122,38,55,5,0,6,87,4,1,13,0,84
2011-08-10 10:53:21,Normal,122,0,122,897588,17963,4723741,10275,495.8764549508196,28,86,8,0,8,107,6,1,12,0,109
2011-08-10 10:53:22,Normal,115,3,118,977244,17405,4186660,62072,646.4073078983048,40,73,5,0,12,99,5,2,15,1,100
2011-08-10 10:53:23,Normal,84,0,84,702504,19610,2638949,10018,516.6822243571429,34,48,2,0,12,61,10,1,24,0,59
2011-08-10 10:53:24,Normal,128,0,128,1423708,68417,4166545,13443,671.45199390625,35,85,8,0,26,99,3,0,18,0,110
2011-08-10 10:53:25,Normal,158,0,158,1103307,6813,6418510,56806,531.786628170886,31,120,7,0,42,104,12,0,45,3,109
2011-08-10 10:53:26,Normal,101,3,104,711421,7764,3963954,50998,656.0669056730768,40,57,7,0,15,76,13,0,28,1,73
2011-08-10 10:53:27,Normal,87,0,87,840432,2296,3419412,3948,543.6999826551724,36,43,8,0,4,78,5,0,8,2,77
2011-08-10 10:53:28,Normal,101,0,101,1262831,17226,3407566,35555,705.7182545940594,32,60,9,0,16,84,1,0,9,2,90
2011-08-10 10:53:29,Normal,129,0,129,1325508,5854,4611625,5767,699.5865998062014,38,83,8,0,19,100,10,0,23,3,103
2011-08-10 10:53:30,Normal,107,0,107,997455,3549,3929066,2408,500.1459057663551,34,68,5,0,16,89,2,0,14,0,93
2011-08-10 10:53:31,Normal,95,0,95,934995,3188,3492236,60378,677.1724730315789,44,40,11,0,7,85,3,0,16,1,78
2011-08-10 10:53:32,Normal,103,3,106,1144743,5767,3513334,38788,863.1469735566039,37,60,9,0,12,89,5,0,14,2,90
2011-08-10 10:53:33,Normal,94,0,94,1210168,17187,3044117,37096,922.9671326170214,30,57,7,0,19,69,6,0,10,3,81
2011-08-10 10:53:34,Normal,112,0,112,1170027,18560,3800670,5716,677.399827419643,34,69,9,0,15,95,2,0,14,1,97
2011-08-10 10:53:35,Normal,120,0,120,1733240,14024,3969603,44345,799.7177609833333,34,75,11,0,32,85,3,0,14,0,106
2011-08-10 10:53:36,Normal,106,0,106,1389895,15894,3387706,19854,768.8294827358491,49,51,6,0,15,89,2,0,8,0,98
2011-08-10 10:53:37,Normal,91,0,91,1292429,22813,2692895,51122,723.5227485714288,39,43,9,0,12,77,2,0,9,7,74
2011-08-10 10:53:38,Normal,104,0,104,996069,17204,3451894,51147,796.3186781346155,33,60,11,0,13,87,4,0,11,2,91
2011-08-10 10:53:39,Normal,125,0,125,1119751,18181,4785620,17614,470.31581524800004,35,81,9,0,7,110,8,0,19,1,105
2011-08-10 10:53:40,Normal,113,0,113,1403749,18679,4347235,44092,772.5568295752213,42,61,10,0,16,90,7,0,9,0,103
2011-08-10 10:53:41,Normal,74,0,74,795464,16250,2534813,11854,561.5815770810812,44,23,7,0,3,71,0,0,10,0,64
2011-08-10 10:53:42,Normal,90,3,93,1006341,16133,3241041,22929,758.1077447634407,37,47,9,0,7,82,4,0,8,1,84
2011-08-10 10:53:43,Normal,90,0,90,1019670,15664,3245252,11888,780.3550141,30,51,9,0,12,75,3,0,9,3,78
2011-08-10 10:53:44,Normal,158,11,169,1444128,66490,6389872,20302,460.196401816568,36,123,10,0,25,127,17,0,34,9,126
2011-08-10 10:53:45,Normal,123,9,132,1073115,34890,4539976,17218,767.5438093636363,39,83,10,0,15,105,12,0,28,5,99
2011-08-10 10:53:46,Normal,97,0,97,826561,19552,3567759,59042,570.8066294123711,29,57,11,0,12,82,3,0,15,0,82
2011-08-10 10:53:47,Normal,98,0,98,1360428,15820,3111979,57736,807.7049134387756,40,44,14,0,16,80,2,0,14,3,78
2011-08-10 10:53:48,Normal,128,0,128,1237466,20349,4761373,55947,588.509390375,33,87,8,0,23,100,5,0,21,0,107
2011-08-10 10:53:49,Normal,137,0,137,875814,4853,5076911,36736,574.8420151094891,47,79,11,0,17,116,4,0,23,1,111
2011-08-10 10:53:50,Normal,178,0,178,943834,20475,7579377,51382,422.41630022471907,38,131,9,0,15,160,3,0,20,1,157
2011-08-10 10:53:51,Normal,89,0,89,759164,4829,3210061,41137,707.407898741573,35,50,4,0,7,76,6,0,12,0,77
2011-08-10 10:53:52,Normal,110,3,113,830476,6335,4305103,42608,518.5461530973452,35,68,10,0,10,93,10,0,23,0,88
2011-08-10 10:53:53,Normal,96,0,96,677041,16929,3757032,23723,639.2791768124999,30,60,6,0,11,84,1,0,12,0,83
2011-08-10 10:53:54,Normal,129,0,129,1319839,6440,4538614,55428,667.1445034961241,42,76,11,0,17,108,4,0,19,3,107
2011-08-10 10:53:55,Normal,110,0,110,813602,3639,4503261,55591,597.2502193818183,30,74,6,0,16,90,4,0,17,2,91
2011-08-10 10:53:56,Normal,126,0,126,1054960,17549,5052847,18867,675.3335428650793,41,81,4,0,25,101,0,0,20,2,103
2011-08-10 10:53:57,Normal,166,3,169,962070,10197,6931860,51985,242.47109093491125,28,137,4,0,41,117,11,0,49,5,115
2011-08-10 10:53:58,Normal,126,0,126,1462888,21658,4322694,58026,665.6437361825396,41,80,5,0,37,86,3,0,35,4,87
2011-08-10 10:53:59,Normal,215,0,215,1313875,27342,9062591,51759,359.18677066046513,35,171,9,0,21,192,2,0,32,2,181
2011-08-10 10:54:00,Normal,108,0,108,888318,48794,4043415,35440,503.68275984259265,41,64,3,0,6,96,6,0,17,3,88
2011-08-10 10:54:01,Normal,102,0,102,1360578,39779,3168600,44029,476.4373137254902,45,47,10,0,14,85,3,0,17,1,84
2011-08-10 10:54:02,Normal,110,5,115,938790,19891,4431989,21967,547.8299628695652,38,69,8,0,12,97,5,1,14,2,99
2011-08-10 10:54:03,Normal,106,0,106,966311,17506,3913720,13339,439.1572058113207,32,66,8,0,19,85,2,0,14,2,90
2011-08-10 10:54:04,Normal,98,0,98,716377,3053,3761576,45221,566.8699168775511,27,61,10,0,14,80,4,0,21,2,75
2011-08-10 10:54:05,Normal,133,0,133,1169286,4858,5063975,67601,579.0309822255639,34,92,7,0,20,110,3,0,16,4,112
2011-08-10 10:54:06,Normal,125,0,125,784774,20315,5258453,22692,383.843311544,30,89,6,0,8,106,11,0,24,3,98
2011-08-10 10:54:07,Normal,132,0,132,1072227,19012,5535376,60241,379.81890229545456,37,90,5,0,15,116,1,0,17,4,111
2011-08-10 10:54:08,Normal,142,0,142,1042456,20041,5366821,16182,469.9268830422536,37,98,7,0,23,117,2,0,29,4,109
2011-08-10 10:54:09,Normal,118,0,118,1157911,37258,4419841,13622,522.5364091864407,41,66,11,0,12,101,5,0,14,3,101
2011-08-10 10:54:10,Normal,96,0,96,681003,17034,3649894,21062,575.6379404270834,28,62,6,0,6,89,1,0,6,3,86
2011-08-10 10:54:11,Normal,85,0,85,818097,4760,2959287,3648,424.85566290588235,25,49,11,0,9,75,1,0,17,2,64
2011-08-10 10:54:12,Normal,96,3,99,761271,17187,3733616,15710,777.4650813737375,30,63,6,0,8,85,6,0,13,1,83
2011-08-10 10:54:13,Normal,135,0,135,762782,19096,5615338,47093,348.7343553555555,27,95,13,0,9,102,24,0,32,2,101
2011-08-10 10:54:14,Normal,158,0,158,972303,7098,6594022,35271,479.7446135949367,34,114,10,0,21,113,24,0,42,2,114
2011-08-10 10:54:15,Normal,176,0,176,1180164,7535,7019154,48950,407.13179186931825,30,139,7,0,23,144,9,0,38,0,136
2011-08-10 10:54:16,Normal,207,0,207,1026800,24108,8747423,4765,289.0665609468599,38,159,10,0,27,178,2,0,29,1,177
2011-08-10 10:54:17,Normal,105,0,105,1062810,4648,3813369,36917,586.9197644476191,30,63,12,0,14,79,12,0,22,1,82
2011-08-10 10:54:18,Normal,117,0,117,1333019,39572,4396141,62475,904.7321885470087,41,70,6,0,17,97,3,0,13,1,103
2011-08-10 10:54:19,Normal,149,0,149,789678,22679,6018571,7117,397.936732557047,30,111,8,0,48,93,8,0,56,2,91
2011-08-10 10:54:20,Normal,133,0,133,696034,7049,5548864,46856,332.08276233834584,28,94,11,0,24,106,1,2,27,1,103
2011-08-10 10:54:21,Normal,139,0,139,694163,7449,5698412,52283,323.8979506258993,36,95,8,0,29,100,9,1,41,4,93
2011-08-10 10:54:22,Normal,118,3,121,1137217,18375,4469454,47918,545.4278413305785,39,72,10,0,14,102,5,0,17,1,103
2011-08-10 10:54:23,Normal,90,0,90,965562,3744,3219402,3234,569.3064261222223,44,44,2,0,13,74,3,0,21,2,67
2011-08-10 10:54:24,Normal,118,0,118,817431,19356,4366384,65875,489.47977227118656,40,68,10,0,20,96,2,0,29,3,86
2011-08-10 10:54:25,Normal,117,0,117,1259135,4829,3819261,58988,826.0646851196583,30,84,3,0,24,91,2,0,17,1,98
2011-08-10 10:54:26,Normal,140,0,140,1284464,19424,5106035,62813,505.0564021428571,41,91,8,0,10,118,10,2,14,4,119
2011-08-10 10:54:27,Normal,104,3,107,1172794,4375,3979830,3506,505.7945878130842,34,66,7,0,14,87,6,0,15,5,87
2011-08-10 10:54:28,Normal,96,0,96,1062197,63671,3508092,14155,568.10411040625,40,47,9,0,8,86,2,0,9,2,84
2011-08-10 10:54:29,Normal,93,0,93,835182,18175,3269413,12662,788.1707284408602,37,51,5,0,15,72,6,0,23,2,67
2011-08-10 10:54:30,Normal,128,0,128,766549,6261,5348839,40856,418.2063981875,36,86,6,0,23,100,5,0,26,2,99
2011-08-10 10:54:31,Normal,114,0,114,725297,19470,4397222,16112,412.37366307017555,55,52,7,0,8,104,2,0,35,2,77
2011-08-10 10:54:32,Normal,132,3,135,907342,6515,5392514,39106,362.58024268888886,33,95,7,0,21,108,6,0,25,1,109
2011-08-10 10:54:33,Normal,113,0,113,856981,4782,3829046,52791,667.7448223185842,49,60,4,0,21,88,4,0,26,2,85
2011-08-10 10:54:34,Normal,150,3,153,606633,20822,7467028,39109,222.03889073202618,30,117,6,0,12,140,1,0,16,0,137
2011-08-10 10:54:35,Normal,142,0,142,706242,6640,5890232,61418,323.34397790140855,33,107,2,0,15,125,1,1,15,3,124
2011-08-10 10:54:36,Normal,207,0,207,1417916,8490,9346114,49071,400.133066763285,43,159,5,0,29,177,1,0,17,2,187
2011-08-10 10:54:37,Normal,101,0,101,933317,37276,3543612,13370,651.0102961683167,35,54,12,0,9,92,0,0,9,2,90
2011-08-10 10:54:38,Normal,101,0,101,1127614,15637,3503365,52004,896.3719195445543,38,50,13,0,9,91,1,0,7,2,92
2011-08-10 10:54:39,Normal,100,0,100,914863,16699,3368901,11738,769.80757315,39,54,7,0,9,86,5,0,14,2,83
2011-08-10 10:54:40,Normal,99,0,99,716906,4474,3629057,14464,436.6103720000001,32,57,10,0,2,93,4,0,14,3,82
2011-08-10 10:54:41,Normal,80,0,80,705836,18535,2670783,65878,700.430359175,32,40,8,0,5,68,7,0,14,2,64
2011-08-10 10:54:42,Normal,84,3,87,730189,16189,3022014,31113,658.6583294022988,32,45,10,0,8,76,3,0,11,1,75
2011-08-10 10:54:43,Normal,78,0,78,628233,16214,3068671,1125,427.7432267435898,28,43,7,0,5,72,1,0,8,1,69
2011-08-10 10:54:44,Normal,101,0,101,976586,51513,4161719,53037,668.5799292673267,46,48,7,0,10,90,1,0,14,1,86
2011-08-10 10:54:45,Normal,83,0,83,711040,16557,3079231,36596,685.0227013614459,24,50,9,0,7,72,4,0,9,0,73
2011-08-10 10:54:46,Normal,114,0,114,985785,18495,4460254,63642,600.708168245614,32,77,5,0,13,100,1,0,15,3,95
2011-08-10 10:54:47,Normal,95,0,95,1170521,16855,3081561,35987,806.2914677684212,43,40,12,0,13,79,3,0,16,3,76
2011-08-10 10:54:48,Normal,91,0,91,1059894,3909,3191394,56889,629.3710464945054,32,52,7,0,11,76,4,0,13,2,76
2011-08-10 10:54:49,Normal,91,0,91,1016518,3398,3163358,49525,795.294901186813,25,60,6,0,14,74,3,0,12,3,76
2011-08-10 10:54:50,Normal,74,0,74,821699,2443,2587120,46676,824.744022972973,39,28,7,0,4,67,3,0,5,1,68
2011-08-10 10:54:51,Normal,91,0,91,865242,5711,3085466,52568,567.299491967033,33,47,11,0,6,81,4,0,9,1,81
2011-08-10 10:54:52,Normal,86,3,89,1005248,7873,3393544,14134,770.8608152022472,33,50,6,0,6,79,4,0,6,1,81
2011-08-10 10:54:53,Normal,99,0,99,1000251,16223,3771292,43184,777.4122433434345,47,51,1,0,15,82,2,0,16,0,82
2011-08-10 10:54:54,Normal,187,1,188,1066807,28772,4428618,41698,305.0143302978724,36,147,5,0,52,102,34,0,86,3,99
2011-08-10 10:54:55,Normal,201,1,202,753734,10558,7648208,39740,185.20924871782177,30,163,9,0,26,170,6,0,38,3,161
2011-08-10 10:54:56,Normal,204,0,204,1357859,10214,7199339,51123,473.01134501960786,47,148,9,0,40,159,5,0,52,2,149
2011-08-10 10:54:57,Normal,188,0,188,951457,22780,6830221,57740,375.6511249680851,40,140,8,0,22,142,22,2,40,1,147
2011-08-10 10:54:58,Normal,116,3,119,1005220,4940,4706761,62911,644.6782114033613,36,76,7,0,14,97,8,0,18,1,99
2011-08-10 10:54:59,Normal,153,0,153,902789,7917,6126001,2083,473.71031790849673,36,106,11,0,32,116,5,0,35,2,116
2011-08-10 10:55:00,Normal,238,0,238,723653,24477,11961159,40732,284.98183425630253,35,193,10,0,7,223,8,0,22,0,216
2011-08-10 10:55:01,Normal,134,0,134,1079705,19174,5466074,12108,543.9250040820895,41,85,8,0,25,107,2,0,30,2,102
2011-08-10 10:55:02,Normal,197,4,201,1219830,22902,8407279,24101,428.2622751592039,42,152,7,0,34,157,10,0,43,2,154
2011-08-10 10:55:03,Normal,115,0,115,920391,7392,4608523,59182,433.8915892695652,34,75,6,0,20,89,6,0,25,3,87
2011-08-10 10:55:04,Normal,111,0,111,1237964,36999,4296295,63168,591.0755894684684,32,71,8,0,24,84,3,0,13,3,95
2011-08-10 10:55:05,Normal,152,0,152,801139,20308,5908994,39306,349.5680102631579,44,104,4,0,29,120,3,0,34,0,118
2011-08-10 10:55:06,Normal,165,2,167,930220,21147,6503862,43721,488.64055226946095,38,123,6,0,34,128,4,1,36,2,128
2011-08-10 10:55:07,Normal,122,0,122,779215,18390,4947256,5227,295.82359800000006,38,79,5,0,13,109,0,0,15,2,105
2011-08-10 10:55:08,Normal,107,0,107,1229129,3368,3549336,60070,717.6516977102804,30,65,12,0,16,86,5,0,8,3,95
2011-08-10 10:55:09,Normal,98,0,98,646715,21098,3616340,64521,756.8399843367347,28,64,6,0,8,88,2,0,17,1,80
2011-08-10 10:55:10,Normal,99,0,99,1123604,17756,3192753,60215,740.9461031717173,40,50,9,0,9,86,3,1,8,2,86
2011-08-10 10:55:11,Normal,109,0,109,897447,5055,4222584,2445,565.4104974954128,42,61,6,0,9,99,1,0,14,1,94
2011-08-10 10:55:12,Normal,132,3,135,860246,20628,5373521,63004,372.7576222666667,38,91,6,0,11,119,5,0,19,0,115
2011-08-10 10:55:13,Normal,160,0,160,1217328,7367,6405155,56734,428.4659226625001,50,101,9,0,15,144,1,0,12,0,148
2011-08-10 10:55:14,Normal,124,0,124,1363886,6217,4682311,47603,711.2329752338709,46,68,10,0,22,101,1,0,19,1,103
2011-08-10 10:55:15,Normal,111,0,111,823690,18464,4182682,53705,498.02827954954967,33,68,10,0,6,102,3,0,15,0,96
2011-08-10 10:55:16,Normal,126,0,126,1138347,16829,4914400,12857,392.8418141984127,37,80,9,0,11,113,2,0,13,1,111
2011-08-10 10:55:17,Normal,92,0,92,653914,17599,3318506,57399,576.9649367282609,32,54,6,0,8,79,5,0,13,0,79
2011-08-10 10:55:18,Normal,111,0,111,703382,19233,4269154,32643,540.732274936937,26,75,10,0,10,98,3,0,15,3,93
2011-08-10 10:55:19,Normal,101,0,101,899980,16373,3999510,19883,502.5492163564356,36,57,8,0,2,96,3,0,4,0,97
2011-08-10 10:55:20,Normal,132,0,132,1026860,20636,4975568,15447,316.84360151515153,43,86,3,0,36,93,2,1,44,1,86
2011-08-10 10:55:21,Normal,226,0,226,1052876,10401,8933358,53859,247.1304951460177,49,170,7,0,23,199,2,2,29,0,195
2011-08-10 10:55:22,Normal,83,3,86,811474,15328,3073504,34018,541.405459255814,37,38,11,0,2,81,2,1,11,0,74
2011-08-10 10:55:23,Normal,133,0,133,1235851,7828,4611933,58955,605.701862112782,40,81,12,0,21,107,5,0,30,0,103
2011-08-10 10:55:24,Normal,131,0,131,1247710,18928,4910696,37144,520.2621448396945,38,90,3,0,13,115,3,0,12,1,118
2011-08-10 10:55:25,Normal,105,0,105,964508,16327,3955520,5557,518.064206895238,34,52,19,0,3,97,5,0,9,0,96
2011-08-10 10:55:26,Normal,143,0,143,937534,18868,5881473,37087,483.27566985314684,32,101,10,0,16,119,8,0,23,1,118
2011-08-10 10:55:27,Normal,99,0,99,712445,4767,3941970,35663,717.1942507474748,38,54,7,0,10,88,1,0,17,2,79
2011-08-10 10:55:28,Normal,99,3,102,847038,3587,3496876,4745,608.6661216470588,42,52,8,0,12,88,2,0,16,2,82
2011-08-10 10:55:29,Normal,192,0,192,791426,22722,7872718,12285,348.5244044322917,28,154,10,0,33,151,7,1,48,0,144
2011-08-10 10:55:30,Normal,92,0,92,673028,17329,3508048,57580,672.0190948369565,41,47,4,0,4,87,1,0,7,1,84
2011-08-10 10:55:31,Normal,118,0,118,834050,17355,4855894,44273,469.60561724576263,33,74,10,0,11,103,2,1,16,1,101
2011-08-10 10:55:32,Normal,89,3,92,575700,17228,3554054,44544,540.1401250434783,27,61,4,0,12,78,2,0,13,2,77
2011-08-10 10:55:33,Normal,130,0,130,777009,20362,5205954,12318,409.89714515384617,44,75,11,0,9,119,2,0,20,1,109
2011-08-10 10:55:34,Normal,143,0,143,1080227,71028,5897293,57178,373.07854650349657,30,105,8,0,15,127,1,0,16,4,122
2011-08-10 10:55:35,Normal,113,0,113,1137163,7083,4197095,54943,636.7403410265487,29,71,13,0,14,96,3,0,22,1,90
2011-08-10 10:55:36,Normal,149,0,149,996886,19484,5691325,8145,408.4117374496645,50,89,10,0,11,130,8,0,31,1,117
2011-08-10 10:55:37,Normal,123,0,123,982769,5505,5238056,52750,587.1101380731707,48,69,6,0,7,116,0,0,7,1,115
2011-08-10 10:55:38,Normal,116,0,116,989148,3863,4747329,54147,454.11487999999997,28,81,7,0,8,104,4,0,6,0,110
2011-08-10 10:55:39,Normal,142,0,142,1096149,19345,5817423,62624,295.0246315140845,38,100,4,0,12,126,4,0,10,2,129
2011-08-10 10:55:40,Normal,152,0,152,926339,19507,6131369,41978,292.5604392171052,40,99,13,0,13,137,2,0,19,1,132
2011-08-10 10:55:41,Normal,96,0,96,1037376,3238,3628992,58013,604.0934771666667,33,52,11,0,6,89,1,0,5,1,90
2011-08-10 10:55:42,Normal,122,3,125,725810,4765,5065872,42036,317.971175328,29,88,8,0,12,106,7,0,20,0,105
2011-08-10 10:55:43,Normal,108,0,108,1063139,16743,3912496,63600,613.6786867407407,36,68,4,0,9,91,8,0,11,2,95
2011-08-10 10:55:44,Normal,157,0,157,663989,24828,7146955,5576,252.12942899363054,30,121,6,0,18,123,16,0,33,1,123
2011-08-10 10:55:45,Normal,97,0,97,768906,16873,3951810,54078,516.9313313092783,33,47,17,0,7,81,9,0,8,0,88
2011-08-10 10:55:46,Normal,101,0,101,939649,4726,3805037,2826,456.2847504851486,36,55,10,0,11,89,1,0,13,1,87
2011-08-10 10:55:47,Normal,106,0,106,1015117,16406,3869667,52850,783.4787336603774,34,65,7,0,14,91,1,0,9,1,96
2011-08-10 10:55:48,Normal,115,0,115,1138599,18560,4620582,59554,513.983524426087,32,77,6,0,25,87,3,0,22,2,91
2011-08-10 10:55:49,Normal,170,0,170,1156342,20643,7918492,30884,323.66521862352937,40,124,6,0,15,151,4,0,18,2,149
2011-08-10 10:55:50,Normal,106,1,107,1257652,18253,3622869,14193,743.7262741308411,35,61,11,0,17,84,6,0,17,3,87
2011-08-10 10:55:51,Normal,111,0,111,1188859,16316,3817827,39491,817.7401466756755,38,63,10,0,15,93,3,0,20,4,85
2011-08-10 10:55:52,Normal,122,3,125,1156084,17453,4540159,33879,632.428613288,52,65,8,0,9,112,4,0,12,2,111
2011-08-10 10:55:53,Normal,148,0,148,1028106,21701,6431140,15850,346.44772100675675,37,104,7,0,15,113,20,0,37,3,108
2011-08-10 10:55:54,Normal,84,0,84,927308,15134,3004825,63048,773.3995728095239,34,40,10,0,11,72,1,0,5,2,77
2011-08-10 10:55:55,Normal,104,0,104,1434423,15745,3334352,56430,896.9419076923077,42,54,8,0,15,84,5,0,6,3,95
2011-08-10 10:55:56,Normal,95,0,95,1064324,17057,2963769,35576,707.8720526842108,29,58,8,0,25,69,1,0,15,2,78
2011-08-10 10:55:57,Normal,94,0,94,1331250,2241,3376432,60813,754.6880899468084,32,51,11,0,12,79,3,0,8,0,85
2011-08-10 10:55:58,Normal,106,3,109,1302607,38092,3801235,14257,743.990188119266,36,66,7,0,20,86,3,0,9,1,98
2011-08-10 10:55:59,Normal,94,0,94,903188,3132,3525623,64434,486.53695206382986,32,51,11,0,6,88,0,0,10,1,83
2011-08-10 10:56:00,Normal,97,0,97,853273,12549,3361857,15289,416.5919822268042,34,51,12,0,11,83,3,0,10,5,82
2011-08-10 10:56:01,Normal,109,0,109,1697159,16898,3151677,3735,768.9800234036696,37,65,7,0,21,85,3,0,12,6,90
2011-08-10 10:56:02,Normal,119,3,122,1133105,18137,4653474,59201,514.3606470163935,36,79,7,0,11,107,4,0,15,4,103
2011-08-10 10:56:03,Normal,103,0,103,1018316,16555,3593861,11276,631.729377368932,39,58,6,0,13,88,2,0,11,6,86
2011-08-10 10:56:04,Normal,106,0,106,1107304,16979,3757111,31967,759.8784193018868,37,62,7,0,16,89,1,0,15,5,86
2011-08-10 10:56:05,Normal,113,0,113,940789,3468,4159333,46392,555.0673503539823,35,72,6,0,17,94,2,0,18,0,95
2011-08-10 10:56:06,Normal,98,0,98,788274,4155,3353668,55410,638.6125476530611,34,55,9,0,7,85,6,0,13,1,83
2011-08-10 10:56:07,Normal,104,0,104,1006843,62118,3441272,24416,710.6135976923076,33,66,5,0,13,88,3,0,10,2,92
2011-08-10 10:56:08,Normal,92,0,92,896915,3609,3459216,60628,653.2732973586957,27,58,7,0,10,79,3,0,7,2,83
2011-08-10 10:56:09,Normal,104,0,104,742904,37858,3968874,14134,550.1514277019231,32,64,8,0,23,81,0,0,21,1,82
2011-08-10 10:56:10,Normal,89,2,91,937834,17081,3079069,19505,761.0727063296705,35,48,8,0,2,88,1,0,9,2,80
2011-08-10 10:56:11,Normal,105,0,105,1262980,5710,3804069,45237,939.5521651428572,39,59,7,0,14,90,1,0,10,0,94
2011-08-10 10:56:12,Normal,105,3,108,1194223,16972,3665587,23857,805.9446720925926,32,68,8,0,12,88,8,0,8,1,99
2011-08-10 10:56:13,Normal,104,0,104,1038339,15859,3468075,6095,549.6290712307692,41,55,8,0,12,90,2,0,14,2,88
2011-08-10 10:56:14,Normal,98,0,98,946630,16373,3399592,50774,834.8683748061222,43,46,9,0,10,87,1,0,17,1,80
2011-08-10 10:56:15,Normal,115,0,115,737951,5716,4292928,11786,398.3703315826087,35,67,13,0,18,97,0,0,23,0,92
2011-08-10 10:56:16,Normal,88,0,88,1158854,16516,2911745,2586,729.5145490340909,42,38,8,0,12,75,1,0,11,2,75
2011-08-10 10:56:17,Normal,76,0,76,885165,36608,2711409,51534,770.6711010394738,28,36,12,0,11,64,1,0,10,0,66
2011-08-10 10:56:18,Normal,101,0,101,1279058,2823,3382426,54120,862.3416637425743,38,55,8,0,13,84,4,0,5,1,95
2011-08-10 10:56:19,Normal,91,0,91,986347,2889,3172887,770,551.637124912088,26,58,7,0,13,73,5,0,12,1,77
2011-08-10 10:56:20,Normal,170,0,170,2061494,71238,6337564,14255,622.7357833705881,43,118,9,0,34,127,7,2,14,1,153
2011-08-10 10:56:21,Normal,122,0,122,1087416,18837,3948222,7808,712.9237454836066,40,71,11,0,22,98,2,0,22,1,99
2011-08-10 10:56:22,Normal,130,3,133,970329,5566,4554880,46661,407.784852075188,36,86,11,0,15,115,1,2,13,1,117
2011-08-10 10:56:23,Normal,108,0,108,1125251,4561,4016316,55591,688.2780123518518,41,58,9,0,6,99,3,0,10,2,96
2011-08-10 10:56:24,Normal,84,0,84,1030049,15647,2633462,23431,718.6217818809523,42,35,7,0,6,76,2,0,7,3,74
2011-08-10 10:56:25,Normal,107,0,107,965393,58058,3934732,53903,438.17075247663564,37,52,18,0,8,94,4,1,24,1,81
2011-08-10 10:56:26,Normal,101,0,101,1238728,2843,3583056,30605,709.0851726831683,49,43,9,0,11,89,1,0,13,3,85
2011-08-10 10:56:27,Normal,100,0,100,1076869,18552,3560086,62393,859.32416462,52,36,12,0,4,90,6,0,10,1,89
2011-08-10 10:56:28,Normal,107,3,110,998963,14769,4027742,58675,625.6551044181818,33,67,10,0,12,95,3,0,14,0,96
2011-08-10 10:56:29,Normal,93,0,93,1103299,17386,3154127,18158,886.0477385698925,35,52,6,0,10,79,4,0,12,3,78
2011-08-10 10:56:30,Normal,132,0,132,1069405,56455,4925493,8172,566.9263411212122,31,91,10,0,25,96,11,0,34,3,95
2011-08-10 10:56:31,Normal,190,0,190,862774,9145,8253211,48082,239.4428199631579,31,148,11,0,8,179,3,0,38,0,152
2011-08-10 10:56:32,Normal,90,3,93,1085199,17347,2996649,14994,962.1225643010752,44,33,16,0,6,83,2,2,10,1,82
2011-08-10 10:56:33,Normal,133,0,133,1037793,17959,4711426,29799,728.9219221428573,42,84,7,0,19,106,8,0,20,0,113
2011-08-10 10:56:34,Normal,121,0,121,1064438,17364,4719203,59440,600.8949045123967,35,80,6,0,21,98,2,0,16,0,105
2011-08-10 10:56:35,Normal,103,0,103,885956,17248,3798236,29000,600.3899791650485,24,70,9,0,12,89,2,0,8,2,93
2011-08-10 10:56:36,Normal,141,0,141,1299746,5284,5040979,59356,582.0560751560284,29,103,9,0,46,88,7,0,40,2,99
2011-08-10 10:56:37,Normal,115,0,115,679207,5786,4545538,33694,446.75988064347825,36,73,6,0,21,88,6,0,30,2,83
2011-08-10 10:56:38,Normal,234,0,234,975683,25825,10283556,18523,281.78328848290596,39,185,10,0,46,179,8,1,59,1,174
2011-08-10 10:56:39,Normal,151,0,151,1102308,21374,5638467,43805,506.55521529139077,38,108,5,0,38,106,7,0,36,1,114
2011-08-10 10:56:40,Normal,112,0,112,780489,19278,4402568,59988,524.7515095625,44,62,6,0,25,83,4,0,30,1,81
2011-08-10 10:56:41,Normal,133,1,134,1022563,7121,5147439,58400,561.0350019402986,34,91,9,0,17,116,1,0,21,2,111
2011-08-10 10:56:42,Normal,115,3,118,943446,17852,4389367,10075,526.9443806525423,47,66,5,0,10,102,6,0,17,2,99
2011-08-10 10:56:43,Normal,122,0,122,1142560,19587,4501626,33793,638.1638287295083,50,64,8,0,16,103,3,0,15,1,105
2011-08-10 10:56:44,Normal,75,0,75,862846,14453,2536769,21066,555.12323764,32,31,12,0,5,69,1,0,5,3,67
2011-08-10 10:56:45,Normal,92,0,92,1043518,15851,3228847,49736,546.5833397065218,36,46,10,0,9,81,2,0,10,3,79
2011-08-10 10:56:46,Normal,124,0,124,1105553,18796,4258617,16525,705.5297741532258,40,73,11,0,26,93,5,0,33,1,90
2011-08-10 10:56:47,Normal,130,0,130,1933049,9554,4180856,15758,989.5747527000001,39,77,14,0,32,91,6,1,17,3,110
2011-08-10 10:56:48,Normal,107,0,107,833775,18854,4201495,55235,711.226344,33,66,8,0,8,98,1,0,11,1,95
2011-08-10 10:56:49,Normal,126,0,126,1262644,17973,4228044,44324,681.5304841031747,38,83,5,0,23,99,4,0,15,1,110
2011-08-10 10:56:50,Normal,133,0,133,771333,19649,5195056,22279,374.8923723684211,37,86,10,0,33,98,2,0,39,1,93
2011-08-10 10:56:51,Normal,106,0,106,1242502,3138,3451686,62114,579.8506384716981,47,51,8,0,11,92,3,0,16,3,87
2011-08-10 10:56:52,Normal,99,3,102,1282662,15459,3696077,5196,669.7592902450979,37,56,9,0,13,87,2,0,8,1,93
2011-08-10 10:56:53,Normal,101,0,101,1539104,2505,2784637,7260,1455.5086636831684,33,61,7,0,24,74,3,0,9,5,87
2011-08-10 10:56:54,Normal,125,0,125,1001001,4254,5034302,52836,535.78827768,33,81,11,0,25,93,7,0,32,0,91
2011-08-10 10:56:55,Normal,104,0,104,676491,5309,4141545,50032,598.01001675,34,61,9,0,26,75,3,0,30,0,73
2011-08-10 10:56:56,Normal,86,0,86,756521,16798,2843039,19629,823.7560599651163,39,43,4,0,11,73,2,0,15,5,66
2011-08-10 10:56:57,Normal,124,0,124,1237238,3651,4907789,59217,398.04933956451606,32,78,14,0,8,110,6,0,6,1,117
2011-08-10 10:56:58,Normal,106,3,109,966555,4382,3946242,53874,523.0914608532111,30,78,1,0,13,90,6,0,11,1,97
2011-08-10 10:56:59,Normal,81,0,81,891175,15584,2920565,32231,865.365925308642,32,40,9,0,6,72,3,0,8,1,72
2011-08-10 10:57:00,Normal,317,0,317,1001429,30885,15662641,17047,190.63206439747634,45,264,8,0,16,293,8,0,28,1,288
2011-08-10 10:57:01,Normal,278,0,278,920971,15516,12085737,33914,171.1075586618705,26,246,6,0,19,232,27,0,41,2,235
2011-08-10 10:57:02,Normal,175,3,178,1249148,9499,6878582,43818,464.1125953932584,34,132,12,0,19,152,7,0,29,0,149
2011-08-10 10:57:03,Normal,110,0,110,1461486,16273,3759699,63255,735.2174877454546,33,68,9,0,18,85,7,0,12,2,96
2011-08-10 10:57:04,Normal,138,0,138,797355,20124,6027239,46553,401.1740005144927,25,106,7,0,29,98,11,0,38,0,100
2011-08-10 10:57:05,Normal,122,0,122,764937,5514,4928791,53908,617.5893535245901,37,76,9,0,12,109,1,0,15,1,106
2011-08-10 10:57:06,Normal,102,0,102,996152,17777,3764642,7959,729.8138796078432,36,54,12,0,11,86,3,2,13,0,89
2011-08-10 10:57:07,Normal,101,0,101,1085765,16345,3668414,66341,633.2381372475247,40,49,12,0,9,90,2,0,7,1,93
2011-08-10 10:57:08,Normal,113,0,113,1294661,17248,3942487,47513,616.8788637699115,39,56,18,0,9,94,10,0,17,1,95
2011-08-10 10:57:09,Normal,91,0,91,1085979,2512,3367771,54099,626.0347442307693,34,51,6,0,9,81,1,0,6,0,85
2011-08-10 10:57:10,Normal,104,0,104,1062745,14337,3638001,13363,588.1118988653845,38,60,6,0,8,94,2,0,7,0,97
2011-08-10 10:57:11,Normal,126,0,126,1155862,18277,4108598,16470,754.4212927777778,34,78,14,0,20,102,3,1,14,0,112
2011-08-10 10:57:12,Normal,120,3,123,2117611,3196,3753097,35196,828.1061507479673,34,82,7,0,40,76,7,0,13,3,107
2011-08-10 10:57:13,Normal,154,0,154,2843929,16081,4116772,57248,862.1735447857143,45,99,10,0,51,94,9,0,11,1,141
2011-08-10 10:57:14,Normal,102,2,104,1499675,18053,3028608,16637,989.9979349423078,33,60,11,0,18,82,4,0,10,2,92
2011-08-10 10:57:15,Normal,101,0,101,1072892,8777,3419215,14404,512.6524444257426,31,52,18,0,11,90,0,0,10,3,87
2011-08-10 10:57:16,Normal,73,0,73,861192,15258,2466512,18827,675.4035818767122,28,35,10,0,8,65,0,0,11,1,60
2011-08-10 10:57:17,Normal,116,0,116,1441686,3127,4022385,37825,662.7369918793104,48,60,8,0,9,101,6,0,18,1,96
2011-08-10 10:57:18,Normal,134,0,134,1218207,17769,5044706,2128,853.0722462462687,38,82,14,0,23,100,11,0,35,0,98
2011-08-10 10:57:19,Normal,137,0,137,1003695,6142,5364842,49412,494.7090120583942,43,87,7,0,32,98,7,0,37,1,99
2011-08-10 10:57:20,Normal,142,0,142,988095,19327,5857912,25635,283.8954810704226,41,97,4,0,18,111,12,1,29,4,107
2011-08-10 10:57:21,Normal,151,0,151,1536064,19194,5878084,14419,734.6511139536424,38,108,5,0,30,113,7,1,18,2,130
2011-08-10 10:57:22,Normal,140,3,143,1045029,19762,5693336,20124,572.3135365244755,31,104,8,0,24,111,6,2,24,2,115
2011-08-10 10:57:23,Normal,113,0,113,976181,3496,4167050,46353,518.6184966283187,41,65,7,0,14,96,2,1,19,1,91
2011-08-10 10:57:24,Normal,174,0,174,1312911,7291,6508036,38411,392.9021169999999,45,115,14,0,14,158,2,0,15,6,153
2011-08-10 10:57:25,Normal,99,0,99,1305793,15587,3299052,57488,788.2767496565655,48,42,9,0,7,92,0,0,14,3,82
2011-08-10 10:57:26,Normal,100,0,100,1011947,16169,3941733,49223,576.3013422700001,44,51,5,0,9,88,3,0,11,1,88
2011-08-10 10:57:27,Normal,110,0,110,1383744,15864,3697979,9392,950.1338271545454,47,57,6,0,14,92,4,0,15,2,93
2011-08-10 10:57:28,Normal,155,0,155,1238525,6041,6466199,53062,455.8066851161291,49,97,9,0,30,125,0,0,35,3,116
2011-08-10 10:57:29,Normal,133,3,136,992334,20191,5183839,63244,621.5529963382353,39,84,13,0,13,119,4,0,17,1,117
2011-08-10 10:57:30,Normal,153,0,153,881290,22272,6014252,1880,338.58698481699344,33,107,13,0,16,134,3,0,30,1,122
2011-08-10 10:57:31,Normal,192,0,192,920416,23141,8119435,50859,268.715508015625,37,147,8,0,13,178,1,0,15,0,177
2011-08-10 10:57:32,Normal,176,3,179,944913,21163,7448813,36802,363.2574527150838,39,136,4,0,11,162,6,0,19,1,157
2011-08-10 10:57:33,Normal,111,0,111,1123789,19149,3608975,17712,614.0985989009008,38,66,7,0,13,98,0,0,17,2,92
2011-08-10 10:57:34,Normal,134,0,134,1950544,3771,4869917,51305,939.1782215373134,46,82,6,0,25,105,4,0,11,1,122
2011-08-10 10:57:35,Normal,149,0,149,2057353,43326,5708211,38043,677.0720598791947,39,100,10,0,31,110,8,0,13,1,134
2011-08-10 10:57:36,Normal,95,0,95,975953,17587,3178252,54708,756.2706144315789,45,44,6,0,12,83,0,0,14,1,79
2011-08-10 10:57:37,Normal,108,0,108,1268247,2608,3671713,44302,754.260942787037,43,54,11,0,13,95,0,0,3,0,104
2011-08-10 10:57:38,Normal,97,0,97,1006059,16170,3449502,30794,822.5205480309278,32,56,9,0,9,85,3,0,10,1,86
2011-08-10 10:57:39,Normal,161,0,161,1066933,18982,6932526,63894,493.0436444720497,40,112,9,0,12,142,7,0,17,1,143
2011-08-10 10:57:40,Normal,89,10,99,779605,17283,3625213,17415,521.3567146262626,34,59,6,0,11,83,5,0,12,0,87
2011-08-10 10:57:41,Normal,106,0,106,1054055,17922,3766819,33808,745.7967690566039,40,51,15,0,12,91,3,0,19,1,86
2011-08-10 10:57:42,Normal,113,3,116,1499090,54794,4093656,14134,1015.6621361206896,39,69,8,0,24,84,7,1,12,1,103
2011-08-10 10:57:43,Normal,112,0,112,949693,17809,3870575,6311,433.8938914553572,29,72,11,0,17,88,6,1,20,4,88
2011-08-10 10:57:44,Normal,100,0,100,729517,7406,3399660,19534,453.76862652999995,29,58,13,0,10,84,4,2,11,1,88
2011-08-10 10:57:45,Normal,135,0,135,1501040,20738,5254155,46418,312.3607552074074,38,88,9,0,28,102,5,0,15,0,120
2011-08-10 10:57:46,Normal,112,0,112,883131,19113,4568678,60212,469.00244232142853,38,65,9,0,22,85,5,0,31,3,78
2011-08-10 10:57:47,Normal,119,6,125,753201,19537,4627204,50187,375.66783714400003,39,80,6,0,10,106,9,0,20,0,105
2011-08-10 10:57:48,Normal,148,0,148,917630,21153,6135542,24279,385.11954696621626,39,97,12,0,18,107,23,0,42,0,106
2011-08-10 10:57:49,Normal,136,0,136,755459,7841,5806717,3758,407.20420107352936,34,94,8,0,14,119,3,0,17,1,118
2011-08-10 10:57:50,Normal,116,0,116,1012714,3914,4146591,2685,520.1755098103448,42,64,10,0,15,97,4,0,19,0,96
2011-08-10 10:57:51,Normal,105,0,105,1146908,16536,3860076,57757,546.6668750095239,32,67,6,0,21,82,2,0,16,0,89
2011-08-10 10:57:52,Normal,207,3,210,1148918,23270,8582263,27067,334.3231287285715,36,163,11,0,17,147,46,0,60,2,148
2011-08-10 10:57:53,Normal,99,0,99,942441,47449,3942263,55017,632.5152955858586,34,58,7,0,12,86,1,0,9,0,90
2011-08-10 10:57:54,Normal,98,0,98,829309,19457,3203065,46400,641.7198193367346,37,57,4,0,7,82,9,0,17,0,81
2011-08-10 10:57:55,Normal,90,0,90,786270,16989,3236539,6027,617.8174793777778,30,51,9,0,11,79,0,0,10,1,79
2011-08-10 10:57:56,Normal,84,0,84,825030,1902,2802782,36793,554.4603869166667,40,41,3,0,7,76,1,0,8,0,76
2011-08-10 10:57:57,Normal,92,0,92,943115,16816,3185867,9042,657.6041064130435,37,53,2,0,8,82,2,0,9,2,81
2011-08-10 10:57:58,Normal,101,0,101,932860,16557,3793270,17784,624.369210930693,42,53,6,0,9,92,0,0,9,3,89
2011-08-10 10:57:59,Normal,100,3,103,1130464,16007,3367401,42051,837.9888625145633,37,57,9,0,7,93,3,0,10,2,91
2011-08-10 10:58:00,Normal,84,0,84,1051875,17374,2844629,5528,799.0539999761904,35,44,5,0,10,73,1,0,11,2,71
2011-08-10 10:58:01,Normal,122,0,122,1113913,6625,4659205,60886,483.194062442623,42,73,7,0,17,102,3,0,10,1,110
2011-08-10 10:58:02,Normal,139,3,142,992426,22847,5741102,62769,542.6952441267605,40,95,7,0,14,119,9,0,24,2,115
2011-08-10 10:58:03,Normal,89,0,89,913561,52134,3271175,14393,670.6866380898878,45,38,6,0,5,83,1,0,7,2,80
2011-08-10 10:58:04,Normal,90,0,90,967129,4414,2569223,22156,781.4740491333333,37,45,8,0,11,78,1,0,12,1,75
2011-08-10 10:58:05,Normal,124,0,124,984172,10246,4607258,6767,345.6048453548388,32,81,11,0,28,93,3,0,26,3,95
2011-08-10 10:58:06,Normal,128,0,128,1469247,6991,4355343,59986,558.3171252187499,43,76,9,0,36,87,3,2,27,1,100
2011-08-10 10:58:07,Normal,87,0,87,726099,16721,2657952,30646,739.5688802068966,33,50,4,0,19,66,2,0,17,2,68
2011-08-10 10:58:08,Normal,167,0,167,922526,14659,7341910,40221,460.7959346467067,38,125,4,0,13,141,13,0,24,0,143
2011-08-10 10:58:09,Normal,105,0,105,1387468,16282,3715685,55433,663.1902438857143,39,59,7,0,12,87,6,0,9,2,94
2011-08-10 10:58:10,Normal,147,0,147,1860130,5255,4933144,54630,540.0739784761905,37,106,4,0,22,116,9,0,12,2,131
2011-08-10 10:58:11,Normal,158,3,161,1456283,11676,6748981,2606,441.06451944720493,44,106,11,0,50,97,14,0,57,2,102
2011-08-10 10:58:12,Normal,108,6,114,1435783,19001,3967165,39829,769.4935045789474,42,60,12,0,23,84,7,0,15,2,97
2011-08-10 10:58:13,Normal,111,0,111,1083444,17872,3786673,63960,825.7482329189189,32,71,8,0,15,93,3,0,10,6,95
2011-08-10 10:58:14,Normal,161,0,161,2828321,17951,4951120,65628,702.8823973416149,42,112,7,0,34,115,12,0,11,5,145
2011-08-10 10:58:15,Normal,120,0,120,1032749,17475,4698844,14679,504.79136766666664,43,68,9,0,12,103,5,0,17,2,101
2011-08-10 10:58:16,Normal,101,0,101,872193,18012,3747449,6163,509.2266822574257,33,60,8,0,9,89,2,1,12,1,88
2011-08-10 10:58:17,Normal,97,0,97,1152520,17748,3004037,23472,869.5081903608248,40,48,9,0,16,73,8,0,16,3,78
2011-08-10 10:58:18,Normal,164,0,164,1415441,14178,6307032,66064,470.6486767195122,33,124,7,0,32,121,11,0,35,1,128
2011-08-10 10:58:19,Normal,98,2,100,1070507,4200,3664229,43839,569.23523516,33,62,5,0,15,80,5,0,22,2,76
2011-08-10 10:58:20,Normal,132,0,132,1330254,5172,4545456,41474,488.08484872727274,34,94,4,0,17,99,15,1,20,1,110
2011-08-10 10:58:21,Normal,115,0,115,1523289,3034,3671038,57154,709.738774026087,37,71,7,0,24,84,5,2,11,3,99
2011-08-10 10:58:22,Normal,135,3,138,1088376,5688,5218079,61585,416.26379673913044,35,90,13,0,17,118,2,1,18,2,117
2011-08-10 10:58:23,Normal,108,0,108,834610,17328,4397352,32018,624.0544662037037,31,64,13,0,15,93,0,0,11,0,96
2011-08-10 10:58:24,Normal,126,0,126,1378442,18088,4129022,19436,647.9313759285715,48,71,7,0,20,102,4,0,17,2,107
2011-08-10 10:58:25,Normal,84,0,84,720447,15796,2997995,43765,386.70081650000003,35,41,8,0,5,77,2,0,6,2,76
2011-08-10 10:58:26,Normal,111,0,111,851557,4799,4320302,40562,492.0236134144144,34,66,11,0,10,93,8,0,17,1,93
2011-08-10 10:58:27,Normal,129,0,129,752624,17892,5564792,63140,358.4069532015504,35,86,8,0,9,117,2,1,14,0,114
2011-08-10 10:58:28,Normal,120,0,120,821993,17819,4576411,53793,454.1672325333333,32,81,7,0,16,101,3,0,18,0,102
2011-08-10 10:58:29,Normal,82,3,85,845506,15425,3081630,9022,692.1206561882352,43,36,6,0,4,80,1,0,6,1,78
2011-08-10 10:58:30,Normal,102,0,102,772032,10359,4020405,13363,600.4182300196078,32,64,6,0,14,85,3,0,13,0,89
2011-08-10 10:58:31,Normal,140,0,140,1884049,4318,4513166,62610,841.5703521642857,40,86,14,0,25,106,9,0,8,3,129
2011-08-10 10:58:32,Normal,115,3,118,1832366,16531,3555304,53692,865.851664,35,77,6,0,29,85,4,0,11,2,104
2011-08-10 10:58:33,Normal,97,0,97,981299,15854,3519044,3356,657.1325507628866,45,47,5,0,11,85,1,0,6,3,88
2011-08-10 10:58:34,Normal,114,0,114,1429545,3401,3735064,3512,764.3712889736842,37,70,7,0,15,95,4,0,7,1,106
2011-08-10 10:58:35,Normal,96,0,96,1261297,16230,3293860,55412,859.2210477395832,43,48,5,0,16,78,2,0,9,2,85
2011-08-10 10:58:36,Normal,119,0,119,1165592,16960,4519686,13736,455.1849290840336,34,79,6,0,16,102,1,0,5,1,113
2011-08-10 10:58:37,Normal,144,16,160,2052841,17538,4634541,50383,497.7257895250001,32,112,16,0,39,109,12,0,16,1,143
2011-08-10 10:58:38,Normal,89,0,89,960984,15112,3092228,8350,555.2389195393258,34,48,7,0,15,73,1,0,8,1,80
2011-08-10 10:58:39,Normal,100,13,113,887965,4885,4293554,58782,525.6879528230088,38,66,9,0,11,93,8,1,17,0,94
2011-08-10 10:58:40,Normal,111,0,111,1294952,8843,3592981,40703,881.5032406936938,38,65,8,0,17,83,11,0,18,1,92
2011-08-10 10:58:41,Normal,113,0,113,952693,17317,4166710,33709,566.5001357168142,32,73,8,0,9,98,6,0,10,1,102
2011-08-10 10:58:42,Normal,100,3,103,1060255,16604,3497928,12461,616.2256993009707,31,66,6,0,11,87,5,0,9,1,92
2011-08-10 10:58:43,Normal,81,0,81,771365,17114,3041775,55580,378.007544691358,30,44,7,0,7,73,1,0,9,0,72
2011-08-10 10:58:44,Normal,98,0,98,1312266,4279,3157714,61260,956.8198152040816,46,44,8,0,13,85,0,0,6,2,90
2011-08-10 10:58:45,Normal,93,0,93,859500,17354,3789849,65061,681.1569905698925,28,46,19,0,7,76,10,0,9,1,82
2011-08-10 10:58:46,Normal,116,0,116,1032513,5784,4193088,41104,422.00982170689656,42,65,9,0,14,100,2,0,15,2,99
2011-08-10 10:58:47,Normal,90,0,90,1161837,36114,3326235,16029,775.867503111111,35,49,6,0,13,77,0,0,4,3,83
2011-08-10 10:58:48,Normal,85,0,85,964224,17316,3048708,55596,690.203678917647,32,47,6,0,11,73,1,0,12,0,72
2011-08-10 10:58:49,Normal,84,0,84,1153646,15503,3252601,37522,770.4413820238095,28,48,8,0,9,72,3,0,3,1,80
2011-08-10 10:58:50,Normal,92,3,95,827801,18127,3191718,13955,610.8247186736842,33,55,7,0,14,80,1,0,18,0,77
2011-08-10 10:58:51,Normal,87,0,87,942300,2684,2900749,34552,545.7464389540229,32,48,7,0,10,75,2,0,6,0,81
2011-08-10 10:58:52,Normal,102,4,106,1078612,16266,3676608,65460,715.3036359339621,52,46,8,0,10,95,1,0,9,1,96
2011-08-10 10:58:53,Normal,83,0,83,993130,15497,2468353,14472,1062.2400574457831,42,31,10,0,7,75,1,0,5,0,78
2011-08-10 10:58:54,Normal,128,0,128,1186221,5092,4272880,58086,674.4113082265625,39,81,8,0,10,114,4,0,14,1,113
2011-08-10 10:58:55,Normal,152,0,152,1158522,19676,6541176,33107,587.4105995592105,46,96,10,0,45,100,7,0,47,6,99
2011-08-10 10:58:56,Normal,108,0,108,900216,18913,4176671,2487,375.9643158796297,34,69,5,0,8,95,5,0,14,1,93
2011-08-10 10:58:57,Normal,84,0,84,767021,3350,3152611,53304,731.7328504880952,37,46,1,0,10,73,1,0,11,1,72
2011-08-10 10:58:58,Normal,80,0,80,643321,2246,2677290,50366,616.8678114625,28,46,6,0,12,67,1,0,9,1,69
2011-08-10 10:58:59,Normal,82,0,82,876316,15789,2718022,13630,793.302622195122,30,40,12,0,9,73,0,0,10,2,70
2011-08-10 10:59:00,Normal,248,3,251,1771825,25338,11886905,45337,254.9448169123506,27,212,12,0,28,216,7,0,16,3,232
2011-08-10 10:59:01,Normal,113,0,113,1439548,17262,4092041,31394,456.969073460177,40,64,9,0,18,91,4,0,9,2,102
2011-08-10 10:59:02,Normal,112,3,115,923217,7178,4200709,60760,718.3177846173912,31,77,7,0,18,94,3,0,20,2,93
2011-08-10 10:59:03,Normal,89,0,89,839067,43766,3347402,14137,634.2735420674157,35,46,8,0,7,82,0,0,6,2,81
2011-08-10 10:59:04,Normal,74,0,74,859379,17219,2392314,28955,986.7743244054053,36,33,5,0,4,67,3,0,9,3,62
2011-08-10 10:59:05,Normal,88,0,88,837823,59676,3148404,14904,461.85656407954554,28,56,4,0,6,78,4,0,11,3,74
2011-08-10 10:59:06,Normal,132,0,132,1006483,18805,5429961,33101,490.30544962878787,24,102,6,0,9,118,5,0,14,4,114
2011-08-10 10:59:07,Normal,75,0,75,676561,16271,2941116,63079,618.1837515600001,22,44,9,0,8,63,4,0,15,3,57
2011-08-10 10:59:08,Normal,103,0,103,1361009,17857,3475536,26646,589.1410702912619,41,54,8,0,21,77,5,0,19,5,79
2011-08-10 10:59:09,Normal,109,0,109,1366918,27031,3584044,13361,586.4720457614678,31,72,6,0,19,83,7,0,16,2,91
2011-08-10 10:59:10,Normal,121,0,121,1133338,3620,4702336,3782,672.0126513057851,46,66,9,0,8,112,1,0,9,3,109
2011-08-10 10:59:11,Normal,80,0,80,960756,16746,2679085,8860,899.35315515,32,41,7,0,10,70,0,0,8,2,70
2011-08-10 10:59:12,Normal,117,3,120,884102,4270,4370222,48335,437.45975110833336,43,70,7,0,22,96,2,0,31,0,89
2011-08-10 10:59:13,Normal,77,11,88,976916,18232,3232103,48060,721.2194060909092,36,47,5,0,8,75,5,0,9,1,78
2011-08-10 10:59:14,Normal,111,4,115,901460,5338,4269621,45186,658.2956508956522,45,59,11,0,10,104,1,0,15,3,96
2011-08-10 10:59:15,Normal,97,3,100,1067086,16299,3293608,38343,594.0197568400001,37,54,9,0,11,80,9,0,18,3,79
2011-08-10 10:59:16,Normal,109,0,109,752807,3992,4103024,53405,478.11856175229343,37,64,8,0,10,99,0,0,13,2,94
2011-08-10 10:59:17,Normal,99,0,99,1098636,16891,3258696,4675,648.4983503131313,35,56,8,0,17,76,5,1,14,2,83
2011-08-10 10:59:18,Normal,104,28,132,877216,20521,5389753,39684,376.1282524621212,35,89,8,0,14,116,2,0,13,4,115
2011-08-10 10:59:19,Normal,97,6,103,1216864,3107,3557360,39354,691.364896407767,50,47,6,0,11,86,6,0,13,5,85
2011-08-10 10:59:20,Normal,110,10,120,947118,10480,4442875,42552,644.1106851583334,41,71,8,0,12,99,8,1,19,3,97
2011-08-10 10:59:21,Normal,90,1,91,895884,18077,3043970,61660,512.4040461098901,32,48,11,0,8,79,2,2,9,2,79
2011-08-10 10:59:22,Normal,101,3,104,862593,16714,3955212,36846,456.5841723557692,32,59,13,0,7,95,1,1,9,4,90
2011-08-10 10:59:23,Normal,108,0,108,1135549,6345,3471332,59875,652.1970560833333,32,70,6,0,18,78,12,0,20,2,84
2011-08-10 10:59:24,Normal,102,0,102,817285,16641,3644119,57662,457.6060805392158,35,61,6,0,12,88,2,0,14,4,84
2011-08-10 10:59:25,Normal,116,0,116,1600633,16845,3683831,37426,812.3144506896552,41,72,3,0,28,84,3,1,13,3,99
2011-08-10 10:59:26,Normal,104,2,106,1051548,3798,3869243,51453,565.4782000943396,47,53,6,0,8,96,2,0,8,5,93
2011-08-10 10:59:27,Normal,143,0,143,1374149,19373,5513035,61844,541.8583385454544,44,93,6,0,20,115,7,1,21,5,115
2011-08-10 10:59:28,Normal,108,0,108,1481338,38551,3849536,16525,713.8047399074073,36,59,13,0,13,94,1,0,9,6,93
2011-08-10 10:59:29,Normal,87,0,87,1112487,16310,2932136,14589,727.5779120804597,34,49,4,0,12,72,3,0,9,3,75
2011-08-10 10:59:30,Normal,83,3,86,1231913,7906,3049487,35473,636.7137804186046,41,41,3,0,9,74,2,0,10,6,69
2011-08-10 10:59:31,Normal,107,11,118,843922,19924,4468712,58054,621.0608055762712,44,67,7,0,12,102,4,0,16,2,98
2011-08-10 10:59:32,Normal,130,4,134,1442791,62065,4576357,14000,628.5077862313433,45,87,2,0,22,108,3,1,14,1,119
2011-08-10 10:59:33,Normal,86,2,88,1217524,5523,2984690,59343,782.8250664886364,37,43,8,0,12,76,0,0,11,5,72
2011-08-10 10:59:34,Normal,119,3,122,1062567,26636,4182315,31603,704.1852436557377,37,78,7,0,17,104,1,0,12,1,109
2011-08-10 10:59:35,Normal,83,0,83,988259,15185,2848630,43671,689.6493846746989,42,34,7,0,6,76,1,0,5,1,77
2011-08-10 10:59:36,Normal,98,0,98,1099699,4041,3518800,62386,754.0110701938776,35,53,10,0,15,82,1,0,10,1,87
2011-08-10 10:59:37,Normal,127,0,127,1082003,6846,4413538,45004,593.7130995984251,37,84,6,0,27,98,2,0,25,1,101
2011-08-10 10:59:38,Normal,133,0,133,1358706,6405,4907896,58401,591.1844679999999,33,95,5,0,23,97,13,0,29,2,102
2011-08-10 10:59:39,Normal,147,0,147,1811200,17758,4742330,2706,698.5242934013605,45,95,7,0,29,107,11,0,32,2,113
2011-08-10 10:59:40,Normal,110,0,110,1010681,17354,4627708,23993,565.5528928454545,35,72,3,0,13,94,3,0,11,3,96
2011-08-10 10:59:41,Normal,133,0,133,846156,5873,5466269,42200,581.3430720451128,30,96,7,0,17,106,10,0,23,0,110
2011-08-10 10:59:42,Normal,125,3,128,1184714,19416,4809846,30301,579.5490265703124,31,93,4,0,19,100,9,0,13,1,114
2011-08-10 10:59:43,Normal,112,3,115,954869,21442,4363289,32057,417.19734234782607,32,77,6,0,20,93,2,0,17,1,97
2011-08-10 10:59:44,Normal,120,0,120,1078222,17958,4727818,52387,712.3520401416666,44,69,7,0,10,98,12,0,21,0,99
2011-08-10 10:59:45,Normal,90,0,90,1153706,15763,2971444,14630,792.2690294444444,41,39,10,0,12,78,0,0,7,2,81
2011-08-10 10:59:46,Normal,115,0,115,939353,21023,4049890,52960,487.8365402608695,35,73,7,0,19,94,2,0,15,2,98
2011-08-10 10:59:47,Normal,121,22,143,1025448,43316,5581209,16717,329.3069122727273,36,94,13,0,22,118,3,0,28,5,110
2011-08-10 10:59:48,Normal,154,59,213,1067451,25477,9006922,16446,387.37697305164323,39,168,6,0,43,159,11,0,52,5,155
2011-08-10 10:59:49,Normal,129,6,135,1424047,20315,4893610,41569,641.8282738444445,39,87,9,0,20,109,6,0,20,4,111
2011-08-10 10:59:50,Normal,120,4,124,984803,62799,3997759,15686,463.88866888709674,42,75,7,0,25,88,11,0,36,9,78
2011-08-10 10:59:51,Normal,197,0,197,961944,23710,7839309,43882,266.63190717258874,44,146,7,0,16,172,9,0,31,1,165
2011-08-10 10:59:52,Normal,159,7,166,1327135,6471,5879010,48111,445.77321354819276,54,106,6,0,19,140,7,0,20,1,144
2011-08-10 10:59:53,Normal,132,0,132,1877818,17001,3668694,12120,568.1794577045455,36,84,12,0,25,100,7,0,13,4,113
2011-08-10 10:59:54,Normal,159,0,159,1383365,21814,4419505,23930,466.9200339056604,43,105,11,0,48,99,12,0,56,3,99
2011-08-10 10:59:55,Normal,91,0,91,932549,3024,2939546,56716,991.6402360109889,38,45,8,0,8,81,2,0,8,1,81
2011-08-10 10:59:56,Normal,95,0,95,1059264,16088,2764771,10019,710.173217,31,56,8,0,22,69,4,0,18,4,73
2011-08-10 10:59:57,Normal,145,0,145,1552189,8496,5462162,52037,661.0841615724139,41,94,10,0,24,110,11,0,25,2,116
2011-08-10 10:59:58,Normal,114,0,114,1244211,17009,4279802,7366,567.5080465964911,40,62,12,0,9,102,3,0,10,2,102
2011-08-10 10:59:59,Normal,115,0,115,1277975,7316,3855727,13276,610.1223373130435,45,61,9,0,15,99,1,0,12,1,102
2011-08-10 11:00:00,Normal,92,3,95,784384,18254,3644441,50820,619.4634217368422,27,56,12,0,7,85,3,0,18,3,73
2011-08-10 11:00:01,Normal,151,2,153,1100781,22797,6321696,41536,400.5452399803921,32,112,9,0,21,117,15,0,31,1,121
2011-08-10 11:00:02,Normal,139,3,142,746397,9396,5955487,38806,387.6623852394367,33,103,6,0,20,114,8,0,24,0,117
2011-08-10 11:00:03,Normal,128,0,128,1159779,74048,5155960,13363,408.19653164062504,31,88,9,0,25,99,4,0,29,0,99
2011-08-10 11:00:04,Normal,314,1,315,1890295,36303,14248508,19734,259.46303112698416,35,265,15,0,60,226,29,0,78,8,229
2011-08-10 11:00:05,Normal,153,0,153,1045136,24963,5899343,43112,412.7281597647058,34,112,7,0,29,122,2,0,30,6,117
2011-08-10 11:00:06,Normal,143,0,143,1164334,36314,4961436,15676,531.7173683496503,42,93,8,0,31,108,4,0,43,3,96
2011-08-10 11:00:07,Normal,144,0,144,836599,17458,5873863,16447,341.99148372916665,37,101,6,0,47,95,2,0,46,4,93
2011-08-10 11:00:08,Normal,133,0,133,1347683,7340,5114536,43718,632.0195540000001,48,75,10,0,14,112,7,0,23,0,109
2011-08-10 11:00:09,Normal,123,0,123,1397082,19922,4197407,24984,712.6699766341463,33,81,9,0,21,93,7,2,12,1,109
2011-08-10 11:00:10,Normal,108,2,110,1146370,16532,4016324,14085,667.254570609091,49,54,7,0,16,92,2,0,15,2,92
2011-08-10 11:00:11,Normal,88,0,88,685964,19606,3374838,54731,524.0938839886364,39,42,7,0,4,82,2,0,14,3,71
2011-08-10 11:00:12,Normal,133,3,136,1340728,6882,5008309,39887,351.5760750882353,54,75,7,0,20,112,4,0,28,5,102
2011-08-10 11:00:13,Normal,120,0,120,1515048,63791,4013320,20743,486.2394800833333,40,75,5,0,21,93,4,2,24,6,89
2011-08-10 11:00:14,Normal,120,0,120,1114017,17647,4698446,59222,621.2713941500001,45,71,4,0,14,104,2,0,17,2,100
2011-08-10 11:00:15,Normal,123,0,123,1180444,4436,4547987,59773,656.7560557886178,41,73,9,0,21,100,2,0,18,0,103
2011-08-10 11:00:16,Normal,113,0,113,1068498,3472,3959609,34603,588.8845442212389,37,68,8,0,21,88,4,0,24,2,87
2011-08-10 11:00:17,Normal,120,0,120,1001491,17153,4541120,10203,614.4984147666668,42,71,7,0,18,99,3,0,19,0,100
2011-08-10 11:00:18,Normal,111,0,111,756520,18018,4330502,30123,435.35781075675675,30,77,4,0,13,95,3,0,13,2,95
2011-08-10 11:00:19,Normal,94,0,94,1082056,16715,3359714,13078,468.9206388191489,36,49,9,0,17,73,2,2,14,2,78
2011-08-10 11:00:20,Normal,139,0,139,1210357,19870,5134241,33735,372.56818392086325,32,101,6,0,37,91,9,2,22,6,109
2011-08-10 11:00:21,Normal,182,0,182,2684044,19513,7506363,70127,455.0936709010989,36,142,4,0,51,126,4,1,19,11,148
2011-08-10 11:00:22,Normal,117,3,120,1048965,4462,4641563,67470,486.6082646833333,40,75,5,0,16,101,2,1,12,3,104
2011-08-10 11:00:23,Normal,109,0,109,1021397,20386,3959814,29095,640.7295065963302,42,55,12,0,17,91,1,0,20,2,86
2011-08-10 11:00:24,Normal,135,0,135,1294426,19764,4808093,38379,657.4476355703705,53,69,13,0,21,111,2,1,21,2,111
2011-08-10 11:00:25,Normal,123,0,123,1220363,27741,4126034,14905,557.3417506504065,31,82,10,0,24,95,4,0,15,2,106
2011-08-10 11:00:26,Normal,158,0,158,1192605,20957,6141431,19601,334.0535312658228,34,114,10,0,42,110,6,0,45,7,105
2011-08-10 11:00:27,Normal,176,0,176,1232295,20931,7279323,18050,368.58475503977274,36,133,7,0,29,113,34,0,54,7,112
2011-08-10 11:00:28,Normal,197,0,197,1129854,9564,8334550,64034,279.01755617258885,42,152,3,0,28,157,12,0,43,10,144
2011-08-10 11:00:29,Normal,144,0,144,1632884,17047,5329981,41228,517.8968414791666,54,79,11,0,22,116,6,0,24,6,114
2011-08-10 11:00:30,Normal,149,5,154,1610665,32879,5338045,17183,664.9193993831169,46,96,12,0,32,117,3,2,15,6,132
2011-08-10 11:00:31,Normal,138,0,138,2055160,16221,4657090,19904,859.168846478261,44,87,7,0,38,96,2,2,13,4,121
2011-08-10 11:00:32,Normal,100,3,103,1233232,3077,3476625,44205,834.0545846407767,41,55,7,0,27,73,3,0,22,5,75
2011-08-10 11:00:33,Normal,145,0,145,962895,19370,5818497,4835,408.7503789655172,51,86,8,0,19,125,1,0,20,3,122
2011-08-10 11:00:34,Normal,105,5,110,960354,18464,4081468,39530,356.18304786363643,43,54,13,0,11,94,5,0,20,2,88
2011-08-10 11:00:35,Normal,173,0,173,1444814,7516,7183050,70735,429.0160202543353,38,129,6,0,15,139,18,1,28,10,134
2011-08-10 11:00:36,Normal,142,0,142,1338965,7189,5484607,64281,470.76212497887326,33,97,12,0,24,115,3,0,21,7,114
2011-08-10 11:00:37,Normal,141,0,141,1598657,45687,4969354,21084,510.7624297730496,34,98,9,0,22,114,5,0,14,11,116
2011-08-10 11:00:38,Normal,173,0,173,1096473,20382,7015712,1597,328.8635017745665,40,122,10,0,11,157,4,0,16,0,156
2011-08-10 11:00:39,Normal,97,0,97,1013100,2248,4029113,58241,542.9115615876289,41,46,10,0,5,90,2,0,9,0,88
2011-08-10 11:00:40,Normal,98,0,98,1199523,3604,3570060,39067,910.4884360612243,35,55,8,0,15,82,1,0,10,2,86
2011-08-10 11:00:41,Normal,113,0,113,1464266,3560,3906650,65143,929.7893745840709,39,66,8,0,22,90,1,0,9,1,102
2011-08-10 11:00:42,Normal,85,3,88,781270,19961,3474589,27540,497.7059439090908,27,53,8,0,11,72,5,0,14,1,73
2011-08-10 11:00:43,Normal,102,0,102,759087,17107,3666489,2460,551.147226627451,38,55,9,0,3,98,1,0,9,2,91
2011-08-10 11:00:44,Normal,91,0,91,964993,3270,3599130,59146,615.7123817912087,34,50,7,0,5,83,3,0,5,4,81
2011-08-10 11:00:45,Normal,100,0,100,849019,17872,3572121,40763,424.79159869,30,62,8,0,9,83,8,0,20,3,77
2011-08-10 11:00:46,Normal,160,0,160,916228,7864,6285783,39771,217.3810123,30,120,10,0,25,123,12,0,38,0,120
2011-08-10 11:00:47,Normal,122,40,162,1034838,7287,5833671,2387,508.38055230246914,46,107,9,0,14,145,3,0,23,1,138
2011-08-10 11:00:48,Normal,99,151,250,849089,13939,10884644,42153,214.18078957600002,33,214,3,0,25,221,4,0,25,2,222
2011-08-10 11:00:49,Normal,88,2,90,970707,15928,2971339,49663,557.1851096777777,30,52,8,0,8,78,4,0,9,1,80
2011-08-10 11:00:50,Normal,119,0,119,1235248,17506,4727897,23485,543.9400356722689,37,76,6,0,16,88,14,1,26,1,92
2011-08-10 11:00:51,Normal,122,0,122,1247817,4684,4402812,39398,833.6323081311476,45,66,11,0,15,100,7,0,15,2,105
2011-08-10 11:00:52,Normal,107,3,110,1129995,17921,3965478,58911,641.1375927818183,35,66,9,0,19,89,2,0,8,2,99
2011-08-10 11:00:53,Normal,122,3,125,1048000,5378,4861133,50479,505.712002824,31,87,7,0,14,111,0,0,8,0,116
2011-08-10 11:00:54,Normal,131,33,164,1495010,7567,5944168,50776,377.69302783536585,35,122,7,0,29,124,11,0,19,0,144
2011-08-10 11:00:55,Normal,161,0,161,864239,21401,7360259,61030,329.973030136646,33,122,6,0,25,125,11,0,28,0,133
2011-08-10 11:00:56,Normal,146,0,146,1380180,19642,6099253,60865,509.97722596575346,30,112,4,0,40,100,6,0,30,0,114
2011-08-10 11:00:57,Normal,122,0,122,1832662,2578,3939564,65569,737.941502385246,36,77,9,0,23,95,4,0,9,5,108
2011-08-10 11:00:58,Normal,102,0,102,1375600,15457,3495261,24447,818.7440900098038,31,67,4,0,19,80,3,0,3,1,97
2011-08-10 11:00:59,Normal,106,0,106,1082765,2537,3922064,45257,690.0600405188678,38,54,14,0,5,98,3,0,3,1,102
2011-08-10 11:01:00,Normal,254,3,257,985207,12478,12406802,52389,373.91166724902723,40,213,4,0,39,215,3,0,38,6,211
2011-08-10 11:01:01,Normal,98,0,98,917188,4112,3701295,50535,605.8925127244898,37,50,11,0,10,88,0,0,6,3,88
2011-08-10 11:01:02,Normal,109,3,112,892384,17713,3984023,29249,504.1538768482142,46,56,10,0,1,108,3,0,9,2,101
2011-08-10 11:01:03,Normal,126,0,126,1031756,19244,4557764,35572,406.44608191269833,35,81,10,0,16,104,6,0,18,3,103
2011-08-10 11:01:04,Normal,199,0,199,1088585,9724,6997755,38410,260.1149848994974,28,158,12,1,42,145,11,1,46,4,146
2011-08-10 11:01:05,Normal,111,0,111,1115777,18204,3986809,59973,732.2807314054054,34,71,6,0,19,87,5,0,11,1,99
2011-08-10 11:01:06,Normal,112,0,112,979227,18772,4082362,22029,511.2972303214287,44,60,8,0,16,95,1,0,11,0,99
2011-08-10 11:01:07,Normal,94,0,94,831965,2095,3436379,60017,541.4384056702128,41,47,6,0,5,87,2,0,4,1,89
2011-08-10 11:01:08,Normal,76,0,76,980653,2451,2888920,57522,601.8468413026316,28,45,3,0,10,60,6,0,5,3,68
2011-08-10 11:01:09,Normal,187,0,187,1009555,29313,8273053,48503,336.42156837433146,26,154,7,0,38,136,13,0,47,4,136
2011-08-10 11:01:10,Normal,126,0,126,886668,18387,4518477,46613,446.3569661190477,42,76,8,0,3,120,3,0,10,2,113
2011-08-10 11:01:11,Normal,71,0,71,853727,2528,2610453,4079,599.0354130985914,35,31,5,0,4,64,3,0,9,4,58
2011-08-10 11:01:12,Normal,100,3,103,933866,16533,3938040,62684,528.3020274174759,36,65,2,0,17,83,3,0,12,3,86
2011-08-10 11:01:13,Normal,103,0,103,832324,16908,3792636,55140,454.47531133980584,36,60,7,0,9,91,3,0,14,2,87
2011-08-10 11:01:14,Normal,139,0,139,1519797,18418,4841294,17799,518.7966686043166,46,84,9,0,20,114,5,0,6,4,129
2011-08-10 11:01:15,Normal,88,0,88,1110156,61603,3230663,16695,681.5835037613637,38,42,8,0,8,76,4,0,19,4,65
2011-08-10 11:01:16,Normal,92,0,92,1034298,15530,3275706,36258,955.4296217608695,34,55,3,0,10,78,4,0,6,0,86
2011-08-10 11:01:17,Normal,129,0,129,1027779,19365,5312667,13192,502.1462015581396,36,85,8,0,44,81,4,0,41,0,88
2011-08-10 11:01:18,Normal,122,0,122,961874,17579,5303830,17287,470.2459134918032,38,72,12,0,12,100,10,0,24,1,97
2011-08-10 11:01:19,Normal,143,0,143,1290282,5070,5867060,67288,399.77811699300696,46,86,11,0,14,126,3,0,13,4,126
2011-08-10 11:01:20,Normal,112,0,112,995458,3510,4298963,51036,489.32596776785715,36,63,13,0,8,101,2,1,5,0,106
2011-08-10 11:01:21,Normal,103,0,103,1172162,17507,3799301,30067,776.3121650582525,42,52,9,0,11,86,5,1,11,1,90
2011-08-10 11:01:22,Normal,106,3,109,1063492,17006,4472698,3383,575.2177508440368,26,75,8,0,15,92,1,1,7,2,99
2011-08-10 11:01:23,Normal,3146,0,3146,60364317,16780,39887474,46161,20.953128679910996,3068,72,6,0,30,3114,2,0,3050,27,61
2011-08-10 11:01:24,Normal,106,0,106,837476,17357,4065034,64211,479.22221493396216,38,61,7,0,14,91,1,0,12,1,93
2011-08-10 11:01:25,Normal,83,0,83,930933,2462,3032907,45130,632.8665288072291,30,40,13,0,8,72,3,0,7,2,73
2011-08-10 11:01:26,Normal,78,0,78,835960,3380,2839127,54923,611.1591032692309,25,43,10,0,19,59,0,0,14,1,63
2011-08-10 11:01:27,Normal,125,0,125,1352327,18391,5035159,16447,314.96106169599994,43,79,3,0,13,105,7,0,12,4,108
2011-08-10 11:01:28,Normal,97,0,97,1016822,17391,3634867,68154,436.80124369072155,36,51,10,0,7,90,0,0,10,5,82
2011-08-10 11:01:29,Normal,104,0,104,1022481,17128,3702689,62114,387.31333536538466,30,69,5,0,12,90,0,2,9,1,92
2011-08-10 11:01:30,Normal,121,3,124,958316,18418,4509323,34416,501.20556425,37,71,16,0,18,103,3,0,18,1,105
2011-08-10 11:01:31,Normal,155,0,155,1120127,6096,6556359,51111,494.6491296645162,38,107,10,0,48,102,5,0,49,2,104
2011-08-10 11:01:32,Normal,105,3,108,887091,5598,4104024,58066,666.7147015740741,39,59,10,0,8,97,3,0,12,0,96
2011-08-10 11:01:33,Normal,241,0,241,1212145,10511,9955269,45916,256.22449734439834,40,195,6,0,11,226,4,0,9,2,230
2011-08-10 11:01:34,Normal,166,2,168,882621,7021,6729667,61294,341.97115423214285,36,124,8,0,27,140,0,1,25,2,141
2011-08-10 11:01:35,Normal,84,0,84,675029,17570,3307061,64644,388.7492144642857,32,41,11,0,8,74,2,0,10,0,73
2011-08-10 11:01:36,Normal,117,0,117,1481932,19261,4071652,49450,964.363875871795,42,68,7,0,30,86,1,0,17,2,98
2011-08-10 11:01:37,Normal,111,0,111,1332861,16611,3515486,31782,483.05656342342337,35,69,7,0,19,89,2,1,12,3,96
2011-08-10 11:01:38,Normal,89,0,89,1128997,15859,2884484,48332,737.0566400449438,42,37,10,0,10,78,1,0,9,4,76
2011-08-10 11:01:39,Normal,98,0,98,883783,17296,3698594,20072,456.73648487755105,30,57,11,0,17,80,1,0,14,2,82
2011-08-10 11:01:40,Normal,137,0,137,1337268,6306,5033441,2957,675.0118582043797,27,100,8,0,39,90,4,2,28,1,107
2011-08-10 11:01:41,Normal,127,0,127,1124138,18613,5053735,7867,453.31980035433077,36,83,8,0,10,109,8,0,21,2,104
2011-08-10 11:01:42,Normal,213,3,216,795463,13011,9895219,50632,206.67340316666667,38,169,9,0,23,181,12,0,41,1,174
2011-08-10 11:01:43,Normal,118,0,118,992811,18301,4744107,10463,624.2675225423728,31,77,10,0,9,102,7,0,12,1,105
2011-08-10 11:01:44,Normal,125,0,125,1010663,17913,4877941,25909,432.097709848,40,74,11,0,9,113,3,0,14,2,109
2011-08-10 11:01:45,Normal,135,0,135,1182270,18335,5159995,57701,707.817618762963,42,76,17,0,18,104,13,0,16,2,116
2011-08-10 11:01:46,Normal,157,0,157,1218013,22437,6152620,26663,419.7105325541402,31,118,8,0,33,120,4,0,35,4,118
2011-08-10 11:01:47,Normal,121,0,121,810282,6367,4922434,43134,332.9595227933885,41,71,9,0,26,93,2,0,31,3,87
2011-08-10 11:01:48,Normal,128,0,128,1011895,17915,4944572,3225,518.9625502734375,34,84,10,0,23,102,3,0,20,2,106
2011-08-10 11:01:49,Normal,90,0,90,958213,2596,3182787,53658,744.8363639777776,45,39,6,0,7,82,1,0,17,2,71
2011-08-10 11:01:50,Normal,126,0,126,1172573,18490,4694642,37054,556.1959665714286,38,84,4,0,13,109,4,0,12,2,112
2011-08-10 11:01:51,Normal,116,0,116,1009552,4455,4703514,7465,485.0863398965517,41,65,10,0,4,110,2,0,9,5,102
2011-08-10 11:01:52,Normal,107,3,110,1316592,16984,3896767,26253,641.3559403272727,40,61,9,0,15,86,9,0,14,0,96
2011-08-10 11:01:53,Normal,96,0,96,930977,17150,3753865,15077,580.3034593333333,39,50,7,0,6,88,2,0,11,0,85
2011-08-10 11:01:54,Normal,114,0,114,897055,16926,4445408,51636,378.6058745701755,32,75,7,0,17,92,5,0,15,2,97
2011-08-10 11:01:55,Normal,137,0,137,1512803,20394,5008523,3767,583.9192831313869,48,77,12,0,21,107,9,0,12,2,123
2011-08-10 11:01:56,Normal,96,0,96,839237,17770,3682086,44058,524.8645590104167,34,52,10,0,6,87,3,0,7,1,87
2011-08-10 11:01:57,Normal,102,0,102,826479,17082,3738342,12210,567.1827602941177,39,51,12,0,2,90,9,1,15,0,87
2011-08-10 11:01:58,Normal,111,0,111,1017934,19863,4122084,38437,627.2547771531532,41,67,3,0,12,91,8,0,17,1,93
2011-08-10 11:01:59,Normal,97,0,97,902460,2771,3525281,57325,594.8676169690721,45,46,6,0,14,80,3,0,14,1,81
2011-08-10 11:02:00,Normal,123,3,126,1099149,66840,4853836,16299,529.6328120634921,41,80,5,0,15,108,3,0,6,3,117
2011-08-10 11:02:01,Normal,105,0,105,1022480,18210,3848072,23012,643.7811453047618,36,60,9,0,12,89,4,0,10,1,94
2011-08-10 11:02:02,Normal,94,3,97,1050985,18449,3537031,58587,482.6513016185567,37,52,8,0,12,81,4,0,10,0,87
2011-08-10 11:02:03,Normal,80,0,80,619559,3344,2638349,8726,454.469245125,21,55,4,0,12,66,2,0,15,1,64
2011-08-10 11:02:04,Normal,103,0,103,1326125,16549,3441454,46940,912.0552154951456,42,56,5,0,16,85,2,0,7,3,93
2011-08-10 11:02:05,Normal,112,0,112,1316799,17018,4226844,18890,527.9433419910714,44,55,13,0,10,95,7,0,3,2,107
2011-08-10 11:02:06,Normal,163,0,163,1031423,7521,4658574,41231,314.15574174233126,37,123,3,0,44,101,18,0,58,1,104
2011-08-10 11:02:07,Normal,67,0,67,751601,14788,2314179,56195,960.7322590000001,31,26,10,0,2,64,1,0,4,1,62
2011-08-10 11:02:08,Normal,92,0,92,795706,2363,3378488,39890,733.2017844891303,32,54,6,0,8,79,5,0,9,1,82
2011-08-10 11:02:09,Normal,99,0,99,966227,16836,4114835,30479,562.098621060606,31,61,7,0,24,71,4,0,19,0,80
2011-08-10 11:02:10,Normal,103,0,103,1191280,16258,3612245,11446,705.335906669903,52,40,11,0,10,92,1,0,9,1,93
2011-08-10 11:02:11,Normal,123,0,123,1034829,8491,4514435,8603,421.84118704065037,45,68,10,0,15,106,2,0,17,1,105
2011-08-10 11:02:12,Normal,103,3,106,912580,6075,4040404,49967,637.6605744056603,31,67,8,0,9,93,4,0,17,1,88
2011-08-10 11:02:13,Normal,105,0,105,920600,18958,4447029,53477,633.6176325904761,38,60,7,0,7,92,6,0,14,0,91
2011-08-10 11:02:14,Normal,124,0,124,980199,23043,4983695,61021,343.2054937741935,27,86,11,0,27,92,5,0,29,1,94
2011-08-10 11:02:15,Normal,201,0,201,1080991,18984,9007292,14134,289.3706399004975,31,165,5,0,35,162,4,0,33,1,167
2011-08-10 11:02:16,Normal,104,0,104,923184,61508,4001394,13363,556.4133528942308,33,63,8,0,10,89,5,0,10,0,94
2011-08-10 11:02:17,Normal,98,0,98,1000844,3133,3564767,50246,515.5658088061225,46,47,5,0,13,83,2,0,10,2,85
2011-08-10 11:02:18,Normal,90,0,90,1163890,15737,3090595,18437,820.4597611222222,37,42,11,0,9,79,2,0,7,1,82
2011-08-10 11:02:19,Normal,104,0,104,1043636,17125,3770526,58976,718.1154366153846,42,53,9,0,9,93,2,0,12,1,91
2011-08-10 11:02:20,Normal,111,0,111,928138,18322,4213863,11896,400.44239258558565,36,58,17,0,17,93,0,1,18,1,91
2011-08-10 11:02:21,Normal,99,0,99,1021648,15751,3350904,50062,595.9009533434344,35,57,7,0,14,82,2,1,9,1,87
2011-08-10 11:02:22,Normal,135,3,138,992060,5100,4589500,41847,532.1272777318841,31,100,7,0,30,102,5,1,31,2,104
2011-08-10 11:02:23,Normal,110,0,110,759715,19011,4287155,30982,505.04730492727265,42,61,7,0,8,94,8,0,17,0,93
2011-08-10 11:02:24,Normal,79,0,79,849320,47930,2749113,14133,668.3849658607595,33,43,3,0,9,68,1,1,9,1,68
2011-08-10 11:02:25,Normal,127,0,127,1289246,4157,4787958,66046,656.2660476220473,48,69,10,0,10,115,1,1,3,1,122
2011-08-10 11:02:26,Normal,93,0,93,836841,5022,3832079,50190,511.60610023655914,37,52,4,0,15,73,5,0,17,1,75
2011-08-10 11:02:27,Normal,89,0,89,882796,4021,3071182,43894,604.9556494157302,35,48,6,0,11,73,5,0,12,2,75
2011-08-10 11:02:28,Normal,95,0,95,1156678,16967,2984545,49173,801.9246197578948,39,48,8,0,16,78,1,0,10,3,82
2011-08-10 11:02:29,Normal,86,0,86,987102,1753,3114108,37794,668.0329484418605,38,38,10,0,6,79,1,0,8,1,77
2011-08-10 11:02:30,Normal,156,3,159,784106,21320,7006150,13347,307.66357737735854,44,109,6,0,18,139,2,0,23,2,133
2011-08-10 11:02:31,Normal,96,0,96,1084121,16213,3385570,9395,639.9257906354167,40,53,3,0,8,83,5,0,7,2,87
2011-08-10 11:02:32,Normal,100,3,103,1107367,3737,3392488,7955,797.0493457378641,40,52,11,0,11,88,4,0,12,0,90
2011-08-10 11:02:33,Normal,91,0,91,1133657,16843,3168107,4136,758.2136057692308,27,57,7,0,14,76,1,0,10,3,78
2011-08-10 11:02:34,Normal,87,0,87,839406,16577,3377372,2834,425.57670056321837,37,44,6,0,13,73,1,0,13,1,73
2011-08-10 11:02:35,Normal,137,0,137,861084,20473,4236686,12623,465.7830621459854,40,90,7,0,23,97,17,0,43,1,92
2011-08-10 11:02:36,Normal,90,0,90,958228,2929,3134634,57240,692.6814748666667,39,39,12,0,10,78,2,0,10,0,80
2011-08-10 11:02:37,Normal,93,0,93,983849,3737,3415136,58748,552.8076354946237,34,52,7,0,16,73,4,0,15,0,77
2011-08-10 11:02:38,Normal,94,0,94,1203699,2760,3295841,50191,766.4651686702124,39,47,8,0,10,82,2,0,8,3,83
2011-08-10 11:02:39,Normal,91,2,93,1195834,2249,3133788,43223,617.9622937419356,38,50,5,0,14,76,3,0,6,1,86
2011-08-10 11:02:40,Normal,102,0,102,944722,5908,3441710,12317,707.7143142058825,41,53,8,0,8,90,4,0,14,1,87
2011-08-10 11:02:41,Normal,114,0,114,770441,21598,4090571,1619,514.1256218859648,33,76,5,0,21,89,4,0,23,1,89
2011-08-10 11:02:42,Normal,85,6,91,867821,17491,3159335,11026,525.4844135164835,29,54,8,0,8,78,5,0,9,2,80
2011-08-10 11:02:43,Normal,127,8,135,877058,18414,5494516,34406,442.86451518518516,37,90,8,0,9,119,7,0,15,1,119
2011-08-10 11:02:44,Normal,92,0,92,1032207,3066,3319813,66376,427.37512991304334,29,56,7,0,13,77,1,1,7,4,81
2011-08-10 11:02:45,Normal,105,0,105,851509,5570,3796196,56879,422.59191877142854,38,61,6,0,19,85,1,0,25,3,76
2011-08-10 11:02:46,Normal,96,0,96,587187,4460,3815171,1400,484.45131590625004,27,61,8,0,7,88,1,0,11,0,85
2011-08-10 11:02:47,Normal,97,0,97,960560,15394,3642820,13443,631.335523742268,41,47,9,0,8,87,2,0,8,0,89
2011-08-10 11:02:48,Normal,87,0,87,808535,4339,3352317,52645,455.7409057011493,30,52,5,0,13,71,3,0,11,1,75
2011-08-10 11:02:49,Normal,91,0,91,1042344,16205,3357307,25800,721.1575563186814,41,42,8,0,7,83,1,0,9,1,81
2011-08-10 11:02:50,Normal,142,0,142,1482930,5182,5577513,55076,621.652067584507,29,105,8,0,15,118,9,0,8,0,133
2011-08-10 11:02:51,Normal,89,0,89,628252,3879,3262645,65160,561.7978258089888,31,49,9,0,5,82,2,0,15,0,74
2011-08-10 11:02:52,Normal,124,3,127,953580,19143,5111463,13394,459.3834065433071,41,77,9,0,5,113,9,0,17,2,108
2011-08-10 11:02:53,Normal,121,0,121,1186841,20241,4995625,55781,460.940077429752,37,75,9,0,10,102,9,0,18,1,101
2011-08-10 11:02:54,Normal,98,1,99,1140222,5475,3499037,65636,573.0950807171716,51,37,11,0,13,84,2,0,12,3,84
2011-08-10 11:02:55,Normal,90,0,90,831090,15567,2993850,58479,523.8437276666667,33,47,10,0,5,83,2,0,6,0,84
2011-08-10 11:02:56,Normal,85,0,85,873481,16443,3196251,48104,664.7212656823527,33,47,5,0,9,73,3,0,9,0,76
2011-08-10 11:02:57,Normal,136,0,136,841321,20174,5930753,41369,355.0123635,29,97,10,0,46,89,1,0,51,3,82
2011-08-10 11:02:58,Normal,87,0,87,1131365,16408,2792459,5976,855.9761857471266,24,56,7,0,17,60,10,0,10,0,77
2011-08-10 11:02:59,Normal,193,0,193,1082259,22060,9136122,17492,200.7604375595855,32,154,7,0,11,181,1,0,4,3,186
2011-08-10 11:03:00,Normal,121,0,121,1102093,3911,4737476,60680,587.1158814132231,35,71,15,0,12,108,1,0,3,0,118
2011-08-10 11:03:01,Normal,105,3,108,964920,18695,3854036,47142,558.2635234907407,44,55,9,0,9,96,3,0,11,1,96
2011-08-10 11:03:02,Normal,122,3,125,952174,7356,4765093,61072,550.20472936,44,76,5,0,6,115,4,0,12,1,110
2011-08-10 11:03:03,Normal,82,0,82,651772,17080,3044395,29398,549.7479771219512,31,46,5,0,6,74,2,0,5,0,77
2011-08-10 11:03:04,Normal,141,0,141,1179910,19364,5911798,26106,551.9342945248226,44,92,5,0,11,122,8,0,13,2,124
2011-08-10 11:03:05,Normal,92,15,107,931007,3917,3721069,57541,496.0393848130841,40,60,7,0,4,100,3,0,11,1,95
2011-08-10 11:03:06,Normal,68,6,74,758477,16419,2734336,56256,438.3493168783783,28,44,2,0,12,56,6,0,13,0,61
2011-08-10 11:03:07,Normal,138,0,138,2179720,16875,4535406,14871,593.1813897246377,37,87,14,0,26,106,6,0,8,3,127
2011-08-10 11:03:08,Normal,96,0,96,1350971,16125,3378181,45126,1007.3447944791666,35,51,10,0,19,74,3,0,11,1,83
2011-08-10 11:03:09,Normal,108,0,108,852733,4365,4090974,42570,482.1431849074074,31,71,6,0,7,79,22,0,28,0,79
2011-08-10 11:03:10,Normal,112,0,112,1057619,4302,4389562,45416,647.241790017857,40,65,7,0,6,99,7,0,14,3,94
2011-08-10 11:03:11,Normal,168,3,171,1585887,11390,6810467,51794,439.1819383157895,46,117,8,0,19,113,39,0,47,4,119
2011-08-10 11:03:12,Normal,127,6,133,1007262,43309,5053931,6209,379.98584915037594,36,94,3,0,9,117,7,0,8,0,125
2011-08-10 11:03:13,Normal,127,0,127,1486302,3696,4625923,53148,812.6228423385825,40,77,10,0,15,111,1,0,6,2,119
2011-08-10 11:03:14,Normal,120,0,120,1536390,18907,4329101,42367,858.5767068,52,62,6,0,14,99,7,0,18,4,98
2011-08-10 11:03:15,Normal,2,0,2,13806,443,100666,44596,2.448329,2,0,0,0,0,2,0,0,1,0,1
2011-08-10 11:03:16,Normal,0,0,0,0,0,0,0,,0,0,0,0,0,0,0,0,0,0,0
2011-08-10 11:03:17,Normal,64,0,64,418661,2726,2560637,50913,412.31318959375,17,45,2,0,8,52,4,0,13,0,51
2011-08-10 11:03:18,Normal,107,1,108,1303020,3653,3491098,52152,811.3513357777779,40,63,5,0,10,94,4,0,8,4,96
2011-08-10 11:03:19,Normal,114,0,114,904598,17061,4263506,37384,561.809265245614,39,66,9,0,10,104,0,0,10,1,103
2011-08-10 11:03:20,Normal,128,0,128,1330308,40199,4640546,35258,601.1793002265624,37,77,14,0,20,99,8,1,23,1,103
2011-08-10 11:03:21,Normal,135,0,135,1324862,18807,5304507,7607,488.56712567407413,46,84,5,0,16,111,5,3,13,3,116
2011-08-10 11:03:22,Normal,91,3,94,995227,62509,3234383,14903,475.42598577659567,29,56,9,0,9,79,6,0,10,4,80
2011-08-10 11:03:23,Normal,124,0,124,812886,41150,5170134,13864,400.29556522580646,33,87,4,0,8,108,8,0,19,3,102
2011-08-10 11:03:24,Normal,111,0,111,1369713,16509,3643275,2053,759.7365867477477,37,63,11,0,26,83,2,0,19,3,89
2011-08-10 11:03:25,Normal,114,0,114,961576,6639,4267694,55838,709.7079721140351,39,72,3,0,12,98,3,1,10,2,101
2011-08-10 11:03:26,Normal,106,1,107,1312363,19412,3579988,16013,534.4556516728973,42,59,6,0,16,84,7,0,24,3,80
2011-08-10 11:03:27,Normal,112,1,113,752541,5271,4526803,54573,321.50526438053095,36,66,11,0,8,104,1,0,14,2,97
2011-08-10 11:03:28,Normal,90,0,90,796446,5775,3438604,58047,651.5259965555556,42,41,7,0,8,80,2,0,15,1,73
2011-08-10 11:03:29,Normal,96,0,96,774336,4305,3881436,50641,600.8632616250001,27,57,12,0,18,75,3,0,19,1,76
2011-08-10 11:03:30,Normal,88,0,88,1028260,2806,3112212,56931,615.9990067500001,43,34,11,0,7,79,2,0,5,2,81
2011-08-10 11:03:31,Normal,80,0,80,750478,2556,3179934,42441,692.0334950250001,27,43,10,0,7,72,1,0,8,0,72
2011-08-10 11:03:32,Normal,90,11,101,918989,4913,3661683,59583,449.79396283168313,44,55,2,0,11,88,2,0,14,2,85
2011-08-10 11:03:33,Normal,106,9,115,823985,17501,4089416,28857,555.4590851391305,30,70,15,0,11,97,7,0,18,2,95
2011-08-10 11:03:34,Normal,89,19,108,721568,20323,4452411,50225,525.8719421203704,33,68,7,0,6,90,12,0,21,1,86
2011-08-10 11:03:35,Normal,78,0,78,830418,17747,2558368,3674,705.1135103974358,30,40,8,0,8,70,0,0,9,3,66
2011-08-10 11:03:36,Normal,102,0,102,1176937,17701,3688723,54347,626.7076593529412,35,54,13,0,9,89,4,0,12,4,86
2011-08-10 11:03:37,Normal,72,2,74,886287,16933,2830618,28386,639.0622741891891,33,36,5,0,10,62,2,0,12,2,60
2011-08-10 11:03:38,Normal,103,0,103,1028213,17514,3561742,34919,553.126055,39,54,10,0,10,90,3,0,13,2,87
2011-08-10 11:03:39,Normal,102,0,102,1215793,15801,3529329,24181,783.9130314705881,29,66,7,0,20,79,3,0,6,0,96
2011-08-10 11:03:40,Normal,103,0,103,1410745,17189,3211761,17479,853.9505624563108,44,53,6,0,15,86,2,0,6,2,95
2011-08-10 11:03:41,Normal,91,0,91,622094,18021,3241401,3569,636.2420639560439,40,46,5,0,9,79,3,0,12,0,79
2011-08-10 11:03:42,Normal,118,3,121,1878456,16834,4141754,29588,803.4538898512398,44,64,13,0,15,99,7,0,9,3,109
2011-08-10 11:03:43,Normal,134,3,137,1582240,5284,4732198,48888,703.5693016569345,49,80,8,0,22,112,3,0,9,4,124
2011-08-10 11:03:44,Normal,112,0,112,1286651,16895,3854578,12737,617.8171067232142,40,62,10,0,20,91,1,0,9,0,101
2011-08-10 11:03:45,Normal,93,0,93,1229140,15308,3352607,18855,699.1601039354838,44,41,8,0,9,81,2,1,7,1,85
2011-08-10 11:03:46,Normal,100,2,102,761285,19191,3960283,19496,570.5764105392157,40,55,7,0,13,89,0,0,12,1,89
2011-08-10 11:03:47,Normal,87,0,87,1063231,15889,3036992,63022,652.7844144597701,43,35,9,0,9,76,2,0,7,3,77
2011-08-10 11:03:48,Normal,132,0,132,1166320,5719,4733602,2541,625.0796652424242,46,77,9,0,12,117,3,0,10,5,117
2011-08-10 11:03:49,Normal,63,0,63,678864,36275,2175612,13362,968.7453393015873,25,34,4,0,7,52,4,0,6,1,56
2011-08-10 11:03:50,Normal,94,0,94,791279,15671,3654588,1233,464.761425712766,41,49,4,0,3,90,1,0,4,1,89
2011-08-10 11:03:51,Normal,106,0,106,1059368,3045,3627476,56153,517.3333507075472,37,55,14,0,14,91,1,0,5,3,98
2011-08-10 11:03:52,Normal,86,3,89,1069679,16499,3168109,19340,743.931112955056,37,44,8,0,11,72,6,0,14,0,75
2011-08-10 11:03:53,Normal,79,0,79,424008,17009,3447118,29650,411.27307426582274,25,51,3,0,4,71,4,0,8,1,69
2011-08-10 11:03:54,Normal,113,0,113,750451,17226,4690020,26865,440.1838001150442,33,75,5,0,3,108,2,0,9,1,103
2011-08-10 11:03:55,Normal,116,0,116,994097,21379,3969871,7214,706.2916549741378,31,74,11,0,23,93,0,0,19,1,96
2011-08-10 11:03:56,Normal,108,0,108,1157643,6030,4294139,59392,745.2014871203703,31,68,9,0,20,79,9,0,16,0,92
2011-08-10 11:03:57,Normal,103,0,103,1493260,16118,3772665,37073,713.9749064368933,36,61,6,0,18,77,8,0,11,4,88
2011-08-10 11:03:58,Normal,171,0,171,1032106,22064,7339244,17672,464.8254959005847,37,122,12,0,25,136,10,0,45,0,125
2011-08-10 11:03:59,Normal,129,0,129,1439639,6374,4808067,43350,566.4827026201551,45,78,6,0,35,91,3,0,23,2,104
2011-08-10 11:04:00,Normal,106,0,106,1355722,9935,3917217,58978,549.860203018868,48,53,5,0,17,88,1,0,11,1,93
2011-08-10 11:04:01,Normal,103,0,103,1065748,18076,3878772,35683,463.6217680776699,34,59,10,0,12,89,2,0,10,2,90
2011-08-10 11:04:02,Normal,103,6,109,1186876,17677,4013320,13886,467.8144481834862,47,48,14,0,11,92,6,0,13,2,94
2011-08-10 11:04:03,Normal,116,0,116,1341173,17171,3944800,41370,387.1329006982759,39,67,10,0,21,89,6,0,17,3,96
2011-08-10 11:04:04,Normal,122,0,122,1288927,4386,4489141,59136,464.87805636065576,43,70,9,0,19,96,6,1,22,3,97
2011-08-10 11:04:05,Normal,130,0,130,1221375,17445,5455957,17987,340.0593035307693,36,88,6,0,16,111,3,0,15,2,113
2011-08-10 11:04:06,Normal,145,0,145,1452613,18192,5392841,62138,433.48863776551724,48,92,5,0,31,107,7,0,29,7,108
2011-08-10 11:04:07,Normal,119,5,124,1565403,17050,4300921,53908,701.5005711290323,44,73,7,0,21,98,5,0,13,5,105
2011-08-10 11:04:08,Normal,119,1,120,1190032,3950,4597925,48860,511.8211572583333,31,85,4,0,21,94,5,0,19,1,100
2011-08-10 11:04:09,Normal,118,0,118,1294174,17613,4984834,64979,526.5324142627118,36,73,9,0,17,96,5,0,10,1,107
2011-08-10 11:04:10,Normal,104,3,107,1262395,17153,3800291,8854,641.884197682243,37,57,13,0,9,95,3,0,16,1,90
2011-08-10 11:04:11,Normal,113,0,113,1143421,5209,4602188,2824,567.7735152300886,41,64,8,0,18,91,4,0,21,1,91
2011-08-10 11:04:12,Normal,73,3,76,919257,16072,2676379,29819,504.74332707894746,37,35,4,0,8,66,2,0,6,4,66
2011-08-10 11:04:13,Normal,116,6,122,1120805,18321,4792489,5320,321.9845913688525,41,76,5,0,21,96,5,0,21,1,100
2011-08-10 11:04:14,Normal,110,25,135,1056406,20674,5499632,32577,543.8865184888888,35,93,7,0,18,114,3,0,21,1,113
2011-08-10 11:04:15,Normal,119,4,123,1487813,16690,4477303,56105,513.638853804878,41,73,9,0,19,103,1,0,9,2,112
2011-08-10 11:04:16,Normal,117,0,117,1370632,16835,4339246,30524,591.6831724957266,42,64,11,0,19,96,2,0,19,5,93
2011-08-10 11:04:17,Normal,114,6,120,2174081,15541,3678079,43418,995.3813177166667,33,84,3,0,42,74,4,0,14,4,100
2011-08-10 11:04:18,Normal,108,0,108,1368800,2228,4104231,57405,743.7679656481482,39,62,7,0,15,90,3,0,5,4,99
2011-08-10 11:04:19,Normal,113,0,113,1279015,34279,4261083,13607,758.8090480176993,45,65,3,0,21,90,2,0,13,2,98
2011-08-10 11:04:20,Normal,91,7,98,1362528,16752,3477897,64359,841.8172406938775,34,60,4,0,17,75,5,1,10,4,83
2011-08-10 11:04:21,Normal,99,4,103,1163252,18507,3995880,15287,562.7249848252427,32,62,9,0,15,85,3,0,13,0,89
2011-08-10 11:04:22,Normal,112,36,148,1431868,25447,5967430,33857,509.0328569864865,38,101,9,0,22,112,12,2,28,1,117
2011-08-10 11:04:23,Normal,128,0,128,1063492,22253,5282367,55016,594.08076946875,35,84,9,0,24,100,4,0,24,2,102
2011-08-10 11:04:24,Attack,152,0,153,1214023,18748,6008524,49306,406.17370845098037,32,108,13,0,18,130,4,1,21,3,127
2011-08-10 11:04:25,Normal,137,0,137,1472600,19155,4979640,54347,506.8515973284672,53,74,10,0,19,109,8,1,19,4,112
2011-08-10 11:04:26,Normal,142,0,142,1426364,5986,5200469,51795,345.25499217605636,42,97,3,0,19,115,8,0,23,5,114
2011-08-10 11:04:27,Attack,172,0,174,2021765,6114,6355959,52730,648.5591636896552,35,135,4,0,30,136,8,0,18,5,151
2011-08-10 11:04:28,Normal,117,0,117,907993,18303,4665715,18761,427.0037305213675,38,73,6,0,11,102,4,0,17,3,97
2011-08-10 11:04:29,Normal,144,0,144,1651109,4496,5846804,47979,473.37477193750004,38,96,10,0,26,115,3,0,14,5,125
2011-08-10 11:04:30,Normal,128,0,128,1190775,50712,4914920,13277,495.14364789843745,38,81,9,0,29,95,4,0,24,3,101
2011-08-10 11:04:31,Normal,89,0,89,1025604,4650,3334580,50010,494.7099153707865,33,50,6,0,13,68,8,0,14,2,72
2011-08-10 11:04:32,Normal,104,3,107,1256817,17472,4070017,37782,616.0209391308413,38,61,8,0,12,90,5,0,11,3,93
2011-08-10 11:04:33,Normal,128,3,131,1349732,18310,5187391,65905,517.4743020763358,39,84,8,0,27,98,6,0,23,2,106
2011-08-10 11:04:34,Normal,154,3,157,1211166,7243,5881079,37566,380.6259490191083,36,117,4,0,36,119,2,0,28,5,123
2011-08-10 11:04:35,Normal,96,0,96,1159817,15892,3210663,25998,814.4005976875,38,51,7,0,8,86,2,0,7,2,87
2011-08-10 11:04:36,Normal,93,0,93,1238352,15417,3005426,33707,970.390019139785,45,38,10,0,9,83,1,0,7,1,84
2011-08-10 11:04:37,Normal,113,0,113,1788984,1821,3616759,54514,770.9810731946902,49,54,10,0,12,95,6,0,5,4,104
2011-08-10 11:04:38,Normal,117,0,117,1059375,3763,4347807,37668,392.49775042735047,38,68,11,0,5,108,4,0,16,3,97
2011-08-10 11:04:39,Normal,153,0,153,1149227,19084,6164606,21566,567.890916124183,48,96,9,0,15,118,19,1,26,0,127
2011-08-10 11:04:40,Normal,226,0,226,962289,12084,10720046,54420,245.6638437300885,37,182,7,0,11,199,16,0,19,3,203
2011-08-10 11:04:41,Normal,94,0,94,993504,3703,3721187,46573,586.3540764893618,39,47,8,0,10,76,8,0,13,3,78
2011-08-10 11:04:42,Normal,114,3,117,1333447,16445,4111558,20785,768.3581737521366,42,60,15,0,12,94,11,0,9,2,105
2011-08-10 11:04:43,Normal,82,0,82,768868,15142,3202361,38148,723.4623691341462,34,41,7,0,6,76,0,0,3,2,77
2011-08-10 11:04:44,Normal,113,0,113,1183840,17028,4060843,65108,596.5288427876106,44,61,8,0,8,104,1,0,11,2,100
2011-08-10 11:04:45,Normal,88,0,88,1057455,15867,3405948,55587,747.0763000227272,34,36,18,0,11,68,9,0,8,2,78
2011-08-10 11:04:46,Normal,108,0,108,997448,17970,3862477,16953,536.5713981111111,46,52,10,0,8,95,5,0,14,2,92
2011-08-10 11:04:47,Normal,162,0,162,1525884,19047,6303840,63793,530.8843016790123,34,127,1,0,27,114,21,0,28,1,132
2011-08-10 11:04:48,Normal,97,0,97,1025846,17436,3734324,14103,727.2511936494847,40,54,3,0,12,82,3,0,12,3,82
2011-08-10 11:04:49,Normal,140,0,140,1264931,21823,5479253,27689,281.9434338571429,34,94,12,0,19,114,5,2,17,3,120
2011-08-10 11:04:50,Normal,108,2,110,957896,7205,4197586,45225,460.4187010454545,36,63,11,0,11,95,4,0,12,2,96
2011-08-10 11:04:51,Normal,139,0,139,1000383,76775,5321310,13622,416.25378607913666,39,93,7,0,10,116,13,0,24,1,114
2011-08-10 11:04:52,Normal,121,3,124,1258751,5848,4756107,52088,511.6268585403226,41,78,5,0,21,97,6,0,21,2,101
2011-08-10 11:04:53,Normal,92,0,92,838136,17123,3491689,33500,780.7578371630435,38,48,6,0,5,86,1,0,6,0,86
2011-08-10 11:04:54,Normal,114,0,114,1051057,17781,4305174,1341,539.585560754386,45,62,7,0,10,102,2,0,10,0,104
2011-08-10 11:04:55,Normal,85,0,85,834358,17252,3327848,59153,582.4796504470587,42,37,6,0,13,68,4,0,15,1,67
2011-08-10 11:04:56,Normal,125,0,125,1306401,19072,4877310,62032,633.1562328320001,41,77,7,0,14,106,5,0,16,4,104
2011-08-10 11:04:57,Normal,124,0,124,1200846,65351,5192010,27733,440.96421274193546,39,81,4,0,24,97,3,0,22,4,98
2011-08-10 11:04:58,Normal,100,0,100,1051832,3869,3845141,54285,454.3484530600001,42,51,7,0,10,85,5,0,14,3,83
2011-08-10 11:04:59,Normal,111,0,111,1341910,17266,3966621,13948,387.23279745045045,44,59,8,0,12,94,5,0,6,3,102
2011-08-10 11:05:00,Normal,228,0,228,1032902,25294,11206731,38049,257.4665172105263,36,186,6,0,9,212,7,0,16,5,207
2011-08-10 11:05:01,Normal,101,0,101,1116947,4644,4137835,59768,352.1102497128713,33,63,5,0,13,86,2,0,7,1,93
2011-08-10 11:05:02,Normal,105,3,108,1606674,15460,4060237,28487,437.8197304351852,39,62,7,0,18,85,5,0,8,2,98
2011-08-10 11:05:03,Normal,121,3,124,1677925,4730,4689966,55090,368.43085774193554,38,75,11,0,27,93,4,0,7,3,114
2011-08-10 11:05:04,Normal,117,0,117,1831425,15602,4272846,30847,670.278410153846,44,63,10,0,21,89,7,0,3,4,110
2011-08-10 11:05:05,Normal,119,0,119,1456912,17224,4911982,36492,447.74359602520997,44,73,2,0,20,87,12,0,16,0,103
2011-08-10 11:05:06,Normal,108,0,108,1684475,16379,4056699,32764,422.3586059351852,45,53,10,0,11,92,5,0,13,3,92
2011-08-10 11:05:07,Normal,105,0,105,1442671,15690,3948571,34722,537.8060621142857,40,59,6,0,15,85,5,0,7,3,94
2011-08-10 11:05:08,Normal,137,0,137,1697452,17608,5441041,23632,391.35044305109494,36,92,9,0,27,103,7,0,7,1,128
2011-08-10 11:05:09,Normal,124,0,124,2129956,2545,4342137,52969,621.8740485161289,50,70,4,0,27,91,6,0,14,5,105
2011-08-10 11:05:10,Normal,126,0,126,1828287,64546,4736573,1557,500.5226778095238,33,89,4,0,25,95,6,0,7,5,114
2011-08-10 11:05:11,Normal,100,0,100,1439280,3780,3915670,4579,607.48206981,40,48,12,0,10,87,3,0,9,5,86
2011-08-10 11:05:12,Normal,106,3,109,1806544,16874,4001244,61219,657.8724876146789,31,69,9,0,31,75,2,1,5,3,101
2011-08-10 11:05:13,Normal,92,0,92,1440274,4400,3435315,27007,555.1957862717392,35,51,6,0,18,68,6,0,15,2,75
2011-08-10 11:05:14,Normal,118,0,118,1482361,17673,4821515,26541,457.3756903898306,42,65,11,0,19,97,2,0,11,0,107
2011-08-10 11:05:15,Normal,138,0,138,1803503,6210,5187979,57069,644.9312202028985,43,88,7,0,21,96,21,0,26,3,109
2011-08-10 11:05:16,Normal,123,0,123,1927690,2703,4595268,53433,641.432882292683,48,72,3,0,27,89,7,0,17,3,103
2011-08-10 11:05:17,Normal,116,0,116,1303499,2868,4515124,50153,548.804084362069,25,77,14,0,23,90,3,0,14,0,101
2011-08-10 11:05:18,Normal,126,0,126,1975213,16369,4695214,57951,645.3953980476193,42,78,6,0,29,93,2,2,9,4,113
2011-08-10 11:05:19,Normal,77,0,77,1144658,15870,2744755,11768,647.0475772727272,23,48,6,0,16,57,4,0,11,2,64
2011-08-10 11:05:20,Normal,144,0,144,2146548,17343,5265886,60602,507.4935070555556,44,92,8,0,27,111,5,1,7,5,131
2011-08-10 11:05:21,Normal,113,0,113,2123760,15412,3761668,25661,725.1782721858407,48,53,12,0,31,79,2,1,8,3,101
2011-08-10 11:05:22,Normal,88,3,91,1412554,2832,3431382,51313,665.968596,20,64,7,0,24,61,5,1,11,1,78
2011-08-10 11:05:23,Normal,143,0,143,2077895,20337,5249657,48760,634.3736282307691,34,100,9,0,26,102,14,1,15,4,123
2011-08-10 11:05:24,Normal,176,0,176,2359140,18848,6545058,48760,546.7202652102274,46,119,11,0,38,127,11,0,20,3,153
2011-08-10 11:05:25,Normal,215,0,215,2563935,22479,8011968,50315,596.6612323767442,41,168,6,0,57,148,10,0,25,3,187
2011-08-10 11:05:26,Normal,186,0,186,2017838,19831,8074334,37551,457.32075654838707,53,124,9,0,32,145,8,1,18,0,167
2011-08-10 11:05:27,Normal,139,0,139,1755103,45339,5407488,59738,672.9464820791367,39,92,8,0,29,106,4,0,20,1,117
2011-08-10 11:05:28,Normal,115,0,115,1710350,2905,4511664,53387,643.582519426087,39,73,3,0,27,84,4,0,9,4,102
2011-08-10 11:05:29,Normal,72,0,72,1163862,14762,2801899,63605,823.7398117083333,34,30,8,0,12,59,0,1,9,1,62
2011-08-10 11:05:30,Normal,115,0,115,1266761,18949,4550730,48689,525.3369653913045,42,63,10,0,21,89,5,0,14,3,98
2011-08-10 11:05:31,Normal,92,0,92,773189,2272,3680192,54757,495.23199764130425,32,53,7,0,6,83,3,0,7,0,85
2011-08-10 11:05:32,Normal,141,3,144,2865406,16754,4372890,35199,1146.1405643055555,50,83,11,0,31,103,10,0,11,5,128
2011-08-10 11:05:33,Normal,99,0,99,802694,19635,3991719,18082,707.6748905858587,30,65,4,0,14,82,3,0,14,1,84
2011-08-10 11:05:34,Normal,103,3,106,1338012,35502,4106554,13825,581.0016369339622,42,54,10,0,14,88,4,0,7,1,98
2011-08-10 11:05:35,Normal,129,0,129,1162179,19481,4795939,17650,484.81488375968996,31,91,7,0,17,112,0,0,15,4,110
2011-08-10 11:05:36,Normal,140,0,140,1149970,16607,5462468,40904,523.9095902428571,44,89,7,0,10,130,0,0,4,1,134
2011-08-10 11:05:37,Normal,107,0,107,1428656,62632,3538061,16447,789.2490219252337,35,65,7,0,23,80,4,0,8,4,94
2011-08-10 11:05:38,Normal,114,0,114,1528044,3292,4068980,1155,682.2521747982456,42,67,5,0,24,88,2,0,8,2,104
2011-08-10 11:05:39,Normal,75,0,75,1107966,14158,2494026,56718,858.3509637333333,35,32,8,0,9,65,1,0,1,1,73
2011-08-10 11:05:40,Normal,125,0,125,1439034,3493,4523450,51140,665.844471008,38,76,11,0,17,104,4,0,8,2,112
2011-08-10 11:05:41,Normal,138,0,138,1130628,18006,5935051,36414,576.0649947753624,41,89,8,0,24,107,7,0,22,1,114
2011-08-10 11:05:42,Normal,130,3,133,1187753,12313,4870107,52570,642.5766577067669,39,86,8,0,39,88,6,0,37,2,94
2011-08-10 11:05:43,Normal,106,0,106,1069181,16685,3932034,43575,708.9739835,45,55,6,0,21,84,1,0,18,1,87
2011-08-10 11:05:44,Normal,92,0,92,1363661,16145,3005045,54200,758.6880021413044,40,42,10,0,23,66,3,0,15,1,75
2011-08-10 11:05:45,Normal,125,0,125,1353199,18545,4812116,12364,516.2203873359999,41,74,10,0,18,104,3,0,14,2,109
2011-08-10 11:05:46,Normal,153,0,153,1044131,8237,6264509,55629,504.225819751634,48,98,7,0,30,117,6,0,34,2,117
2011-08-10 11:05:47,Normal,96,0,96,1196770,2180,3308111,55234,665.1122134687499,38,55,3,0,28,66,2,0,19,1,76
2011-08-10 11:05:48,Normal,118,0,118,1350520,37700,4258423,57241,739.0911023474575,37,70,11,0,32,86,0,0,17,7,94
2011-08-10 11:05:49,Normal,85,0,85,658809,17978,3359010,62172,452.4938644588234,22,54,9,0,16,68,1,0,15,0,70
2011-08-10 11:05:50,Normal,100,1,101,984146,18517,3828008,58326,342.3078642772277,34,58,9,0,10,88,3,0,11,1,88
2011-08-10 11:05:51,Normal,99,0,99,1062253,15797,3331355,13964,466.34892405050505,42,50,7,0,10,87,2,0,7,3,89
2011-08-10 11:05:52,Normal,107,3,110,1567900,16108,3881949,15675,725.3516567636364,43,62,5,0,19,83,8,0,9,4,96
2011-08-10 11:05:53,Normal,121,0,121,1035263,18345,4915308,34427,514.308432446281,34,84,3,0,20,85,16,0,30,1,90
2011-08-10 11:05:54,Normal,88,2,90,1279166,16192,2942544,18761,546.1043328777778,40,41,9,0,14,75,1,0,14,4,72
2011-08-10 11:05:55,Normal,132,0,132,1567007,16894,4543904,46732,603.8701065151515,38,84,10,0,25,104,3,0,15,3,114
2011-08-10 11:05:56,Normal,116,0,116,2140338,35386,3704924,2436,644.3241430689656,39,69,8,0,34,80,2,0,14,3,99
2011-08-10 11:05:57,Normal,115,0,115,1368216,5979,4210434,48643,605.2933654434783,40,67,8,0,18,90,7,0,14,3,97
2011-08-10 11:05:58,Normal,106,0,106,1075107,17472,3681916,31536,368.3559781037736,40,56,10,0,15,88,3,0,14,1,89
2011-08-10 11:05:59,Normal,128,0,128,1644065,17508,4438168,59744,371.4758418046875,44,77,7,0,30,96,2,0,17,2,109
2011-08-10 11:06:00,Normal,104,0,104,1325008,16368,4154646,51569,612.7585736346153,27,69,8,0,12,89,3,0,3,4,97
2011-08-10 11:06:01,Normal,136,0,136,1623848,19484,4768784,31281,350.40383605147053,35,90,11,0,22,98,16,0,27,4,105
2011-08-10 11:06:02,Normal,152,3,155,1382605,21797,5901057,38372,400.6179528967742,37,113,5,0,26,115,14,0,31,1,123
2011-08-10 11:06:03,Normal,105,0,105,1101674,17160,3745514,26570,502.81454248571424,39,56,10,0,12,92,0,1,7,0,98
2011-08-10 11:06:04,Normal,113,3,116,1431591,4001,4615411,61315,680.328792362069,39,71,6,0,24,88,4,0,15,0,99
2011-08-10 11:06:05,Normal,142,0,142,1459742,19501,4088222,22885,534.2446029859155,46,86,10,0,37,103,2,0,25,3,114
2011-08-10 11:06:06,Normal,127,0,127,1349490,18297,3803482,16252,511.92960650393695,42,79,6,0,32,86,9,0,30,2,95
2011-08-10 11:06:07,Normal,160,0,160,2209105,18490,3937396,33138,434.24393325,35,120,5,0,67,86,7,0,42,0,116
2011-08-10 11:06:08,Normal,127,0,127,1666123,18002,4583160,11814,562.4640072125984,40,81,6,0,25,96,6,0,17,0,110
2011-08-10 11:06:09,Normal,139,0,139,1086727,19599,5214367,63167,450.25974348201436,41,91,7,0,27,109,3,0,21,1,117
2011-08-10 11:06:10,Normal,94,0,94,1294155,16261,3372725,29601,589.6347672021276,32,59,3,0,17,75,2,0,4,2,87
2011-08-10 11:06:11,Normal,119,0,119,1287829,4896,3962735,4030,352.38166026050425,36,75,8,0,15,101,3,0,9,3,107
2011-08-10 11:06:12,Normal,106,3,109,1620861,15532,3681436,31710,407.5373358073394,39,65,5,0,22,85,2,0,11,3,95
2011-08-10 11:06:13,Normal,118,1,119,1406793,3381,4152243,51005,557.9094806890755,45,70,4,0,18,99,2,0,10,4,105
2011-08-10 11:06:14,Normal,81,0,81,915547,6043,2989423,57554,535.1908892716049,28,48,5,0,21,57,3,0,19,2,60
2011-08-10 11:06:15,Normal,138,0,138,1420798,12548,4990677,51500,359.5233524637681,26,100,12,0,37,98,3,0,27,2,108
2011-08-10 11:06:16,Normal,108,0,108,1311307,15963,3703314,14577,471.7445440185186,32,69,7,0,15,91,2,0,7,1,100
2011-08-10 11:06:17,Normal,116,0,116,1593566,15754,3433101,4901,586.0284640775861,43,65,8,0,26,87,3,0,14,3,97
2011-08-10 11:06:18,Normal,115,0,115,1651661,3722,3641264,3217,572.2715515391305,35,72,8,0,25,89,1,0,16,2,96
2011-08-10 11:06:19,Normal,140,0,140,1580324,22076,4763591,61317,553.6204092571429,34,99,7,0,46,79,15,0,37,2,100
2011-08-10 11:06:20,Normal,140,0,140,1918287,20190,4469999,49680,411.3661406642857,47,90,3,0,34,97,8,1,20,5,111
2011-08-10 11:06:21,Normal,133,0,133,1417800,10459,4646174,15675,424.3853551353384,32,84,17,0,34,96,3,0,23,5,105
2011-08-10 11:06:22,Normal,147,3,150,2056588,19909,4534759,57124,357.2003361666666,34,110,6,0,45,93,11,1,31,3,113
2011-08-10 11:06:23,Attack,114,0,116,1765510,15492,3373012,28022,510.5793464568965,39,72,5,0,26,88,2,0,9,5,102
2011-08-10 11:06:24,Normal,91,0,91,1346120,15112,2801218,20319,785.4509986153846,40,42,9,0,18,71,1,1,6,4,80
2011-08-10 11:06:25,Normal,174,0,174,1758119,41203,4525309,15347,413.1224902528736,56,110,8,0,44,111,18,1,52,3,117
2011-08-10 11:06:26,Normal,118,0,118,1339888,18293,4600229,28982,473.3245735254238,47,62,9,0,13,99,6,0,10,3,104
2011-08-10 11:06:27,Normal,111,5,116,1363475,17455,3897796,31026,536.5548281896552,32,72,12,0,19,88,9,0,18,0,98
2011-08-10 11:06:28,Normal,109,12,121,1456515,10839,4234650,14669,574.0857471570248,41,73,7,0,20,92,9,0,20,3,97
2011-08-10 11:06:29,Normal,141,0,141,2152434,16237,4337101,14567,732.0206105957446,48,84,9,0,33,104,3,1,12,1,126
2011-08-10 11:06:30,Normal,179,0,179,1578341,8151,6745924,52035,293.4474462402234,39,133,7,0,49,124,6,0,42,3,134
2011-08-10 11:06:31,Normal,179,0,179,1809891,19419,7039094,44312,515.6968123519554,35,128,16,0,32,142,5,0,19,5,154
2011-08-10 11:06:32,Normal,116,3,119,1183202,3920,4091076,62593,567.4142500420168,33,78,8,0,18,98,3,0,16,1,99
2011-08-10 11:06:33,Normal,115,0,115,1362331,16589,3783418,32604,615.2702314260868,41,61,13,0,19,93,3,0,17,1,97
2011-08-10 11:06:34,Normal,99,3,102,1121680,2940,3525257,51629,521.1580531274509,43,52,7,0,14,83,5,0,13,1,87
2011-08-10 11:06:35,Normal,171,0,171,1767698,21419,5824976,35668,499.33948311111106,40,120,11,0,33,130,8,0,18,2,150
2011-08-10 11:06:36,Attack,176,0,178,1697142,19331,6766471,31475,482.74510971348315,46,125,7,0,31,145,2,0,13,2,163
2011-08-10 11:06:37,Attack,118,0,119,1299043,17498,4194776,39564,787.9027012605043,51,58,10,0,12,100,7,0,13,2,103
2011-08-10 11:06:38,Attack,115,0,116,1292905,3878,4075768,60998,705.3551622413794,46,68,2,0,36,74,6,0,37,2,77
2011-08-10 11:06:39,Normal,122,0,122,746940,18860,4691574,45455,486.5943609262295,32,88,2,0,20,97,5,0,18,0,104
2011-08-10 11:06:40,Attack,86,0,88,836503,17179,3212545,65932,671.5283248522727,34,50,4,0,9,74,5,0,9,1,77
2011-08-10 11:06:41,Normal,143,3,146,1126364,5970,5729058,33329,459.0530695547946,27,113,6,0,26,117,3,0,13,0,133
2011-08-10 11:06:42,Attack,151,3,156,2392965,18676,5071156,60960,888.0021142435897,44,105,7,0,42,110,4,0,11,1,143
2011-08-10 11:06:43,Attack,129,0,130,1692477,6350,4241456,50311,692.1255901846154,45,76,9,0,24,98,8,0,22,0,108
2011-08-10 11:06:44,Attack,87,0,88,999265,40261,2941797,15165,710.5392442954545,41,39,8,0,11,76,1,0,10,4,74
2011-08-10 11:06:45,Normal,106,0,106,1165549,4376,3909943,52638,557.1587346698113,25,72,9,0,16,88,2,0,6,2,96
2011-08-10 11:06:46,Normal,105,0,105,1037601,3964,3456517,5901,469.1931674190476,35,64,6,0,13,88,4,0,15,7,83
2011-08-10 11:06:47,Normal,122,0,122,703196,17905,5077676,7096,389.4725997213115,33,85,4,0,5,104,13,0,18,2,102
2011-08-10 11:06:48,Normal,163,0,163,1351083,19823,6300717,23961,444.0775273926381,45,108,10,0,19,121,23,0,35,3,125
2011-08-10 11:06:49,Normal,94,0,94,846900,15984,3186674,44037,657.7367385212765,41,44,9,0,9,84,1,0,10,1,83
2011-08-10 11:06:50,Normal,132,0,132,1223557,11149,4783935,14137,701.9231393863637,31,89,12,0,14,112,6,0,13,2,116
2011-08-10 11:06:51,Normal,148,0,148,1098802,19726,5679817,11942,471.7923803378378,42,97,9,0,36,110,2,0,35,2,110
2011-08-10 11:06:52,Attack,120,3,125,936285,5671,5093526,27138,481.8330114479999,29,88,8,0,7,117,1,0,7,1,117
2011-08-10 11:06:53,Attack,139,0,142,803711,29741,5494188,2609,403.3177991760564,47,91,4,0,8,134,0,0,14,0,128
2011-08-10 11:06:54,Attack,130,0,133,1095594,17990,4929445,1474,554.4160108646616,43,81,9,0,12,121,0,0,13,0,119
2011-08-10 11:06:55,Attack,89,0,91,829615,3723,3373524,64756,603.0361704725275,29,54,8,0,23,65,3,0,25,3,63
2011-08-10 11:06:56,Normal,165,0,165,828369,21006,6684571,2894,339.21932773939386,36,123,6,0,7,157,1,0,11,1,152
2011-08-10 11:06:57,Attack,107,2,111,855161,19898,3730583,35419,458.11211883783784,40,59,12,0,4,105,2,0,9,3,99
2011-08-10 11:06:58,Attack,93,0,96,740348,17921,3451429,31437,481.0095384375001,43,46,7,0,12,83,1,0,17,0,79
2011-08-10 11:06:59,Normal,203,0,203,744809,22922,9789156,5399,264.06365732512313,33,163,7,0,6,194,2,1,12,2,189
2011-08-10 11:07:00,Normal,87,0,87,900664,15770,2886430,28164,596.8142634827586,32,47,8,0,5,80,2,0,9,1,75
2011-08-10 11:07:01,Normal,92,3,95,920333,65690,3435825,60831,566.5888749684211,30,55,10,0,7,84,4,0,10,4,81
2011-08-10 11:07:02,Attack,151,3,157,789517,9329,6563702,2651,332.3229058152866,33,111,13,0,23,129,5,0,26,1,128
2011-08-10 11:07:03,Normal,105,0,105,823056,4587,4113165,38086,629.3005309523811,40,58,7,0,6,97,2,0,9,1,95
2011-08-10 11:07:04,Normal,119,3,122,1800875,16788,3879994,42311,824.4395841885247,35,77,10,0,29,88,5,0,9,0,113
2011-08-10 11:07:05,Normal,112,0,112,2090338,3413,3159472,2509,657.2284225178571,38,68,6,0,33,73,6,0,16,0,96
2011-08-10 11:07:06,Normal,105,0,105,1170565,16236,4262554,11577,648.7234551904762,40,53,12,0,10,95,0,0,4,0,100
2011-08-10 11:07:07,Normal,109,0,109,1105218,16929,3780219,10925,480.75986488073397,39,60,10,0,12,94,3,0,12,0,97
2011-08-10 11:07:08,Normal,72,0,72,798777,17596,2411233,13332,875.2818122222221,32,31,9,0,10,62,0,0,6,1,65
2011-08-10 11:07:09,Normal,123,0,123,1422237,18427,4397251,57520,746.9720868780487,43,74,6,0,24,96,3,0,21,1,101
2011-08-10 11:07:10,Normal,95,0,95,1050298,16079,3433701,34883,790.0430123894737,36,52,7,0,10,81,4,0,7,0,88
2011-08-10 11:07:11,Normal,100,0,100,1067364,3577,3353627,50405,793.2348047099999,49,41,10,0,9,90,1,0,8,1,91
2011-08-10 11:07:12,Normal,141,3,144,1304434,17497,5207085,43204,478.51854830555556,56,74,14,0,11,132,1,0,20,0,124
2011-08-10 11:07:13,Attack,90,0,92,1087677,17698,3119328,23228,867.1985583152175,43,41,8,0,13,77,2,0,15,4,73
2011-08-10 11:07:14,Normal,96,0,96,946244,48384,3574866,14133,814.8986981874999,41,50,5,0,6,89,1,0,7,1,87
2011-08-10 11:07:15,Normal,84,0,84,650109,16895,3107257,21969,461.82394895238093,36,44,4,0,7,76,1,0,8,1,75
2011-08-10 11:07:16,Normal,86,0,86,1212659,14840,2793053,49232,947.401200883721,40,40,6,0,11,73,2,0,4,1,81
2011-08-10 11:07:17,Normal,118,0,118,1218937,17240,4262113,57195,733.8098009491526,51,57,10,0,12,105,1,0,14,2,102
2011-08-10 11:07:18,Attack,93,0,103,1050102,17799,3442765,54059,465.70021510679607,42,54,7,0,15,86,2,0,16,4,83
2011-08-10 11:07:19,Normal,109,0,109,1048141,17186,3854394,37474,647.8861781651376,43,57,9,0,14,94,1,0,8,1,100
2011-08-10 11:07:20,Normal,125,0,125,1346564,18123,4369493,61039,799.5531351520001,39,78,8,0,18,101,5,1,10,1,113
2011-08-10 11:07:21,Normal,97,0,97,1064386,32982,3401485,14971,545.2282689381443,36,43,18,0,20,73,3,1,16,0,80
2011-08-10 11:07:22,Normal,112,3,115,1355537,16087,3866934,18969,629.9736110695651,41,63,11,0,13,95,6,1,12,3,99
2011-08-10 11:07:23,Normal,124,0,124,928337,19820,4718034,28985,403.71161428225804,42,71,11,0,6,109,9,0,16,0,108
2011-08-10 11:07:24,Normal,118,0,118,885778,17838,4603930,35362,502.1198354915253,34,71,13,0,18,92,7,1,19,0,98
2011-08-10 11:07:25,Normal,96,0,96,898997,17917,2823650,1023,802.5766521145833,33,53,10,0,19,69,7,1,16,0,79
2011-08-10 11:07:26,Normal,90,0,90,834197,17701,3605731,57105,215.88290904444446,29,47,14,0,8,79,3,0,11,1,78
2011-08-10 11:07:27,Normal,78,1,79,845335,2780,2958480,46603,862.4421489620254,35,38,6,0,11,64,4,0,14,1,64
2011-08-10 11:07:28,Normal,124,0,124,1218802,16279,4744316,51910,659.623895798387,43,75,6,0,12,109,3,0,8,0,116
2011-08-10 11:07:29,Normal,112,0,112,898630,17676,4762137,25677,398.1188563839286,30,69,13,0,19,90,3,0,19,0,93
2011-08-10 11:07:30,Normal,132,0,132,1276401,17268,5063786,55587,587.0314220454546,45,81,6,0,19,110,3,0,20,2,110
2011-08-10 11:07:31,Normal,90,0,90,742807,6355,3414895,50839,597.419190488889,31,51,8,0,10,78,2,0,16,2,72
2011-08-10 11:07:32,Normal,115,3,118,832033,42064,4570575,1164,575.9368514152543,37,73,8,0,21,89,8,0,33,0,85
2011-08-10 11:07:33,Attack,131,0,132,954556,18447,4716801,52617,586.1440872727272,49,76,7,0,8,121,3,0,14,0,118
2011-08-10 11:07:34,Normal,99,3,102,1004117,55333,3677074,15036,521.614189509804,34,61,7,0,5,90,7,0,10,3,89
2011-08-10 11:07:35,Normal,93,0,93,941503,17870,3455360,49304,905.4336112795701,39,48,6,0,9,79,5,0,10,1,82
2011-08-10 11:07:36,Normal,92,0,92,875311,16512,2992445,11683,771.4408471521738,35,49,8,0,7,83,2,0,4,0,87
2011-08-10 11:07:37,Normal,124,0,124,1195505,59639,4666391,38035,762.5933922983871,43,70,11,0,13,108,3,0,14,0,110
2011-08-10 11:07:38,Normal,98,0,98,987352,17391,3552728,21196,521.8978502244898,42,49,7,0,6,90,2,0,7,1,90
2011-08-10 11:07:39,Normal,115,0,115,1041593,16835,4323644,41417,680.9572000260869,48,60,7,0,11,98,6,0,13,1,99
2011-08-10 11:07:40,Normal,198,6,204,1136248,23210,8497357,16531,387.7460071568628,40,154,10,0,37,161,6,0,40,2,161
2011-08-10 11:07:41,Normal,121,4,125,861687,6535,4963087,44197,540.598071704,29,88,8,0,19,102,4,0,18,1,105
2011-08-10 11:07:42,Normal,125,3,128,761709,5048,5138351,3415,494.7183875781249,36,86,5,0,4,120,3,0,12,2,112
2011-08-10 11:07:43,Normal,105,0,105,888756,3595,3941023,49167,509.913150047619,38,58,9,0,6,96,3,0,9,1,95
2011-08-10 11:07:44,Normal,98,0,98,1043792,2279,3522499,50476,782.4094087244898,37,48,13,0,8,86,4,0,11,0,87
2011-08-10 11:07:45,Attack,121,0,132,1410466,4079,4298044,50702,404.7190001287879,45,70,17,0,27,93,12,0,19,2,111
2011-08-10 11:07:46,Attack,108,0,109,798476,7282,3847201,22652,485.6469668073394,37,64,8,0,16,88,5,0,25,4,80
2011-08-10 11:07:47,Normal,103,0,103,1031634,16249,3441069,14302,595.4202457766991,42,51,10,0,13,88,2,0,12,1,90
2011-08-10 11:07:48,Normal,91,0,91,931233,37876,3525133,21966,625.4638418131867,43,39,9,0,7,82,2,0,9,0,82
2011-08-10 11:07:49,Normal,98,0,98,784594,3479,3804222,56970,545.8664015,48,42,8,0,3,94,1,0,6,1,91
2011-08-10 11:07:50,Normal,77,0,77,704574,15264,2963312,21433,974.4401122727271,31,38,8,0,4,73,0,0,2,0,74
2011-08-10 11:07:51,Normal,98,0,98,1093195,37791,3613343,52319,868.6775523469389,36,52,10,0,11,85,2,0,6,2,90
2011-08-10 11:07:52,Normal,98,3,101,1023778,16238,3818089,61764,582.132216049505,39,51,11,0,5,95,1,0,7,1,93
2011-08-10 11:07:53,Normal,82,0,82,836653,15919,2856226,9832,727.6016320487804,33,46,3,0,6,75,1,0,7,1,74
2011-08-10 11:07:54,Normal,69,0,69,669317,15698,2409349,35774,745.0643676376811,21,36,12,0,2,65,2,0,5,1,62
2011-08-10 11:07:55,Normal,114,0,114,968571,17327,3842965,60174,653.8964476403509,46,58,10,0,6,98,10,0,18,0,96
2011-08-10 11:07:56,Normal,92,0,92,742653,16655,3648789,8210,562.0946257608696,42,40,10,0,5,87,0,0,7,0,85
2011-08-10 11:07:57,Normal,83,0,83,1099832,37225,2743005,26075,851.206719180723,40,36,7,0,14,66,3,0,6,3,74
2011-08-10 11:07:58,Normal,83,0,83,559389,18196,3264036,32039,322.9875870963855,28,49,6,0,4,73,6,0,11,0,72
2011-08-10 11:07:59,Normal,120,0,120,597923,18050,4676256,57648,367.50361525833335,33,81,6,0,6,112,2,0,10,0,110
2011-08-10 11:08:00,Normal,98,0,98,1327597,24670,3278272,2825,807.6653491020408,40,51,7,0,16,75,7,0,12,1,85
2011-08-10 11:08:01,Normal,101,0,101,1008930,3961,4001032,53349,376.98750830693075,42,49,10,0,6,91,4,0,14,2,85
2011-08-10 11:08:02,Normal,90,3,93,1027229,15789,3128464,1024,571.8904980107527,40,40,13,0,8,84,1,0,12,0,81
2011-08-10 11:08:03,Normal,105,0,105,1207687,17419,3794641,24852,730.1693620857143,40,56,9,0,13,91,1,0,12,0,93
2011-08-10 11:08:04,Normal,143,0,143,1141695,19101,5635185,62843,565.2913917552448,49,83,11,0,10,123,10,0,18,1,122
2011-08-10 11:08:05,Normal,125,5,130,1038320,18355,5136208,30442,396.7948678076923,42,77,11,0,13,111,6,0,19,1,110
2011-08-10 11:08:06,Attack,228,0,237,1045417,27455,6908199,12113,301.8210013037974,45,183,9,0,60,149,28,0,92,2,143
2011-08-10 11:08:07,Attack,85,4,90,705604,16096,3439739,12676,340.4244888,31,55,4,0,10,80,0,0,12,3,74
2011-08-10 11:08:08,Normal,113,2,115,1507378,16855,3834734,23125,516.9791401826087,39,64,12,0,26,82,7,0,20,2,93
2011-08-10 11:08:09,Normal,124,6,130,1005197,18589,4651125,23608,471.9264836769231,43,73,14,0,20,106,4,0,26,1,103
2011-08-10 11:08:10,Normal,104,12,116,805268,6257,4315845,22945,360.7471626465517,39,72,5,0,26,85,5,0,34,3,79
2011-08-10 11:08:11,Normal,117,12,129,1395001,19972,4426182,57281,632.4273460775194,41,83,5,0,28,95,6,0,29,4,95
2011-08-10 11:08:12,Normal,108,6,114,1164755,20003,3700275,60266,507.5996687280702,38,65,11,0,27,78,9,0,33,4,76
2011-08-10 11:08:13,Normal,115,0,115,711474,19492,4364926,2936,359.7364671478261,26,78,11,0,21,89,5,0,24,1,90
2011-08-10 11:08:14,Normal,126,0,126,856501,5687,4676916,62930,401.376434031746,38,80,8,0,18,100,8,0,23,0,103
2011-08-10 11:08:15,Normal,95,0,95,856463,3249,3663862,22291,521.4452522105264,34,55,6,0,10,82,3,0,11,1,82
2011-08-10 11:08:16,Normal,77,0,77,720911,15796,2869169,5215,680.9778632207791,30,43,4,0,5,70,2,0,8,1,68
2011-08-10 11:08:17,Normal,99,0,99,769628,3692,3975804,49875,539.2489188181819,35,58,6,0,18,80,1,0,18,0,81
2011-08-10 11:08:18,Normal,96,0,96,976134,46950,3567634,14985,552.6407105729166,40,45,11,0,7,86,2,1,10,2,84
2011-08-10 11:08:19,Normal,112,0,112,799242,17220,4365506,27965,397.243824,34,62,16,0,9,103,0,0,10,0,102
2011-08-10 11:08:20,Normal,96,0,96,608226,17989,3599570,18791,451.9480344270834,30,59,7,0,10,82,2,2,10,0,84
2011-08-10 11:08:21,Normal,95,0,95,1189760,16362,3337610,13814,745.010834968421,38,50,7,0,6,84,5,0,8,5,82
2011-08-10 11:08:22,Normal,87,3,90,795512,6801,3477303,33283,511.2047528888889,35,45,10,0,5,76,9,0,20,0,70
2011-08-10 11:08:23,Normal,106,0,106,801798,7375,4250093,14553,352.7987404150943,36,63,7,0,14,89,3,0,18,2,85
2011-08-10 11:08:24,Normal,107,0,107,849028,4342,3756185,2867,512.6369419906542,38,64,5,0,6,101,0,0,11,1,94
2011-08-10 11:08:25,Normal,97,0,97,949867,17828,3042068,36332,478.75161948453604,41,46,10,0,14,78,2,3,17,3,74
2011-08-10 11:08:26,Normal,110,0,110,1013006,19632,4103009,63924,444.19748641818177,40,62,8,0,17,91,2,0,18,2,90
2011-08-10 11:08:27,Attack,144,0,146,2525271,4433,4022521,41129,631.6186181027398,42,98,6,0,57,80,9,0,26,4,115
2011-08-10 11:08:28,Normal,102,0,102,776431,3685,3445616,38830,554.518181245098,33,60,9,0,21,81,0,0,22,1,79
2011-08-10 11:08:29,Normal,122,0,122,1242348,5444,3838138,62340,493.829805647541,44,71,7,0,35,83,4,0,35,3,84
2011-08-10 11:08:30,Attack,246,0,248,1423709,10541,11047181,60964,261.01341990322584,33,206,9,0,29,209,10,0,23,1,224
2011-08-10 11:08:31,Normal,80,0,80,784028,54250,2954246,991,465.1855444875,40,33,7,0,4,76,0,0,5,2,73
2011-08-10 11:08:32,Normal,122,3,125,1607050,49823,4111287,15674,767.8859394160002,45,71,9,0,23,99,3,0,9,5,111
2011-08-10 11:08:33,Normal,90,0,90,1071643,15372,2997264,55334,914.0052502666668,46,37,7,0,9,78,3,0,8,4,78
2011-08-10 11:08:34,Normal,98,0,98,793967,43003,3270504,14133,623.425442,30,63,5,0,10,83,5,0,12,2,84
2011-08-10 11:08:35,Attack,123,0,124,1266775,18610,4906464,54569,484.45948637096774,39,70,15,0,15,105,4,0,12,1,111
2011-08-10 11:08:36,Attack,102,3,106,882285,3677,4146899,55461,475.76941179245273,29,71,6,0,10,92,4,0,11,3,91
2011-08-10 11:08:37,Normal,102,0,102,1129748,18503,3530204,24988,498.04609566666653,40,53,9,0,7,94,1,0,12,6,84
2011-08-10 11:08:38,Attack,119,0,120,1318915,14619,4123481,6693,617.5496832916666,46,65,9,0,16,101,3,0,10,3,106
2011-08-10 11:08:39,Normal,94,0,94,800840,16347,3372644,30786,642.2401499042553,24,60,10,0,14,77,3,0,16,0,78
2011-08-10 11:08:40,Normal,117,0,117,797006,21155,4621564,10257,510.44283998290604,41,66,10,0,9,98,10,0,20,0,97
2011-08-10 11:08:41,Normal,102,0,102,1409721,2027,3511560,51188,771.958575156863,46,51,5,0,14,86,2,0,10,2,89
2011-08-10 11:08:42,Normal,111,3,114,1069020,18798,4113654,55861,608.835442754386,43,64,7,0,5,98,11,0,12,1,101
2011-08-10 11:08:43,Normal,113,0,113,1642047,17550,3659377,64301,641.5095705132744,39,69,5,0,24,87,2,0,8,2,103
2011-08-10 11:08:44,Normal,158,0,158,1713483,20085,5820234,5860,506.92538243037967,49,105,4,0,39,117,2,0,21,1,136
2011-08-10 11:08:45,Normal,100,0,100,879411,6448,3710202,50568,624.3771861900001,35,57,8,0,17,77,6,0,20,0,80
2011-08-10 11:08:46,Attack,106,0,108,1246912,17837,3774965,49896,589.4076914259259,50,56,2,0,16,91,1,0,9,2,97
2011-08-10 11:08:47,Normal,108,0,108,1116085,5032,4217065,52776,522.4308684629628,37,61,10,0,16,89,3,0,16,3,88
2011-08-10 11:08:48,Attack,183,0,185,1901298,22764,7201626,54367,559.6999844648649,39,141,5,0,38,141,6,0,25,6,154
2011-08-10 11:08:49,Attack,106,0,107,985526,17421,3752871,12886,669.4674065514017,42,57,8,0,11,88,8,0,17,1,89
2011-08-10 11:08:50,Attack,156,0,158,1185161,20930,6372010,45020,533.5298836898734,46,104,8,0,25,130,3,0,28,0,130
2011-08-10 11:08:51,Normal,107,0,107,1319775,16536,3951377,8862,767.1563329158878,49,52,6,0,12,89,6,0,20,3,84
2011-08-10 11:08:52,Attack,106,3,110,985311,17452,4335508,14986,540.0632697545454,38,62,10,0,9,94,7,0,12,1,97
2011-08-10 11:08:53,Attack,99,0,100,1130806,16603,3358540,2619,467.08971391,33,56,11,0,17,81,2,0,10,1,89
2011-08-10 11:08:54,Normal,86,0,86,892072,16233,3005430,34818,809.0859453139534,37,41,8,0,5,81,0,0,6,1,79
2011-08-10 11:08:55,Normal,95,0,95,990955,3549,3258979,59073,757.3837690421052,33,54,8,0,18,76,1,0,6,0,87
2011-08-10 11:08:56,Attack,90,0,91,963473,38961,3488561,14393,722.3635732857142,35,50,6,0,7,80,4,0,6,2,81
2011-08-10 11:08:57,Attack,110,0,111,888380,4233,4346303,15716,394.7927153963964,35,67,9,0,11,95,5,0,15,2,94
2011-08-10 11:08:58,Normal,121,1,122,1119418,5973,4782931,64141,480.02424828688515,36,79,7,0,14,103,5,0,12,0,110
2011-08-10 11:08:59,Attack,334,0,336,994184,31262,17078114,54291,173.41522138988094,50,280,6,0,20,311,5,0,33,1,302
2011-08-10 11:09:00,Normal,170,0,170,1010128,11247,6991825,59049,382.0086541235294,54,107,9,0,21,148,1,0,41,2,126
2011-08-10 11:09:01,Normal,133,0,133,1108852,48934,4670535,14380,485.75952363157893,43,80,10,0,12,116,5,0,17,1,115
2011-08-10 11:09:02,Normal,89,3,92,829815,17288,3190544,2104,449.9340143369565,34,52,6,0,10,78,4,0,12,2,77
2011-08-10 11:09:03,Normal,107,0,107,940593,4186,3662870,48096,712.040185719626,33,64,10,0,12,91,4,0,18,0,89
2011-08-10 11:09:04,Normal,91,0,91,1616713,15030,2654900,43962,915.5285977692308,34,48,9,0,22,66,3,0,8,3,80
2011-08-10 11:09:05,Normal,125,0,125,1340486,5311,4542611,1931,562.029465488,43,71,11,0,15,108,2,0,9,2,114
2011-08-10 11:09:06,Normal,141,3,144,1588105,20990,4940366,30669,360.94808722222217,40,98,6,0,22,108,14,0,25,5,114
2011-08-10 11:09:07,Attack,113,0,114,1311249,4005,3803161,2960,508.6985677105263,43,59,12,0,19,90,5,0,16,2,96
2011-08-10 11:09:08,Normal,131,0,131,796995,18926,5503292,50195,507.35805309923666,36,85,10,0,15,110,6,0,24,2,105
2011-08-10 11:09:09,Normal,134,5,139,1408293,9839,5006929,61971,559.0287261366907,42,90,7,0,21,116,2,0,15,3,121
2011-08-10 11:09:10,Normal,134,0,134,1707193,3541,4277091,44389,576.769801522388,41,84,9,0,32,99,3,0,17,2,115
2011-08-10 11:09:11,Normal,153,57,210,1201253,24051,8570550,16219,365.2025924380953,31,174,5,0,55,143,12,0,58,2,150
2011-08-10 11:09:12,Normal,166,84,250,1721797,23992,10024451,30055,336.115302168,47,189,14,0,64,170,16,0,67,2,181
2011-08-10 11:09:13,Normal,237,78,315,2159480,14687,12443461,59540,343.0457763079364,42,269,4,0,85,192,38,0,90,5,220
2011-08-10 11:09:14,Normal,147,6,153,1499230,18455,5723537,27265,494.100018372549,44,102,7,0,35,115,3,0,26,1,126
2011-08-10 11:09:15,Attack,159,1,162,1383088,18768,6674936,62066,616.769835808642,45,110,7,0,19,137,6,0,18,2,142
2011-08-10 11:09:16,Normal,97,0,97,752026,3991,3779313,60484,520.8277207216495,29,63,5,0,11,84,2,0,12,1,84
2011-08-10 11:09:17,Attack,141,4,146,1943053,16604,5047372,43659,655.3326332808218,46,88,12,0,33,106,7,0,19,0,127
2011-08-10 11:09:18,Normal,120,1,121,1152467,18133,4111607,16743,521.6004518677686,30,83,8,0,27,89,5,0,18,1,102
2011-08-10 11:09:19,Normal,113,0,113,786669,18113,4300288,64115,518.4717017345133,30,72,11,0,4,107,2,0,6,0,107
2011-08-10 11:09:20,Normal,100,0,100,1026747,17947,3628142,64907,725.5938207900002,33,54,13,0,9,87,3,1,7,2,90
2011-08-10 11:09:21,Normal,135,0,135,1122080,4851,5156424,39848,640.966335162963,34,90,11,0,24,108,3,0,21,0,114
2011-08-10 11:09:22,Attack,163,3,167,929932,21292,6854931,29779,398.99939134730545,38,123,6,0,29,110,25,3,51,1,112
2011-08-10 11:09:23,Attack,160,0,161,935893,20948,6585841,23826,338.56660042236024,38,116,7,0,44,115,2,0,47,1,113
2011-08-10 11:09:24,Normal,121,2,123,1163457,17382,4376370,15003,586.8328619756097,40,75,8,0,17,102,4,0,16,2,105
2011-08-10 11:09:25,Normal,128,0,128,1243572,17380,4226658,20985,551.0545892890625,35,83,10,0,22,103,2,1,17,0,110
2011-08-10 11:09:26,Attack,93,0,95,694355,10864,3595615,50075,520.362451505263,29,65,1,0,7,84,4,0,10,2,83
2011-08-10 11:09:27,Attack,107,0,109,1166849,4506,3854865,3682,583.3276130458714,28,71,10,0,18,87,4,0,13,5,91
2011-08-10 11:09:28,Attack,106,0,108,986461,17522,3898533,11375,823.745299638889,31,72,5,0,18,88,2,0,10,4,94
2011-08-10 11:09:29,Normal,64,0,64,644237,15525,2021904,37129,797.95124859375,30,27,7,0,8,55,1,0,8,2,54
2011-08-10 11:09:30,Attack,104,0,108,1229275,17391,3556080,18431,531.7176646574073,37,59,12,0,12,93,3,0,15,3,90
2011-08-10 11:09:31,Normal,103,0,103,749280,17636,3871748,23748,462.061193514563,36,54,13,0,4,99,0,0,5,1,97
2011-08-10 11:09:32,Normal,102,3,105,1153010,37278,3382992,20499,863.668994304762,43,54,8,0,10,94,1,0,10,2,93
2011-08-10 11:09:33,Normal,129,0,129,1240249,27786,4942028,47729,438.0747063488372,52,69,8,0,18,109,2,0,29,1,99
2011-08-10 11:09:34,Normal,87,3,90,823361,16681,3196201,7513,647.7526455555555,40,44,6,0,4,84,2,0,6,0,84
2011-08-10 11:09:35,Normal,93,0,93,908012,3133,2980973,58131,608.3275692473119,32,53,8,0,10,82,1,0,7,1,85
2011-08-10 11:09:36,Attack,111,3,115,1153173,52828,4725731,14131,440.9909361826087,57,55,3,0,8,104,3,0,28,4,83
2011-08-10 11:09:37,Normal,87,0,87,947012,16266,3069019,46878,559.8351307011495,30,52,5,0,13,74,0,0,7,5,75
2011-08-10 11:09:38,Normal,124,0,124,1111816,4917,3868278,58590,591.8384091048388,37,77,10,0,30,92,2,0,29,2,92
2011-08-10 11:09:39,Normal,103,0,103,1181814,59749,3838115,13361,806.101952262136,49,47,7,0,4,94,5,0,5,2,96
2011-08-10 11:09:40,Normal,93,0,93,1047219,65298,2909059,61156,544.0117193118281,27,61,5,0,18,72,3,0,20,3,70
2011-08-10 11:09:41,Normal,168,0,168,1001379,20589,6895647,22356,405.9012879166667,42,112,14,0,47,118,3,0,52,2,114
2011-08-10 11:09:42,Normal,144,3,147,1069956,18986,5822665,6075,492.1736488911565,48,93,6,0,19,125,3,0,23,2,120
2011-08-10 11:09:43,Normal,143,0,143,1142964,55900,5341619,14141,550.935709958042,39,96,8,0,44,98,1,0,38,3,102
2011-08-10 11:09:44,Normal,84,0,84,750425,15936,3081756,40719,384.96617978571425,30,45,9,0,5,77,2,0,11,1,72
2011-08-10 11:09:45,Normal,66,0,66,761190,14399,2314776,58866,475.1650063636364,38,17,11,0,4,62,0,0,7,0,59
2011-08-10 11:09:46,Attack,127,0,128,1273819,54805,4417228,60761,584.4587225390626,36,79,13,0,19,106,3,0,14,3,111
2011-08-10 11:09:47,Normal,106,0,106,1109875,17864,3728242,47043,571.5073741603774,38,58,10,0,15,89,2,0,14,3,88
2011-08-10 11:09:48,Attack,99,0,100,981113,17909,3400721,25192,448.61877147000007,49,44,7,0,11,88,1,0,11,2,87
2011-08-10 11:09:49,Normal,131,11,142,1250726,8028,5007210,52394,669.7266767464788,50,87,5,0,31,103,8,0,33,2,107
2011-08-10 11:09:50,Normal,108,4,112,689656,9065,4246465,63398,337.14254077678567,29,78,5,0,20,84,8,0,34,3,75
2011-08-10 11:09:51,Normal,118,0,118,709138,5768,4274485,1111,407.9638236186441,33,79,6,0,30,86,2,0,31,1,85
2011-08-10 11:09:52,Normal,118,3,121,911085,17608,4579535,11353,432.3133132892562,44,69,8,0,22,96,3,0,22,2,97
2011-08-10 11:09:53,Normal,88,0,88,780736,2836,3028148,1116,554.6797740340909,33,46,9,0,11,73,4,0,12,1,74
2011-08-10 11:09:54,Normal,81,0,81,955259,15153,2880505,38832,779.0279026666666,49,29,3,0,6,73,2,0,4,1,75
2011-08-10 11:09:55,Normal,80,0,80,689892,16196,2906849,48713,593.6853626625,30,45,5,0,6,70,4,0,13,1,65
2011-08-10 11:09:56,Attack,92,0,93,925674,16994,3120875,7793,665.343509107527,42,41,10,0,12,80,1,0,11,2,79
2011-08-10 11:09:57,Normal,100,0,100,795727,18315,3479677,60603,557.62397937,32,56,12,0,18,77,5,0,22,1,77
2011-08-10 11:09:58,Attack,97,0,99,1218008,16542,3143690,41400,796.8041931818182,47,43,9,0,8,90,1,0,10,3,86
2011-08-10 11:09:59,Normal,103,0,103,838697,6256,4365687,42317,451.3589413009709,29,67,7,0,9,87,7,0,21,2,80
2011-08-10 11:10:00,Normal,89,0,89,866639,16450,3504070,27517,557.071216764045,34,46,9,0,2,85,2,0,7,2,80
2011-08-10 11:10:01,Normal,134,12,146,878267,20220,5680759,28696,436.4726083493151,37,104,5,0,28,116,2,0,28,1,117
2011-08-10 11:10:02,Normal,116,4,120,816947,6348,4226588,55995,329.3015261333333,35,79,6,0,15,103,2,0,22,0,98
2011-08-10 11:10:03,Normal,90,16,106,788248,4988,4443470,27321,377.3054876132075,32,63,11,0,16,84,6,0,24,1,79
2011-08-10 11:10:04,Attack,79,4,84,729757,17288,3156738,65590,861.0560196071428,29,44,11,0,16,65,3,0,17,1,65
2011-08-10 11:10:05,Attack,90,28,120,1067568,3984,4043312,52896,523.6719295166666,41,67,12,0,19,92,9,0,24,3,93
2011-08-10 11:10:06,Attack,83,3,90,979371,15127,2939218,60141,681.0668051888888,28,52,10,0,11,78,1,0,10,2,78
2011-08-10 11:10:07,Normal,88,2,90,855615,2275,3349231,4887,539.9625758555557,41,40,9,0,9,80,1,0,11,4,75
2011-08-10 11:10:08,Normal,73,0,73,1004142,15230,2211201,40637,639.658621589041,27,38,8,0,8,62,3,0,5,3,65
2011-08-10 11:10:09,Normal,92,0,92,779229,19350,3295349,39980,639.5898630869565,34,45,13,0,18,68,6,0,21,1,70
2011-08-10 11:10:10,Normal,169,0,169,1164353,22156,6713593,62387,385.99061923668637,33,132,4,0,12,148,9,0,10,3,156
2011-08-10 11:10:11,Attack,98,0,99,1239727,4573,3258082,2522,701.3427394747474,26,66,7,0,26,69,4,0,17,2,80
2011-08-10 11:10:12,Normal,127,4,131,1070135,6412,4833033,59601,587.3702336030534,53,75,3,0,11,113,7,0,19,3,108
2011-08-10 11:10:13,Normal,142,0,142,1281832,6852,5937635,66295,365.087492443662,40,92,10,0,23,116,3,0,16,4,122
2011-08-10 11:10:14,Attack,94,2,97,811940,17944,3431059,60095,481.03474798969074,40,49,8,0,9,85,3,0,18,1,77
2011-08-10 11:10:15,Normal,100,0,100,836441,17055,3683000,17748,658.7522259000001,40,53,7,0,12,87,1,0,12,2,86
2011-08-10 11:10:16,Attack,84,0,85,972057,15885,2817886,1892,589.4883880117648,28,42,15,0,9,72,4,0,10,2,73
2011-08-10 11:10:17,Normal,97,0,97,1072524,17010,2882499,18534,724.7678091443298,48,42,7,0,7,88,2,0,12,1,83
2011-08-10 11:10:18,Normal,89,0,89,916369,10610,3228462,44024,677.9812917977528,33,47,9,0,7,80,2,0,5,2,82
2011-08-10 11:10:19,Normal,94,0,94,1323023,15230,3210390,35577,781.3341792234041,41,38,15,0,8,84,2,0,5,4,85
2011-08-10 11:10:20,Attack,86,0,88,864782,17487,3226647,29465,435.9793061931818,33,47,8,0,8,77,2,1,12,2,73
2011-08-10 11:10:21,Attack,139,0,147,1705009,19378,4835463,15486,450.3807618435374,43,94,10,0,37,101,8,1,26,2,117
2011-08-10 11:10:22,Attack,131,3,151,688673,8649,5395555,55790,358.22174950331123,35,107,9,0,20,122,6,3,34,0,114
2011-08-10 11:10:23,Normal,143,0,143,2002659,16716,5026994,38699,508.476360937063,38,97,8,0,28,106,9,0,12,3,127
2011-08-10 11:10:24,Normal,84,0,84,1093698,15788,3118902,8984,665.0349591071428,36,42,6,0,12,69,3,0,8,0,76
2011-08-10 11:10:25,Normal,129,0,129,1139961,19541,4833112,2860,539.1450878217055,40,80,9,0,10,115,4,0,16,1,112
2011-08-10 11:10:26,Attack,100,0,101,1306841,17456,3459305,20101,711.8867535346535,40,52,9,0,9,82,10,0,16,0,85
2011-08-10 11:10:27,Normal,137,0,137,1003697,18575,5413240,63038,577.7841166861315,33,94,10,0,13,116,8,0,17,0,120
2011-08-10 11:10:28,Normal,145,0,145,1315457,19182,5317389,60227,407.05317737931034,43,91,11,0,23,119,3,0,27,1,117
2011-08-10 11:10:29,Normal,159,2,161,1010547,20682,7223203,26754,443.0134122546584,45,113,3,0,33,115,13,0,43,1,117
2011-08-10 11:10:30,Normal,169,4,173,796702,8842,7202474,4617,378.87370283237,49,118,6,0,11,159,3,0,31,0,142
2011-08-10 11:10:31,Normal,128,0,128,1145638,19776,4662444,54090,643.0387500468751,56,65,7,0,16,111,1,0,18,1,109
2011-08-10 11:10:32,Normal,220,3,223,1343888,11545,8155242,57036,311.5233854573992,40,178,5,0,81,136,6,0,79,4,140
2011-08-10 11:10:33,Normal,113,0,113,829716,4614,4222801,25432,627.4976298938053,31,71,11,0,19,90,4,0,18,0,95
2011-08-10 11:10:34,Normal,108,2,110,884851,3983,4374609,47435,466.41270301818184,45,58,7,0,9,100,1,0,15,0,95
2011-08-10 11:10:35,Normal,76,0,76,951651,14638,2817544,47727,913.4216326578946,34,34,8,0,12,64,0,0,6,1,69
2011-08-10 11:10:36,Attack,102,3,106,907146,4034,3715997,61856,469.122325735849,36,67,3,0,16,87,3,0,12,2,91
2011-08-10 11:10:37,Normal,98,0,98,859332,16587,3843533,27028,702.5560177755102,43,49,6,0,7,88,3,0,12,1,85
2011-08-10 11:10:38,Normal,81,0,81,922835,15274,2969764,51390,745.5687090493827,33,43,5,0,5,74,2,0,11,1,69
2011-08-10 11:10:39,Normal,94,0,94,1088111,16479,3643020,28329,449.947705574468,40,43,11,0,8,82,4,0,14,2,78
2011-08-10 11:10:40,Attack,117,0,118,1034614,4828,4342362,49254,701.7855307627118,51,59,8,0,14,101,3,0,21,0,97
2011-08-10 11:10:41,Normal,137,4,141,1050699,18350,5856747,22533,501.88894890070935,41,88,12,0,5,130,6,0,9,0,132
2011-08-10 11:10:42,Normal,119,4,123,1068178,19207,4617231,42987,539.1338028130082,36,75,12,0,14,102,7,0,10,0,112
2011-08-10 11:10:43,Normal,147,0,147,1616623,4498,5277196,46122,664.157666877551,39,97,11,0,25,105,17,0,22,0,125
2011-08-10 11:10:44,Normal,104,0,104,1169433,16931,3846893,39429,798.8989702307692,48,45,11,0,12,87,5,0,15,1,88
2011-08-10 11:10:45,Normal,198,0,198,1154327,22186,8715669,10925,316.38227110606056,38,145,15,0,10,169,19,0,12,2,184
2011-08-10 11:10:46,Attack,110,0,111,1138354,17887,3945559,22156,733.2147716126125,44,59,8,0,16,93,2,0,16,2,93
2011-08-10 11:10:47,Attack,138,0,139,1289994,18774,4900548,54913,465.3962237194244,43,87,9,0,27,110,2,0,28,2,109
2011-08-10 11:10:48,Attack,109,0,110,1056781,18704,4486792,65372,517.2219887454545,43,60,7,0,12,95,3,0,12,2,96
2011-08-10 11:10:49,Attack,92,0,95,1029659,2996,3421227,34837,690.9443757684209,36,52,7,0,19,73,3,0,16,0,79
2011-08-10 11:10:50,Attack,100,0,101,865197,17828,3272300,46077,641.5960992178218,30,65,6,0,18,80,3,0,18,1,82
2011-08-10 11:10:51,Attack,113,0,114,1046155,4681,4279923,64665,507.4240014210527,34,68,12,0,22,88,4,0,27,1,86
2011-08-10 11:10:52,Normal,155,3,158,1186568,7068,6303535,59856,453.34262556329116,37,117,4,0,37,118,3,0,36,1,121
2011-08-10 11:10:53,Normal,112,0,112,1172905,3413,4056215,48802,645.3339818392857,31,74,7,0,14,93,5,0,5,2,105
2011-08-10 11:10:54,Normal,107,0,107,1246404,17511,3862620,30862,607.0098706728973,39,61,7,0,10,94,3,0,7,3,97
2011-08-10 11:10:55,Normal,209,1,210,1408679,26395,8619976,21133,345.02404826190474,31,174,5,0,49,154,7,0,53,2,155
2011-08-10 11:10:56,Normal,126,0,126,1172142,5203,4894275,47873,512.3819673730159,31,93,2,0,11,110,5,0,14,0,112
2011-08-10 11:10:57,Normal,140,0,140,2151391,17349,3996590,39701,620.2229932928572,36,98,6,0,40,93,7,0,8,0,132
2011-08-10 11:10:58,Normal,194,0,194,4500863,19104,3998350,7539,1166.5039868865979,36,153,5,0,86,99,8,1,4,3,187
2011-08-10 11:10:59,Normal,135,0,135,1580146,39178,4937081,6768,484.6485222592593,39,86,10,0,43,85,7,0,29,2,104
2011-08-10 11:11:00,Normal,255,0,255,1060181,24811,12324423,34351,236.63225267058823,44,201,10,0,13,238,4,0,17,1,237
2011-08-10 11:11:01,Attack,131,0,132,855374,7416,4390061,6147,280.1750058409091,26,99,7,0,26,105,1,0,43,6,83
2011-08-10 11:11:02,Normal,156,3,159,950807,22090,4003861,1041,313.6284521572327,41,112,6,0,26,132,1,0,75,1,83
2011-08-10 11:11:03,Normal,206,0,206,909672,26317,5232559,43600,244.5384867621359,39,161,6,0,17,186,3,0,97,3,105
2011-08-10 11:11:04,Normal,220,0,220,892099,26215,4090355,55580,210.85923175000002,44,166,10,0,6,214,0,0,134,2,84
2011-08-10 11:11:05,Normal,110,0,110,1043802,3479,4013870,1541,698.7717294545453,45,52,13,0,6,102,2,0,5,3,102
2011-08-10 11:11:06,Normal,99,3,102,985689,15930,3450916,21272,541.1964131764705,51,46,5,0,11,87,4,0,12,1,88
2011-08-10 11:11:07,Normal,78,0,78,942170,14798,2788269,32584,756.6742503846154,38,35,5,0,9,66,3,0,8,1,69
2011-08-10 11:11:08,Normal,123,0,123,828826,18594,4907965,65050,372.06669856910577,35,81,7,0,13,103,7,0,18,1,104
2011-08-10 11:11:09,Normal,132,0,132,744857,21423,5298662,47491,244.6953558636364,35,88,9,0,32,93,7,0,43,1,88
2011-08-10 11:11:10,Normal,168,0,168,1514850,6124,6239446,34463,478.78046680952383,36,127,5,0,37,126,5,0,21,1,146
2011-08-10 11:11:11,Attack,87,0,89,1102514,4222,2825779,65909,713.1157011797752,24,59,6,0,17,69,3,0,10,2,76
2011-08-10 11:11:12,Normal,95,3,98,838743,17603,3768816,15509,307.53166085714287,46,51,1,0,8,89,1,0,11,0,87
2011-08-10 11:11:13,Normal,138,0,138,1097899,5697,5430667,66249,602.6863276811595,43,88,7,0,12,126,0,0,6,2,130
2011-08-10 11:11:14,Attack,130,0,131,1390641,17934,3670368,6354,602.1220974045801,36,88,7,0,24,103,4,0,26,4,100
2011-08-10 11:11:15,Normal,100,0,100,921145,17645,3571965,25402,416.52751831999996,37,57,6,0,9,88,3,0,11,4,84
2011-08-10 11:11:16,Normal,98,0,98,1106757,16512,3321604,3463,739.5559859591837,35,54,9,0,12,84,2,0,4,1,93
2011-08-10 11:11:17,Normal,93,0,93,1285160,16073,3006595,3546,807.7114245806451,39,50,4,0,16,75,2,0,8,1,83
2011-08-10 11:11:18,Normal,124,2,126,759975,6909,4949230,50440,311.91484112698413,24,95,7,0,21,103,1,1,19,0,107
2011-08-10 11:11:19,Normal,82,0,82,1046954,14611,2705091,23981,835.1566233658535,40,34,8,0,6,73,3,0,7,1,74
2011-08-10 11:11:20,Normal,116,0,116,981785,17539,4022869,33265,456.35187578448273,30,73,13,0,9,103,3,1,9,1,105
2011-08-10 11:11:21,Attack,130,0,131,1040862,18168,5113148,46753,485.9705214427481,41,81,9,0,12,113,4,2,14,3,112
2011-08-10 11:11:22,Normal,113,3,116,1021302,17493,4671087,18158,413.9442123362068,45,67,4,0,15,97,3,1,18,2,94
2011-08-10 11:11:23,Normal,139,0,139,1951509,7191,4374412,58667,753.6746240431655,36,93,10,0,23,104,11,1,16,1,119
2011-08-10 11:11:24,Normal,104,0,104,1001023,18120,3675216,37959,717.8894560480769,36,58,10,0,15,87,2,0,13,2,88
2011-08-10 11:11:25,Attack,176,0,177,859763,20376,7297620,36630,419.00389082485873,44,125,8,0,30,143,4,0,37,0,140
2011-08-10 11:11:26,Normal,141,0,141,1132842,48618,5275285,19439,462.2907618368795,44,92,5,0,25,110,6,0,25,1,115
2011-08-10 11:11:27,Normal,95,0,95,1034013,16561,3159076,44960,697.4195297578947,29,59,7,0,17,74,4,0,14,0,80
2011-08-10 11:11:28,Normal,118,0,118,1699706,39516,3946526,27395,613.8088958474577,32,79,7,0,27,88,3,0,6,1,110
2011-08-10 11:11:29,Normal,90,0,90,1173373,3923,3236441,2819,1045.8486016444444,38,48,4,0,11,76,3,0,13,1,76
2011-08-10 11:11:30,Normal,78,1,79,870277,14641,2705314,22605,772.3039873037975,37,35,7,0,7,71,1,0,5,2,71
2011-08-10 11:11:31,Normal,94,1,95,815459,2441,3282471,41074,538.4369627789473,37,46,12,0,5,89,1,0,10,3,82
2011-08-10 11:11:32,Attack,139,3,144,1008322,7249,5497228,3087,406.02824583333336,35,103,6,0,26,114,4,0,25,5,114
2011-08-10 11:11:33,Attack,128,0,134,1121368,39208,4825121,2863,528.6786508731343,47,76,11,0,10,117,6,1,15,4,114
2011-08-10 11:11:34,Normal,100,0,100,1297506,2932,3511153,3337,760.6119603400001,38,55,7,0,26,72,2,0,15,5,80
2011-08-10 11:11:35,Attack,166,0,167,866106,8752,6098518,2051,327.4618683113772,34,130,3,0,31,135,1,0,51,0,115
2011-08-10 11:11:36,Normal,111,3,114,976716,4190,3920170,2823,708.3307165000001,37,70,7,0,13,98,3,0,15,1,96
2011-08-10 11:11:37,Attack,111,0,112,1030434,3895,3802595,34622,532.1175002232143,45,59,8,0,15,97,0,0,19,3,88
2011-08-10 11:11:38,Normal,125,0,125,708035,5332,5317526,40885,387.63412436799996,35,85,5,0,22,99,4,0,26,1,98
2011-08-10 11:11:39,Normal,152,0,152,870359,7763,6505553,42152,397.920934006579,39,104,9,0,12,130,10,0,25,1,126
2011-08-10 11:11:40,Normal,121,0,121,924274,18438,4462406,42268,471.8812759338843,37,75,9,0,20,96,5,0,29,0,92
2011-08-10 11:11:41,Attack,111,0,112,993007,6384,4129163,3994,352.95082047321426,34,71,7,0,13,94,5,0,18,1,93
2011-08-10 11:11:42,Normal,139,3,142,1168280,7376,3827252,52055,568.1695092676056,50,81,11,0,14,124,4,0,58,2,82
2011-08-10 11:11:43,Normal,224,0,224,1071777,11477,9075301,60603,297.38336814732145,44,170,10,0,38,162,24,0,63,1,159
2011-08-10 11:11:44,Normal,163,0,163,756639,7734,6780961,43459,375.36236331901836,29,125,9,0,9,152,2,0,9,2,152
2011-08-10 11:11:45,Normal,118,0,118,1461112,3464,3994069,56028,734.6126586949151,31,77,10,0,29,84,5,0,12,1,105
2011-08-10 11:11:46,Normal,133,0,133,988196,19541,4870445,12515,476.86198342105274,53,73,7,0,25,105,3,0,30,1,101
2011-08-10 11:11:47,Normal,163,0,163,1738369,6359,5225611,19151,570.3820651165644,45,113,5,0,56,101,6,0,43,2,117
2011-08-10 11:11:48,Normal,105,0,105,1017387,17145,3751557,39350,679.6116953047621,34,66,5,0,18,85,2,0,12,1,91
2011-08-10 11:11:49,Normal,102,0,102,841147,18102,3736557,68407,489.0605162058823,37,55,10,0,7,95,0,0,10,4,88
2011-08-10 11:11:50,Normal,106,6,112,849820,18147,3855944,13401,489.2191092589286,30,72,10,0,16,90,6,0,24,1,87
2011-08-10 11:11:51,Attack,76,0,77,595187,17181,2926391,15161,300.93394294805194,28,41,8,0,10,66,1,0,17,0,60
2011-08-10 11:11:52,Normal,124,3,127,1025686,18226,4627661,49096,422.53672735433076,49,70,8,0,22,104,1,0,25,1,101
2011-08-10 11:11:53,Normal,91,6,97,842927,17699,3306412,9950,512.6093792783505,32,60,5,0,16,79,2,0,12,0,85
2011-08-10 11:11:54,Normal,121,0,121,951103,21899,4756242,54075,421.0592318347107,36,77,8,0,14,102,5,0,24,1,95
2011-08-10 11:11:55,Normal,103,0,103,756483,3472,4059639,63895,614.7169979514563,40,56,7,0,11,90,2,0,16,1,86
2011-08-10 11:11:56,Normal,98,0,98,775893,17248,3610445,30957,518.7440338469388,30,62,6,0,13,81,4,0,14,2,82
2011-08-10 11:11:57,Normal,117,2,119,960286,4073,4631588,57303,487.1812736134454,52,61,6,0,13,103,2,1,15,1,102
2011-08-10 11:11:58,Normal,109,0,109,1465489,2318,3655562,56004,768.4029411651378,34,60,15,0,20,86,3,0,16,4,88
2011-08-10 11:11:59,Attack,176,0,177,864193,9318,7537410,50155,356.9536894124294,37,133,7,0,23,151,3,0,24,2,150
2011-08-10 11:12:00,Attack,80,2,83,872485,18251,3098654,31581,531.5912752289157,37,37,9,0,10,68,5,0,15,2,64
2011-08-10 11:12:01,Attack,124,0,125,834494,6231,4951437,59693,505.745171232,36,81,8,0,17,98,10,0,21,2,101
2011-08-10 11:12:02,Normal,114,3,117,1140235,17720,4330077,6680,644.8781034358975,40,65,12,0,14,101,2,0,13,0,103
2011-08-10 11:12:03,Attack,109,0,110,988024,18075,3826720,15559,594.2221615090908,49,54,7,0,10,97,3,0,10,1,99
2011-08-10 11:12:04,Normal,104,0,104,876518,47255,4143328,3738,525.3149564711539,36,57,11,0,7,94,3,0,10,3,91
2011-08-10 11:12:05,Normal,125,0,125,1277044,19900,4348471,4466,553.2102209440001,40,78,7,0,20,97,8,0,21,1,103
2011-08-10 11:12:06,Attack,114,3,119,1247014,17774,3847263,45110,496.4993912941177,31,82,6,0,23,87,9,0,27,0,91
2011-08-10 11:12:07,Attack,138,0,139,847057,10534,6340803,3333,265.6756298129497,38,93,8,0,48,79,12,0,60,1,78
2011-08-10 11:12:08,Normal,100,0,100,921584,2575,3415148,60830,626.25806785,39,57,4,0,15,83,2,0,12,1,87
2011-08-10 11:12:09,Normal,167,0,167,1280656,20920,6871165,64099,428.59543286227535,36,126,5,0,28,134,5,0,20,1,145
2011-08-10 11:12:10,Normal,148,0,148,1566995,58620,5214375,2312,469.0457721824325,38,104,6,0,21,122,5,0,23,4,120
2011-08-10 11:12:11,Attack,119,0,120,907666,6983,4440554,42877,327.6470811166666,41,71,8,0,24,89,7,0,30,0,90
2011-08-10 11:12:12,Normal,154,3,157,2321792,18642,3856156,45903,676.5482405668789,35,115,7,0,52,95,8,2,24,3,130
2011-08-10 11:12:13,Normal,158,0,158,2752442,20426,3486854,35265,855.1374729493671,40,110,8,0,65,85,7,1,28,0,129
2011-08-10 11:12:14,Normal,128,0,128,1047932,65611,4679027,1643,424.649899171875,41,73,14,0,18,108,2,0,23,0,105
2011-08-10 11:12:15,Attack,88,0,89,758467,3931,3079008,60204,612.7259968539325,31,54,4,0,13,70,6,0,18,2,69
2011-08-10 11:12:16,Attack,120,0,122,1458045,17261,3466617,13602,790.4132531393444,40,74,8,0,28,86,8,0,26,4,91
2011-08-10 11:12:17,Normal,191,0,191,2185458,7102,5479391,2576,650.9712908167539,47,134,10,0,64,112,15,0,46,0,145
2011-08-10 11:12:18,Normal,207,0,207,1118698,23697,9240951,12758,316.6855132801932,38,159,10,0,20,183,4,0,24,3,180
2011-08-10 11:12:19,Normal,96,0,96,834595,13481,3458782,42912,553.65613153125,38,51,7,0,12,83,1,0,14,3,79
2011-08-10 11:12:20,Normal,118,0,118,695725,19333,4124119,15619,398.0819697627119,33,80,5,0,20,89,8,1,28,0,89
2011-08-10 11:12:21,Attack,109,0,110,739515,19542,4272395,23673,259.01703388181824,39,60,11,0,12,93,4,1,17,1,90
2011-08-10 11:12:22,Normal,98,3,101,937764,17134,3838813,7840,551.8624543960397,35,58,8,0,14,83,3,1,16,2,82
2011-08-10 11:12:23,Normal,96,2,98,776136,4064,3647837,40097,353.9199826224489,34,55,9,0,10,86,2,0,16,2,80
2011-08-10 11:12:24,Normal,115,0,115,1059366,17747,3992479,63356,433.20648152173914,33,70,12,0,20,94,1,0,17,2,96
2011-08-10 11:12:25,Normal,105,0,105,836848,6775,3730071,46480,497.69900920952387,39,59,7,0,11,88,6,0,20,2,83
2011-08-10 11:12:26,Attack,111,0,112,848640,6988,3711525,15702,676.4399337678572,40,65,7,0,18,89,5,0,28,0,84
2011-08-10 11:12:27,Normal,120,3,123,703270,9427,5032540,1192,458.9588426260163,38,77,8,0,10,108,5,0,28,0,95
2011-08-10 11:12:28,Normal,114,2,116,892478,64615,4216257,44934,545.0502375344828,38,72,6,0,15,95,4,2,21,2,91
2011-08-10 11:12:29,Normal,158,0,158,769415,20760,6930328,24768,368.1651768481013,47,100,11,0,7,148,3,0,17,0,141
2011-08-10 11:12:30,Normal,94,0,94,830881,17433,3456980,53944,382.48653059574457,40,46,8,0,6,87,1,0,9,1,82
2011-08-10 11:12:31,Attack,116,0,117,760927,45191,4620810,13881,595.9944197350429,43,68,6,0,24,92,1,0,29,2,86
2011-08-10 11:12:32,Normal,125,3,128,1219056,17342,4692794,55341,501.00086811718745,46,69,13,0,14,108,6,0,28,1,99
2011-08-10 11:12:33,Normal,209,0,209,879152,25959,8742075,2749,286.11809573205744,44,156,9,0,49,147,13,0,69,0,140
2011-08-10 11:12:34,Normal,115,0,115,671718,7022,4695012,50815,420.8306791826087,38,69,8,0,13,96,6,0,24,1,89
2011-08-10 11:12:35,Normal,109,0,109,901780,39609,4111613,57442,548.2849096788991,38,53,18,0,6,102,1,0,10,1,97
2011-08-10 11:12:36,Normal,82,3,85,672142,2328,3496547,45772,613.9553121529411,36,39,10,0,6,74,3,2,12,0,73
2011-08-10 11:12:37,Normal,135,0,135,782403,19583,5399777,61594,488.1994627925926,37,90,8,0,18,115,2,0,22,0,110
2011-08-10 11:12:38,Normal,94,0,94,867123,3479,3354962,37541,658.871101531915,37,51,5,0,13,76,4,0,12,1,79
2011-08-10 11:12:39,Normal,101,0,101,803046,4764,3814260,34333,500.2801986633663,38,53,10,0,12,88,1,0,11,0,90
2011-08-10 11:12:40,Normal,81,0,81,717240,15613,2997633,43756,645.8427435679014,40,34,7,0,8,69,4,0,12,0,69
2011-08-10 11:12:41,Attack,149,0,150,910658,7675,6252531,51297,395.2551542533333,41,104,5,0,40,105,5,0,46,0,104
2011-08-10 11:12:42,Normal,105,3,108,869780,17071,4289432,52686,580.1861725555556,39,58,11,0,9,95,4,0,16,0,92
2011-08-10 11:12:43,Normal,144,0,144,1120982,19546,4502008,40649,475.98917687499994,45,90,9,0,15,124,5,0,33,0,108
2011-08-10 11:12:44,Normal,178,0,178,803590,23433,7326867,8520,317.5272137303371,37,133,8,0,7,165,6,0,19,0,159
2011-08-10 11:12:45,Attack,85,0,86,759917,15866,3204794,19652,557.353745755814,33,41,12,0,5,81,0,0,6,0,80
2011-08-10 11:12:46,Normal,155,0,155,1161136,9595,6396838,3684,329.4045384645161,31,110,14,0,20,131,4,0,26,1,128
2011-08-10 11:12:47,Normal,116,0,116,1429851,49058,3779574,1030,690.4809445431035,38,68,10,0,24,80,12,0,25,2,89
2011-08-10 11:12:48,Normal,132,0,132,1166695,44598,5182022,54393,569.8988005833334,39,85,8,0,27,100,5,0,23,0,109
2011-08-10 11:12:49,Attack,115,0,116,1298712,18858,4179369,15971,677.6603334827587,54,58,4,0,16,94,6,0,20,0,96
2011-08-10 11:12:50,Attack,116,0,117,1336153,16912,4016864,36591,715.8135535128205,48,62,7,0,18,92,7,0,12,2,103
2011-08-10 11:12:51,Normal,116,0,116,967680,17610,4377300,60650,501.42530093965513,37,69,10,0,12,102,2,0,9,0,106
2011-08-10 11:12:52,Normal,158,5,163,1015192,22625,7121838,50948,396.16917650920243,35,118,10,0,79,82,2,0,75,1,87
2011-08-10 11:12:53,Attack,176,0,177,863903,12925,7540179,49286,397.97004810734467,36,133,8,0,37,128,12,0,54,0,123
2011-08-10 11:12:54,Normal,155,1,156,1098171,7364,5840803,51793,477.69180139743594,40,114,2,0,24,129,3,0,22,1,133
2011-08-10 11:12:55,Attack,107,57,165,1429539,44171,6465561,14134,533.9937007030303,33,122,10,0,36,119,10,0,29,1,134
2011-08-10 11:12:56,Normal,195,6,201,1445540,9842,7085330,11,442.320575761194,39,157,5,0,63,137,1,0,57,2,141
2011-08-10 11:12:57,Normal,112,0,112,769984,4710,4206499,49628,308.19601496428567,30,76,6,0,20,86,6,0,22,0,90
2011-08-10 11:12:58,Normal,95,0,95,1092698,5397,2905413,43376,741.5864239157894,30,60,5,0,22,66,7,0,25,3,67
2011-08-10 11:12:59,Normal,276,0,276,1309724,29602,11452873,20446,207.62225710869563,32,235,9,0,38,223,15,0,48,3,225
2011-08-10 11:13:00,Normal,116,0,116,1170653,16938,3426322,12835,541.4593405431034,40,66,10,0,16,84,16,0,36,2,78
2011-08-10 11:13:01,Normal,180,0,180,1225559,15055,5419433,55124,373.18519060000006,44,125,11,0,42,124,14,0,61,1,116
2011-08-10 11:13:02,Normal,201,5,206,2159123,24422,6238345,47972,437.72969942233027,46,155,5,0,58,133,15,0,51,0,155
2011-08-10 11:13:03,Normal,206,104,310,3359556,68426,10588426,10916,495.6459540290322,40,265,5,0,107,196,7,0,53,1,255
2011-08-10 11:13:04,Normal,155,0,155,1399200,27246,5131500,10916,574.2169651161291,39,106,10,0,32,117,6,0,36,1,117
2011-08-10 11:13:05,Attack,188,0,189,1283110,17764,5474421,53815,369.6642671798942,33,147,9,0,67,101,21,0,86,0,103
2011-08-10 11:13:06,Normal,166,8,174,901730,15640,6675960,50004,387.1540427873564,37,127,10,0,36,130,8,0,43,0,131
2011-08-10 11:13:07,Attack,201,3,207,929394,27031,7186658,5168,362.2740972028986,38,161,8,0,40,138,29,0,75,2,129
2011-08-10 11:13:08,Normal,228,0,228,874189,14003,8476755,61122,272.94598261842106,38,187,3,0,47,166,15,0,62,1,165
2011-08-10 11:13:09,Normal,139,0,139,1777996,6043,4085857,55599,731.1671132733813,35,97,7,0,34,95,10,0,24,0,115
2011-08-10 11:13:10,Normal,132,6,138,1263782,15226,4306812,14134,504.23036443478264,38,93,7,0,34,95,9,0,28,2,108
2011-08-10 11:13:11,Normal,137,3,140,1011557,9956,4768301,3781,467.2081678857142,46,87,7,0,22,109,9,0,28,3,109
2011-08-10 11:13:12,Normal,146,6,152,924338,10107,4438428,63868,300.21371147368416,33,112,7,0,47,95,10,0,54,0,98
2011-08-10 11:13:13,Normal,167,0,167,1143065,8429,6672870,57060,238.80280929940122,37,126,4,0,30,133,4,0,34,5,127
2011-08-10 11:13:14,Normal,163,0,163,1236563,16650,6277733,4358,310.5316165398773,33,117,13,0,36,122,5,0,37,1,125
2011-08-10 11:13:15,Attack,98,0,99,1088438,16736,3405496,29254,762.9476799595959,45,47,7,0,10,88,1,0,8,2,89
2011-08-10 11:13:16,Attack,116,0,117,1297662,36055,4221138,19702,590.2796492735043,46,65,6,0,11,101,5,0,8,0,108
2011-08-10 11:13:17,Normal,152,0,152,2041780,18346,5006006,10777,648.2268641513158,44,97,11,0,37,96,19,0,37,1,114
2011-08-10 11:13:18,Attack,129,0,130,1652037,18060,4448162,14197,594.3948969153846,38,79,13,0,22,107,1,0,10,4,116
2011-08-10 11:13:19,Normal,118,0,118,831541,16971,4821735,52024,494.39006692372874,31,76,11,0,14,104,0,0,9,2,107
2011-08-10 11:13:20,Normal,113,0,113,1286944,16315,4126877,56406,565.1971190088495,43,58,12,0,15,94,2,2,6,2,102
2011-08-10 11:13:21,Normal,112,0,112,1008008,18646,3965532,32027,629.3761967589286,38,62,12,0,5,103,3,1,9,0,101
2011-08-10 11:13:22,Attack,108,3,112,905803,20301,3928030,26527,676.8393230446428,38,66,8,0,17,92,3,0,22,0,90
2011-08-10 11:13:23,Attack,103,0,105,847091,17234,4041677,59275,317.1724631809523,32,69,4,0,12,87,6,0,17,0,88
2011-08-10 11:13:24,Normal,95,0,95,1012822,16247,3467448,2969,542.9004641894738,35,54,6,0,10,81,2,2,14,1,78
2011-08-10 11:13:25,Attack,96,0,97,873551,19081,3428382,59428,358.71583149484536,31,59,7,0,10,82,5,0,13,2,82
2011-08-10 11:13:26,Attack,91,0,92,817865,17452,3467907,4481,486.51976607608697,36,46,10,0,16,72,4,0,20,1,71
2011-08-10 11:13:27,Normal,124,2,126,1322089,16936,4520703,19258,505.2296800238095,32,85,9,0,19,103,4,0,13,3,110
2011-08-10 11:13:28,Normal,123,0,123,992791,6379,4127593,52300,549.2659214471545,42,74,7,0,29,91,3,0,28,1,94
2011-08-10 11:13:29,Normal,98,0,98,919033,3772,3517478,37282,573.7801341530612,31,62,5,0,16,78,4,0,15,0,83
2011-08-10 11:13:30,Attack,154,0,155,1032564,20058,5856872,36370,415.37058067096774,38,112,5,0,26,126,3,0,26,1,128
2011-08-10 11:13:31,Attack,133,0,135,1315130,19387,4689632,58007,520.5188675407408,37,91,7,0,32,99,4,0,23,1,111
2011-08-10 11:13:32,Attack,123,3,127,822068,6871,4644580,34558,467.7884880787403,35,84,8,0,27,90,10,0,38,0,89
2011-08-10 11:13:33,Attack,108,0,109,1152266,16537,3570772,32812,801.869488587156,43,56,10,0,20,89,0,0,10,1,98
2011-08-10 11:13:34,Normal,106,1,107,1168839,16215,3747063,2154,508.69964393457957,44,60,3,0,17,87,3,0,22,2,83
2011-08-10 11:13:35,Attack,126,0,127,1043169,7750,4880742,59848,440.69311381102364,38,84,5,0,32,88,7,0,34,3,90
2011-08-10 11:13:36,Attack,108,3,112,1239617,17302,3711691,15686,532.0347948125001,46,58,8,0,18,84,10,0,23,5,84
2011-08-10 11:13:37,Attack,125,0,126,928689,6271,4309359,51446,526.6022504444444,35,83,8,0,18,103,5,0,19,3,104
2011-08-10 11:13:38,Normal,236,0,236,1395250,25152,10214854,10098,341.76937256355933,39,191,6,0,44,178,14,0,54,6,175
2011-08-10 11:13:39,Normal,170,0,170,1223612,11321,7380222,59775,274.3910503529412,28,126,16,0,30,128,12,0,44,11,115
2011-08-10 11:13:40,Normal,118,0,118,1038599,4835,4481750,51043,445.95655997457635,39,72,7,0,18,95,5,0,20,1,97
2011-08-10 11:13:41,Normal,189,0,189,1156726,23275,6374978,61601,408.2788446243386,40,136,13,0,42,137,10,0,45,2,142
2011-08-10 11:13:42,Normal,154,3,157,1371004,11850,5737642,6889,473.0410057707005,39,113,5,0,28,121,8,0,29,8,120
2011-08-10 11:13:43,Normal,131,0,131,1612849,57944,4462501,14134,746.758833778626,49,74,8,0,21,104,6,0,12,1,118
2011-08-10 11:13:44,Normal,111,0,111,1311583,18518,3855930,25053,459.9237304864865,35,66,10,0,22,84,5,0,18,3,90
2011-08-10 11:13:45,Attack,116,0,117,837332,5540,4566616,36920,481.73621643589746,34,71,12,0,15,94,8,0,21,2,94
2011-08-10 11:13:46,Normal,107,0,107,1349775,17092,3625388,66044,682.245623364486,41,54,12,0,16,88,3,0,11,1,95
2011-08-10 11:13:47,Normal,134,0,134,1077480,18870,5437486,63061,524.140397358209,34,95,5,0,20,110,4,0,14,1,119
2011-08-10 11:13:48,Normal,154,0,154,1344242,21488,5179509,22719,528.2630357142857,41,108,5,0,45,100,9,0,36,0,118
2011-08-10 11:13:49,Normal,143,0,143,1233321,7416,5541805,43754,331.34435162237764,33,105,5,0,16,108,19,0,30,0,113
2011-08-10 11:13:50,Normal,137,0,137,1200401,18497,5070294,40675,561.0644613138686,45,84,8,0,16,113,8,0,20,0,117
2011-08-10 11:13:51,Normal,192,0,192,1349325,21561,7971690,19278,326.0984067916667,50,135,7,0,28,150,14,0,39,1,152
2011-08-10 11:13:52,Normal,186,3,189,1195921,10699,7791678,7827,234.46152222222224,31,146,12,0,12,160,17,0,29,9,151
2011-08-10 11:13:53,Normal,163,0,163,1431578,28274,5717458,2453,527.7018399079755,34,120,9,0,26,111,24,2,26,0,137
2011-08-10 11:13:54,Normal,193,0,193,1339110,11638,7583634,59380,358.7686095958549,44,138,11,0,46,122,25,0,66,4,123
2011-08-10 11:13:55,Attack,166,0,167,1103740,56696,5958922,14393,393.87598587425146,43,115,9,0,18,126,23,0,40,2,125
2011-08-10 11:13:56,Normal,127,0,127,1526566,16901,4072249,32487,520.9641426062992,41,78,8,0,16,105,6,0,14,3,109
2011-08-10 11:13:57,Normal,108,0,108,1219734,15779,4167101,63301,676.2576311481481,43,59,6,0,15,88,5,0,15,0,93
2011-08-10 11:13:58,Normal,96,0,96,1003728,18576,3498944,50585,630.0778975416666,28,56,12,0,12,80,4,0,12,2,82
2011-08-10 11:13:59,Normal,133,0,133,1114532,20279,4585400,42538,568.6814864436091,42,82,9,0,21,105,7,0,29,4,100
2011-08-10 11:14:00,Normal,144,0,144,950084,12390,5189441,2773,430.5762979722223,45,91,8,0,18,109,17,0,34,1,109
2011-08-10 11:14:01,Normal,114,0,114,903365,19448,4522952,17449,456.579755377193,35,71,8,0,16,98,0,0,13,1,100
2011-08-10 11:14:02,Normal,169,3,172,1009720,46084,7069147,14993,265.345760372093,24,138,10,0,43,126,3,0,40,3,129
2011-08-10 11:14:03,Normal,130,0,130,994216,18439,4786697,43147,414.11961323846157,53,66,11,0,17,108,5,0,24,0,106
2011-08-10 11:14:04,Normal,166,0,166,1082820,23624,6862516,8563,472.4101648855422,62,96,8,0,23,124,19,0,52,2,111
2011-08-10 11:14:05,Attack,150,0,151,1046129,20339,6278204,64252,242.5789355629139,44,101,6,0,13,134,4,0,19,4,128
2011-08-10 11:14:06,Attack,154,0,156,1394874,17563,6096631,19306,454.35664301282054,59,89,8,0,23,129,4,0,30,3,123
2011-08-10 11:14:07,Attack,128,3,136,1364124,4674,4540804,39194,698.8323576764706,35,94,7,0,44,82,10,0,39,3,94
2011-08-10 11:14:08,Attack,226,0,228,1452090,24073,9504254,53991,260.9109529298246,42,171,15,0,35,188,5,0,43,2,183
2011-08-10 11:14:09,Normal,165,0,165,1144502,20147,6749800,21808,605.4345341636364,36,119,10,0,15,145,5,0,16,1,148
2011-08-10 11:14:10,Normal,100,0,100,1000705,17293,3819159,59326,503.59298601,30,59,11,0,12,85,3,0,12,2,86
2011-08-10 11:14:11,Attack,177,0,180,931739,8837,8093112,2887,344.9298713777778,44,128,8,0,11,162,7,0,25,0,155
2011-08-10 11:14:12,Normal,155,3,158,795708,22019,6495443,65479,249.87511436075948,29,119,10,0,17,133,8,0,24,0,134
2011-08-10 11:14:13,Normal,97,0,97,943236,16352,3610765,50337,762.4238908762885,31,60,6,0,8,86,3,0,5,1,91
2011-08-10 11:14:14,Normal,96,0,96,844629,16266,3090759,10094,811.2875887395834,36,51,9,0,12,84,0,0,11,1,84
2011-08-10 11:14:15,Attack,97,0,98,1031188,17629,3259706,63384,597.2766236122449,35,54,9,0,14,81,2,1,9,1,87
2011-08-10 11:14:16,Attack,114,0,115,1241981,4418,4078659,40092,784.9944811913042,49,56,10,0,12,100,3,0,14,1,100
2011-08-10 11:14:17,Normal,110,0,110,1388349,18896,3621067,2577,644.291522009091,35,63,12,0,20,81,9,0,13,3,94
2011-08-10 11:14:18,Normal,128,0,128,1845016,17149,4357462,9082,856.9610015937501,42,74,12,0,21,105,2,0,5,3,119
2011-08-10 11:14:19,Normal,126,0,126,993065,17979,5289596,32586,656.5439242777779,40,80,6,0,15,106,5,0,19,0,107
2011-08-10 11:14:20,Attack,85,0,86,931064,16930,2823032,19394,802.0165949767442,43,33,10,0,9,74,1,2,14,1,68
2011-08-10 11:14:21,Normal,97,0,97,810400,16431,3608100,47948,768.6564707319588,31,59,7,0,12,84,0,1,8,1,87
2011-08-10 11:14:22,Attack,119,3,123,1625424,42002,4196086,18148,573.5687794065042,39,76,8,0,23,95,4,1,12,7,103
2011-08-10 11:14:23,Attack,91,0,93,1204988,44477,3165657,14905,564.5865088602151,31,58,4,0,13,71,9,0,11,2,80
2011-08-10 11:14:24,Attack,102,0,103,966291,17252,3760863,46858,451.95088129126214,26,67,10,0,15,84,4,0,21,3,79
2011-08-10 11:14:25,Attack,99,0,101,1623970,15007,3163311,61827,782.3995188712871,35,64,2,0,20,76,5,0,7,4,90
2011-08-10 11:14:26,Normal,117,0,117,1423869,5572,4472396,39939,651.449553008547,28,77,12,0,20,93,4,0,16,3,98
2011-08-10 11:14:27,Normal,92,0,92,872669,16976,3409193,62518,527.3832594673912,37,46,9,0,7,79,5,1,16,1,74
2011-08-10 11:14:28,Attack,121,0,122,1515507,17548,4009524,47869,768.121582532787,43,72,7,0,14,104,4,0,13,0,109
2011-08-10 11:14:29,Attack,116,0,117,874204,24651,4073402,13363,823.19933,38,69,10,0,19,97,1,0,19,0,98
2011-08-10 11:14:30,Normal,77,0,77,795792,15585,2851014,48303,557.6993460649351,35,38,4,0,7,68,2,0,9,2,65
2011-08-10 11:14:31,Normal,96,2,98,838359,16665,4015270,61852,573.6258927448979,35,56,7,0,13,84,1,0,13,0,85
2011-08-10 11:14:32,Normal,87,4,91,801042,16920,3328024,50254,578.8136279010989,36,50,5,0,9,80,2,0,14,1,75
2011-08-10 11:14:33,Normal,175,0,175,1967433,19610,6778453,44450,590.6879789657143,51,114,10,0,46,121,8,0,27,2,145
2011-08-10 11:14:34,Normal,170,3,173,1388581,9872,6854615,34084,439.2576756705202,42,125,6,0,19,110,44,0,50,1,122
2011-08-10 11:14:35,Attack,142,4,148,1268378,22514,6344316,14214,493.98339029054046,35,104,9,0,22,116,10,0,25,1,122
2011-08-10 11:14:36,Attack,116,0,117,1005211,17015,4533931,49371,507.6895201538461,32,76,9,0,15,101,1,0,12,6,99
2011-08-10 11:14:37,Normal,108,3,111,696641,18440,4494819,16123,443.38316196396397,26,78,7,0,27,81,3,0,30,2,79
2011-08-10 11:14:38,Normal,190,0,190,1372422,65532,7948474,8397,269.9123683789474,33,149,8,0,35,147,8,0,35,5,150
2011-08-10 11:14:39,Normal,123,0,123,1683911,16461,4029972,21277,808.186259691057,37,80,6,0,27,92,4,0,13,4,106
2011-08-10 11:14:40,Attack,114,0,115,1641086,5474,3416813,51397,478.7333577478262,37,68,10,0,23,82,10,0,20,3,92
2011-08-10 11:14:41,Normal,138,0,138,614372,10080,5957379,57121,352.78146183333337,31,102,5,0,51,80,7,0,58,1,79
2011-08-10 11:14:42,Attack,77,3,81,792262,2435,2870979,57195,558.588618074074,31,43,7,0,13,63,5,0,14,1,66
2011-08-10 11:14:43,Attack,119,0,121,886296,64061,4618489,32365,423.66416933057855,32,82,7,0,29,89,1,2,25,1,95
2011-08-10 11:14:44,Normal,114,0,114,858225,3785,4377188,54441,484.75152362280704,33,74,7,0,7,104,3,0,8,0,106
2011-08-10 11:14:45,Attack,89,0,90,702139,3721,3470652,53969,419.86525894444435,38,44,8,0,14,75,1,0,16,1,73
2011-08-10 11:14:46,Normal,115,0,115,1101865,18942,4568171,52795,453.58157028695655,41,69,5,0,21,90,4,0,19,6,90
2011-08-10 11:14:47,Normal,149,0,149,1372632,23079,5401276,34746,399.7366211073825,43,98,8,0,40,108,1,0,30,3,116
2011-08-10 11:14:48,Attack,128,0,129,1351432,19172,4750835,6296,744.144114364341,57,63,9,0,14,114,1,0,18,5,106
2011-08-10 11:14:49,Attack,90,0,92,1083272,16352,3023289,31455,624.0633501086957,46,40,6,0,4,81,5,2,11,3,78
2011-08-10 11:14:50,Attack,95,2,99,726327,56792,3428034,13497,597.57658,37,58,4,0,7,85,6,1,14,3,82
2011-08-10 11:14:51,Normal,132,0,132,1074295,6193,4865889,1512,572.3550240606061,45,80,7,0,14,110,8,0,20,1,111
2011-08-10 11:14:52,Normal,113,3,116,1004850,18316,4130460,4312,410.22160357758617,46,60,10,0,11,101,4,0,20,2,93
2011-08-10 11:14:53,Attack,128,3,133,855673,20603,4082982,20201,300.0057052481203,30,95,8,0,33,89,11,0,41,3,89
2011-08-10 11:14:54,Normal,124,0,124,1026785,4082,4584759,3088,648.5535761129032,45,76,3,0,8,112,4,0,15,3,106
2011-08-10 11:14:55,Attack,277,0,278,878655,14779,13199763,49407,180.6706459208633,48,217,13,0,37,221,20,0,60,0,218
2011-08-10 11:14:56,Attack,160,0,162,655338,9220,6899896,56545,378.44660448765427,33,118,11,0,23,102,37,0,68,1,93
2011-08-10 11:14:57,Normal,92,2,94,871045,53095,3613681,1294,627.591432925532,30,57,7,0,6,86,2,0,12,2,80
2011-08-10 11:14:58,Attack,102,0,103,991374,17232,3744929,1103,592.4743523980584,48,49,6,0,7,96,0,0,12,1,90
2011-08-10 11:14:59,Normal,89,0,89,1031717,2035,3006390,1107,636.7311120561798,38,46,5,0,10,78,1,0,6,1,82
2011-08-10 11:15:00,Normal,234,0,234,909740,10043,11445299,44636,261.68678752136753,34,189,11,0,13,219,0,2,10,4,220
2011-08-10 11:15:01,Attack,177,0,178,1293541,8355,6718578,2654,440.2886589550561,45,125,8,0,29,144,3,2,30,3,145
2011-08-10 11:15:02,Normal,141,3,144,1110029,13492,5591064,55766,516.1420860277779,51,85,8,0,7,135,2,0,12,2,130
2011-08-10 11:15:03,Attack,99,0,100,912657,4218,3350911,45781,613.82169188,41,54,5,0,11,81,8,0,14,1,85
2011-08-10 11:15:04,Attack,109,0,112,755994,17044,3918020,55039,409.3450443839286,45,61,6,0,4,100,8,0,16,1,95
2011-08-10 11:15:05,Attack,177,0,181,915639,21390,8218964,2005,273.96621781215464,34,139,8,0,10,170,1,0,15,1,165
2011-08-10 11:15:06,Attack,88,0,89,914853,16685,2728587,9620,408.91156862921343,42,40,7,0,16,70,3,0,20,1,68
2011-08-10 11:15:07,Normal,124,0,124,1061491,17093,4530383,11025,460.55526587903233,43,76,5,0,9,115,0,0,7,2,115
2011-08-10 11:15:08,Normal,84,3,87,900092,17073,3266990,56154,587.043283367816,34,48,5,0,12,71,4,0,14,2,71
2011-08-10 11:15:09,Normal,93,0,93,804040,2285,3446416,4093,531.0291717634408,42,47,4,0,1,90,2,0,7,3,83
2011-08-10 11:15:10,Normal,104,5,109,878554,35835,4115768,14229,455.63953557798163,37,63,9,0,11,95,3,0,10,4,95
2011-08-10 11:15:11,Attack,119,2,122,976554,19870,4899023,44096,430.77922499999994,36,79,7,0,23,95,4,0,25,0,97
2011-08-10 11:15:12,Attack,83,3,87,980837,15840,3367452,58367,514.7855432643678,35,39,13,0,6,79,2,0,5,2,79
2011-08-10 11:15:13,Normal,89,0,89,1069448,15972,2863068,24312,596.3437558202247,35,45,9,0,10,79,0,0,9,3,77
2011-08-10 11:15:14,Attack,112,45,158,756202,21703,6137731,57350,404.0882329683544,46,104,8,0,16,132,10,0,32,0,125
2011-08-10 11:15:15,Attack,101,0,103,914628,4727,3924549,10517,698.399392291262,46,46,11,0,4,93,6,0,11,2,90
2011-08-10 11:15:16,Attack,111,0,112,1482493,16838,3817603,31516,718.7939331875001,40,69,3,0,18,92,2,0,6,2,104
2011-08-10 11:15:17,Attack,73,0,74,832891,15471,2391720,1501,726.394914108108,39,29,6,0,8,66,0,0,10,1,63
2011-08-10 11:15:18,Normal,100,0,100,1093564,2564,3661294,45315,584.72208,38,56,6,0,15,85,0,0,10,1,89
2011-08-10 11:15:19,Attack,96,0,98,1351825,15466,3059354,3284,933.0488090408164,44,48,6,0,14,79,5,0,7,3,88
2011-08-10 11:15:20,Normal,87,0,87,1141591,14849,2312479,45693,501.77639226436764,32,45,10,0,12,73,1,1,9,4,73
2011-08-10 11:15:21,Normal,100,0,100,1130632,39999,3860271,13442,684.3115439499999,46,44,10,0,6,92,1,1,5,2,92
2011-08-10 11:15:22,Attack,102,110,214,702891,10402,9349215,50230,149.9447980560748,39,169,6,0,31,174,8,1,49,2,162
2011-08-10 11:15:23,Normal,105,4,109,821408,17722,4171978,27508,399.29432051376153,44,57,8,0,20,85,4,0,24,2,82
2011-08-10 11:15:24,Normal,121,0,121,730470,4583,5093209,50111,356.2678176363636,30,85,6,0,15,103,2,1,11,2,106
2011-08-10 11:15:25,Attack,90,54,150,738769,19638,5729777,25747,297.75759345333336,34,109,7,0,19,126,5,0,27,0,123
2011-08-10 11:15:26,Normal,61,20,81,590498,16141,3193331,43699,412.7656819876542,29,49,3,0,7,73,1,0,9,1,71
2011-08-10 11:15:27,Normal,128,0,128,910162,8062,4582512,54755,440.76697182812507,36,84,8,0,23,101,4,0,30,3,95
2011-08-10 11:15:28,Normal,92,0,92,729494,3712,3473177,39782,499.70606342391306,40,41,11,0,2,86,3,1,12,2,78
2011-08-10 11:15:29,Normal,104,8,112,1462392,2903,4082218,47322,761.582810705357,49,58,5,0,8,100,3,1,6,3,102
2011-08-10 11:15:30,Normal,107,8,115,1349766,17403,3790991,23980,782.6718451130436,33,70,12,0,11,96,8,0,18,3,94
2011-08-10 11:15:31,Normal,119,0,119,760461,17822,4683889,54920,478.9648611848739,42,70,7,0,5,114,0,0,9,1,107
2011-08-10 11:15:32,Normal,133,3,136,1803724,44350,4538019,16447,708.386470382353,40,87,9,0,15,114,7,0,7,4,125
2011-08-10 11:15:33,Attack,75,0,76,827631,40480,2775891,13889,707.4754171842105,43,23,10,0,3,73,0,0,5,3,67
2011-08-10 11:15:34,Normal,94,0,94,820369,3211,3380818,40548,560.2309694148935,39,48,7,0,4,88,2,0,5,0,89
2011-08-10 11:15:35,Attack,95,0,97,1016096,18146,3191044,4152,560.0503309793814,43,49,5,0,5,90,2,0,10,0,86
2011-08-10 11:15:36,Attack,93,0,94,840358,16707,3207704,47019,632.0839928085107,36,43,15,0,8,85,1,0,5,2,87
2011-08-10 11:15:37,Attack,91,0,92,832059,16258,3380359,16782,479.2368437717392,41,46,5,0,9,83,0,0,14,1,75
2011-08-10 11:15:38,Normal,160,3,163,1024586,21218,6700332,23985,360.82690849079756,45,108,10,0,26,133,4,0,33,0,130
2011-08-10 11:15:39,Normal,145,0,145,933426,18837,5895024,27853,404.5053716551725,44,97,4,0,6,135,4,0,10,0,133
2011-08-10 11:15:40,Attack,83,0,84,902052,16097,3121981,51171,726.2405890595239,45,36,3,0,7,74,3,0,7,0,76
2011-08-10 11:15:41,Normal,157,0,157,881431,18983,7147536,20267,285.19728235031846,36,115,6,0,8,149,0,0,8,0,149
2011-08-10 11:15:42,Normal,107,3,110,1160242,62061,3881050,13679,490.0606135363636,42,65,3,0,26,83,1,0,18,3,89
2011-08-10 11:15:43,Attack,121,0,122,1402230,30181,4380154,14905,731.8090940245902,40,78,4,0,37,79,6,0,29,2,91
2011-08-10 11:15:44,Normal,153,0,153,1081338,7647,6179215,53704,411.330028882353,28,116,9,0,37,112,4,0,48,2,103
2011-08-10 11:15:45,Attack,160,0,161,1411064,7238,6547602,49886,572.6940207391303,43,110,8,0,58,94,9,0,52,1,108
2011-08-10 11:15:46,Attack,134,2,139,1031516,6308,5164798,57087,454.57713279856114,35,95,9,0,17,107,15,0,26,1,112
2011-08-10 11:15:47,Normal,124,0,124,1232707,18226,4687168,24251,506.2817536129032,39,73,12,0,18,94,12,0,21,4,97
2011-08-10 11:15:48,Normal,130,0,130,997694,6668,5247736,44227,519.1069606692308,39,81,10,0,13,103,14,0,23,1,106
2011-08-10 11:15:49,Attack,116,0,117,1067321,63074,4708432,25857,492.5761507008548,45,60,12,0,10,103,4,0,17,0,99
2011-08-10 11:15:50,Normal,136,15,151,1162339,8831,6361512,60982,395.3827953112583,34,114,3,0,22,110,19,0,35,0,116
2011-08-10 11:15:51,Normal,89,0,89,842787,15831,3324138,18929,436.57466287640455,33,54,2,0,8,80,1,0,9,1,79
2011-08-10 11:15:52,Normal,111,6,117,867029,20662,4688371,27634,436.9210593247863,48,60,9,0,7,105,5,0,16,0,101
2011-08-10 11:15:53,Normal,107,0,107,1216447,15832,4222525,5038,674.1241428037382,41,59,7,0,11,92,4,0,12,2,93
2011-08-10 11:15:54,Normal,192,0,192,788539,10596,8805730,59234,223.20205247916667,33,151,8,0,42,140,10,0,58,0,134
2011-08-10 11:15:55,Attack,155,0,156,970903,19635,6209741,42144,381.40333017307694,34,108,14,0,12,140,4,0,19,1,136
2011-08-10 11:15:56,Attack,135,0,136,933071,19390,5451433,51057,433.31358591911766,37,92,7,0,8,114,14,0,23,2,111
2011-08-10 11:15:57,Attack,162,0,163,924952,71084,6818899,13363,348.5135878527608,41,115,7,0,12,133,18,0,30,0,133
2011-08-10 11:15:58,Attack,165,0,166,1091948,6996,6451061,43927,365.03179459036147,34,118,14,0,14,131,21,0,38,2,125
2011-08-10 11:15:59,Normal,205,0,205,1308257,23313,7566498,49529,264.7436521902439,47,152,6,0,35,149,19,2,49,3,153
2011-08-10 11:16:00,Normal,213,0,213,799004,13591,8283008,14241,234.05377832394365,35,171,7,0,25,158,30,0,51,4,158
2011-08-10 11:16:01,Attack,238,0,240,998656,15441,10633846,58775,206.61738723749997,32,197,11,0,29,186,25,0,55,1,183
2011-08-10 11:16:02,Normal,181,3,184,1019001,49263,7896455,14905,302.8625770108696,50,124,10,0,14,153,17,0,47,2,135
2011-08-10 11:16:03,Normal,153,0,153,699860,6472,6810655,48596,371.7877462810458,46,104,3,0,13,131,9,0,30,0,122
2011-08-10 11:16:04,Attack,126,0,127,875858,18159,5187722,62522,304.83470359055127,31,85,11,0,11,104,12,0,21,1,105
2011-08-10 11:16:05,Normal,117,0,117,1055346,17330,4862076,35919,562.4602288461539,44,63,10,0,16,98,3,0,17,3,97
2011-08-10 11:16:06,Attack,82,0,83,610645,16402,3103958,52156,572.5357391084336,36,43,4,0,5,77,1,0,8,0,75
2011-08-10 11:16:07,Attack,80,0,82,694987,16385,3166536,45676,662.4810691463415,31,43,8,0,9,71,2,0,8,0,74
2011-08-10 11:16:08,Normal,115,0,115,929653,17880,4896731,28590,508.07351146956523,36,69,10,0,20,93,2,0,21,0,94
2011-08-10 11:16:09,Normal,178,3,181,855592,10853,7950173,54790,354.5315499502762,37,136,8,0,36,139,6,0,38,0,143
2011-08-10 11:16:10,Attack,105,0,107,1050553,2363,4040073,52467,728.8649743364487,44,56,7,0,10,94,3,0,11,2,94
2011-08-10 11:16:11,Attack,211,0,212,1060730,12892,6910477,53029,319.2252224433962,39,162,11,0,13,182,17,0,86,2,124
2011-08-10 11:16:12,Normal,164,3,167,906015,9410,6650027,54352,270.4758331137724,52,105,10,0,10,141,14,2,35,1,131
2011-08-10 11:16:13,Normal,184,0,184,733678,22894,7682273,46167,245.18639661413047,44,136,4,0,22,151,11,0,44,1,139
2011-08-10 11:16:14,Normal,139,0,139,823123,6093,5773710,49861,469.21081683453235,39,96,4,0,13,112,14,0,27,3,109
2011-08-10 11:16:15,Attack,167,0,168,867867,7258,6826713,33784,302.2930631011904,37,121,10,0,15,139,14,0,29,0,138
2011-08-10 11:16:16,Attack,141,0,143,974947,19026,5803701,19979,556.6663820069929,36,96,11,0,18,115,10,0,25,0,118
2011-08-10 11:16:17,Attack,119,0,121,861703,18151,4929677,29229,477.6838922892562,32,78,11,0,16,98,7,0,22,1,98
2011-08-10 11:16:18,Normal,112,0,112,1133991,16554,3972053,3143,494.98594513392857,46,56,10,0,14,94,4,0,28,2,82
2011-08-10 11:16:19,Normal,98,0,98,777612,17052,4139849,50430,512.9723554591836,42,49,7,0,6,90,2,0,8,1,89
2011-08-10 11:16:20,Normal,116,0,116,915149,4821,4563931,40701,547.0645616982758,38,72,6,0,10,101,4,1,10,1,104
2011-08-10 11:16:21,Attack,221,6,232,949026,25022,9377633,34790,239.9839812586207,46,181,5,0,35,194,3,0,39,1,192
2011-08-10 11:16:22,Attack,117,3,122,855749,5001,4948955,40176,400.0949800081967,38,79,5,0,22,91,7,2,25,3,90
2011-08-10 11:16:23,Normal,91,0,91,853143,2309,3424583,40514,772.9035423516483,36,46,9,0,10,78,2,1,9,1,80
2011-08-10 11:16:24,Attack,82,1,84,692785,25334,3445350,63552,430.0172933214286,23,56,5,0,6,73,5,0,8,3,73
2011-08-10 11:16:25,Attack,118,0,119,1016718,16678,4446710,66150,543.2910906386554,42,69,8,0,5,106,8,0,11,1,107
2011-08-10 11:16:26,Normal,134,0,134,1001209,23512,4827525,41670,430.2997310298507,46,81,7,0,15,111,8,0,30,2,102
2011-08-10 11:16:27,Normal,107,0,107,776971,8441,3922920,7997,751.7274148411213,34,62,11,0,14,85,8,0,23,0,84
2011-08-10 11:16:28,Normal,109,0,109,1017055,16383,3827709,13278,457.6967457981651,37,62,10,0,9,99,1,0,7,1,101
2011-08-10 11:16:29,Normal,110,0,110,854254,19373,4262178,32324,451.8207304363636,43,61,6,0,11,95,3,1,17,1,91
2011-08-10 11:16:30,Attack,146,0,147,1392465,20286,5308302,60215,640.3150483673469,42,95,10,0,27,117,3,0,20,2,124
2011-08-10 11:16:31,Normal,91,0,91,824914,15141,3205754,9871,525.4266998681319,40,43,8,0,2,86,3,0,2,1,88
2011-08-10 11:16:32,Normal,89,3,92,698308,4057,3392622,45444,498.61511504347834,31,54,7,0,6,78,8,0,13,1,78
2011-08-10 11:16:33,Normal,122,0,122,1435765,16766,3595258,33923,723.4290638114753,48,68,6,0,24,95,3,0,14,3,105
2011-08-10 11:16:34,Attack,129,0,132,1317784,28224,4522499,14904,527.2410231666668,46,78,8,0,31,96,5,0,24,3,105
2011-08-10 11:16:35,Normal,172,0,172,870997,8238,7513952,54692,345.76561587209306,41,126,5,0,8,137,27,0,37,1,134
2011-08-10 11:16:36,Attack,206,6,213,1539989,21462,8408104,50839,395.23110381220664,49,153,11,0,15,186,12,0,20,4,189
2011-08-10 11:16:37,Attack,112,0,116,781705,63172,4638632,51910,331.14026196551725,41,70,5,0,15,94,7,0,20,4,92
2011-08-10 11:16:38,Normal,186,0,186,1077718,22655,7586967,27581,406.46511000537623,30,144,12,0,43,135,8,0,47,1,138
2011-08-10 11:16:39,Normal,111,0,111,618489,5425,4615727,56089,382.4755404684684,36,68,7,0,3,106,2,0,7,2,102
2011-08-10 11:16:40,Normal,142,3,145,684864,21201,6428082,56699,363.9890710758621,37,99,9,0,11,131,3,0,14,2,129
2011-08-10 11:16:41,Normal,112,0,112,1034939,3444,3877168,51190,557.9699901696429,36,62,14,0,9,101,2,0,7,6,98
2011-08-10 11:16:42,Attack,99,3,104,859937,4972,4058847,39436,479.8236043173077,35,59,10,0,14,72,18,0,26,4,74
2011-08-10 11:16:43,Normal,101,0,101,772076,17353,3828976,20139,558.125766019802,34,59,8,0,6,82,13,0,21,4,76
2011-08-10 11:16:44,Normal,118,0,118,1250457,4867,3874235,57433,444.8916804830508,38,71,9,0,12,94,12,0,20,5,93
2011-08-10 11:16:45,Attack,116,0,117,1023514,17964,4426600,5621,571.8871891794871,48,56,13,0,6,97,14,0,12,1,104
2011-08-10 11:16:46,Normal,124,0,124,1163853,18498,4695266,58055,657.0321769435483,36,85,3,0,14,103,7,0,13,1,110
2011-08-10 11:16:47,Normal,197,0,197,1179612,22454,7601457,44577,397.12596725380706,35,157,5,0,52,135,10,0,53,1,142
2011-08-10 11:16:48,Normal,165,0,165,1244754,21065,6670509,50878,416.1025348424243,40,113,12,0,28,125,12,0,41,6,117
2011-08-10 11:16:49,Normal,127,0,127,1461863,12166,5020636,57118,551.9687189055118,27,92,8,0,30,80,17,0,38,2,87
2011-08-10 11:16:50,Attack,101,0,102,699508,3977,4181225,52154,508.8546217058823,25,65,12,0,7,84,11,0,19,1,82
2011-08-10 11:16:51,Normal,118,2,120,1282107,16325,3980872,53904,641.2230319916666,42,67,11,0,8,109,3,0,8,3,109
2011-08-10 11:16:52,Normal,90,3,93,1008016,15898,3146329,46439,780.827867505376,40,43,10,0,7,82,4,0,6,0,87
2011-08-10 11:16:53,Normal,131,0,131,1032753,18787,4880767,14393,414.6756453511451,42,80,9,0,26,103,2,0,27,2,102
2011-08-10 11:16:54,Normal,108,0,108,1033260,18029,3733859,37536,477.19224688888886,38,62,8,0,9,95,4,0,15,1,92
2011-08-10 11:16:55,Attack,96,0,100,1034131,16971,3656001,44763,556.4136907699999,34,59,7,0,13,83,4,0,14,0,86
2011-08-10 11:16:56,Normal,137,0,137,1264480,18286,4769028,38572,431.3689603430657,32,92,13,0,26,107,4,0,23,0,114
2011-08-10 11:16:57,Attack,112,0,113,1239913,15618,4274282,38714,595.6617944690265,46,60,7,0,13,97,3,0,6,1,104
2011-08-10 11:16:58,Attack,136,0,139,1210279,5034,5522003,43905,343.2056932302158,34,98,7,0,23,108,8,0,20,2,116
2011-08-10 11:16:59,Normal,228,0,228,1152990,47488,10160580,14905,245.91993702631578,38,184,6,0,33,190,5,0,29,2,196
2011-08-10 11:17:00,Normal,182,6,188,938035,7014,7827661,61858,312.25532815957445,37,139,12,0,6,173,9,0,39,1,148
2011-08-10 11:17:01,Normal,174,0,174,897248,6737,6679801,35468,299.1111636436782,40,124,10,0,12,147,15,0,28,0,146
2011-08-10 11:17:02,Attack,168,3,173,1228536,22971,6562353,32226,368.0619206647399,25,134,14,0,36,126,11,0,35,4,134
2011-08-10 11:17:03,Attack,116,0,118,1190822,20055,3786682,47866,572.7385228813558,35,76,7,0,23,87,8,0,27,1,90
2011-08-10 11:17:04,Normal,111,0,111,1204379,15592,4300830,64476,551.4237666666666,43,54,14,0,7,98,6,0,9,0,101
2011-08-10 11:17:05,Normal,129,0,129,901164,4826,5377114,58222,380.8483064418604,41,81,7,0,9,107,13,0,23,0,105
2011-08-10 11:17:06,Attack,123,0,125,964063,17832,4125034,21650,475.3262102,32,83,10,0,15,107,3,0,25,2,98
2011-08-10 11:17:07,Normal,144,0,144,1147937,6149,5588344,39185,543.2780307291666,47,84,13,0,16,121,7,0,26,1,117
2011-08-10 11:17:08,Normal,129,0,129,1031910,17452,5060850,36811,438.0626921937984,42,81,6,0,9,111,9,0,20,1,107
2011-08-10 11:17:09,Normal,96,0,96,823972,16692,3318158,20365,536.2171084270832,38,52,6,0,14,80,2,0,13,0,82
2011-08-10 11:17:10,Normal,187,3,190,759976,8177,8026795,48641,225.79075518947369,27,148,15,0,27,158,5,0,34,2,154
2011-08-10 11:17:11,Normal,171,0,171,1576724,7097,6224821,4885,516.1599784853801,48,116,7,0,40,121,10,0,35,4,132
2011-08-10 11:17:12,Normal,175,156,331,1680671,15643,13911198,37169,244.8248842477341,35,288,8,0,74,244,13,0,70,2,258
2011-08-10 11:17:13,Normal,246,19,265,1278351,12090,11369209,61028,288.709096954717,40,209,16,0,14,237,14,0,24,4,237
2011-08-10 11:17:14,Normal,87,13,100,643745,18014,4094617,55010,410.36363581,26,66,8,0,16,77,7,0,21,0,79
2011-08-10 11:17:15,Attack,86,24,111,759354,17762,4534821,46125,377.37681226126125,28,78,5,0,15,92,4,0,18,3,89
2011-08-10 11:17:16,Attack,283,0,292,1135529,67432,12111156,16736,212.18424629452056,39,244,9,0,74,201,17,0,90,4,198
2011-08-10 11:17:17,Normal,196,0,196,1043534,8531,8416592,39971,376.1205535867348,41,147,8,0,22,163,11,0,37,3,155
2011-08-10 11:17:18,Normal,144,3,147,847671,7558,5987277,63047,349.614936829932,46,93,8,0,25,115,7,0,32,1,114
2011-08-10 11:17:19,Attack,115,0,116,1013889,17997,4369549,13038,426.2366362844828,32,79,5,0,25,85,6,0,29,1,86
2011-08-10 11:17:20,Normal,164,0,164,1013982,19276,6685402,41622,389.22273423780484,47,112,5,0,22,134,7,1,36,1,126
2011-08-10 11:17:21,Attack,133,31,165,1073032,8255,6765315,53666,491.0395229393939,44,116,5,0,33,121,11,0,38,1,126
2011-08-10 11:17:22,Normal,182,41,223,1013583,22912,9275020,18435,405.30187435426006,49,165,9,0,24,185,13,1,36,0,185
2011-08-10 11:17:23,Attack,126,3,136,999630,6536,4955139,58051,327.73880805882357,38,91,7,0,25,101,9,1,33,2,100
2011-08-10 11:17:24,Attack,118,0,122,1087932,16917,4228544,11162,710.0715875163934,43,71,8,0,13,98,10,1,18,0,102
2011-08-10 11:17:25,Normal,111,0,111,717913,17339,4592977,55776,264.8762352702703,38,67,6,0,7,90,13,1,19,0,91
2011-08-10 11:17:26,Normal,133,0,133,901332,18159,5300588,27764,452.7639155789475,43,87,3,0,6,117,10,0,16,2,113
2011-08-10 11:17:27,Attack,133,0,135,1037408,27338,5283891,28108,437.0990071407407,41,89,5,0,9,111,15,0,25,1,109
2011-08-10 11:17:28,Normal,126,0,126,679725,12422,4976157,55618,361.3136290238096,31,88,7,0,13,102,11,0,24,0,102
2011-08-10 11:17:29,Normal,129,0,129,1073282,18609,5085028,23074,500.69892558914734,36,84,9,0,25,94,10,0,33,0,96
2011-08-10 11:17:30,Normal,145,0,145,1148888,5572,5521716,52264,349.4796813103448,34,102,9,0,25,109,11,0,28,4,113
2011-08-10 11:17:31,Normal,103,0,103,1016364,6124,3504015,50908,769.8225245145632,28,68,7,0,22,77,4,0,14,1,88
2011-08-10 11:17:32,Normal,139,6,145,1257163,18681,5393987,41705,472.6416049931034,37,97,11,0,18,121,6,0,18,3,123
2011-08-10 11:17:33,Normal,120,0,120,1186980,17693,4437093,9373,573.9527176333335,43,72,5,0,32,84,4,0,29,2,86
2011-08-10 11:17:34,Normal,181,0,181,1376601,22429,6201754,43261,412.7142488950276,42,128,11,0,35,136,10,0,44,0,136
2011-08-10 11:17:35,Normal,171,1,172,1093100,22377,7047356,23595,425.86448491860466,46,119,7,0,27,135,10,0,33,1,138
2011-08-10 11:17:36,Attack,112,0,113,1059778,59993,3857202,14905,533.8575801858407,42,63,8,0,6,103,4,0,8,3,101
2011-08-10 11:17:37,Attack,102,12,117,973783,18728,4395935,59444,289.946775076923,33,81,3,0,24,86,7,0,28,3,86
2011-08-10 11:17:38,Normal,110,6,116,820356,4313,4740812,60024,508.64913836206904,32,75,9,0,12,91,13,0,21,0,93
2011-08-10 11:17:39,Normal,114,0,114,965657,5126,4159423,35935,545.2716216754387,40,64,10,0,13,96,5,0,16,0,98
2011-08-10 11:17:40,Attack,116,9,126,889003,18329,4952755,17650,390.54736507142854,45,73,8,0,19,103,4,0,21,0,105
2011-08-10 11:17:41,Normal,164,4,168,1268360,19558,6286721,22687,360.9864227678571,48,114,6,0,28,132,8,0,24,3,140
2011-08-10 11:17:42,Attack,125,3,131,905751,5492,4989721,51744,428.2931859312976,35,87,9,0,8,114,9,0,17,0,114
2011-08-10 11:17:43,Normal,117,0,117,1166768,16829,4261764,14288,544.869409897436,41,69,7,0,6,105,6,0,8,2,106
2011-08-10 11:17:44,Attack,122,0,124,1074725,17882,4716529,36874,456.38052321774194,34,83,7,0,15,105,4,0,17,4,103
2011-08-10 11:17:45,Attack,130,0,131,1068094,18687,4314317,54991,466.16051212977095,39,87,5,0,28,92,11,0,35,2,93
2011-08-10 11:17:46,Attack,136,0,137,878559,5471,4993597,51647,401.8913865401461,43,85,9,0,16,113,8,0,19,0,117
2011-08-10 11:17:47,Normal,109,0,109,971059,2793,3914309,50703,629.921900587156,39,60,10,0,10,95,4,0,11,2,95
2011-08-10 11:17:48,Attack,112,0,113,1084705,17562,3764343,39512,476.2175434424779,37,66,10,0,19,88,6,0,23,3,87
2011-08-10 11:17:49,Normal,128,0,128,1075216,18656,4607791,48325,485.05476094531247,36,83,9,0,26,98,4,0,22,0,104
2011-08-10 11:17:50,Attack,103,0,105,734755,17928,4172252,23744,395.83973437142856,35,66,4,0,10,91,4,0,12,2,91
2011-08-10 11:17:51,Normal,112,1,113,771043,5248,4541636,38315,393.4846730353982,24,79,10,0,11,96,6,0,17,1,95
2011-08-10 11:17:52,Normal,119,3,122,1462899,3740,4366882,37565,713.2682028196722,35,78,9,0,22,92,8,0,23,1,98
2011-08-10 11:17:53,Normal,103,0,103,1276884,3302,3634980,16272,745.060153737864,33,59,11,0,14,80,9,0,14,0,89
2011-08-10 11:17:54,Normal,121,0,121,930538,18288,4795293,61167,421.45635446280994,47,69,5,0,14,104,3,0,20,1,100
2011-08-10 11:17:55,Normal,91,2,93,1146342,16898,3404051,36171,626.5475411397848,46,40,7,0,8,80,5,0,17,0,76
2011-08-10 11:17:56,Attack,117,0,118,1159164,18302,4199772,55123,578.4856684661017,45,64,9,0,11,103,4,0,12,0,106
2011-08-10 11:17:57,Attack,105,0,107,864637,3334,3873774,54307,423.79144242056077,41,60,6,0,9,94,4,0,12,2,93
2011-08-10 11:17:58,Attack,87,0,89,813843,15980,3500624,53942,489.4765189550562,37,43,9,0,2,80,7,0,15,0,74
2011-08-10 11:17:59,Attack,102,0,105,966452,16466,3924901,33867,615.8418359428572,49,46,10,0,3,97,5,0,9,1,95
2011-08-10 11:18:00,Normal,134,0,134,1121127,49839,5147893,14904,544.4282817164179,37,92,5,0,20,109,5,0,18,3,113
2011-08-10 11:18:01,Attack,107,0,108,1130376,29376,3750139,15835,607.0174910648149,43,60,5,0,9,94,5,0,15,4,88
2011-08-10 11:18:02,Normal,162,3,165,1274925,21454,6872413,5377,461.84213896363633,44,112,9,0,34,121,10,0,36,2,127
2011-08-10 11:18:03,Attack,216,21,239,794106,29230,10549607,23714,218.1117373723849,27,209,3,0,51,153,35,0,82,4,153
2011-08-10 11:18:04,Attack,200,2,203,1081232,14570,7493885,70636,196.50254961083743,31,161,11,0,40,147,16,0,53,12,137
2011-08-10 11:18:05,Normal,135,0,135,848060,19006,5205748,57061,405.2332505333333,41,84,10,0,5,125,5,0,12,0,123
2011-08-10 11:18:06,Attack,110,1,113,990039,18528,4236046,60954,451.0350574159292,37,70,6,0,6,98,9,0,10,0,102
2011-08-10 11:18:07,Normal,116,0,116,972863,17966,3960297,4214,616.7412131896552,32,72,12,0,13,93,10,0,22,1,92
2011-08-10 11:18:08,Normal,129,9,138,1008156,7824,5074494,3297,343.2898364347826,43,91,4,0,25,108,5,0,38,1,99
2011-08-10 11:18:09,Normal,103,15,118,1230236,17658,4108936,15114,686.4435244406781,47,63,8,0,14,99,5,0,21,1,95
2011-08-10 11:18:10,Normal,141,3,144,881370,8564,5797863,3754,334.458748875,32,101,11,0,8,130,5,1,22,1,121
2011-08-10 11:18:11,Attack,177,5,183,1201973,11215,7570738,6762,286.9214287486339,40,135,8,0,18,151,14,0,31,6,146
2011-08-10 11:18:12,Normal,157,4,161,1189226,19845,5833978,47476,456.1050581987578,44,104,13,0,22,128,11,0,31,0,130
2011-08-10 11:18:13,Normal,146,0,146,1140650,6075,5629701,3039,467.99340795205484,42,90,14,0,26,116,4,0,29,1,115
2011-08-10 11:18:14,Normal,114,0,114,936802,18146,4235339,34060,470.9003795526316,44,65,5,0,19,94,1,0,21,1,91
2011-08-10 11:18:15,Normal,120,0,120,1157734,16521,4534920,46951,646.0085751333334,39,75,6,0,13,98,9,0,14,0,105
2011-08-10 11:18:16,Normal,151,0,151,1689194,17894,5258528,67610,427.92615881456953,40,106,5,0,30,112,9,0,14,3,134
2011-08-10 11:18:17,Attack,142,0,143,1427687,17834,4812364,16510,555.4703242237762,34,99,10,0,30,105,8,0,24,0,118
2011-08-10 11:18:18,Attack,166,0,168,1146194,20232,6110913,56358,559.6257876130952,38,120,10,0,33,130,5,0,32,1,134
2011-08-10 11:18:19,Attack,137,0,141,966933,40035,5896199,3084,373.45963613475175,30,100,11,0,20,117,4,0,20,4,117
2011-08-10 11:18:20,Attack,117,0,120,1014990,4144,4063008,50954,378.8261825666667,35,77,8,0,21,89,9,1,25,3,91
2011-08-10 11:18:21,Normal,158,0,158,1295589,19480,5972304,13338,423.3721290759494,41,109,8,0,31,122,5,0,29,4,124
2011-08-10 11:18:22,Normal,130,3,133,711297,19108,5280364,53639,439.5180462932331,35,93,5,0,20,106,5,2,26,0,105
2011-08-10 11:18:23,Normal,130,0,130,966235,6023,5261393,51858,455.20328673076926,32,85,13,0,11,107,12,0,26,3,100
2011-08-10 11:18:24,Normal,174,0,174,1297993,20396,6582594,22605,380.8926527241379,38,129,7,0,24,146,4,0,26,9,136
2011-08-10 11:18:25,Attack,115,0,116,865019,18764,4295868,15673,389.51417056034484,47,61,8,0,21,94,0,1,19,1,95
2011-08-10 11:18:26,Attack,193,0,198,1363353,22370,7895202,3762,410.12843761616165,43,146,9,0,12,156,29,1,37,1,159
2011-08-10 11:18:27,Normal,123,0,123,1052432,20663,4631177,59473,606.7081709837397,51,70,2,0,10,104,9,0,20,2,100
2011-08-10 11:18:28,Normal,113,0,113,941705,3705,4149636,13837,393.5444695929204,29,74,10,0,16,97,0,0,10,1,102
2011-08-10 11:18:29,Attack,111,0,112,1141512,3207,3444585,59351,389.826791625,45,58,9,0,11,93,8,0,22,2,88
2011-08-10 11:18:30,Attack,142,0,143,1269341,19305,5008293,21991,462.76300214685307,50,84,9,0,28,111,4,0,27,2,113
2011-08-10 11:18:31,Normal,137,0,137,1049136,20675,4125931,61503,479.9458209416059,42,90,5,0,43,93,1,0,39,0,98
2011-08-10 11:18:32,Normal,99,3,102,836116,5462,3795973,58171,374.7397228431373,30,62,10,0,13,81,8,0,13,1,88
2011-08-10 11:18:33,Normal,118,0,118,906627,44873,4385197,14294,624.9789627711866,43,65,10,0,9,105,4,0,15,1,102
2011-08-10 11:18:34,Normal,165,0,165,773840,23153,7138286,40303,318.9335800848485,44,117,4,0,42,119,4,0,47,0,118
2011-08-10 11:18:35,Normal,123,1,124,721803,6154,4712747,63160,322.0430233225807,33,86,5,0,22,98,4,0,25,2,97
2011-08-10 11:18:36,Attack,173,11,185,1355870,8144,7305766,1985,428.3808192162162,44,133,8,0,36,136,13,0,50,2,133
2011-08-10 11:18:37,Normal,159,4,163,1187885,7725,5959372,4638,273.59389414110433,33,119,11,0,57,103,3,0,55,3,105
2011-08-10 11:18:38,Attack,156,0,159,1141429,5866,5981008,10273,517.6316765911951,52,100,7,0,21,133,5,0,27,1,131
2011-08-10 11:18:39,Attack,146,0,150,1579898,19543,5514784,14062,693.33696292,41,101,8,0,42,101,7,0,36,2,112
2011-08-10 11:18:40,Attack,121,3,127,869647,20821,4789232,28176,424.33641386614164,29,87,11,0,14,100,13,0,20,0,107
2011-08-10 11:18:41,Attack,147,0,149,1402799,19372,5610287,53742,462.9328468724833,31,114,4,0,31,118,0,0,28,3,118
2011-08-10 11:18:42,Normal,119,3,122,806085,18055,4997557,42945,505.82991326229507,31,87,4,0,19,101,2,0,21,0,101
2011-08-10 11:18:43,Normal,164,2,166,1144466,6913,6832818,58704,432.10596291566264,40,122,4,0,18,145,3,0,12,1,153
2011-08-10 11:18:44,Normal,141,0,141,1215532,19288,5016542,31122,345.17924560992907,44,88,9,0,11,120,10,0,16,6,118
2011-08-10 11:18:45,Normal,124,0,124,1043464,15748,4052737,56827,511.881598483871,44,70,10,0,7,117,0,0,20,4,100
2011-08-10 11:18:46,Attack,123,0,124,850866,19683,5111178,53371,462.2380764677419,38,80,6,0,19,103,2,0,19,0,105
2011-08-10 11:18:47,Attack,109,0,110,879898,59766,4162401,13684,506.20958806363626,31,67,12,0,12,96,2,0,13,1,96
2011-08-10 11:18:48,Normal,132,0,132,1075993,6078,5096400,58536,479.90578690151517,34,90,8,0,22,110,0,0,8,0,124
2011-08-10 11:18:49,Normal,86,0,86,860981,2194,2941848,39864,704.5083269767442,41,38,7,0,6,80,0,0,7,2,76
2011-08-10 11:18:50,Normal,105,0,105,997941,2566,3749943,36136,488.10855643809526,52,50,3,0,11,93,1,0,13,0,92
2011-08-10 11:18:51,Attack,114,0,117,1070016,17052,4423287,57400,609.8099378119658,41,57,19,0,16,98,3,0,21,1,94
2011-08-10 11:18:52,Attack,108,3,112,1161506,62286,3960006,37801,570.7795146339287,43,58,11,0,9,100,3,0,13,2,97
2011-08-10 11:18:53,Normal,144,0,144,746753,20050,4763771,7952,350.35991079861117,39,99,6,0,9,109,26,0,37,4,103
2011-08-10 11:18:54,Normal,132,0,132,1133182,18514,3614239,34818,500.91137083333336,49,77,6,0,13,109,10,0,20,4,108
2011-08-10 11:18:55,Attack,115,0,116,1027097,16640,4153995,50041,597.8962474396552,55,54,7,0,9,105,2,0,10,2,104
2011-08-10 11:18:56,Normal,71,0,71,794401,14532,2711978,43806,700.6765559577465,37,30,4,0,4,66,1,0,2,1,68
2011-08-10 11:18:57,Normal,93,0,93,880814,15120,3602305,28011,591.8818367311827,43,38,12,0,4,89,0,0,5,2,86
2011-08-10 11:18:58,Normal,95,0,95,904899,16344,3238376,49242,706.1744401578948,38,50,7,0,5,90,0,0,6,0,88
2011-08-10 11:18:59,Attack,232,0,235,1015851,23812,10801280,7194,256.1923322808511,35,191,9,0,15,218,2,0,14,2,219
2011-08-10 11:19:00,Attack,91,0,93,827551,16609,3401589,30847,402.60580216129034,37,49,7,0,14,79,0,0,13,0,80
2011-08-10 11:19:01,Attack,121,2,125,756586,19986,5000913,41893,491.201933696,34,82,9,0,24,91,10,0,39,0,86
2011-08-10 11:19:02,Attack,104,3,113,1115595,4158,3700535,36796,658.8007045575221,28,75,10,0,20,89,4,0,16,2,95
2011-08-10 11:19:03,Normal,113,0,113,909622,5541,4372685,23396,359.42581114159293,50,55,8,0,5,106,2,0,13,2,98
2011-08-10 11:19:04,Normal,147,0,147,1237475,18129,5926133,17797,516.9155844217687,39,98,10,0,9,136,2,0,6,2,138
2011-08-10 11:19:05,Normal,130,0,130,858824,20834,5337488,30496,469.77398672307686,40,81,9,0,18,110,2,0,25,4,101
2011-08-10 11:19:06,Normal,110,0,110,756590,4217,4318089,35960,487.76806427272726,30,75,5,0,12,91,7,0,20,5,85
2011-08-10 11:19:07,Normal,217,0,217,874733,23971,10359069,25653,244.03963558064518,44,170,3,0,19,196,2,0,22,6,189
2011-08-10 11:19:08,Attack,112,0,113,815724,17021,4356644,2092,415.2207437168142,38,66,9,0,14,97,2,0,15,1,96
2011-08-10 11:19:09,Normal,134,0,134,891610,7050,5468374,50449,524.6375285149253,39,90,5,0,14,117,3,0,15,0,119
2011-08-10 11:19:10,Normal,91,0,91,648939,16258,3608568,63253,439.91199092307704,29,58,4,0,4,76,11,0,15,2,74
2011-08-10 11:19:11,Normal,145,3,148,799494,9095,6109801,51658,160.25447130405405,37,102,9,0,8,89,51,0,60,2,86
2011-08-10 11:19:12,Attack,85,3,91,808502,3182,3388922,40485,563.1602197802198,42,41,8,0,8,79,4,0,10,0,81
2011-08-10 11:19:13,Attack,90,0,93,861662,10405,3066097,14145,645.870206419355,42,46,5,0,8,81,4,0,11,2,80
2011-08-10 11:19:14,Normal,90,0,90,901226,16396,3171564,52334,609.3091479111112,29,57,4,0,10,80,0,0,2,3,85
2011-08-10 11:19:15,Normal,81,0,81,925171,15267,2631553,7640,681.4178173333332,42,34,5,0,8,71,2,0,12,2,67
2011-08-10 11:19:16,Normal,88,0,88,1130496,15538,2943951,7491,727.2555007386363,27,55,6,0,13,75,0,0,5,2,81
2011-08-10 11:19:17,Normal,127,0,127,1043668,17877,4632754,59659,577.0518008897637,46,71,10,0,15,107,5,0,17,0,110
2011-08-10 11:19:18,Normal,93,0,93,866365,16423,3574963,51181,509.361096172043,31,50,12,0,7,85,1,0,4,1,88
2011-08-10 11:19:19,Normal,127,0,127,1100311,17698,4918598,24992,374.0187092913386,40,80,7,0,9,117,1,0,11,1,115
2011-08-10 11:19:20,Normal,92,0,92,851423,17410,3695572,60794,634.5964951195652,35,47,10,0,13,77,2,0,13,0,79
2011-08-10 11:19:21,Attack,127,0,129,717691,8394,4975947,13360,482.52824195348836,42,79,8,0,11,111,4,3,17,0,109
2011-08-10 11:19:22,Attack,152,3,158,1037297,19526,6661156,43830,420.12694640506334,38,110,10,0,28,126,4,0,26,1,131
2011-08-10 11:19:23,Attack,83,0,90,983509,17072,2649186,14827,565.3496103555556,44,37,9,0,9,71,9,1,15,1,73
2011-08-10 11:19:24,Normal,132,0,132,1055410,17240,4215000,2833,674.5868637045455,47,77,8,0,5,119,6,2,21,1,109
2011-08-10 11:19:25,Normal,86,0,86,873990,17455,2767211,27717,559.5158304767442,32,45,9,0,12,71,3,0,14,1,71
2011-08-10 11:19:26,Normal,90,0,90,824926,15619,3200141,18573,503.9311232777779,35,50,5,0,8,77,5,0,7,1,82
2011-08-10 11:19:27,Normal,114,0,114,933618,18415,4632263,35516,584.4131621842105,36,70,8,0,31,80,3,0,28,2,84
2011-08-10 11:19:28,Normal,90,0,90,1342000,1823,3197168,58471,854.4344675111113,37,44,9,0,15,74,1,0,5,0,85
2011-08-10 11:19:29,Normal,91,0,91,824952,16523,3437616,50545,640.4119716263735,48,37,6,0,5,86,0,0,8,0,83
2011-08-10 11:19:30,Normal,81,0,81,844676,53680,2800159,62338,939.220242728395,44,31,6,0,3,74,4,0,11,1,69
2011-08-10 11:19:31,Normal,89,0,89,889249,2684,3213788,2820,999.4683323932584,35,50,4,0,10,79,0,0,6,1,82
2011-08-10 11:19:32,Normal,116,3,119,869477,19943,4640436,57146,448.08260505882345,35,73,11,0,18,97,4,0,23,0,96
2011-08-10 11:19:33,Attack,135,0,137,879934,7232,4395795,1685,462.9826358029197,33,94,10,0,20,95,22,0,35,0,102
2011-08-10 11:19:34,Attack,118,3,126,1159976,20656,4311670,26197,626.7750620952379,37,80,9,0,18,94,14,0,26,1,99
2011-08-10 11:19:35,Normal,109,6,115,1265442,17223,4284196,45818,584.8398609304347,38,69,8,0,14,95,6,0,20,5,90
2011-08-10 11:19:36,Normal,165,0,165,1247753,20909,6821859,32282,400.88044890303036,33,124,8,0,25,126,14,0,38,4,123
2011-08-10 11:19:37,Normal,117,0,117,1294200,44633,4543563,17989,708.3675297264957,44,62,11,0,9,106,2,0,7,6,104
2011-08-10 11:19:38,Normal,115,0,115,1101133,5026,4221309,3600,602.2642198086958,34,74,7,0,23,89,3,0,22,3,90
2011-08-10 11:19:39,Normal,70,0,70,1059700,2578,2664470,53970,620.8399344285714,21,46,3,0,21,49,0,0,7,0,63
2011-08-10 11:19:40,Normal,129,29,158,1962118,19332,5792499,35581,407.7161560443038,47,103,8,0,40,110,8,0,20,7,131
2011-08-10 11:19:41,Normal,88,55,143,1030456,6980,5773391,53972,426.7752098531469,33,107,3,0,22,106,15,0,29,0,114
2011-08-10 11:19:42,Attack,151,3,157,1204162,20291,6620095,60376,343.7860077324841,35,113,9,0,13,126,18,0,24,6,127
2011-08-10 11:19:43,Attack,103,0,105,1045799,16552,3317155,61580,507.3268296285714,36,66,3,0,23,74,8,0,23,1,81
2011-08-10 11:19:44,Attack,101,0,107,1285027,15800,3676294,55556,410.2037271401869,40,62,5,0,18,80,9,0,19,2,86
2011-08-10 11:19:45,Normal,118,0,118,932899,18574,4495633,38105,327.1360767966102,39,64,15,0,12,96,10,0,13,0,105
2011-08-10 11:19:46,Normal,117,0,117,1339047,3665,4062386,48442,510.9191799658119,39,65,13,0,15,96,6,0,14,4,99
2011-08-10 11:19:47,Normal,72,0,72,863833,15672,2450589,51690,535.3525061527778,42,24,6,0,5,67,0,0,5,3,63
2011-08-10 11:19:48,Normal,98,0,98,1250425,4275,3604590,55979,560.9951667346938,35,60,3,0,15,75,6,2,9,2,87
2011-08-10 11:19:49,Normal,145,0,145,1422951,17452,5176705,14903,498.37740147586214,49,86,10,0,15,124,6,0,18,4,123
2011-08-10 11:19:50,Normal,161,0,161,1305248,9377,6221831,48555,334.6839681739131,34,121,6,0,25,124,12,0,31,4,126
2011-08-10 11:19:51,Attack,140,0,144,875374,7993,4085964,2834,287.3476633472222,32,101,11,0,47,91,6,0,53,1,90
2011-08-10 11:19:52,Normal,143,3,146,1473006,5501,5193041,56522,416.7713239315068,42,98,6,0,34,101,11,0,27,2,117
2011-08-10 11:19:53,Normal,126,0,126,1062728,5636,4826770,61762,359.03735224603173,41,82,3,0,32,92,2,0,33,1,92
2011-08-10 11:19:54,Normal,117,0,117,1440314,5247,4052174,42814,529.1645722307692,39,74,4,0,21,89,7,0,18,4,95
2011-08-10 11:19:55,Attack,100,0,104,670616,5089,4053142,47802,497.72366538461534,31,68,5,0,21,80,3,0,22,0,82
2011-08-10 11:19:56,Normal,161,0,161,1681845,6394,5328816,52209,398.39524362732914,40,116,5,0,62,94,5,0,47,4,110
2011-08-10 11:19:57,Normal,129,0,129,1128748,21945,4625743,13326,545.7071855658915,47,72,10,0,16,109,4,0,16,3,110
2011-08-10 11:19:58,Normal,116,0,116,1455126,3386,3532406,5161,630.4709899655172,44,65,7,0,22,90,4,0,21,8,87
2011-08-10 11:19:59,Normal,100,0,100,952418,3928,3674244,51442,654.1159790099998,35,59,6,0,18,81,1,0,16,5,79
2011-08-10 11:20:00,Normal,114,0,114,1117100,4093,4143251,60809,601.0589940438597,36,69,9,0,22,90,2,0,19,5,90
2011-08-10 11:20:01,Normal,118,0,118,1079039,17829,4402639,24443,546.899324720339,41,71,6,0,10,105,3,0,9,1,108
2011-08-10 11:20:02,Attack,119,3,124,1052804,19292,4858289,58337,438.8777207741936,46,69,9,0,16,106,2,0,19,3,102
2011-08-10 11:20:03,Attack,100,0,105,1082465,16763,3198407,36493,648.5806274095238,37,62,6,0,24,78,3,0,22,2,80
2011-08-10 11:20:04,Attack,186,0,187,1286960,10440,7394092,51596,474.67685248128345,38,142,7,0,32,145,10,0,33,3,151
2011-08-10 11:20:05,Attack,141,2,147,1393934,17782,5393514,7148,463.3947111632653,49,90,8,0,14,129,4,0,18,4,125
2011-08-10 11:20:06,Normal,104,0,104,1038921,6634,3735101,52573,707.6594011923078,32,65,7,0,11,87,6,0,21,1,81
2011-08-10 11:20:07,Normal,94,0,94,1362605,15788,3459097,38210,621.3953669787234,35,52,7,0,16,76,2,0,6,1,87
2011-08-10 11:20:08,Normal,79,0,79,828171,15317,2916478,38499,585.7861388481012,31,46,2,0,10,66,3,0,4,2,73
2011-08-10 11:20:09,Normal,76,0,76,793922,3130,2840355,60065,569.0173167763159,41,31,4,0,10,66,0,0,11,3,62
2011-08-10 11:20:10,Normal,87,0,87,810847,4340,3163000,48244,383.4220111954023,29,51,7,0,7,78,2,0,7,4,76
2011-08-10 11:20:11,Normal,108,0,108,995575,17483,3881039,33919,440.85460975925923,44,58,6,0,7,93,8,0,13,4,90
2011-08-10 11:20:12,Attack,112,6,121,1027257,4756,4160492,58269,528.9065105206612,37,74,10,0,24,91,6,0,26,3,92
2011-08-10 11:20:13,Normal,128,0,128,1085460,20155,4170167,51672,611.7273224296875,43,72,13,0,23,99,6,0,18,4,106
2011-08-10 11:20:14,Normal,107,0,107,1348624,16161,3538249,54640,558.1077631962617,47,53,7,0,14,90,3,0,9,5,93
2011-08-10 11:20:15,Normal,98,0,98,814243,18489,3527715,19244,559.977749132653,41,55,2,0,13,84,1,0,10,0,88
2011-08-10 11:20:16,Attack,87,0,88,957386,16789,2889649,13782,535.36055575,30,50,8,0,15,73,0,0,13,3,72
2011-08-10 11:20:17,Normal,80,0,80,913423,1985,2654122,52258,595.9731489625001,38,35,7,0,8,68,4,0,12,5,63
2011-08-10 11:20:18,Normal,112,0,112,995710,18920,4253212,7428,362.4146129553571,38,65,9,0,14,94,3,1,20,1,91
2011-08-10 11:20:19,Normal,97,0,97,1397514,15504,3727049,29288,457.74773280412376,39,50,8,0,15,80,2,0,13,5,79
2011-08-10 11:20:20,Normal,191,0,191,785012,21421,8079368,49596,187.75430587958118,25,157,9,0,7,173,11,0,15,3,173
2011-08-10 11:20:21,Normal,107,0,107,1160290,16023,3996579,55010,486.5713486074767,44,58,5,0,13,91,1,2,6,0,99
2011-08-10 11:20:22,Attack,113,3,117,962746,17246,4810980,56966,315.42148673504283,42,70,5,0,14,100,3,0,13,2,102
2011-08-10 11:20:23,Attack,188,0,189,1360010,61688,8112426,59651,460.41415278835973,34,142,13,0,78,102,8,1,73,2,113
2011-08-10 11:20:24,Attack,125,0,127,1443982,17224,4925266,24017,447.39545475590546,40,76,11,0,27,98,2,0,22,3,102
2011-08-10 11:20:25,Normal,133,0,133,1088653,5496,5566159,47225,440.73712500751884,34,94,5,0,39,84,10,0,38,0,95
2011-08-10 11:20:26,Attack,112,0,115,2091680,15893,3701705,6314,787.5103485217393,38,65,12,0,28,81,5,1,10,5,100
2011-08-10 11:20:27,Attack,121,0,123,1387439,4740,4367274,53325,586.7695604227641,38,82,3,0,18,101,3,1,6,2,114
2011-08-10 11:20:28,Normal,95,0,95,1436828,2132,3567702,65964,757.2235959263157,39,51,5,0,18,74,3,0,2,2,90
2011-08-10 11:20:29,Normal,101,0,101,1125940,3559,3893220,55697,534.9030173861386,38,56,7,0,15,83,3,0,12,2,87
2011-08-10 11:20:30,Normal,132,0,132,1634590,18301,4959876,17371,508.84039133333334,38,86,8,0,33,91,7,1,23,4,104
2011-08-10 11:20:31,Normal,117,0,117,1041460,17815,4474718,38259,393.5567859658118,31,75,11,0,40,75,2,0,30,3,84
2011-08-10 11:20:32,Attack,112,3,116,1289324,4610,4285146,51824,561.6353649137932,44,69,3,0,38,76,2,0,22,4,90
2011-08-10 11:20:33,Attack,115,0,119,1237055,18944,4317640,20868,482.6203660252101,38,76,5,0,31,86,2,0,19,4,96
2011-08-10 11:20:34,Normal,121,0,121,1841568,38073,4767278,61129,559.4317837272727,32,80,9,0,39,80,2,0,12,4,104
2011-08-10 11:20:35,Normal,120,0,120,977872,53367,4840747,38806,503.833485,49,63,8,0,14,102,4,0,15,1,104
2011-08-10 11:20:36,Normal,130,0,130,1456898,16766,5263342,54840,383.48034656923085,36,89,5,0,30,94,6,0,15,3,112
2011-08-10 11:20:37,Normal,105,0,105,1269313,16085,4062170,41654,599.2278451238095,42,51,12,0,24,80,1,0,16,3,86
2011-08-10 11:20:38,Normal,147,0,147,1558482,5423,6297201,10224,463.3778673129251,43,97,7,0,20,119,8,0,11,2,134
2011-08-10 11:20:39,Normal,130,0,130,1488319,17247,4853571,14786,525.5465135999999,43,77,10,0,19,108,3,0,10,6,114
2011-08-10 11:20:40,Normal,147,0,147,1814053,8866,5632790,1621,476.4394789523809,42,95,10,0,30,111,6,0,25,4,117
2011-08-10 11:20:41,Normal,131,0,131,1125858,17987,5369718,31512,332.5591594274809,38,80,13,0,13,112,6,0,10,1,120
2011-08-10 11:20:42,Attack,120,6,129,1621169,19491,4852198,40892,454.29805595348836,42,76,11,0,27,96,6,0,16,0,113
2011-08-10 11:20:43,Attack,121,0,122,1605369,16871,4013832,10560,497.76779815573775,39,71,12,0,30,89,3,0,11,3,108
2011-08-10 11:20:44,Attack,151,0,152,1857437,8890,4987178,1457,516.2004724276317,36,108,8,0,44,97,11,0,32,2,118
2011-08-10 11:20:45,Normal,182,0,182,1275333,8539,5644580,48228,383.29970113736266,40,132,10,0,55,112,15,0,59,1,122
2011-08-10 11:20:46,Normal,159,2,161,1759087,19591,4901936,9723,354.4863078322981,30,126,5,0,30,127,4,0,15,5,141
2011-08-10 11:20:47,Attack,110,0,113,1083840,45265,4070713,2313,473.75497722123896,39,66,8,0,22,84,7,0,23,3,86
2011-08-10 11:20:48,Attack,167,0,171,1746731,7979,7317843,52090,274.55276016959067,37,125,9,0,44,116,11,0,46,3,122
2011-08-10 11:20:49,Normal,179,0,179,2300447,6821,7276187,57145,403.89276144692735,34,133,12,0,55,106,18,0,38,1,140
2011-08-10 11:20:50,Normal,176,0,176,2432525,18173,5712711,14893,562.7634277670454,58,107,11,0,44,118,14,0,32,4,140
2011-08-10 11:20:51,Normal,137,0,137,1370408,20533,4710521,15738,434.281484540146,44,86,7,0,24,103,10,0,20,1,116
2011-08-10 11:20:52,Attack,119,3,125,1514027,11111,4034010,17184,552.5325360880001,46,73,6,0,21,94,10,0,16,5,104
2011-08-10 11:20:53,Normal,114,0,114,1463052,16115,4449082,12978,587.1837289210525,51,59,4,0,17,94,3,0,9,2,103
2011-08-10 11:20:54,Attack,121,0,123,1836447,16396,3833282,37670,473.3568826666666,38,77,8,0,29,92,1,1,8,2,113
2011-08-10 11:20:55,Normal,111,36,147,1267416,19216,5103591,19060,449.00406447619054,33,108,6,0,30,115,2,0,16,2,129
2011-08-10 11:20:56,Normal,126,0,126,1275018,3816,4723400,42556,366.67856223809525,35,86,5,0,28,90,8,0,19,0,106
2011-08-10 11:20:57,Normal,110,0,110,1348474,2517,4061881,53281,558.5632640727273,47,56,7,0,21,87,2,0,10,2,98
2011-08-10 11:20:58,Normal,291,0,291,1473304,34794,13311761,2572,201.17620459793815,54,232,5,0,50,240,1,0,43,4,244
2011-08-10 11:20:59,Normal,218,0,218,1887219,6762,9635068,54009,435.0367561146789,56,157,5,0,31,185,2,0,11,5,202
2011-08-10 11:21:00,Normal,117,0,117,1608359,15813,4011624,7231,652.9132588290599,48,66,3,0,22,91,4,0,3,3,111
2011-08-10 11:21:01,Normal,157,0,157,1230126,20155,5601039,7970,426.8561654522293,45,105,7,0,23,129,5,0,16,4,136
2011-08-10 11:21:02,Attack,131,3,138,1810109,18497,4644091,42345,485.2339915362319,37,89,12,0,31,97,10,0,17,4,117
2011-08-10 11:21:03,Attack,131,1,134,930380,19577,5505793,59256,489.4243216492538,33,94,7,0,9,120,5,0,7,3,124
2011-08-10 11:21:04,Attack,123,0,124,1742288,17607,4339089,4629,491.263970733871,40,73,11,0,17,101,6,0,16,7,101
2011-08-10 11:21:05,Normal,106,0,106,1188130,17134,4205402,48931,519.0372213867925,38,59,9,0,8,93,5,0,11,4,91
2011-08-10 11:21:06,Normal,120,0,120,1625693,3330,4166315,42223,608.6853140999999,42,74,4,0,27,89,4,0,10,2,108
2011-08-10 11:21:07,Normal,203,0,203,1929679,7204,7961352,36536,453.1258860246305,44,151,8,0,44,150,9,0,26,4,173
2011-08-10 11:21:08,Attack,172,0,175,1476773,8103,7040846,53497,436.1126660914285,43,126,6,0,33,126,16,0,31,3,141
2011-08-10 11:21:09,Attack,160,2,163,1221443,20513,6805039,65144,513.3105259018404,39,118,6,0,40,111,12,0,36,0,127
2011-08-10 11:21:10,Normal,137,24,161,1415483,19446,6017629,54520,611.7060408757764,42,114,5,0,38,117,6,0,25,1,134
2011-08-10 11:21:11,Normal,113,0,113,1441614,16442,4200907,36527,575.1578347345134,49,57,7,0,16,94,3,0,11,3,99
2011-08-10 11:21:12,Attack,126,6,133,1075580,11835,4994727,39427,269.25156663157895,32,90,11,0,11,116,6,0,22,1,110
2011-08-10 11:21:13,Attack,117,0,122,1179420,17013,4149141,21358,461.1161993524591,43,70,9,0,18,100,4,0,22,2,98
2011-08-10 11:21:14,Normal,108,0,108,1111032,3755,4138379,37271,376.5147674814815,35,66,7,0,19,85,4,0,17,2,89
2011-08-10 11:21:15,Normal,107,0,107,1565403,15565,3902462,23892,505.29564071028034,34,66,7,0,14,88,5,0,8,1,98
2011-08-10 11:21:16,Attack,105,0,106,1132968,10439,3757716,3295,497.7030163301887,34,62,10,0,16,89,1,0,16,2,88
2011-08-10 11:21:17,Normal,115,0,115,768312,17885,4642428,49439,569.0131283304348,39,70,6,0,6,106,3,0,15,1,99
2011-08-10 11:21:18,Normal,167,0,167,1432257,6406,6721645,60535,385.10519285029943,43,115,9,0,17,147,3,0,16,3,148
2011-08-10 11:21:19,Normal,118,0,118,1338955,18065,4771477,13045,608.4542740254237,30,81,7,0,23,89,6,0,19,0,97
2011-08-10 11:21:20,Normal,99,0,99,912937,29642,3673399,63156,369.6208121616162,29,67,3,0,9,86,4,0,14,3,82
2011-08-10 11:21:21,Normal,127,0,127,1107085,17928,4565104,35789,271.0993108818897,35,89,3,0,30,92,4,1,31,2,93
2011-08-10 11:21:22,Attack,160,3,165,1155139,8204,4569600,24028,498.49955364848483,43,106,16,0,14,140,9,2,61,4,97
2011-08-10 11:21:23,Attack,133,0,134,1458375,17779,5092859,12106,616.8889545970148,53,69,12,0,17,110,7,0,11,2,121
2011-08-10 11:21:24,Attack,105,0,106,904397,3208,3952007,49871,493.27485144339636,29,66,11,0,16,83,6,1,15,2,88
2011-08-10 11:21:25,Normal,84,0,84,1172562,55108,3147746,40607,615.4872756904762,31,47,6,0,14,63,7,0,9,4,71
2011-08-10 11:21:26,Attack,116,0,118,1187545,4522,4781736,51586,379.24203835593215,28,82,8,0,19,90,9,0,18,1,99
2011-08-10 11:21:27,Normal,121,0,121,1151563,3575,4935954,58462,468.10404395041326,39,77,5,0,14,102,5,0,13,1,107
2011-08-10 11:21:28,Normal,143,0,143,1323084,4084,6013205,64369,309.86508257342655,36,93,14,0,17,121,4,1,11,4,127
2011-08-10 11:21:29,Attack,132,0,135,1459493,17395,5093174,42553,581.2293821703703,43,85,7,0,21,113,1,0,13,6,116
2011-08-10 11:21:30,Attack,125,0,126,1528382,60739,5079617,59631,400.07537155555553,37,81,8,0,21,95,10,0,18,1,107
2011-08-10 11:21:31,Normal,145,0,145,1348410,18330,6145555,62196,545.6258191586207,45,88,12,0,23,111,11,0,21,0,124
2011-08-10 11:21:32,Attack,166,3,170,1308386,9794,7234872,53855,335.12246054117645,50,113,7,0,25,138,7,0,31,2,137
2011-08-10 11:21:33,Attack,158,25,184,1397504,21784,7716269,56137,370.133080201087,50,129,5,0,33,148,3,0,25,3,156
2011-08-10 11:21:34,Attack,107,0,110,1541587,17220,4271309,57332,575.0799258363636,47,53,10,0,19,88,3,0,16,2,91
2011-08-10 11:21:35,Normal,94,0,94,1492539,3711,3138534,60938,548.5613,23,67,4,0,25,68,1,0,9,3,81
2011-08-10 11:21:36,Normal,101,0,101,1287698,3657,3753429,52655,442.6324414059407,43,54,4,0,15,83,3,0,15,3,83
2011-08-10 11:21:37,Normal,142,0,142,2296293,16567,4899973,33494,756.2284490492957,44,82,16,0,36,102,4,0,15,5,122
2011-08-10 11:21:38,Normal,131,0,131,1154534,17294,5298018,28101,572.1688724732825,37,84,10,0,22,104,5,0,20,3,107
2011-08-10 11:21:39,Normal,110,0,110,1380226,17172,4256632,31150,783.6468520090912,43,58,9,0,25,80,5,0,17,1,92
2011-08-10 11:21:40,Normal,106,2,108,1423486,3133,3968806,50503,642.3887864444443,35,62,11,0,18,88,2,0,9,5,94
2011-08-10 11:21:41,Normal,104,9,113,957637,17801,4852577,5453,385.0252902831858,30,73,10,0,17,93,3,0,15,1,97
2011-08-10 11:21:42,Normal,120,6,126,1357499,16658,5004287,37515,493.1498994841271,41,74,11,0,12,109,5,0,14,5,106
2011-08-10 11:21:43,Attack,129,0,131,1086651,20322,5016115,23147,408.00703945038174,30,92,9,0,30,97,4,0,31,3,97
2011-08-10 11:21:44,Attack,106,0,108,1015350,2729,4033731,45683,428.14981942592595,42,56,10,0,16,90,2,0,12,2,94
2011-08-10 11:21:45,Normal,131,0,131,1267745,19124,4294414,66634,322.1673133282443,38,83,10,0,33,95,3,0,27,3,101
2011-08-10 11:21:46,Normal,109,0,109,1009193,17917,3918879,22854,727.1690405963301,45,60,4,0,17,86,6,0,16,3,90
2011-08-10 11:21:47,Attack,144,0,145,1257410,19978,5950485,7045,513.4535879517241,44,93,8,0,28,109,8,0,22,2,120
2011-08-10 11:21:48,Attack,143,0,145,1410020,66030,6065842,61499,335.9348166965517,31,104,10,0,19,122,4,0,12,5,128
2011-08-10 11:21:49,Normal,149,0,149,1691643,4600,6130920,55600,460.6110286040269,49,90,10,0,20,125,4,0,12,7,130
2011-08-10 11:21:50,Attack,102,0,108,1559264,2328,3769452,15663,462.31494896296306,38,62,8,0,19,83,6,0,11,4,93
2011-08-10 11:21:51,Normal,95,0,95,1056081,16089,3552629,37859,421.36546072631563,34,53,8,0,15,74,6,0,18,3,74
2011-08-10 11:21:52,Normal,96,3,99,870666,54307,3885149,43344,512.3222918181818,37,58,4,0,14,83,2,0,13,3,83
2011-08-10 11:21:53,Attack,170,0,172,1295679,21523,5249270,16831,454.55252698255816,45,114,13,0,42,109,21,0,56,4,111
2011-08-10 11:21:54,Normal,121,0,121,1127921,17374,4558891,61303,466.4842095289257,38,73,10,0,13,103,5,0,11,8,102
2011-08-10 11:21:55,Attack,99,0,102,1392685,2448,3361176,55153,421.58145944117643,43,51,8,0,18,75,9,0,11,4,87
2011-08-10 11:21:56,Normal,148,0,148,1524417,26494,5786778,28048,369.63178295945943,49,82,17,0,20,127,1,0,13,3,131
2011-08-10 11:21:57,Normal,109,0,109,1252757,17108,4192525,61825,412.9232123027523,42,60,7,0,10,92,6,1,12,1,96
2011-08-10 11:21:58,Attack,112,0,114,1355546,25574,4221597,3806,418.81519392105264,43,58,13,0,17,93,4,0,15,1,96
2011-08-10 11:21:59,Normal,105,0,105,1343203,15962,3956412,2666,446.15580329523806,39,56,10,0,15,88,2,0,9,3,93
2011-08-10 11:22:00,Normal,110,0,110,948105,18647,2908887,27154,432.7966514363635,36,67,7,0,31,77,2,0,35,2,72
2011-08-10 11:22:01,Normal,149,0,149,1834422,19351,5331157,16871,541.5206590469797,40,103,6,0,32,109,8,0,14,3,132
2011-08-10 11:22:02,Normal,151,11,162,1437163,43583,6164174,61546,570.3740328271605,47,101,14,0,19,129,14,0,27,2,133
2011-08-10 11:22:03,Normal,216,0,216,1377831,22032,10194230,29982,231.48409509722222,35,168,13,0,18,194,4,0,14,3,198
2011-08-10 11:22:04,Normal,101,0,101,1307093,15114,3333990,3308,687.4876580792081,40,55,6,0,11,88,2,0,7,4,90
2011-08-10 11:22:05,Attack,119,0,120,1118877,19161,4281158,28137,557.4048796916667,40,73,7,0,12,100,8,0,25,1,94
2011-08-10 11:22:06,Normal,111,0,111,1024815,4781,3824537,56346,626.2832862252252,41,58,12,0,12,97,2,0,16,2,93
2011-08-10 11:22:07,Normal,116,0,116,1315834,16239,4285140,14653,676.9044692327587,48,60,8,0,18,96,2,0,9,0,106
2011-08-10 11:22:08,Attack,77,1,80,1035339,46466,2581047,22302,529.86061735,30,40,10,0,11,65,4,0,13,2,65
2011-08-10 11:22:09,Attack,137,0,139,1427932,18319,5333628,27303,403.8803145611511,48,81,10,0,18,116,5,0,14,1,124
2011-08-10 11:22:10,Normal,88,0,88,1193806,15768,3128971,66340,565.1123928863638,38,42,8,0,16,70,2,0,15,3,69
2011-08-10 11:22:11,Attack,105,0,109,1320129,15267,4179909,8036,547.7620946788991,44,60,5,0,20,85,3,1,7,2,100
2011-08-10 11:22:12,Attack,104,6,112,1224757,2988,4188482,53433,682.0732342410714,33,66,13,0,10,97,5,0,10,1,101
2011-08-10 11:22:13,Normal,120,0,120,1368920,4011,4426340,58314,523.6030182916667,42,70,8,0,21,95,4,0,13,2,104
2011-08-10 11:22:14,Attack,115,2,118,1335670,17576,4437289,50759,546.2373497881356,43,69,6,0,14,102,2,0,6,0,112
2011-08-10 11:22:15,Normal,103,0,103,1550029,3314,3091223,57098,612.7746326504855,40,53,10,0,17,83,3,0,16,1,86
2011-08-10 11:22:16,Attack,93,0,95,1266365,15217,3041378,22500,494.0691034736843,33,55,7,0,15,75,5,0,9,4,81
2011-08-10 11:22:17,Normal,102,0,102,938164,15832,3878573,54439,399.92168635294115,31,58,13,0,15,86,1,0,10,0,92
2011-08-10 11:22:18,Attack,90,0,92,1148259,2265,2951387,60563,765.4832075652173,43,45,4,0,15,75,2,0,8,0,84
2011-08-10 11:22:19,Attack,116,0,117,1281696,17920,4575349,13738,464.99254799145314,37,74,6,0,16,96,5,0,12,0,105
2011-08-10 11:22:20,Normal,104,0,104,1303888,15607,3232015,66393,606.4976379807692,44,50,10,0,16,87,1,0,16,4,84
2011-08-10 11:22:21,Normal,112,0,112,1008122,17510,3962528,8752,471.8898474732142,36,71,5,0,8,99,2,3,17,1,91
2011-08-10 11:22:22,Normal,99,3,102,1098376,16398,3744044,10981,616.4078154019608,37,56,9,0,11,86,5,0,8,0,94
2011-08-10 11:22:23,Normal,102,0,102,1262199,16012,3750943,61110,526.7124730588235,34,61,7,0,16,74,12,0,19,1,82
2011-08-10 11:22:24,Normal,178,0,178,1318867,20485,7694803,52497,346.66055221910113,40,129,9,0,27,145,5,1,22,0,155
2011-08-10 11:22:25,Normal,85,0,85,826158,16603,3279653,5493,542.7415732117648,37,41,7,0,4,79,2,0,8,0,77
2011-08-10 11:22:26,Normal,157,0,157,1363881,21215,4433232,13004,414.63322828025474,40,110,7,0,18,100,38,1,49,0,106
2011-08-10 11:22:27,Normal,119,0,119,1144732,17485,3754368,25526,547.0549448991595,29,79,11,0,8,104,7,0,12,2,105
2011-08-10 11:22:28,Normal,87,0,87,1488912,33831,2946631,44117,743.9640006666667,34,46,7,0,22,64,1,0,5,2,80
2011-08-10 11:22:29,Attack,124,0,127,1368197,3662,4600745,37099,588.6885919291337,44,73,10,0,15,107,5,0,9,2,115
2011-08-10 11:22:30,Attack,87,1,89,1049803,15770,3190112,31735,572.2334666741572,41,34,14,0,8,80,1,0,11,2,76
2011-08-10 11:22:31,Normal,113,0,113,1191813,3558,4112319,61023,461.47008540707964,43,58,12,0,14,97,1,1,10,2,99
2011-08-10 11:22:32,Attack,111,3,115,1052470,17211,4074355,39665,598.4904299478262,45,63,7,0,12,98,5,0,11,0,104
2011-08-10 11:22:33,Attack,133,10,145,1090325,38455,4901542,3239,303.8728638827586,49,85,11,0,22,110,13,0,42,1,102
2011-08-10 11:22:34,Attack,122,3,127,919303,18460,5309783,31459,380.1392787086614,35,86,6,0,18,106,3,0,19,2,106
2011-08-10 11:22:35,Attack,87,10,98,809329,3461,3731652,36375,479.7473982857143,39,51,8,0,6,87,5,0,12,2,84
2011-08-10 11:22:36,Normal,97,0,97,980107,16922,3529839,43921,673.0494489793815,40,51,6,0,8,80,9,0,12,1,84
2011-08-10 11:22:37,Attack,99,0,100,901977,16443,3697127,19893,778.3924865799999,51,41,8,0,4,92,4,0,8,0,92
2011-08-10 11:22:38,Attack,106,0,107,1020098,16848,4081851,37034,580.5035515607477,38,60,9,0,9,93,5,0,6,1,100
2011-08-10 11:22:39,Attack,108,0,109,1071500,17551,3686312,20450,608.9636247522936,50,52,7,0,19,88,2,0,20,0,89
2011-08-10 11:22:40,Attack,115,0,117,967816,4418,4470292,43536,481.92475709401714,43,71,3,0,10,102,5,0,14,1,102
2011-08-10 11:22:41,Normal,103,0,103,863007,3595,4182661,53449,477.78264459223294,34,59,10,0,9,91,3,0,7,0,96
2011-08-10 11:22:42,Normal,141,3,144,1440817,18787,5223229,24049,593.1293314444445,54,75,15,0,19,118,7,0,16,1,126
2011-08-10 11:22:43,Normal,92,3,95,836060,17238,3489105,43679,423.35764516842096,35,52,8,0,5,88,2,0,11,2,82
2011-08-10 11:22:44,Attack,73,0,74,752158,18339,2740475,2087,931.3577122972974,26,38,10,0,7,67,0,0,13,2,59
2011-08-10 11:22:45,Normal,129,0,129,1508801,18692,4458065,54791,663.4111180155039,33,78,18,0,15,104,10,0,5,2,121
2011-08-10 11:22:46,Normal,107,0,107,1824304,3294,3060472,35766,749.8773432336449,49,52,6,0,25,77,5,0,3,2,102
2011-08-10 11:22:47,Normal,88,0,88,804494,15565,3558804,29880,595.7873366022727,36,48,4,0,11,77,0,0,6,0,81
2011-08-10 11:22:48,Normal,75,0,75,841856,2869,2747860,50946,574.4598098266667,29,41,5,0,13,62,0,0,13,1,61
2011-08-10 11:22:49,Normal,112,0,112,1018891,4068,4305289,61461,569.9733113482143,30,75,7,0,14,98,0,0,9,1,102
2011-08-10 11:22:50,Attack,91,0,92,870336,17082,3628728,65591,360.7102455869564,34,52,6,0,9,82,1,0,8,3,81
2011-08-10 11:22:51,Attack,88,0,92,862884,19110,2669924,47036,696.4771147065218,36,43,13,0,9,79,4,0,24,1,67
2011-08-10 11:22:52,Normal,155,3,158,1698329,18667,4420840,61211,705.7108329873419,46,106,6,0,50,103,5,0,36,2,120
2011-08-10 11:22:53,Normal,115,0,115,1025620,18324,3791340,10077,547.4165928086957,36,68,11,0,23,86,6,0,24,2,89
2011-08-10 11:22:54,Attack,81,0,85,720158,16290,2851464,18618,454.6721521411764,31,46,8,0,15,69,1,0,14,1,70
2011-08-10 11:22:55,Attack,86,0,90,724791,16677,3197220,62101,631.0112612333334,39,48,3,0,9,79,2,0,10,0,80
2011-08-10 11:22:56,Attack,168,0,169,995719,19470,6829263,48725,405.0062618402367,47,119,3,0,14,148,7,0,22,2,145
2011-08-10 11:22:57,Normal,78,0,78,1033978,15647,2400350,58879,827.5854485641024,39,31,7,0,7,65,5,0,8,2,67
2011-08-10 11:22:58,Normal,122,0,122,1529312,15620,3584636,56069,824.8894362295082,42,73,7,0,16,99,7,0,12,1,109
2011-08-10 11:22:59,Normal,225,0,225,1586304,23017,10272545,20632,475.04117231555557,20,194,11,0,25,195,5,0,12,1,211
2011-08-10 11:23:00,Attack,147,0,149,1471859,11206,5555930,24244,511.4994649395973,36,104,9,0,21,119,9,0,17,4,126
2011-08-10 11:23:01,Attack,145,0,146,1353994,21583,5560833,23975,468.9715173698631,49,91,6,0,23,113,10,0,29,3,113
2011-08-10 11:23:02,Normal,115,3,118,1343267,4997,3851045,55653,590.0358197881357,48,64,6,0,16,98,4,0,12,2,104
2011-08-10 11:23:03,Normal,145,0,145,1186671,18771,5507262,2313,512.6963474482759,33,104,8,0,41,99,5,0,37,3,105
2011-08-10 11:23:04,Attack,165,0,169,1822958,23817,6095519,39680,498.0511405147929,43,110,16,0,40,115,14,0,45,9,115
2011-08-10 11:23:05,Attack,116,0,120,815224,4717,4595442,39059,294.21330169166663,35,79,6,0,16,98,6,0,24,3,93
2011-08-10 11:23:06,Normal,139,0,139,1099686,69779,5455870,16447,571.8485692230216,40,90,9,0,17,115,7,0,23,4,111
2011-08-10 11:23:07,Normal,102,0,102,1206383,2780,3654873,50832,803.4742918725492,27,66,9,0,20,79,3,0,11,1,88
2011-08-10 11:23:08,Normal,217,0,217,1047379,23708,10170401,10993,277.1795769032258,47,166,4,0,36,160,21,0,53,3,161
2011-08-10 11:23:09,Normal,119,0,119,1335963,16616,4148138,50573,652.1897444957983,35,75,9,0,16,100,3,0,8,5,105
2011-08-10 11:23:10,Normal,106,0,106,1253888,16450,3829237,30319,876.2603550377357,35,62,9,0,13,89,4,0,9,0,97
2011-08-10 11:23:11,Normal,104,3,107,1425964,4332,3418883,45637,815.069767364486,30,71,6,0,19,79,9,0,9,1,97
2011-08-10 11:23:12,Attack,126,6,133,1196534,23072,5130531,16447,590.4192743533833,34,92,7,0,26,101,6,0,25,4,104
2011-08-10 11:23:13,Attack,174,3,178,1428289,8176,6901349,56702,379.7258618314607,37,135,6,0,36,132,10,0,41,8,128
2011-08-10 11:23:14,Attack,142,2,147,1268749,19819,5340626,65791,678.8117942040817,32,105,10,0,29,111,7,0,21,2,124
2011-08-10 11:23:15,Attack,105,0,108,984969,15643,3854796,56565,709.5543367407407,49,51,8,0,8,95,5,0,14,1,93
2011-08-10 11:23:16,Attack,126,0,131,1108558,6181,5034394,55811,361.44917041984735,45,81,5,0,19,108,4,0,18,2,111
2011-08-10 11:23:17,Normal,89,0,89,921771,2878,2812185,1243,564.7778383146067,37,43,9,0,7,80,2,0,14,0,75
2011-08-10 11:23:18,Normal,107,0,107,862196,16687,4068787,57647,571.9514190093458,39,61,7,0,7,97,3,0,3,2,102
2011-08-10 11:23:19,Normal,113,0,113,1201965,14302,4397726,55258,502.9177971681416,40,66,7,0,18,92,3,0,12,1,100
2011-08-10 11:23:20,Normal,101,0,101,1287910,3250,3422543,6805,693.0543364455447,34,54,13,0,11,84,6,0,8,4,89
2011-08-10 11:23:21,Attack,98,0,99,738229,18566,3834136,45552,545.2587467171718,36,58,5,0,5,93,0,1,9,0,89
2011-08-10 11:23:22,Attack,115,3,119,1286665,16556,4517713,32207,784.5318632941179,49,58,12,0,11,105,3,0,13,1,105
2011-08-10 11:23:23,Normal,132,0,132,1752205,19703,4248980,64822,846.8864036969698,47,73,12,0,22,103,7,0,21,3,108
2011-08-10 11:23:24,Normal,104,0,104,833681,18470,4170346,65203,410.00003822115383,34,64,6,0,17,86,0,1,16,2,85
2011-08-10 11:23:25,Attack,143,0,145,869967,23363,4568068,53607,401.6060558206897,37,101,7,0,45,95,4,1,45,1,98
2011-08-10 11:23:26,Attack,165,2,168,816029,8795,6423985,19749,314.8314370357143,37,124,7,0,40,125,3,0,50,1,117
2011-08-10 11:23:27,Normal,132,0,132,1329143,18167,5138695,53754,486.2180275530303,51,76,5,0,8,119,5,0,10,2,120
2011-08-10 11:23:28,Normal,87,0,87,1117349,21831,2723121,17481,1006.9504281609197,43,38,6,0,11,74,1,1,3,1,82
2011-08-10 11:23:29,Normal,116,0,116,1204985,16683,4158136,10315,526.8053706034483,38,71,7,0,25,87,3,1,19,3,92
2011-08-10 11:23:30,Normal,141,2,143,960576,6053,5743837,64743,400.5154701678321,39,98,6,0,25,103,15,0,39,1,103
2011-08-10 11:23:31,Normal,104,0,104,1041790,16737,3680218,10168,702.294238201923,43,47,14,0,11,90,3,0,12,1,91
2011-08-10 11:23:32,Normal,125,3,128,1024042,4514,5219690,65175,412.7858296796875,31,94,3,0,21,101,6,0,19,0,109
2011-08-10 11:23:33,Normal,194,0,194,1815623,8271,8258264,52386,351.2989199536082,49,137,8,0,43,138,13,0,47,3,144
2011-08-10 11:23:34,Attack,112,0,115,1147779,18784,3856022,8598,641.0693182782609,32,74,9,0,13,95,7,0,21,1,92
2011-08-10 11:23:35,Attack,129,0,131,1433167,18478,4752951,45233,468.27104937404584,50,74,7,0,10,107,14,0,26,4,101
2011-08-10 11:23:36,Attack,138,0,141,888981,6291,5997190,47844,366.88491548936173,43,92,6,0,6,132,3,0,11,2,128
2011-08-10 11:23:37,Attack,90,0,92,836765,16654,3253980,21051,542.9988042282607,36,50,6,0,6,84,2,0,11,2,79
2011-08-10 11:23:38,Normal,87,0,87,887345,2844,2994757,57181,495.6117383908046,43,33,11,0,6,79,2,0,8,3,75
2011-08-10 11:23:39,Normal,86,0,86,697257,16267,3242946,29571,375.82485620930237,32,48,6,0,6,73,7,0,15,0,71
2011-08-10 11:23:40,Normal,107,0,107,857025,35911,4078869,13450,467.79218580373833,36,61,10,0,23,82,2,0,26,1,80
2011-08-10 11:23:41,Normal,136,0,136,955773,17770,5717683,21987,371.1439107279412,40,85,11,0,8,120,8,0,16,1,119
2011-08-10 11:23:42,Attack,104,3,108,1115787,17107,4074935,8674,711.0570906481482,35,63,10,0,7,94,7,0,11,2,95
2011-08-10 11:23:43,Attack,145,3,150,1038934,5831,6008394,59930,373.66725701999997,34,108,8,0,30,114,6,0,28,2,119
2011-08-10 11:23:44,Attack,159,0,161,1424129,8416,6259638,2959,563.9696039254659,43,112,6,0,21,124,16,0,27,2,131
2011-08-10 11:23:45,Normal,105,0,105,1044144,3987,3905818,58206,580.6258783238095,41,59,5,0,19,86,0,0,11,2,92
2011-08-10 11:23:46,Attack,105,0,106,1099433,18916,3835972,18993,434.101625509434,33,65,8,0,20,82,4,0,16,1,88
2011-08-10 11:23:47,Normal,111,0,111,1301670,11588,3735562,36736,628.2993687567567,45,58,8,0,7,91,13,0,21,3,87
2011-08-10 11:23:48,Normal,109,0,109,744926,13728,3843819,13701,393.9132048623853,36,66,7,0,15,86,8,0,29,2,77
2011-08-10 11:23:49,Normal,102,0,102,839895,16543,3608511,44273,500.396694137255,45,52,5,0,9,84,9,0,19,1,82
2011-08-10 11:23:50,Normal,152,0,152,1209340,8362,6299079,57888,444.8178733355264,38,107,7,0,14,127,11,0,16,0,136
2011-08-10 11:23:51,Normal,154,0,154,1329345,19221,6181142,16728,392.297963948052,54,93,7,0,12,135,7,0,15,3,136
2011-08-10 11:23:52,Normal,119,3,122,1058691,5306,4514981,32280,349.5047734590164,37,70,15,0,13,103,6,0,24,1,97
2011-08-10 11:23:53,Normal,134,0,134,959942,5164,5392629,50909,349.51808832835826,42,87,5,0,10,115,9,0,16,2,116
2011-08-10 11:23:54,Attack,139,0,142,936191,5607,5536528,53122,439.86371431690145,42,96,4,0,14,123,5,0,19,0,123
2011-08-10 11:23:55,Attack,111,0,114,768688,17743,4053941,3126,565.3730788421053,31,66,17,0,7,104,3,0,14,1,99
2011-08-10 11:23:56,Attack,118,0,119,809759,5019,4671975,37879,486.907520722689,33,80,6,0,7,109,3,0,11,2,106
2011-08-10 11:23:57,Attack,83,0,84,639831,2734,3196160,48497,820.2563137380953,32,48,4,0,6,76,2,0,8,0,76
2011-08-10 11:23:58,Attack,112,0,113,1084374,5001,4007743,56119,612.6878072654868,38,66,9,0,15,92,6,0,15,2,96
2011-08-10 11:23:59,Normal,119,0,119,1038253,22492,4886094,10208,487.4953826554621,43,65,11,0,16,98,5,0,21,0,97
2011-08-10 11:24:00,Normal,106,0,106,1392141,16658,3557132,28282,851.5902987075472,37,57,12,0,17,85,4,0,11,0,95
2011-08-10 11:24:01,Normal,116,0,116,798740,19095,4415244,43664,265.68338914655175,36,72,8,0,17,98,1,0,18,2,96
2011-08-10 11:24:02,Normal,103,3,106,961613,17871,3982413,29649,559.1451875283018,38,62,6,0,12,91,3,0,10,3,93
2011-08-10 11:24:03,Attack,93,0,96,756860,15979,3654262,7122,476.8129527291666,40,48,8,0,7,88,1,0,7,2,87
2011-08-10 11:24:04,Attack,86,0,89,901509,15636,2995880,59581,590.1622528988764,33,47,9,0,9,78,2,0,10,4,75
2011-08-10 11:24:05,Attack,95,0,97,920602,16419,3195566,47328,638.100640072165,44,44,9,0,13,83,1,0,17,5,75
2011-08-10 11:24:06,Normal,107,0,107,1043418,4750,3929655,35078,624.7879627663552,45,50,12,0,7,93,7,0,16,3,87
2011-08-10 11:24:07,Normal,103,0,103,599270,59963,4198921,13362,263.56916540776706,28,69,6,0,16,87,0,0,16,1,86
2011-08-10 11:24:08,Normal,81,0,81,901589,14532,2922357,34427,683.5225706913579,38,33,10,0,5,75,1,0,9,2,70
2011-08-10 11:24:09,Normal,107,0,107,1095543,2556,3498590,56994,616.6140835700935,41,54,12,0,13,91,3,0,12,3,91
2011-08-10 11:24:10,Normal,88,0,88,914744,15821,3309834,11584,683.2419919431818,28,52,8,0,10,78,0,0,6,1,80
2011-08-10 11:24:11,Normal,114,0,114,775020,18221,4625946,20470,495.3623881578947,37,69,8,0,12,101,1,0,13,0,101
2011-08-10 11:24:12,Normal,120,3,123,1153866,11790,4559982,34932,499.765725300813,60,52,11,0,10,111,2,0,12,0,111
2011-08-10 11:24:13,Normal,88,3,91,758792,27250,3425900,1801,810.322205065934,39,48,4,0,6,83,2,0,10,3,77
2011-08-10 11:24:14,Attack,109,0,110,1145184,6242,3902660,66811,611.7438780000001,37,66,7,0,11,96,3,0,21,3,86
2011-08-10 11:24:15,Attack,71,0,74,827309,14960,2502093,15475,861.1755148648651,34,35,5,0,10,62,1,1,6,2,66
2011-08-10 11:24:16,Attack,85,0,87,779054,15890,3274535,19074,588.5198619425287,32,45,10,0,2,83,2,0,5,2,80
2011-08-10 11:24:17,Attack,97,0,98,1063881,65149,3254262,14905,821.6530124081632,42,44,12,0,10,85,3,0,6,2,90
2011-08-10 11:24:18,Attack,110,2,115,1030331,16982,4085497,6045,608.3899847565217,36,62,17,0,22,89,4,0,22,2,90
2011-08-10 11:24:19,Attack,85,0,87,929661,15777,2750542,49299,912.03317954023,43,39,5,0,7,76,4,0,9,1,77
2011-08-10 11:24:20,Normal,103,0,103,1246616,16389,3811288,47588,631.0884085339806,47,46,10,0,11,91,1,0,7,3,93
2011-08-10 11:24:21,Normal,99,0,99,1345352,15839,3174094,46947,666.9410118080808,47,44,8,0,6,90,2,1,5,3,90
2011-08-10 11:24:22,Normal,79,3,82,831421,15918,3118483,45230,470.1043123048781,25,48,9,0,6,71,4,1,6,1,74
2011-08-10 11:24:23,Normal,110,0,110,1153454,24083,3925626,13361,503.77982382727265,53,48,9,0,9,97,2,2,10,0,98
2011-08-10 11:24:24,Normal,83,0,83,765589,17064,2777808,26704,621.9880507590361,29,49,5,0,8,74,1,0,5,2,76
2011-08-10 11:24:25,Attack,103,0,109,1364674,15636,3353970,53233,696.8958975779817,52,50,7,0,22,83,4,0,18,3,88
2011-08-10 11:24:26,Attack,77,0,79,1122619,15175,2436385,58852,683.8992003164557,36,35,8,0,13,63,3,0,8,5,65
2011-08-10 11:24:27,Attack,136,0,138,1039411,18747,5309100,9534,373.3209277826087,45,83,10,0,5,130,3,0,11,1,126
2011-08-10 11:24:28,Normal,102,0,102,1070531,16549,3926269,37192,587.0478267058824,52,44,6,0,6,96,0,0,8,1,93
2011-08-10 11:24:29,Normal,75,0,75,1140165,14521,2490986,9768,593.6291590000001,34,30,11,0,6,65,3,1,3,2,69
2011-08-10 11:24:30,Normal,111,0,111,1157623,17427,4106192,30466,554.9408056666668,38,65,8,0,16,93,2,0,17,1,93
2011-08-10 11:24:31,Normal,77,0,77,1137524,14655,2180221,49516,675.8958796753247,42,31,4,0,9,66,2,0,11,2,64
2011-08-10 11:24:32,Normal,115,3,118,1012671,18412,4142647,8497,301.1711088220339,30,79,9,0,18,97,3,0,19,4,95
2011-08-10 11:24:33,Normal,111,0,111,903511,17526,4275166,56689,571.5072487837838,48,57,6,0,8,101,2,0,9,1,101
2011-08-10 11:24:34,Normal,86,3,89,1262142,16639,3099439,58500,938.1933068764046,36,45,8,0,18,68,3,0,6,1,82
2011-08-10 11:24:35,Normal,100,0,100,870933,11058,4019733,55000,661.7515519399999,43,48,9,0,3,96,1,0,11,0,87
2011-08-10 11:24:36,Attack,86,0,87,1030420,15478,3056319,37863,564.1458651954022,39,43,5,0,11,73,3,0,10,3,74
2011-08-10 11:24:37,Attack,116,0,117,1048623,17813,4515667,31716,665.1768772393161,43,67,7,0,9,105,3,0,18,0,99
2011-08-10 11:24:38,Attack,91,0,93,1081760,16705,3412355,14388,611.3325130752688,34,54,5,0,12,81,0,0,8,0,84
2011-08-10 11:24:39,Attack,84,0,85,1074871,16681,3311860,62064,530.6979752,41,36,8,0,9,76,0,0,14,1,70
2011-08-10 11:24:40,Attack,91,0,93,1182197,16514,2859889,53127,818.2501866021504,40,44,9,0,14,78,1,0,12,0,80
2011-08-10 11:24:41,Normal,127,0,127,876461,25902,4966883,31001,462.00105081102356,41,80,6,0,17,108,2,0,21,2,104
2011-08-10 11:24:42,Normal,99,3,102,918637,16998,3799556,13539,464.611182117647,39,52,11,0,3,97,2,0,8,1,93
2011-08-10 11:24:43,Normal,90,0,90,998403,18702,3261175,47693,438.69684767777784,38,48,4,0,15,74,1,0,10,1,79
2011-08-10 11:24:44,Normal,78,3,81,821929,16000,3059635,13225,476.26172613580246,33,38,10,0,4,76,1,0,10,2,69
2011-08-10 11:24:45,Normal,80,0,80,782589,36746,2774974,25037,604.355330325,41,35,4,0,6,74,0,0,6,0,74
2011-08-10 11:24:46,Attack,81,0,83,812909,17329,3088816,46313,634.0765771204819,31,47,5,0,15,65,3,0,15,1,67
2011-08-10 11:24:47,Attack,95,0,97,937262,16393,3373441,36239,535.9713487731958,37,49,11,0,7,89,1,0,11,6,80
2011-08-10 11:24:48,Attack,114,0,121,1263517,18063,3868394,10772,515.6001692809917,37,72,12,0,28,90,3,0,21,1,99
2011-08-10 11:24:49,Normal,81,0,81,752764,15949,2872749,30034,677.1818097160494,30,41,10,0,9,69,3,0,13,1,67
2011-08-10 11:24:50,Normal,142,0,142,1305778,6509,5316007,43637,392.6029378380281,45,92,5,0,21,109,12,0,25,1,116
2011-08-10 11:24:51,Normal,106,0,106,1000300,18033,3405805,5978,636.4159503584906,40,62,4,0,17,77,12,0,25,1,79
2011-08-10 11:24:52,Normal,119,3,122,812740,58011,4670277,13363,373.26015718852454,40,74,8,0,16,101,5,0,27,0,95
2011-08-10 11:24:53,Normal,121,0,121,1115403,4338,4440223,48776,477.7574259504132,39,76,6,0,20,98,3,0,18,2,100
2011-08-10 11:24:54,Normal,79,0,79,966364,15801,2765144,58945,515.1708526582278,28,48,3,0,18,59,2,0,14,6,59
2011-08-10 11:24:55,Normal,101,0,101,870224,17431,3687381,33804,533.9910338019803,41,55,5,0,18,78,5,0,25,1,75
2011-08-10 11:24:56,Normal,152,0,152,822128,19682,6033873,35526,355.3933435131579,37,108,7,0,9,140,3,0,23,3,126
2011-08-10 11:24:57,Normal,83,0,83,835760,15292,3013562,5478,713.4405840843374,36,40,7,0,6,76,1,0,11,2,70
2011-08-10 11:24:58,Attack,257,0,258,1117114,24581,12235586,30234,250.80467485271316,46,200,12,0,9,244,5,0,18,2,238
2011-08-10 11:24:59,Attack,100,0,103,970306,17482,3533712,3370,723.7729553786407,35,58,10,0,12,89,2,0,13,3,86
2011-08-10 11:25:00,Attack,101,0,102,646166,5295,4184950,50939,618.4812925294118,38,58,6,0,1,99,2,0,14,3,84
2011-08-10 11:25:01,Attack,85,0,87,839227,17488,3218586,12907,471.71290243678175,37,42,8,0,10,76,1,0,9,0,77
2011-08-10 11:25:02,Attack,92,8,102,720577,17678,3777041,37948,409.34414238235297,34,55,13,0,3,95,4,0,10,0,91
2011-08-10 11:25:03,Normal,105,9,114,986054,18294,4235470,63450,619.8328701842106,42,64,8,0,9,99,6,0,12,1,101
2011-08-10 11:25:04,Normal,95,0,95,991632,15703,3867305,24138,558.7523610526316,38,47,10,0,10,70,15,0,19,2,74
2011-08-10 11:25:05,Normal,90,0,90,783213,9675,3136477,2241,475.28479162222226,32,51,7,0,3,86,1,0,7,1,82
2011-08-10 11:25:06,Normal,100,0,100,925134,15796,3810367,33677,624.19460182,47,47,6,0,4,94,2,0,9,3,88
2011-08-10 11:25:07,Attack,195,0,201,1259318,23948,8669455,20333,274.2814199253732,35,152,14,0,20,156,25,0,47,8,146
2011-08-10 11:25:08,Attack,146,0,147,1318503,20464,5388384,9871,472.715830877551,33,107,7,0,13,127,7,0,14,11,122
2011-08-10 11:25:09,Attack,95,0,97,1077183,17282,3256618,20653,565.8721324020619,35,50,12,0,11,83,3,0,14,5,78
2011-08-10 11:25:10,Normal,106,0,106,1140522,2993,3614351,49083,391.3450358962264,36,61,9,0,13,90,3,0,8,6,92
2011-08-10 11:25:11,Attack,87,0,88,934103,2111,3125947,39691,541.6626242954545,37,45,6,0,7,80,1,0,6,1,81
2011-08-10 11:25:12,Normal,72,3,75,888860,14320,2412489,46447,698.7998042799999,41,30,4,0,9,65,1,0,3,2,69
2011-08-10 11:25:13,Attack,152,0,155,852139,20360,6387885,22861,479.58846534838716,34,112,9,0,17,137,1,0,22,7,126
2011-08-10 11:25:14,Normal,134,0,134,994387,4881,5596461,53578,302.9006485,40,86,8,0,20,112,2,0,23,7,104
2011-08-10 11:25:15,Attack,104,3,108,843567,4246,4186887,64054,323.4434663981482,33,69,6,0,6,99,3,0,8,4,96
2011-08-10 11:25:16,Normal,82,0,82,888515,16018,2775525,11545,722.6369039756096,39,38,5,0,6,76,0,0,6,4,72
2011-08-10 11:25:17,Normal,96,0,96,897402,15299,3426253,1034,695.1567370104167,38,50,8,0,6,89,1,0,5,1,90
2011-08-10 11:25:18,Attack,124,0,125,1085628,10350,3996229,3015,503.98319282399996,44,73,8,0,13,108,4,0,30,3,92
2011-08-10 11:25:19,Attack,91,2,99,876805,2837,3517068,36263,591.373487969697,30,62,7,0,12,85,2,0,14,3,82
2011-08-10 11:25:20,Attack,127,0,134,1554878,20814,4283636,2290,612.0100042014926,46,74,14,0,14,107,13,0,23,3,108
2011-08-10 11:25:21,Normal,102,0,102,1280459,15718,3470075,26322,613.4765019411765,45,52,5,0,16,83,2,1,10,1,90
2011-08-10 11:25:22,Attack,144,3,149,967743,51384,5507290,14902,377.9384560604027,39,104,6,0,28,116,3,2,36,3,108
2011-08-10 11:25:23,Attack,108,0,113,831693,17534,4013170,43732,403.01356561946903,31,73,9,0,20,89,4,0,28,2,83
2011-08-10 11:25:24,Normal,125,0,125,1151281,4465,4473151,3576,589.9103176479999,37,79,9,0,16,98,11,0,20,1,104
2011-08-10 11:25:25,Normal,111,0,111,898698,18646,4276704,19249,413.3752590180181,37,67,7,0,7,101,3,0,19,1,91
2011-08-10 11:25:26,Normal,134,0,134,869898,18423,5459573,17554,410.97768432089555,32,91,11,0,7,123,4,0,13,1,120
2011-08-10 11:25:27,Normal,129,0,129,932418,17290,5339103,5986,372.0291976744186,47,72,10,0,5,113,10,1,16,1,111
2011-08-10 11:25:28,Normal,100,0,100,1516849,8186,3170859,1474,766.2886164500001,45,41,14,0,13,83,4,0,12,2,86
2011-08-10 11:25:29,Attack,172,0,173,1396182,21139,6766097,59165,393.4104891387284,39,127,7,0,33,135,5,0,32,8,133
2011-08-10 11:25:30,Attack,136,0,138,1158128,5941,4165937,54335,545.7415257681159,42,86,10,0,9,119,10,0,21,5,112
2011-08-10 11:25:31,Attack,100,0,103,958546,17038,3489309,41574,279.83260092233013,37,51,15,0,9,88,4,2,10,2,90
2011-08-10 11:25:32,Attack,132,3,138,881699,5110,5443924,6852,364.2764893478261,34,96,8,0,12,122,4,0,15,5,118
2011-08-10 11:25:33,Attack,100,0,103,574098,3692,4260615,37390,371.72173002912615,26,68,9,0,9,93,1,0,14,1,88
2011-08-10 11:25:34,Attack,110,0,115,909922,18869,4265440,33731,450.83705091304336,37,71,7,0,22,90,3,0,26,3,86
2011-08-10 11:25:35,Attack,106,0,108,1132559,18574,3766121,59627,648.95817225,41,56,11,0,14,88,6,0,13,0,94
2011-08-10 11:25:36,Normal,118,0,118,929630,16998,5085121,49152,556.7938837118644,26,83,9,0,9,107,2,0,13,1,104
2011-08-10 11:25:37,Normal,85,0,85,881965,16187,2947537,43837,409.42625092941176,29,48,8,0,5,76,4,0,13,3,69
2011-08-10 11:25:38,Normal,129,0,129,1154040,11335,4596324,2610,449.2377134418605,41,83,5,0,11,114,4,0,10,3,116
2011-08-10 11:25:39,Normal,113,0,113,1481258,16287,3798759,44472,487.6482021504425,32,72,9,0,20,92,1,0,14,4,95
2011-08-10 11:25:40,Attack,85,3,89,983451,16677,3185537,27757,679.6087224269663,44,39,6,0,8,80,1,0,12,4,72
2011-08-10 11:25:41,Attack,109,0,114,1199115,10368,3709446,2251,401.7374514385966,43,67,4,0,16,93,5,0,26,2,86
2011-08-10 11:25:42,Normal,89,3,92,920013,17845,3357437,44651,381.19496885869563,46,37,9,0,4,78,10,0,14,5,73
2011-08-10 11:25:43,Normal,108,0,108,998141,22775,4007335,31692,553.9346769814814,34,69,5,0,11,85,12,0,21,3,84
2011-08-10 11:25:44,Attack,122,0,127,825367,8300,4767919,54546,310.47557225196846,38,82,7,0,16,106,5,0,25,3,99
2011-08-10 11:25:45,Normal,79,3,82,800693,17057,3108845,63306,707.3545719512194,34,36,12,0,6,65,11,0,9,2,71
2011-08-10 11:25:46,Normal,118,0,118,1088135,7395,4339346,44769,415.28495755084754,31,82,5,0,15,98,5,0,14,4,100
2011-08-10 11:25:47,Normal,124,0,124,1084437,18625,4680784,65229,430.79246674999996,40,78,6,0,16,101,7,0,21,6,96
2011-08-10 11:25:48,Normal,97,0,97,958734,17049,3417299,27969,614.2597745051547,40,45,12,0,14,81,2,0,19,2,76
2011-08-10 11:25:49,Normal,121,0,121,1010795,18422,4830632,62320,340.13121795867767,34,77,10,0,10,108,3,0,13,3,105
2011-08-10 11:25:50,Attack,123,0,124,751637,23782,4442494,58389,275.02906835483867,32,84,8,0,12,103,9,0,28,3,93
2011-08-10 11:25:51,Normal,130,0,130,2133776,20264,4426599,60292,1066.3800099461541,44,75,11,0,22,89,19,0,19,5,106
2011-08-10 11:25:52,Attack,116,3,122,1322787,18488,4147292,67252,464.3824949016393,43,72,7,0,16,99,7,0,20,6,96
2011-08-10 11:25:53,Normal,78,0,78,796529,17305,2611878,31382,696.1936857692307,25,42,11,0,10,62,6,0,14,1,63
2011-08-10 11:25:54,Attack,131,0,137,914549,18327,4505191,28606,388.6092428686132,33,97,7,0,19,105,13,0,24,2,110
2011-08-10 11:25:55,Attack,82,0,83,787201,3444,3182794,3893,681.880926626506,40,37,6,0,8,67,8,0,15,1,67
2011-08-10 11:25:56,Attack,121,0,124,972394,4937,4647326,53157,576.5862544274195,37,81,6,0,25,94,5,0,24,3,95
2011-08-10 11:25:57,Normal,108,0,108,780925,17645,3743899,18123,467.94178643518524,36,61,11,0,11,97,0,0,17,0,91
2011-08-10 11:25:58,Normal,90,0,90,962234,16144,3473808,25997,553.5761779444445,33,48,9,0,12,71,7,0,14,1,75
2011-08-10 11:25:59,Normal,91,0,91,1083197,14503,3275129,14386,816.6568642967032,49,39,3,0,9,80,2,0,9,0,82
2011-08-10 11:26:00,Normal,136,0,136,1811757,2881,4805145,52772,580.3563434779413,54,76,6,0,18,116,2,0,15,5,116
2011-08-10 11:26:01,Normal,136,0,136,935687,6258,6124929,40706,434.38526526470594,44,85,7,0,11,125,0,0,15,3,118
2011-08-10 11:26:02,Attack,114,3,118,1061999,19704,4382876,27611,469.63101113559327,38,73,7,0,12,101,5,0,22,2,94
2011-08-10 11:26:03,Normal,78,0,78,876758,15816,2774896,12045,675.659786025641,27,42,9,0,19,56,3,0,12,1,65
2011-08-10 11:26:04,Normal,104,0,104,962887,18453,4206937,50453,539.6138694038463,41,58,5,0,15,86,3,0,15,1,88
2011-08-10 11:26:05,Attack,133,0,139,1313106,8447,5088124,56470,594.1263640431655,38,97,4,0,28,104,7,0,24,3,112
2011-08-10 11:26:06,Normal,118,0,118,1063037,7907,4414262,54041,467.17873674576265,41,66,11,0,14,98,6,0,19,3,96
2011-08-10 11:26:07,Normal,103,0,103,870486,50190,3994380,14393,388.38538225242723,37,62,4,0,14,83,6,0,16,2,85
2011-08-10 11:26:08,Attack,117,0,118,1028033,64653,4340005,14905,454.37661972881364,37,75,6,0,30,80,8,0,34,2,82
2011-08-10 11:26:09,Normal,139,0,139,1095544,19635,5333965,50936,428.1593925899281,53,80,6,0,22,112,5,0,25,0,114
2011-08-10 11:26:10,Normal,102,0,102,970939,16247,3966629,27322,494.2936022549019,44,53,5,0,8,93,1,0,9,3,90
2011-08-10 11:26:11,Normal,100,0,100,755262,4160,4122982,51575,493.64948665000003,46,47,7,0,8,92,0,0,10,1,89
2011-08-10 11:26:12,Normal,83,3,86,1062283,15859,2932868,50019,814.3263026395348,43,37,6,0,12,71,3,0,9,2,75
2011-08-10 11:26:13,Attack,103,0,108,1150463,17405,3600473,3477,493.3655039259259,39,60,9,0,20,86,2,0,13,1,94
2011-08-10 11:26:14,Normal,97,0,97,1068516,16310,3407384,65108,718.4951835051546,36,53,8,0,12,82,3,0,7,1,88
2011-08-10 11:26:15,Attack,132,3,140,1305466,5398,4760619,5198,644.3733474071429,61,75,4,0,23,110,7,0,24,2,114
2011-08-10 11:26:16,Attack,97,0,98,827564,5047,3865419,2046,577.0674629183674,38,55,5,0,10,85,3,0,17,0,81
2011-08-10 11:26:17,Attack,69,0,71,797329,15201,2283037,8988,729.0856032253521,35,30,6,0,7,64,0,0,5,0,66
2011-08-10 11:26:18,Normal,90,0,90,998234,15999,3221094,57921,508.1589494222221,34,51,5,0,12,78,0,0,5,2,83
2011-08-10 11:26:19,Normal,121,0,121,1215521,16386,4532700,23855,619.888151677686,34,80,7,0,11,108,2,0,5,5,111
2011-08-10 11:26:20,Attack,137,0,140,1133843,32118,5137846,17689,477.2153562142857,47,85,8,0,27,108,5,0,31,5,104
2011-08-10 11:26:21,Normal,114,0,114,1106197,18988,4088150,60138,582.8479756140351,49,57,8,0,19,91,3,1,21,3,89
2011-08-10 11:26:22,Normal,210,3,213,1252829,10428,8543094,43592,230.44313548356808,39,169,5,0,43,164,4,2,37,3,171
2011-08-10 11:26:23,Attack,84,0,90,677111,17612,3116450,10368,640.2350675555556,30,51,9,0,11,72,7,0,15,0,75
2011-08-10 11:26:24,Normal,86,2,88,894638,15961,2649239,38012,781.7924801818182,30,52,6,0,17,62,9,0,18,0,70
2011-08-10 11:26:25,Normal,115,0,115,1159015,16917,3932287,22519,480.1911600521739,42,62,11,0,8,102,3,2,6,5,102
2011-08-10 11:26:26,Attack,95,0,99,826475,18574,3638668,60533,516.4610330909092,35,54,10,0,11,84,4,0,14,2,83
2011-08-10 11:26:27,Normal,88,0,88,913798,17378,3252761,55132,767.0042118068181,42,34,12,0,8,75,5,0,11,2,74
2011-08-10 11:26:28,Normal,113,0,113,1073747,17249,3962130,15612,576.9954276017697,38,64,11,0,13,93,7,0,16,2,95
2011-08-10 11:26:29,Normal,116,0,116,1371230,9819,4058253,41713,457.75623970689657,36,73,7,0,19,75,22,0,29,1,86
2011-08-10 11:26:30,Normal,109,0,109,1317073,8749,4079408,53766,683.3506851284403,44,59,6,0,10,94,5,0,5,2,102
2011-08-10 11:26:31,Normal,149,0,149,1418626,19066,5005053,38384,443.6265040738255,40,93,16,0,23,113,13,0,43,5,101
2011-08-10 11:26:32,Normal,119,3,122,1180166,5119,3226610,4572,525.2692001885246,34,81,7,0,17,104,1,0,37,2,83
2011-08-10 11:26:33,Normal,142,0,142,1370652,18154,5125036,14274,592.9712624859155,44,85,13,0,16,122,4,0,12,4,126
2011-08-10 11:26:34,Attack,152,0,153,899564,20053,6941626,58198,243.83851654901963,38,103,12,0,14,137,2,0,17,2,134
2011-08-10 11:26:35,Normal,136,0,136,862985,21157,5359347,13554,382.87947825735296,42,91,3,0,27,105,4,0,30,0,106
2011-08-10 11:26:36,Attack,132,0,137,870289,18382,5123552,21748,298.5718674744525,34,95,7,0,33,100,3,0,34,0,102
2011-08-10 11:26:37,Normal,125,0,125,1316688,18391,4408345,24875,608.2244197680002,40,71,14,0,20,102,3,0,19,2,104
2011-08-10 11:26:38,Attack,94,0,95,877537,3893,3132457,38837,497.79815921052636,33,54,8,0,8,83,4,0,12,0,83
2011-08-10 11:26:39,Normal,125,0,125,1465453,18298,4662667,13342,572.1380796399999,38,79,8,0,21,99,5,0,17,0,108
2011-08-10 11:26:40,Normal,95,0,95,601463,18098,3421437,22214,407.29758301052635,26,59,10,0,9,84,2,0,16,0,79
2011-08-10 11:26:41,Attack,177,0,182,1048599,8573,7330296,45341,267.04028465384613,52,120,10,0,41,127,14,0,58,3,121
2011-08-10 11:26:42,Normal,122,3,125,1274284,16829,4669029,62473,573.326047104,46,70,9,0,9,110,5,1,11,1,113
2011-08-10 11:26:43,Normal,107,0,107,1379142,15530,3549146,6181,681.157178327103,41,54,12,0,14,88,4,1,8,3,96
2011-08-10 11:26:44,Attack,102,0,103,1277507,16794,3336646,55659,517.0587487281553,38,55,10,0,10,90,3,0,6,7,90
2011-08-10 11:26:45,Normal,97,0,97,920595,16790,3448945,25368,589.3221275979382,42,48,7,0,6,87,4,0,8,2,87
2011-08-10 11:26:46,Normal,112,3,115,922068,18445,4568813,63691,391.26365442608693,41,65,9,0,9,104,2,0,11,1,103
2011-08-10 11:26:47,Attack,104,0,107,1065213,3891,3600498,58750,599.5244668598131,41,59,7,0,15,89,3,0,14,3,89
2011-08-10 11:26:48,Normal,86,0,86,894225,27662,2996410,13715,932.9627879302324,36,45,5,0,20,66,0,0,12,1,73
2011-08-10 11:26:49,Normal,117,0,117,1036567,17328,4392575,51281,589.3043553589744,43,66,8,0,16,100,1,0,16,2,99
2011-08-10 11:26:50,Normal,122,0,122,1119647,16500,4381260,26969,694.020219852459,38,73,11,0,26,96,0,0,16,3,103
2011-08-10 11:26:51,Normal,150,0,150,1537732,5729,4979543,46507,592.4907352866666,40,103,7,0,31,116,3,0,15,3,131
2011-08-10 11:26:52,Attack,128,3,132,1886927,3478,4123841,3587,486.4625352727273,47,80,5,0,31,99,2,0,6,3,123
2011-08-10 11:26:53,Normal,102,0,102,1326634,14426,3060188,28065,688.761218490196,52,41,9,0,9,89,4,0,7,2,93
2011-08-10 11:26:54,Normal,117,0,117,975006,16865,3329926,13512,746.5569293162393,44,63,10,0,13,92,12,0,24,3,90
2011-08-10 11:26:55,Attack,98,0,123,1435846,16955,3023944,22402,503.5460741788618,39,75,9,0,26,77,20,0,8,2,111
2011-08-10 11:26:56,Attack,120,0,154,1015617,5616,4048204,48290,479.53004231168836,42,105,7,0,41,102,11,0,16,0,138
2011-08-10 11:26:57,Attack,94,0,99,990358,16183,3216774,39634,611.0725128888888,40,51,8,0,12,84,3,0,13,3,83
2011-08-10 11:26:58,Normal,206,0,206,1752033,21315,8617448,59503,570.4630160048544,40,159,7,0,32,169,5,0,9,1,196
2011-08-10 11:26:59,Attack,131,0,134,1232804,4596,5515292,56119,485.81891749253737,34,89,11,0,16,116,2,0,6,3,125
2011-08-10 11:27:00,Normal,94,0,94,1158729,14931,3208835,13445,450.95964597872336,40,48,6,0,12,79,3,0,7,2,85
2011-08-10 11:27:01,Attack,142,0,144,963172,19947,4922828,16459,297.6391607291667,44,96,4,0,17,118,9,0,24,5,114
2011-08-10 11:27:02,Attack,143,3,150,1466180,11960,5533690,53778,676.85886008,42,99,9,0,26,117,7,0,18,2,130
2011-08-10 11:27:03,Normal,81,0,81,1007394,16418,2563267,45277,617.4648050000001,32,40,9,0,9,65,7,0,8,6,67
2011-08-10 11:27:04,Normal,96,0,96,1071090,9362,3270685,14903,460.7619874791667,33,57,6,0,11,83,2,0,5,4,87
2011-08-10 11:27:05,Normal,98,0,98,1052597,17222,3166122,39208,616.3504192448979,45,44,9,0,5,87,6,0,9,3,86
2011-08-10 11:27:06,Normal,117,0,117,1006501,17457,4007589,31437,647.2067368290599,46,67,4,0,12,98,5,2,15,4,98
2011-08-10 11:27:07,Normal,97,0,97,1038518,2753,3456156,60177,224.3984726185567,37,49,11,0,9,85,3,0,9,3,85
2011-08-10 11:27:08,Attack,126,0,129,693831,18150,4582465,52644,218.54072217054264,34,87,8,0,9,111,9,0,20,0,109
2011-08-10 11:27:09,Normal,124,0,124,1115676,3758,4765518,54486,528.3580160483871,38,77,9,0,16,105,3,0,9,1,113
2011-08-10 11:27:10,Normal,131,0,131,847540,6493,5406578,50298,391.26286309160304,40,84,7,0,48,83,0,0,49,0,82
2011-08-10 11:27:11,Normal,159,0,159,1209784,7863,6708063,51776,383.8944513710692,35,117,7,0,43,115,1,0,30,2,127
2011-08-10 11:27:12,Normal,228,3,231,1061164,12295,10704802,3016,222.48544812121207,36,181,14,0,41,185,5,0,43,1,187
2011-08-10 11:27:13,Attack,219,0,224,1294836,9560,9840818,58332,330.32798300446433,38,175,11,0,39,179,6,0,35,2,187
2011-08-10 11:27:14,Normal,87,0,87,889496,16640,3346483,14743,367.64992766666666,26,59,2,0,16,69,2,0,17,2,68
2011-08-10 11:27:15,Normal,119,0,119,1481797,4012,4070083,53309,623.8635008991596,33,76,10,0,27,66,26,0,45,3,71
2011-08-10 11:27:16,Normal,114,3,117,1131010,7165,4307066,65190,495.9467333333334,40,74,3,0,24,89,4,0,21,4,92
2011-08-10 11:27:17,Normal,91,1,92,931178,58619,2954157,15676,553.0776678913043,41,44,7,0,16,73,3,0,18,3,71
2011-08-10 11:27:18,Attack,109,0,115,1025961,20943,4186747,62361,366.91062405217394,37,70,8,0,26,86,3,0,27,2,86
2011-08-10 11:27:19,Normal,99,0,99,997149,18146,3530321,62256,558.2576683232323,34,56,9,0,21,77,1,0,20,2,77
2011-08-10 11:27:20,Attack,112,0,122,1100012,17890,4067761,35171,552.8394791229508,50,65,7,0,16,101,5,0,19,1,102
2011-08-10 11:27:21,Normal,113,0,113,946464,5939,4317172,57370,515.8336692123894,34,71,8,0,14,95,3,1,15,1,96
2011-08-10 11:27:22,Normal,118,3,121,925631,5503,4604857,61185,450.5939625950414,43,72,6,0,11,105,3,2,19,2,97
2011-08-10 11:27:23,Attack,124,0,126,1022363,6903,5159867,60500,399.1222797619047,43,71,12,0,12,111,3,0,15,3,108
2011-08-10 11:27:24,Attack,93,0,95,1084414,18026,3568247,13386,493.83655042105266,43,47,5,0,15,75,3,2,18,3,71
2011-08-10 11:27:25,Attack,90,0,91,676924,17203,3596046,9113,585.2135755604395,42,45,4,0,2,89,0,0,5,0,86
2011-08-10 11:27:26,Normal,184,0,184,810906,21756,8491651,11925,288.64073571195655,25,147,12,0,14,166,4,0,17,0,167
2011-08-10 11:27:27,Normal,108,0,108,816753,18470,4101532,11643,508.64698378703713,39,64,5,0,7,96,5,0,12,1,95
2011-08-10 11:27:28,Normal,95,0,95,821599,15432,3639438,52977,742.8293543473683,44,45,6,0,5,90,0,0,10,0,85
2011-08-10 11:27:29,Attack,108,0,113,1250394,17711,3232886,43189,806.3894231061947,41,60,12,0,18,89,6,0,19,1,93
2011-08-10 11:27:30,Attack,105,0,107,877693,4775,4137465,52765,524.5454478878505,47,55,5,0,9,97,1,0,15,1,91
2011-08-10 11:27:31,Normal,91,0,91,912491,19629,3556002,32802,617.6131143406594,24,51,16,0,13,76,2,0,9,1,81
2011-08-10 11:27:32,Normal,96,3,99,909642,3869,3382956,38433,469.39316122222226,39,45,15,0,9,87,3,0,12,1,86
2011-08-10 11:27:33,Normal,92,0,92,865109,15692,3519204,29793,654.0614485869565,39,42,11,0,3,88,1,0,3,1,88
2011-08-10 11:27:34,Attack,88,0,90,645649,35396,3211056,13363,557.1124341888889,32,51,7,0,5,84,1,0,8,0,82
2011-08-10 11:27:35,Normal,87,0,87,882485,16728,3148399,2760,526.5878435172414,40,36,11,0,4,78,5,0,15,3,69
2011-08-10 11:27:36,Normal,98,2,100,907587,17388,4095168,51836,407.89688549,39,52,9,0,7,93,0,0,6,2,92
2011-08-10 11:27:37,Normal,102,0,102,839794,2890,3641720,22584,437.9027146862746,30,60,12,0,9,87,6,0,15,2,85
2011-08-10 11:27:38,Normal,86,0,86,739766,15691,3227277,17586,362.17673577906976,31,44,11,0,7,78,1,0,8,0,78
2011-08-10 11:27:39,Attack,146,0,149,1053272,35373,5941719,23941,299.4800852013423,44,99,6,0,25,97,27,0,55,4,90
2011-08-10 11:27:40,Attack,128,6,135,1366190,19863,4614340,13928,515.559419162963,33,87,15,0,27,96,12,0,30,1,104
2011-08-10 11:27:41,Attack,88,4,96,702916,16831,3060639,9801,528.5499870208333,30,62,4,0,26,69,1,0,26,0,70
2011-08-10 11:27:42,Normal,113,3,116,1109834,17708,4278260,31338,588.4275645603448,47,64,5,0,13,101,2,0,10,3,103
2011-08-10 11:27:43,Normal,87,0,87,817024,2506,3032825,40797,664.5747166321839,40,31,16,0,2,81,4,0,12,1,74
2011-08-10 11:27:44,Attack,124,0,125,1012297,24895,5040353,54764,391.7498042559999,41,74,10,0,24,93,8,0,34,1,90
2011-08-10 11:27:45,Attack,152,0,153,833794,23948,6869988,50022,538.4396590849673,34,114,5,0,10,124,19,0,25,0,128
2011-08-10 11:27:46,Normal,130,3,133,1238191,65171,4851787,4931,649.5219826541353,43,80,10,0,16,109,8,0,27,2,104
2011-08-10 11:27:47,Normal,94,0,94,829112,17585,3567808,13588,527.0333487765957,32,51,11,0,13,78,3,0,19,1,74
2011-08-10 11:27:48,Normal,108,0,108,783238,17612,4145060,60800,393.58795965740745,36,63,9,0,6,94,8,0,20,0,88
2011-08-10 11:27:49,Normal,123,0,123,884480,18379,5130919,5256,386.86398713821137,35,82,6,0,11,109,3,0,12,1,109
2011-08-10 11:27:50,Attack,112,0,117,1400207,17539,4596972,56050,347.88330856410255,48,54,15,0,14,98,5,0,18,4,95
2011-08-10 11:27:51,Normal,111,0,111,1090070,4260,4429460,56656,518.9624853963963,55,47,9,0,5,103,3,0,8,1,101
2011-08-10 11:27:52,Normal,105,3,108,1017409,4312,3706387,50948,565.8035978611111,50,48,10,0,7,95,6,0,16,1,91
2011-08-10 11:27:53,Normal,113,0,113,1311514,7549,4238258,13443,423.9334622477876,40,63,10,0,14,97,2,0,13,0,100
2011-08-10 11:27:54,Normal,110,0,110,929755,17677,4576581,28088,444.48220760000015,40,66,4,0,16,91,3,0,18,1,91
2011-08-10 11:27:55,Normal,94,0,94,654570,17993,3804096,23288,409.9457193936171,35,49,10,0,4,89,1,0,10,0,84
2011-08-10 11:27:56,Normal,136,0,136,891737,18911,5800890,20430,424.6242933235294,36,87,13,0,31,104,1,0,35,0,101
2011-08-10 11:27:57,Normal,139,0,139,1602872,4837,4809704,49314,550.3812073165469,42,87,10,0,33,102,4,0,25,3,111
2011-08-10 11:27:58,Normal,107,0,107,821345,18216,4150715,27317,622.1143055700934,34,63,10,0,13,93,1,0,12,0,94
2011-08-10 11:27:59,Normal,105,0,105,973545,46743,4010034,4210,630.0766540000001,36,56,13,0,9,92,4,0,15,0,90
2011-08-10 11:28:00,Attack,75,0,77,1072128,2106,2565462,7271,568.7977402727273,34,32,11,0,4,71,2,0,11,1,65
2011-08-10 11:28:01,Attack,175,0,177,1263867,14647,7094307,15356,403.3333367683616,44,125,8,0,33,136,8,0,39,2,135
2011-08-10 11:28:02,Attack,214,3,223,795592,11562,9622931,54706,201.05517326457397,37,182,4,0,46,164,13,0,59,0,164
2011-08-10 11:28:03,Normal,225,0,225,1207122,9999,10232068,54244,338.1121411955555,39,175,11,0,10,207,7,1,10,2,212
2011-08-10 11:28:04,Normal,196,0,196,1306317,25877,8382298,53371,251.2765349744898,38,150,8,0,33,148,15,0,41,8,147
2011-08-10 11:28:05,Normal,133,0,133,1065176,6061,5520567,67169,277.6258179398496,32,91,10,0,12,116,5,0,15,4,114
2011-08-10 11:28:06,Attack,96,0,97,824210,16947,3375979,60230,553.9933843608247,33,55,9,0,3,91,3,0,13,0,84
2011-08-10 11:28:07,Normal,135,0,135,1219945,20850,4908780,33842,585.692654274074,45,81,8,0,15,112,7,0,17,2,115
2011-08-10 11:28:08,Normal,93,0,93,670077,16910,3565855,62809,647.8482854301076,31,46,16,0,3,90,0,0,7,0,86
2011-08-10 11:28:09,Normal,87,0,87,719196,17910,2842732,3244,535.0604355287355,37,43,7,0,10,74,3,0,21,1,65
2011-08-10 11:28:10,Normal,117,0,117,1221848,2644,4390976,43679,618.2513208547009,50,61,6,0,12,100,5,0,11,1,103
2011-08-10 11:28:11,Attack,107,4,118,849649,28456,4194720,50612,533.3738112457627,32,77,9,0,9,103,6,0,17,0,101
2011-08-10 11:28:12,Normal,126,7,133,966908,7044,5146856,36340,363.6301042255639,36,87,10,0,8,117,8,0,11,4,118
2011-08-10 11:28:13,Normal,147,0,147,1111610,15719,5294650,4706,341.1659080272109,39,99,9,0,14,132,0,1,17,6,123
2011-08-10 11:28:14,Normal,93,0,93,894896,16629,3521948,52792,741.360505548387,41,45,7,0,5,88,0,0,4,0,89
2011-08-10 11:28:15,Normal,86,0,86,780847,15973,2979095,46868,561.1075461046512,41,39,6,0,3,82,1,0,8,2,76
2011-08-10 11:28:16,Normal,81,3,84,837111,17642,2978840,10412,782.2642367142855,40,37,7,0,7,75,2,0,10,0,74
2011-08-10 11:28:17,Normal,104,0,104,893150,16041,4135026,48861,622.2437920480769,38,57,9,0,2,100,2,0,4,2,97
2011-08-10 11:28:18,Normal,129,0,129,1121373,16938,4578639,55632,502.5361902713178,47,69,13,0,8,114,7,0,18,3,107
2011-08-10 11:28:19,Normal,98,0,98,888025,16582,3747804,2566,697.5418180510204,43,49,6,0,9,89,0,0,7,2,89
2011-08-10 11:28:20,Attack,165,0,167,1492346,5389,6897538,74752,272.8786550479042,35,118,14,0,8,148,11,0,17,16,134
2011-08-10 11:28:21,Attack,130,0,136,1103327,25781,4837950,7017,277.52977655147055,36,97,3,0,11,114,10,1,21,10,103
2011-08-10 11:28:22,Attack,97,3,103,869670,16998,3730373,40852,384.6403911165048,41,54,8,0,7,93,1,2,14,2,85
2011-08-10 11:28:23,Attack,99,0,106,787710,17840,3800413,55388,416.59989769811324,38,56,12,0,10,94,2,0,16,1,89
2011-08-10 11:28:24,Normal,95,0,95,938484,3699,3613129,51538,577.9217277894737,39,48,8,0,11,84,0,0,15,0,80
2011-08-10 11:28:25,Normal,86,0,86,889973,16132,3006679,17399,724.954903616279,31,48,7,0,7,76,2,1,9,0,76
2011-08-10 11:28:26,Normal,98,0,98,1141258,15594,3552132,35055,854.7483284693876,53,35,10,0,9,87,2,0,13,1,84
2011-08-10 11:28:27,Normal,90,0,90,804793,2459,3413591,53012,550.1003553777778,39,47,4,0,5,84,1,0,10,1,79
2011-08-10 11:28:28,Normal,85,0,85,1007102,16540,3267469,51646,662.4975944705882,32,46,7,0,8,76,1,0,7,1,77
2011-08-10 11:28:29,Normal,94,0,94,903381,16735,3507165,2181,739.5689449893617,32,53,9,0,10,83,1,0,11,0,82
2011-08-10 11:28:30,Normal,90,0,90,817721,37298,3228395,14984,554.6790411000001,33,45,12,0,3,82,4,1,14,2,72
2011-08-10 11:28:31,Normal,76,0,76,788818,3382,2601407,31877,489.7208106973684,39,29,8,0,9,66,1,0,10,2,64
2011-08-10 11:28:32,Attack,98,3,105,1164167,17337,3393456,28431,642.0983015809525,32,69,4,0,17,82,6,0,16,5,83
2011-08-10 11:28:33,Normal,88,0,88,1085144,15415,3052161,21501,639.0579245113636,47,37,4,0,6,82,0,0,9,3,76
2011-08-10 11:28:34,Attack,130,0,132,1228911,18696,4390583,12225,566.2570388257575,37,88,7,0,16,110,6,0,12,1,118
2011-08-10 11:28:35,Normal,82,0,82,708056,15532,3124418,50386,542.5415818414633,38,38,6,0,1,78,3,0,7,1,74
2011-08-10 11:28:36,Normal,87,0,87,899152,3600,2782906,53264,496.8552930919539,34,46,7,0,16,68,3,0,9,4,74
2011-08-10 11:28:37,Normal,100,0,100,942831,18217,3546845,35589,348.37198249,46,48,6,0,6,91,2,1,12,3,85
2011-08-10 11:28:38,Normal,86,0,86,786793,16676,2885980,56105,571.9511397325581,39,35,12,0,5,78,3,0,12,3,70
2011-08-10 11:28:39,Normal,98,0,98,1006794,17528,3811125,18710,341.9040322653061,38,54,6,0,10,87,1,0,9,3,86
2011-08-10 11:28:40,Normal,101,2,103,949243,8158,3284830,11848,492.38772283495143,41,52,10,0,10,83,10,0,25,0,78
2011-08-10 11:28:41,Attack,85,0,89,826839,17803,3215342,29015,653.4003286067416,36,42,11,0,6,77,6,0,11,1,77
2011-08-10 11:28:42,Attack,102,3,109,1128591,10727,3648842,36175,576.3016811009176,52,50,7,0,19,83,7,0,21,3,85
2011-08-10 11:28:43,Attack,81,0,84,804922,15738,2858437,65972,342.84416632142853,27,52,5,0,7,75,2,0,9,1,73
2011-08-10 11:28:44,Attack,101,0,104,952798,16617,3723291,7280,590.8720992692307,38,55,11,0,7,93,4,0,13,0,90
2011-08-10 11:28:45,Normal,82,0,82,902244,15990,2953871,63688,695.1948527317074,44,27,11,0,5,67,10,0,7,1,74
2011-08-10 11:28:46,Normal,112,3,115,1109404,18096,4438135,52433,575.4841812,43,65,7,0,12,102,1,0,8,1,106
2011-08-10 11:28:47,Normal,80,0,80,890729,15161,2750921,38505,673.6736324374999,35,36,9,0,7,73,0,0,8,2,70
2011-08-10 11:28:48,Normal,114,0,114,1332074,18410,4149634,1513,471.7228623157895,37,66,11,0,21,89,4,0,12,0,101
2011-08-10 11:28:49,Normal,95,0,95,1274211,15390,2626987,4144,795.0631318105262,49,39,7,0,12,81,2,0,6,2,86
2011-08-10 11:28:50,Normal,88,0,88,1196199,15389,2681388,24049,667.7479683068182,45,34,9,0,9,78,1,0,4,1,82
2011-08-10 11:28:51,Normal,71,0,71,838381,21746,2356772,8374,624.5649228169012,32,29,10,0,7,63,1,0,7,2,61
2011-08-10 11:28:52,Normal,100,3,103,842127,4169,3455781,10180,394.37876206796113,37,57,9,0,5,93,5,0,17,3,83
2011-08-10 11:28:53,Attack,85,0,90,1066771,15235,2902701,2815,774.2656801777777,44,40,6,0,8,79,3,0,11,3,76
2011-08-10 11:28:54,Normal,161,0,161,1301694,21780,6134874,15018,412.75577237267083,41,113,7,0,24,116,21,0,36,2,123
2011-08-10 11:28:55,Attack,90,0,91,840581,2232,3523226,55467,504.8457226483517,38,47,6,0,13,76,2,0,17,2,72
2011-08-10 11:28:56,Normal,106,0,106,913036,19614,4493669,6281,458.44648637735844,36,66,4,0,22,83,1,0,17,4,85
2011-08-10 11:28:57,Normal,125,0,125,798430,18983,5753962,58499,300.60377123200004,29,88,8,0,27,92,6,0,32,1,92
2011-08-10 11:28:58,Normal,201,0,201,814425,9260,8954484,56960,299.8726578706467,31,164,6,0,36,158,7,0,41,0,160
2011-08-10 11:28:59,Normal,236,0,236,928225,10460,11217951,57641,196.87969540254238,30,197,9,0,14,220,2,0,15,1,220
2011-08-10 11:29:00,Normal,91,0,91,1270833,15637,3321434,49469,530.3170947142858,32,50,9,0,16,75,0,0,5,4,82
2011-08-10 11:29:01,Normal,85,0,85,740086,9343,3341868,2447,592.1298652705882,41,38,6,0,7,78,0,0,9,0,76
2011-08-10 11:29:02,Attack,84,3,88,898910,16498,3064503,44226,654.6492564204547,37,42,9,0,6,80,2,0,6,0,82
2011-08-10 11:29:03,Attack,128,0,135,1041017,6369,4669170,55736,415.27018101481485,38,87,10,0,8,124,3,0,20,4,111
2011-08-10 11:29:04,Attack,119,13,133,1244920,18874,4776440,64518,449.5739354661654,46,80,7,0,15,108,9,1,16,2,114
2011-08-10 11:29:05,Attack,122,0,128,1162150,17301,3885515,62782,400.27458914843754,46,78,4,0,34,91,3,0,37,5,86
2011-08-10 11:29:06,Normal,114,0,114,800750,17662,4306687,52299,428.0353828508772,37,71,6,0,8,104,2,0,8,2,104
2011-08-10 11:29:07,Normal,95,0,95,772762,17491,3582049,11054,563.016485336842,46,43,6,0,7,88,0,0,15,2,77
2011-08-10 11:29:08,Attack,105,0,106,935135,10425,3699638,53124,538.667834971698,48,53,5,0,10,96,0,0,15,4,85
2011-08-10 11:29:09,Normal,107,0,107,967633,17064,3863844,53571,535.9645164859813,40,59,8,0,12,89,6,0,19,2,85
2011-08-10 11:29:10,Normal,90,0,90,692563,3194,3589313,49034,384.1668144111111,30,54,6,0,7,83,0,0,6,1,82
2011-08-10 11:29:11,Normal,96,0,96,850142,8824,3298041,5060,417.95447609375,41,46,9,0,15,80,1,0,13,0,83
2011-08-10 11:29:12,Normal,74,3,77,1132043,2602,2380543,45028,659.2442124935064,21,51,5,0,16,59,2,0,6,3,67
2011-08-10 11:29:13,Normal,122,0,122,1447369,18658,4259936,51453,446.651682352459,34,85,3,0,13,103,4,2,14,1,106
2011-08-10 11:29:14,Attack,81,0,86,789072,2351,2894735,1692,552.2275641511628,40,41,5,0,10,75,1,0,10,0,76
2011-08-10 11:29:15,Normal,101,0,101,891216,4447,3495100,14231,588.2805272673268,47,46,8,0,16,85,0,0,14,2,85
2011-08-10 11:29:16,Normal,92,3,95,564598,16887,3835546,17401,484.6818170842104,31,57,7,0,10,79,6,0,16,1,78
2011-08-10 11:29:17,Normal,132,0,132,761105,19147,5868423,54949,352.81986926515145,36,89,7,0,7,124,1,0,7,0,125
2011-08-10 11:29:18,Normal,95,6,101,709731,4838,3867599,13363,496.69397744554465,37,56,8,0,8,90,3,0,12,0,89
2011-08-10 11:29:19,Normal,97,0,97,929956,27785,3732021,14134,470.4886300412372,40,50,7,0,10,85,0,2,5,1,91
2011-08-10 11:29:20,Normal,121,0,121,797918,4910,4740939,51024,425.0850568099174,35,77,9,0,5,113,3,0,13,0,108
2011-08-10 11:29:21,Normal,73,0,73,797573,14891,2568445,10744,459.9152223561644,33,32,8,0,6,62,2,3,5,0,65
2011-08-10 11:29:22,Normal,92,3,95,859416,19498,3495732,12151,496.26151177894735,34,57,4,0,13,79,3,0,14,1,79
2011-08-10 11:29:23,Attack,94,0,97,973061,17042,3302245,54983,475.82373938144326,41,51,5,0,2,86,8,1,11,0,85
2011-08-10 11:29:24,Attack,76,0,80,947738,15454,2451761,6471,576.447605325,36,37,7,0,12,65,3,0,13,3,64
2011-08-10 11:29:25,Attack,115,0,118,990305,3951,4206416,54418,687.3263557966103,47,65,6,0,6,112,0,0,10,2,105
2011-08-10 11:29:26,Attack,86,0,90,1049209,16112,3029276,45893,545.0090704666667,45,39,6,0,13,76,1,0,11,1,78
2011-08-10 11:29:27,Attack,113,0,114,984358,15801,4077106,24227,393.7816212280702,45,59,10,0,5,106,2,1,10,1,102
2011-08-10 11:29:28,Normal,106,0,106,1224013,2610,3734935,39204,738.7969833679247,48,48,10,0,8,96,2,0,8,1,95
2011-08-10 11:29:29,Normal,85,0,85,756294,4359,3165247,49555,635.9141663411764,36,37,12,0,8,77,0,0,15,0,70
2011-08-10 11:29:30,Normal,108,0,108,1187408,17122,3959226,6212,541.5329938333333,41,65,2,0,12,91,3,2,9,2,97
2011-08-10 11:29:31,Normal,73,0,73,931210,1867,2480105,2585,827.6590227397261,33,38,2,0,9,60,2,2,3,1,69
2011-08-10 11:29:32,Normal,112,3,115,1154833,3931,3921261,47549,619.4598839652174,48,57,10,0,17,94,4,0,16,0,99
2011-08-10 11:29:33,Normal,109,0,109,779306,17503,3917175,32501,438.5773150550459,38,66,5,0,13,96,0,0,11,1,97
2011-08-10 11:29:34,Normal,113,3,116,718052,20356,4548102,50134,318.3804625862068,35,71,10,0,13,100,3,0,18,1,97
2011-08-10 11:29:35,Attack,108,0,110,882424,3068,3772812,49924,669.5436544454545,43,63,4,0,13,95,2,0,12,1,97
2011-08-10 11:29:36,Normal,85,0,85,1123018,2656,2750123,65749,659.5061255058823,37,37,11,0,12,69,4,0,7,1,76
2011-08-10 11:29:37,Normal,115,0,115,1044433,67827,4435049,14134,381.7594971130435,41,66,8,0,8,104,3,0,8,1,106
2011-08-10 11:29:38,Normal,82,0,82,845919,15220,3061207,1452,582.0260340365853,29,47,6,0,9,69,4,0,7,1,74
2011-08-10 11:29:39,Normal,78,0,78,777580,1753,3043185,63657,415.26532387179486,35,30,13,0,10,68,0,0,8,2,68
2011-08-10 11:29:40,Normal,130,0,130,973188,18315,5009545,19877,575.4031391923077,43,76,11,0,4,125,1,0,8,2,120
2011-08-10 11:29:41,Normal,81,0,81,725982,17019,3279894,8328,560.2431950987653,27,48,6,0,8,72,1,0,9,2,69
2011-08-10 11:29:42,Normal,98,3,101,808340,15990,3992011,30460,671.9853305346534,40,51,10,0,5,93,3,0,11,1,89
2011-08-10 11:29:43,Normal,113,0,113,873232,17352,4375892,28098,388.0173808495574,36,67,10,0,6,105,2,0,6,1,106
2011-08-10 11:29:44,Attack,136,0,139,782017,19592,6095597,55186,283.8447293741007,40,89,10,0,6,131,2,0,8,0,131
2011-08-10 11:29:45,Attack,103,0,105,827326,9630,4058481,4299,539.013361647619,47,53,5,0,5,98,2,0,11,0,94
2011-08-10 11:29:46,Attack,116,0,117,860064,6174,3454950,34326,581.0765901965813,23,86,8,0,30,79,8,0,31,2,84
2011-08-10 11:29:47,Attack,105,3,114,1243966,18218,3111366,18346,595.1419407105263,35,67,12,0,30,81,3,0,23,1,90
2011-08-10 11:29:48,Normal,101,0,101,896727,3452,3599200,40733,661.6535417425741,46,51,4,0,10,87,4,0,11,0,90
2011-08-10 11:29:49,Attack,108,0,109,1412745,3549,3605751,5289,714.0372917981654,43,61,5,0,16,86,7,0,13,4,92
2011-08-10 11:29:50,Normal,117,0,117,1316541,8369,4149632,51545,454.9592568888889,45,65,7,0,15,91,11,0,18,1,98
2011-08-10 11:29:51,Normal,92,0,92,1197361,2663,3024492,55951,635.6251286630435,40,48,4,0,10,81,1,0,10,1,81
2011-08-10 11:29:52,Attack,62,3,69,818791,2545,2339035,54566,428.0337739130435,19,37,13,0,7,60,2,0,9,1,59
2011-08-10 11:29:53,Normal,86,2,88,1022598,17195,3127992,16925,573.5455716818182,39,46,3,0,11,76,1,0,4,1,83
2011-08-10 11:29:54,Normal,95,0,95,1013971,19074,3048257,31481,425.0159379789473,33,57,5,0,14,76,5,0,19,1,75
2011-08-10 11:29:55,Normal,122,0,122,917312,18560,3625397,51128,393.53132259016394,36,80,6,0,20,78,24,0,41,3,78
2011-08-10 11:29:56,Attack,126,0,127,1239874,3200,4606802,54859,525.6128546456694,47,69,11,0,8,116,3,0,5,2,120
2011-08-10 11:29:57,Normal,99,0,99,1153568,60973,3941639,35336,687.5736436262627,35,57,7,0,13,84,2,0,4,1,94
2011-08-10 11:29:58,Normal,107,0,107,812582,18146,4226094,54468,493.79572881308417,34,61,12,0,18,89,0,0,20,1,86
2011-08-10 11:29:59,Normal,195,0,195,1590411,21782,7406487,58052,439.49708468205125,42,142,11,0,20,170,5,0,16,2,177
2011-08-10 11:30:00,Normal,108,0,108,1224931,18304,3828540,26919,477.01405902777776,40,59,9,0,15,88,5,0,16,2,90
2011-08-10 11:30:01,Normal,118,3,121,1090366,17329,4517913,60541,592.4123961818182,43,68,10,0,14,104,3,0,14,2,104
2011-08-10 11:30:02,Attack,110,3,116,1087790,5149,4174925,43242,615.2485517931034,27,77,12,0,20,92,4,0,21,2,93
2011-08-10 11:30:03,Normal,127,0,127,725314,19431,5020573,8508,432.9915236456692,35,85,7,0,7,119,1,0,10,1,116
2011-08-10 11:30:04,Normal,86,0,86,931268,16009,2974649,46380,439.1684852674419,35,48,3,0,10,74,2,0,12,0,74
2011-08-10 11:30:05,Attack,103,0,104,1160968,5037,3849244,55825,509.1477814038461,39,55,10,0,9,93,2,0,6,0,98
2011-08-10 11:30:06,Attack,150,0,151,1256579,21190,4956024,7225,379.83156315231787,32,109,10,0,19,119,13,0,27,5,119
2011-08-10 11:30:07,Attack,100,0,101,1101669,3450,3451048,53793,750.299060029703,36,57,8,0,10,86,5,0,7,2,92
2011-08-10 11:30:08,Attack,85,0,89,830820,17837,2683087,64006,580.2573029325843,31,46,12,0,10,68,11,0,18,5,66
2011-08-10 11:30:09,Attack,147,0,149,1966378,17048,4740444,58703,449.77756844295305,44,95,10,0,39,106,4,0,22,4,123
2011-08-10 11:30:10,Normal,112,2,114,1439647,5411,3624515,58699,491.81220474561405,38,72,4,0,20,87,7,0,11,4,99
2011-08-10 11:30:11,Attack,77,0,79,1098544,14369,2707590,62541,781.097608620253,35,33,11,0,5,69,5,0,6,3,70
2011-08-10 11:30:12,Normal,122,3,125,1054068,19030,4736263,50773,577.5760426559999,43,75,7,0,15,100,10,0,20,4,101
2011-08-10 11:30:13,Attack,108,0,110,729272,17754,3781083,47923,454.67837698181825,37,64,9,0,7,92,11,0,19,1,89
2011-08-10 11:30:14,Normal,84,0,84,619276,11062,2952419,14134,544.0059634523809,31,45,8,0,3,76,5,0,13,1,69
2011-08-10 11:30:15,Normal,161,0,161,1345799,7596,6463407,59138,495.115054689441,43,113,5,0,27,125,9,0,26,1,133
2011-08-10 11:30:16,Normal,74,0,74,844035,15780,2763835,49188,669.9979634459459,41,31,2,0,8,65,1,0,9,2,63
2011-08-10 11:30:17,Normal,139,0,139,1272568,18325,5498751,38219,453.6733721294964,41,85,13,0,9,126,4,0,12,4,123
2011-08-10 11:30:18,Normal,131,3,134,1146122,19418,4554875,56914,403.1872425149254,40,73,21,0,11,120,3,0,23,4,107
2011-08-10 11:30:19,Normal,90,0,90,1038196,15827,2990311,51648,510.3367743666667,45,36,9,0,11,77,2,0,18,5,67
2011-08-10 11:30:20,Normal,122,0,122,1246874,13641,4267389,53114,586.1128053196721,49,61,12,0,13,109,0,0,18,4,100
2011-08-10 11:30:21,Normal,118,0,118,1425665,16812,3742431,53529,640.3158874322033,30,73,15,0,24,89,3,2,22,3,91
2011-08-10 11:30:22,Attack,127,3,131,1193444,17811,4525064,24741,511.9457007175572,45,71,15,0,11,107,12,1,24,3,103
2011-08-10 11:30:23,Attack,81,0,85,725269,45497,2380371,14132,370.08903270588235,29,42,14,0,8,70,6,1,22,3,59
2011-08-10 11:30:24,Attack,127,0,128,969573,5591,4587551,35054,386.73709250781246,49,72,7,0,9,117,2,0,13,2,113
2011-08-10 11:30:25,Normal,137,0,137,977912,16927,4433060,48027,462.50674597080285,44,87,6,0,37,96,4,0,37,0,100
2011-08-10 11:30:26,Attack,74,0,79,1175841,17179,2140294,33714,701.2364092531645,33,39,7,0,11,61,7,0,11,0,68
2011-08-10 11:30:27,Normal,139,0,139,1024211,20016,5487031,13945,460.12613487769795,44,85,10,0,5,127,7,0,12,2,125
2011-08-10 11:30:28,Attack,66,0,67,802246,15673,2169351,3134,466.228788358209,25,36,6,0,12,54,1,0,7,1,59
2011-08-10 11:30:29,Attack,137,0,150,887652,21425,5639190,37175,385.1968659,39,102,9,0,15,129,6,0,63,1,86
2011-08-10 11:30:30,Normal,130,0,130,970373,4942,5204640,51650,478.27204834615395,35,86,9,0,10,117,3,0,40,2,88
2011-08-10 11:30:31,Attack,104,0,105,1319615,16264,3656375,20048,497.9249299619048,41,57,7,0,14,84,7,0,10,4,91
2011-08-10 11:30:32,Attack,94,3,103,773518,16970,3711612,40388,573.2148296213593,41,54,8,0,9,91,3,0,13,1,89
2011-08-10 11:30:33,Attack,103,0,104,1142460,3107,4067239,11831,537.3008527692308,44,52,8,0,7,94,3,0,6,3,95
2011-08-10 11:30:34,Attack,108,0,109,1281809,16135,3935766,38245,628.0509475504588,39,56,14,0,15,92,2,0,11,2,96
2011-08-10 11:30:35,Normal,75,0,75,759462,16100,3002523,28628,424.4912934533333,34,36,5,0,4,64,7,0,9,0,64
2011-08-10 11:30:36,Normal,101,0,101,1018079,3970,3509157,2127,547.4308379207921,39,53,9,0,8,87,6,0,11,2,87
2011-08-10 11:30:37,Normal,139,0,139,1057951,18929,5786255,50326,532.1330953165467,46,85,8,0,5,130,4,0,7,2,130
2011-08-10 11:30:38,Normal,93,0,93,970282,5429,3092290,9497,442.89667123655903,40,47,6,0,12,80,1,0,9,2,82
2011-08-10 11:30:39,Normal,98,1,99,954755,16646,3504103,60315,581.0274117777778,32,57,10,0,12,86,1,0,10,1,88
2011-08-10 11:30:40,Normal,94,0,94,1185810,8805,3061190,8373,596.0538446808511,36,47,11,0,16,76,2,0,8,3,83
2011-08-10 11:30:41,Attack,87,0,89,1130903,15520,2865393,26682,379.3904863483146,35,52,2,0,8,80,1,0,11,1,77
2011-08-10 11:30:42,Attack,106,3,111,1079019204,4843,4012046,55286,656.3086504234235,36,59,16,0,5,100,6,0,15,2,92
2011-08-10 11:30:43,Attack,99,0,102,925431,17151,3504665,47432,472.7341558039217,37,58,7,0,11,87,4,0,12,3,87
2011-08-10 11:30:44,Attack,86,0,88,922163,15608,3171384,36643,600.9120791590908,35,45,8,0,8,79,1,0,6,2,80
2011-08-10 11:30:45,Normal,51,0,51,575129,15125,1870409,42086,893.7956485686274,23,25,3,0,4,47,0,0,5,1,45
2011-08-10 11:30:46,Normal,101,0,101,1186154,12774,3639805,2875,533.531573861386,40,52,9,0,10,90,1,0,14,4,83
2011-08-10 11:30:47,Normal,94,0,94,1026729,2955,3367234,56054,527.2212185638298,37,48,9,0,7,87,0,0,6,5,83
2011-08-10 11:30:48,Normal,115,0,115,1457589,3371,3793020,41039,657.0826555130435,30,73,12,0,20,92,3,0,9,3,103
2011-08-10 11:30:49,Attack,98,3,102,834684,17318,3730268,62203,348.41540357843127,34,60,8,0,8,91,3,0,13,2,87
2011-08-10 11:30:50,Normal,72,0,72,859041,14134,2326836,32209,758.338274388889,38,25,9,0,3,67,2,0,4,2,66
2011-08-10 11:30:51,Attack,151,0,157,1610493,24539,5876257,71651,393.97810464968154,55,99,3,0,27,121,9,0,33,9,115
2011-08-10 11:30:52,Attack,92,3,96,852307,16416,3299056,8594,442.6428752916666,42,47,7,0,6,88,2,0,12,2,82
2011-08-10 11:30:53,Attack,101,0,102,1186835,2140,3828828,56681,693.7715584019608,38,56,8,0,13,86,3,0,5,3,93
2011-08-10 11:30:54,Attack,110,0,111,1905907,15419,3610524,49618,501.45620283783785,45,52,14,0,15,88,8,0,13,2,96
2011-08-10 11:30:55,Normal,98,0,98,1183325,15195,3170533,51325,610.3027953469388,44,49,5,0,9,81,8,0,8,0,90
2011-08-10 11:30:56,Normal,85,0,85,1072823,14814,3026166,58120,808.0207045411764,44,34,7,0,7,77,1,0,6,1,78
2011-08-10 11:30:57,Normal,72,2,74,979641,14761,2472305,61738,806.3459012027027,36,32,6,0,6,66,2,0,2,1,71
2011-08-10 11:30:58,Normal,224,0,224,898109,9845,10772222,56095,263.5180268839286,37,180,7,0,10,210,4,0,7,2,214
2011-08-10 11:30:59,Normal,106,0,106,1204172,11583,3711391,2034,695.4572048679247,45,56,5,0,8,94,4,0,11,2,93
2011-08-10 11:31:00,Normal,111,0,111,1409008,27759,3736674,15683,639.5638603603604,44,56,11,0,20,90,1,0,13,5,93
2011-08-10 11:31:01,Normal,121,0,121,1954619,15730,3685508,45630,900.4709443719007,44,67,10,0,35,83,3,0,14,4,103
2011-08-10 11:31:02,Attack,100,3,104,1050181,5030,3814674,55622,601.7953981057692,29,72,3,0,22,75,7,0,17,2,85
2011-08-10 11:31:03,Attack,107,0,108,803282,17742,4000194,51823,515.4874290462964,31,72,5,0,5,98,5,0,8,1,99
2011-08-10 11:31:04,Attack,89,0,94,1074600,17542,3643622,35224,490.84200224468094,41,47,6,0,16,73,5,0,17,2,75
2011-08-10 11:31:05,Normal,194,0,194,1073511,22742,7846313,53099,307.5413430360824,47,142,5,0,24,167,3,0,22,0,172
2011-08-10 11:31:06,Attack,108,0,111,1466562,3102,3504864,2271,969.6623376396395,42,59,10,0,22,89,0,0,4,0,107
2011-08-10 11:31:07,Normal,82,0,82,1093560,14868,2694617,34937,1111.2302119512194,42,35,5,0,13,68,1,0,8,2,71
2011-08-10 11:31:08,Normal,109,0,109,867879,16911,4071811,11589,465.9192825779816,40,58,11,0,5,103,1,0,11,1,97
2011-08-10 11:31:09,Normal,107,0,107,1098099,19016,4229881,2014,497.6116560934579,34,64,9,0,11,92,4,0,15,0,92
2011-08-10 11:31:10,Normal,119,0,119,828652,17027,4417502,5223,467.5203911596638,41,73,5,0,14,100,5,0,15,1,103
2011-08-10 11:31:11,Attack,98,0,99,779221,5179,3449332,38200,533.9619362626262,31,61,7,0,11,86,2,0,13,2,84
2011-08-10 11:31:12,Attack,63,3,74,701115,14466,2375449,9039,659.7142524459459,34,35,5,0,11,61,2,0,12,0,62
2011-08-10 11:31:13,Attack,95,0,97,988690,35693,3363671,13363,811.3723279690723,38,49,10,0,8,88,1,0,7,0,88
2011-08-10 11:31:14,Normal,81,0,81,996293,14070,2749862,2438,850.4271025432097,32,40,9,0,14,64,3,0,7,0,74
2011-08-10 11:31:15,Normal,106,0,106,1147744,1963,3658479,56346,648.4553703679245,49,54,3,0,5,97,4,0,10,3,92
2011-08-10 11:31:16,Normal,107,0,107,801095,16548,4225300,19249,444.8936495420561,35,60,12,0,5,94,8,0,12,0,95
2011-08-10 11:31:17,Normal,99,0,99,1037860,15920,3599111,6449,614.0977344444444,43,51,5,0,5,91,3,0,8,0,90
2011-08-10 11:31:18,Normal,63,0,63,482467,15683,2185826,23168,581.2268133492064,29,30,4,0,3,59,1,0,10,0,53
2011-08-10 11:31:19,Normal,114,3,117,898181,16855,4391909,44870,506.24623874358986,43,63,11,0,13,100,4,0,16,0,101
2011-08-10 11:31:20,Normal,107,0,107,1034262,4436,4246253,49959,263.65071543925234,27,73,7,0,18,87,2,0,23,0,84
2011-08-10 11:31:21,Normal,144,3,147,901415,19021,6395095,47984,410.20109951700675,41,104,2,0,5,133,8,1,12,2,132
2011-08-10 11:31:22,Normal,98,3,101,777091,18677,4039544,17939,462.5872058019802,41,54,6,0,8,88,4,1,14,0,86
2011-08-10 11:31:23,Attack,132,0,133,1111605,20050,4504334,59246,600.3645364511278,39,79,15,0,19,98,15,1,31,2,99
2011-08-10 11:31:24,Attack,117,0,118,827470,3449,4761071,55846,593.1293063559323,35,76,7,0,11,105,2,0,6,0,112
2011-08-10 11:31:25,Normal,100,0,100,1096462,16079,3708519,59896,623.46430981,45,46,9,0,6,91,3,0,6,1,93
2011-08-10 11:31:26,Attack,86,0,93,1135830,14628,3346230,56212,576.8036490752687,40,43,10,0,10,82,1,0,7,0,86
2011-08-10 11:31:27,Attack,93,0,99,1177080,3128,3309529,2074,641.2970584848485,40,53,6,0,22,70,7,0,22,1,76
2011-08-10 11:31:28,Normal,88,0,88,723552,15822,3500611,62820,632.1682941818182,33,47,8,0,5,81,2,0,8,0,80
2011-08-10 11:31:29,Normal,118,0,118,1254665,16421,4715672,36135,460.44192301694915,49,59,10,0,7,107,2,2,7,3,105
2011-08-10 11:31:30,Normal,160,0,160,1014287,19263,5234573,60668,322.24746311875,46,106,8,0,34,121,5,0,37,0,123
2011-08-10 11:31:31,Normal,96,0,96,706900,3724,3723984,54242,431.5060261666666,28,61,7,0,8,87,1,0,7,1,88
2011-08-10 11:31:32,Attack,111,3,118,928508,4637,4232164,47428,752.0786413050847,46,67,5,0,12,99,7,0,22,1,94
2011-08-10 11:31:33,Normal,106,0,106,1416148,15293,3523262,49986,526.2874875188679,53,44,9,0,14,88,4,0,10,2,94
2011-08-10 11:31:34,Attack,118,0,121,1218861,20175,4508469,13329,428.9455099834711,32,84,5,0,17,97,7,0,7,0,114
2011-08-10 11:31:35,Normal,139,0,139,1222392,18639,5578233,16889,531.5850014748202,55,84,0,0,16,121,2,0,12,0,127
2011-08-10 11:31:36,Normal,83,0,83,1007322,16347,2596950,65222,522.7296331807228,29,48,6,0,11,69,3,0,17,2,64
2011-08-10 11:31:37,Attack,182,0,183,908560,9282,7861133,42726,332.9692650765028,42,121,20,0,43,133,7,0,64,3,116
2011-08-10 11:31:38,Normal,130,0,130,1036083,19623,5008197,34951,312.1095786153846,43,82,5,0,14,109,6,1,19,2,109
2011-08-10 11:31:39,Attack,89,0,91,1001345,16993,3588514,12554,603.9849318681319,42,43,6,0,9,76,6,0,10,2,79
2011-08-10 11:31:40,Normal,97,0,97,1082510,61818,3791872,49461,451.6073729381443,34,55,8,0,8,85,4,0,13,2,82
2011-08-10 11:31:41,Normal,120,0,120,1072822,4252,4262432,34381,439.684426025,41,72,7,0,17,103,0,0,18,2,100
2011-08-10 11:31:42,Normal,112,3,115,728386,18752,3096814,60264,465.77592103478264,30,73,12,0,7,107,1,0,49,1,65
2011-08-10 11:31:43,Normal,120,0,120,1071762,16470,4956282,45777,458.875238025,38,70,12,0,14,105,1,0,11,4,105
2011-08-10 11:31:44,Normal,124,0,124,1408372,18155,4275586,56487,522.4312030403227,44,69,11,0,14,107,3,0,13,4,107
2011-08-10 11:31:45,Attack,132,0,133,1417653,17518,4570907,63092,337.06613642857144,29,83,21,0,33,90,10,0,14,2,117
2011-08-10 11:31:46,Normal,106,0,106,986080,4443,4225840,34065,529.3332338962264,40,62,4,0,15,77,14,0,30,2,74
2011-08-10 11:31:47,Attack,102,0,107,988833,17658,3706847,2856,531.4107479813084,40,60,7,0,13,87,7,0,19,3,84
2011-08-10 11:31:48,Attack,125,0,138,1127523,14502,5011780,52819,304.8489941594203,46,85,7,0,18,115,5,0,20,5,113
2011-08-10 11:31:49,Normal,95,3,98,811842,17240,3880641,29130,301.7225087244898,39,54,5,0,8,87,3,0,13,1,83
2011-08-10 11:31:50,Normal,92,0,92,706853,16663,3437578,11062,604.8545555543477,25,56,11,0,8,83,1,0,8,1,83
2011-08-10 11:31:51,Normal,95,0,95,1216854,16476,3316030,60170,694.5337248105265,39,46,10,0,19,74,2,0,16,2,77
2011-08-10 11:31:52,Attack,89,3,93,574896,16966,3669399,51988,333.4609719892473,23,64,6,0,7,84,2,0,15,2,74
2011-08-10 11:31:53,Attack,84,0,95,905312,16138,3108522,28093,475.2880885052632,36,54,5,0,14,79,2,0,17,2,76
2011-08-10 11:31:54,Attack,125,0,127,1306126,19615,4724864,7343,486.9643503464566,43,73,11,0,26,97,4,0,21,3,102
2011-08-10 11:31:55,Attack,105,0,113,1339874,48602,3721008,15164,576.1955625309735,38,64,11,0,19,90,4,0,17,3,93
2011-08-10 11:31:56,Normal,127,0,127,1521151,4421,4297785,16412,596.0479427165354,47,63,17,0,12,109,6,0,8,5,114
2011-08-10 11:31:57,Normal,86,0,86,1025620,62729,3107749,15676,475.74690181395346,44,40,2,0,13,70,2,1,7,3,75
2011-08-10 11:31:58,Normal,110,0,110,818225,16794,4317256,51512,671.9771624636364,43,58,9,0,18,91,1,0,22,0,88
2011-08-10 11:31:59,Attack,77,0,79,703592,15529,2966676,3867,752.274584443038,31,40,7,0,7,70,1,0,6,0,72
2011-08-10 11:32:00,Attack,118,0,119,1156741,17038,4547534,17962,541.2573638823529,40,68,11,0,8,109,2,0,9,3,107
2011-08-10 11:32:01,Normal,98,2,100,831064,17324,3610378,16705,589.15471155,37,57,6,0,5,93,2,0,12,2,86
2011-08-10 11:32:02,Normal,119,3,122,959019,6526,4669030,49888,582.0670869590165,48,60,14,0,10,109,3,0,15,2,105
2011-08-10 11:32:03,Normal,86,0,86,808701,3605,3273246,3425,509.91876430232566,37,42,7,0,5,78,3,0,8,1,77
2011-08-10 11:32:04,Normal,112,0,112,1011148,39610,4393100,26934,591.597324419643,46,58,8,0,14,97,1,0,11,3,98
2011-08-10 11:32:05,Normal,104,0,104,1206300,15583,3738816,34370,840.1470192884615,48,48,8,0,12,89,3,0,6,1,97
2011-08-10 11:32:06,Normal,82,0,82,1036820,15450,2711589,4301,581.399449804878,26,50,6,0,8,69,5,0,7,1,74
2011-08-10 11:32:07,Normal,65,0,65,791916,14522,2314869,53927,560.2010523384615,29,29,7,0,7,57,1,0,5,2,57
2011-08-10 11:32:08,Attack,112,0,116,1059637,18345,4205579,2008,668.5916026637931,43,65,8,0,9,102,5,0,17,0,98
2011-08-10 11:32:09,Attack,76,0,79,536904,5039,3001841,58538,484.36187826582284,28,44,7,0,8,62,9,0,21,0,58
2011-08-10 11:32:10,Normal,100,0,100,811312,16197,3832322,14517,645.58251825,39,51,10,0,4,96,0,0,7,2,90
2011-08-10 11:32:11,Normal,92,0,92,832411,16528,3392055,22402,654.5837183043478,40,45,7,0,6,82,4,0,9,5,78
2011-08-10 11:32:12,Normal,106,3,109,988113,2158,3954731,35227,663.0417294862385,44,56,9,0,6,100,3,0,7,3,99
2011-08-10 11:32:13,Normal,121,0,121,1287551,3370,4063809,48491,481.71910049586774,45,66,10,0,15,98,8,0,17,6,98
2011-08-10 11:32:14,Attack,102,0,104,1138129,15730,3490602,60043,750.7646366634615,37,57,10,0,17,83,4,0,17,2,85
2011-08-10 11:32:15,Attack,153,0,158,875225,20716,6790789,51930,260.21334224050634,40,114,4,0,31,117,10,0,41,0,117
2011-08-10 11:32:16,Attack,155,0,161,950300,21953,6184692,54593,314.2308747329193,44,112,5,0,33,118,10,0,43,3,115
2011-08-10 11:32:17,Attack,177,0,179,994753,20223,7674837,50665,295.88842618994414,45,128,6,0,17,157,5,0,21,0,158
2011-08-10 11:32:18,Normal,102,0,102,804809,3667,4001126,52298,387.6028587156863,43,52,7,0,9,89,4,0,15,1,86
2011-08-10 11:32:19,Normal,72,3,75,621118,2387,2930855,57777,650.8077297066666,30,38,7,0,5,65,5,0,12,2,61
2011-08-10 11:32:20,Attack,149,0,150,1535881,59610,5568468,13363,551.1349282333333,38,100,12,0,17,127,6,0,14,0,136
2011-08-10 11:32:21,Normal,97,0,97,1112234,15906,3255274,24992,814.0798475979382,40,47,10,0,18,75,3,1,13,1,82
2011-08-10 11:32:22,Normal,88,3,91,668196,19390,3570242,20276,441.8025166813187,36,51,4,0,2,79,8,2,12,1,76
2011-08-10 11:32:23,Normal,108,0,108,1289082,17497,3850856,7034,551.2716886296296,40,60,8,0,20,88,0,0,14,3,91
2011-08-10 11:32:24,Normal,102,0,102,1058517,17570,3360338,57426,412.2509616764705,35,54,13,0,16,81,5,0,12,1,89
2011-08-10 11:32:25,Normal,136,0,136,983102,17812,5174141,45388,466.05193291176465,42,78,16,0,11,124,1,0,9,2,125
2011-08-10 11:32:26,Normal,116,0,116,1156271,3968,4506612,52867,399.9600714310346,44,64,8,0,18,92,6,0,20,0,96
2011-08-10 11:32:27,Attack,128,0,131,1196803,12333,4893041,62565,401.61993113740465,50,74,7,0,12,113,6,0,17,0,113
2011-08-10 11:32:28,Normal,92,0,92,714376,17885,3672982,6136,415.4509637173913,36,51,5,0,7,79,4,2,14,1,75
2011-08-10 11:32:29,Normal,74,0,74,882612,14893,2763537,44891,796.4481388513512,32,32,10,0,3,69,2,0,2,1,71
2011-08-10 11:32:30,Attack,100,1,104,1179095,15376,3682527,54603,674.595977971154,50,48,6,0,11,92,1,0,10,2,92
2011-08-10 11:32:31,Normal,81,0,81,873121,18016,2802690,24544,380.24486579012347,32,38,11,0,9,69,2,1,7,5,69
2011-08-10 11:32:32,Normal,100,3,103,1041995,17508,3816773,23121,469.9498276213592,48,52,3,0,10,90,3,0,15,1,87
2011-08-10 11:32:33,Normal,107,0,107,1084823,17863,3957663,29870,862.4535879345797,42,56,9,0,11,93,3,0,9,0,98
2011-08-10 11:32:34,Normal,91,0,91,842127,18873,3295278,12390,586.2949910549451,35,48,8,0,10,76,5,0,21,2,68
2011-08-10 11:32:35,Attack,112,0,115,1318973,47679,4217175,14359,676.4337120782608,34,73,8,0,18,93,4,0,13,2,100
2011-08-10 11:32:36,Attack,87,0,90,748655,16343,3161041,13958,438.44151325555555,33,53,4,0,8,79,3,0,9,0,81
2011-08-10 11:32:37,Attack,97,0,101,788638,16485,3649537,54248,431.72917456435647,36,58,7,0,8,87,6,0,14,1,86
2011-08-10 11:32:38,Attack,105,0,106,1419190,48640,3314583,13363,265.44609965094344,38,60,8,0,21,79,6,0,11,0,95
2011-08-10 11:32:39,Attack,93,0,94,972076,17428,3550642,13337,346.9961286702127,35,54,5,0,15,73,6,0,11,1,82
2011-08-10 11:32:40,Normal,90,0,90,839369,16322,3459832,41474,474.46734181111105,39,44,7,0,10,78,2,0,17,2,71
2011-08-10 11:32:41,Attack,95,0,96,713163,16557,3510019,13492,535.4541524270834,33,58,5,0,7,86,3,0,9,2,85
2011-08-10 11:32:42,Normal,107,3,110,869235,16757,4089095,17154,565.1151322181818,44,52,14,0,1,107,2,0,5,0,105
2011-08-10 11:32:43,Normal,66,0,66,741850,14237,2425492,14719,622.6697167727272,35,25,6,0,4,61,1,0,4,1,60
2011-08-10 11:32:44,Normal,104,0,104,747656,3754,3106244,57009,604.7865366153845,33,65,6,0,30,74,0,0,28,0,76
2011-08-10 11:32:45,Normal,110,0,110,1145571,53279,4573810,14100,442.5148712909091,41,55,14,0,7,101,2,0,7,1,102
2011-08-10 11:32:46,Normal,91,0,91,881387,17566,3252305,51168,523.4230932857143,35,51,5,0,8,80,3,0,7,1,83
2011-08-10 11:32:47,Attack,78,0,79,752210,15318,2903702,47245,647.9823526202531,33,36,10,0,7,70,2,0,8,0,71
2011-08-10 11:32:48,Attack,114,0,115,1004399,18099,4063220,62443,543.7610279999999,42,60,13,0,12,95,8,0,18,1,96
2011-08-10 11:32:49,Normal,84,3,87,910097,10665,3028215,51020,657.082214632184,30,49,8,0,15,66,6,0,8,1,78
2011-08-10 11:32:50,Normal,125,0,125,1158676,18454,3943263,52485,503.42401079200005,42,76,7,0,23,98,4,0,20,1,104
2011-08-10 11:32:51,Attack,120,0,123,977371,5359,4871397,3703,350.56635843089435,39,76,8,0,38,80,5,0,42,3,78
2011-08-10 11:32:52,Normal,130,3,133,581137,20770,5561241,6156,397.59924526315785,32,97,4,0,30,99,4,0,36,0,97
2011-08-10 11:32:53,Normal,69,0,69,933467,59028,1942873,14100,599.8047308115941,23,39,7,0,18,51,0,0,8,1,60
2011-08-10 11:32:54,Normal,110,0,110,978078,43266,3647886,14180,584.2904361181818,32,71,7,0,17,86,7,0,15,1,94
2011-08-10 11:32:55,Normal,139,0,139,1189510,18825,5122122,39879,363.39715099280573,42,92,5,0,21,113,5,0,12,1,125
2011-08-10 11:32:56,Normal,208,1,209,1791772,21042,8272419,63153,207.3286469090909,40,161,8,0,29,166,14,0,27,1,181
2011-08-10 11:32:57,Attack,85,0,89,1049426,6844,2503750,4923,580.9974171123596,36,43,10,0,18,66,5,0,10,3,76
2011-08-10 11:32:58,Attack,102,0,106,1010168,17360,3497207,35291,663.6099998018868,44,57,5,0,14,87,5,0,16,0,89
2011-08-10 11:32:59,Attack,223,0,225,1148213,22112,10550063,23534,288.8100189644445,36,179,10,0,19,206,0,0,14,0,211
2011-08-10 11:33:00,Attack,169,0,171,1442136,20160,7332023,61705,297.80002204093563,37,129,5,0,29,139,3,0,19,1,149
2011-08-10 11:33:01,Attack,120,0,121,981053,18976,4531292,3776,539.7527828181818,44,67,10,0,10,109,2,0,11,3,107
2011-08-10 11:33:02,Normal,124,3,127,1068292,20145,4557359,12995,447.9328527637795,43,78,6,0,16,103,8,0,23,4,99
2011-08-10 11:33:03,Normal,111,0,111,1256077,17860,4189617,13436,544.991884063063,47,56,8,0,12,95,4,0,11,2,98
2011-08-10 11:33:04,Normal,91,0,91,823666,6736,3227017,64360,562.186090989011,34,46,11,0,18,71,2,0,18,2,71
2011-08-10 11:33:05,Normal,120,2,122,1532527,17266,4111695,11109,717.500368409836,38,74,10,0,24,92,6,0,18,5,99
2011-08-10 11:33:06,Normal,132,18,150,1092777,20700,6103352,58946,352.81729376,32,111,7,0,10,129,11,0,17,3,130
2011-08-10 11:33:07,Normal,111,0,111,1017071,23799,3917906,7852,624.5004369909909,41,65,5,0,18,83,10,0,26,2,83
2011-08-10 11:33:08,Normal,98,0,98,1136335,16258,3479672,28284,662.5379265408162,53,38,7,0,7,88,3,0,10,0,88
2011-08-10 11:33:09,Attack,124,0,129,1228692,4000,4531250,2723,549.7811997829458,43,79,7,0,15,104,10,0,26,1,102
2011-08-10 11:33:10,Attack,104,0,105,1085907,17178,3507169,35592,764.3061384,44,49,12,0,12,91,2,0,11,3,91
2011-08-10 11:33:11,Normal,120,4,124,1284645,57813,4497714,34489,469.37990714516127,55,62,7,0,19,98,7,0,24,6,93
2011-08-10 11:33:12,Normal,94,5,99,943823,17795,3768213,47094,453.1744674242423,34,60,5,0,8,84,7,0,12,1,86
2011-08-10 11:33:13,Attack,90,0,91,955548,15530,3270827,19778,546.2089515494505,43,40,8,0,5,84,2,0,5,0,86
2011-08-10 11:33:14,Normal,108,0,108,992873,17552,3380785,44955,533.0240430277778,39,59,10,0,17,86,5,0,17,3,88
2011-08-10 11:33:15,Normal,95,0,95,1304099,16196,2941548,33003,598.9651791684211,46,42,7,0,15,78,2,0,3,0,92
2011-08-10 11:33:16,Normal,118,0,118,1352338,16343,3750574,59263,901.7281579067795,50,60,8,0,9,106,3,0,2,3,113
2011-08-10 11:33:17,Attack,89,0,92,841587,16850,3020202,11922,607.1361967391305,37,47,8,0,6,83,3,0,7,2,83
2011-08-10 11:33:18,Attack,109,0,114,1333420,15612,3620516,58628,564.3938763947368,41,66,7,0,22,88,4,0,11,0,103
2011-08-10 11:33:19,Attack,105,3,114,1461402,16780,3821451,59922,579.9779065877194,28,79,7,0,30,79,5,0,21,1,92
2011-08-10 11:33:20,Normal,137,0,137,1330743,4338,5113374,58733,738.3362542189782,52,74,11,0,14,113,10,0,19,1,117
2011-08-10 11:33:21,Normal,181,0,181,994813,8672,7967415,13615,354.43447156353596,40,136,5,0,25,151,3,2,33,1,145
2011-08-10 11:33:22,Attack,147,6,155,1203021,5527,5786608,38512,493.5049351806452,38,108,9,0,15,133,6,1,17,3,134
2011-08-10 11:33:23,Normal,102,0,102,854078,16503,3630340,35963,334.090556382353,45,52,5,0,7,92,2,1,8,1,92
2011-08-10 11:33:24,Normal,103,0,103,723897,19668,4202851,61193,429.6218813980583,36,62,5,0,8,89,6,0,20,0,83
2011-08-10 11:33:25,Normal,87,0,87,1423327,19628,2868427,5472,749.402800770115,31,45,11,0,19,68,0,0,14,2,71
2011-08-10 11:33:26,Attack,99,0,100,1049606,6601,3680435,60952,598.1483765,37,57,6,0,17,79,4,0,17,1,82
2011-08-10 11:33:27,Attack,126,0,127,1080813,17527,4450516,50621,443.3764969527559,47,71,9,0,10,110,7,0,17,1,109
2011-08-10 11:33:28,Normal,98,0,98,1028921,15628,3281256,40935,595.8275602244897,45,44,9,0,14,82,1,1,9,3,85
2011-08-10 11:33:29,Attack,118,0,119,784359,4865,5029309,56273,364.87231222689076,24,86,9,0,11,105,3,0,12,0,107
2011-08-10 11:33:30,Attack,111,0,115,1270513,17317,4151950,35672,642.8198129826087,41,66,8,0,19,93,3,0,17,2,96
2011-08-10 11:33:31,Attack,143,0,145,1090893,20190,5999735,39019,555.8529569586207,43,96,6,0,52,90,3,0,50,2,92
2011-08-10 11:33:32,Normal,96,3,99,994987,16424,3610502,62715,548.6451241515151,35,60,4,0,11,86,2,0,7,3,89
2011-08-10 11:33:33,Normal,101,0,101,939947,18236,4468598,9697,519.5462755148516,47,51,3,0,11,89,1,0,16,0,85
2011-08-10 11:33:34,Normal,96,0,96,1227076,14842,3131555,52199,667.2799174270833,47,34,15,0,9,86,1,0,6,2,88
2011-08-10 11:33:35,Attack,91,0,92,924530,17153,2955106,38444,716.2291178586956,31,53,8,0,8,77,7,0,13,3,76
2011-08-10 11:33:36,Normal,127,0,127,978006,4245,5256465,37700,466.4299878188977,41,78,8,0,29,98,0,0,28,3,95
2011-08-10 11:33:37,Normal,136,0,136,865132,19571,5730010,27841,415.55445127941175,39,90,7,0,33,103,0,0,37,2,97
2011-08-10 11:33:38,Attack,78,0,81,748504,9068,2675724,62167,666.0201640864196,35,36,10,0,6,71,4,0,10,1,69
2011-08-10 11:33:39,Attack,100,0,107,888305,6127,3654531,61005,675.9432275046729,41,58,8,0,14,87,6,0,20,3,84
2011-08-10 11:33:40,Attack,94,0,97,797844,16556,3764210,15801,395.30808757731955,40,50,7,0,10,83,4,0,15,0,82
2011-08-10 11:33:41,Normal,86,0,86,723101,16024,3219810,38725,464.2154097558139,32,48,6,0,4,82,0,0,5,1,80
2011-08-10 11:33:42,Attack,107,3,112,896276,16695,3909576,8307,374.6063294107143,34,69,9,0,11,98,3,0,7,2,102
2011-08-10 11:33:43,Normal,95,0,95,1102047,18632,3421573,31316,360.3570680526316,38,53,4,0,23,69,3,0,14,3,78
2011-08-10 11:33:44,Normal,109,0,109,1180565,3473,3964859,45762,554.8926395871559,34,69,6,0,17,79,13,0,21,2,86
2011-08-10 11:33:45,Normal,92,0,92,669555,18561,3390578,39944,623.7378974456523,42,45,5,0,1,90,1,0,5,2,84
2011-08-10 11:33:46,Normal,91,0,91,753389,17019,3392860,54761,585.0229510989011,40,46,5,0,7,82,2,0,9,1,81
2011-08-10 11:33:47,Attack,131,0,132,1453060,20063,4240817,63715,527.9091258560605,50,73,9,0,12,115,5,0,15,3,114
2011-08-10 11:33:48,Normal,100,0,100,1113906,17347,3430525,6080,663.8895446500001,49,40,11,0,11,88,1,0,12,1,87
2011-08-10 11:33:49,Normal,105,0,105,989515,48171,3956396,16029,385.9309231238095,38,57,10,0,17,84,4,0,22,3,80
2011-08-10 11:33:50,Attack,93,3,98,933536,16424,3325570,3855,493.0885325306122,43,52,3,0,12,84,2,0,16,3,78
2011-08-10 11:33:51,Attack,83,0,84,752438,16036,2840723,32505,403.77428559523804,31,46,7,0,14,69,1,0,16,0,68
2011-08-10 11:33:52,Attack,139,3,143,1011316,5156,5893896,51029,401.5535436853147,34,96,13,0,14,126,3,0,18,0,125
2011-08-10 11:33:53,Attack,103,0,104,1261828,7062,3642940,3459,724.0595008653846,45,49,10,0,8,93,3,0,4,1,99
2011-08-10 11:33:54,Normal,84,0,84,1340451,37329,2613863,14100,664.8045194285713,29,44,11,0,18,64,2,0,12,1,71
2011-08-10 11:33:55,Normal,112,1,113,1905206,65673,3235216,14905,429.9581919469027,31,75,7,0,30,80,3,0,3,2,108
2011-08-10 11:33:56,Normal,85,0,85,1159230,1452,2961696,2364,472.56359207058813,45,34,6,0,13,72,0,0,8,0,77
2011-08-10 11:33:57,Normal,134,0,134,1561937,16877,4354055,30897,425.1923545970149,56,68,10,0,11,120,3,0,7,6,120
2011-08-10 11:33:58,Normal,104,0,104,1105233,16319,3457541,43857,638.1724832596154,50,51,3,0,13,90,1,0,7,0,97
2011-08-10 11:33:59,Attack,87,0,88,1084325,19285,3095789,21782,447.3931662954546,34,44,10,0,12,75,1,0,17,2,68
2011-08-10 11:34:00,Attack,93,0,99,1051239,15630,3269105,63159,689.1611251515151,42,50,7,0,7,86,6,0,8,4,87
2011-08-10 11:34:01,Attack,84,0,87,738768,4397,3130141,54664,518.0726729885057,36,42,9,0,9,76,2,0,14,1,72
2011-08-10 11:34:02,Normal,139,3,142,1166317,21038,5290568,60605,479.5127892323943,41,92,9,0,17,122,3,0,17,0,123
2011-08-10 11:34:03,Attack,118,0,122,1244069,17539,4321034,51666,436.84143816393436,36,79,7,0,17,102,3,0,18,3,101
2011-08-10 11:34:04,Normal,115,0,115,1777190,9285,3547211,14870,364.9423914434783,40,69,6,0,31,81,3,0,8,3,104
2011-08-10 11:34:05,Normal,137,0,137,1764434,28499,4763122,14099,457.0928142773722,44,88,5,0,27,95,15,0,23,2,112
2011-08-10 11:34:06,Normal,151,0,151,1550662,17890,5447296,62240,640.718387807947,43,94,14,0,31,112,8,0,27,2,122
2011-08-10 11:34:07,Normal,126,0,126,1110110,18610,4096484,3684,444.0838906825396,31,86,9,0,30,89,7,0,29,2,95
2011-08-10 11:34:08,Normal,140,0,140,1464851,20577,4784529,15356,511.4945392857144,37,95,8,0,21,108,11,0,25,3,112
2011-08-10 11:34:09,Normal,115,0,115,1246177,52527,4323586,14134,701.1684886869565,45,59,11,0,18,88,9,0,29,1,84
2011-08-10 11:34:10,Normal,138,0,138,1219464,4759,5520445,49881,334.1114024855072,41,87,10,0,15,120,3,0,12,1,123
2011-08-10 11:34:11,Attack,119,0,120,1268001,5028,4604465,52827,440.00391585,36,73,11,0,16,97,7,0,14,3,103
2011-08-10 11:34:12,Attack,150,3,164,1520281,19440,6511349,11982,362.68187474999996,39,113,12,0,20,132,12,0,22,0,142
2011-08-10 11:34:13,Attack,123,0,127,1191877,3933,4738841,44295,438.59768137795277,48,71,8,0,13,110,4,0,15,6,106
2011-08-10 11:34:14,Attack,105,0,107,1421317,3163,3331438,16959,696.1284383364485,35,63,9,0,21,84,2,0,6,2,98
2011-08-10 11:34:15,Normal,107,0,107,1233689,3654,3884399,59520,561.5756452523365,39,56,12,0,11,91,5,0,12,3,92
2011-08-10 11:34:16,Normal,140,0,140,1890536,16041,5019041,13036,318.26412847857137,40,86,14,0,25,110,4,1,4,2,134
2011-08-10 11:34:17,Normal,126,0,126,1349643,16579,4778605,63102,609.6423433730159,49,68,9,0,32,93,1,0,23,1,102
2011-08-10 11:34:18,Normal,104,0,104,1171578,3716,3808971,61286,442.29112847115385,31,65,8,0,13,87,2,2,11,2,90
2011-08-10 11:34:19,Normal,113,2,115,1633609,2778,3880087,62577,383.65976284347823,41,66,8,0,16,98,1,0,12,5,98
2011-08-10 11:34:20,Normal,125,3,128,1845352,4850,4493373,20628,525.084700734375,38,81,9,0,21,97,10,0,14,4,110
2011-08-10 11:34:21,Attack,108,0,112,1385993,16470,3413342,4617,523.9169586428571,43,54,15,0,18,85,8,1,14,3,94
2011-08-10 11:34:22,Attack,92,3,96,1174760,3134,3316643,38925,317.2313294270834,26,62,8,0,12,80,4,0,7,4,85
2011-08-10 11:34:23,Normal,97,0,97,894318,16051,3699807,2850,321.87330184536086,38,53,6,0,3,87,4,3,4,3,87
2011-08-10 11:34:24,Attack,83,0,87,1040263,16498,3048172,20242,512.128727045977,34,45,8,0,12,74,1,0,15,2,70
2011-08-10 11:34:25,Attack,106,0,107,1249851,15885,3962172,16457,646.2647229626168,36,59,12,0,9,94,4,0,10,4,93
2011-08-10 11:34:26,Normal,190,0,190,1166393,22244,8539070,14888,270.0765323052632,40,140,10,0,21,133,36,0,51,4,135
2011-08-10 11:34:27,Normal,142,0,142,1059227,5491,5908464,45068,331.83771969718316,51,87,4,0,6,135,1,0,6,2,134
2011-08-10 11:34:28,Normal,120,0,120,1222218,17034,4673088,36251,561.7818096499999,44,69,7,0,16,102,2,0,10,1,109
2011-08-10 11:34:29,Normal,73,0,73,816787,15231,2654456,34797,798.7900189589042,34,31,8,0,8,65,0,0,5,1,67
2011-08-10 11:34:30,Normal,119,0,119,1193278,16807,4607725,58014,323.7010855882353,55,61,3,0,14,102,3,0,13,4,102
2011-08-10 11:34:31,Normal,101,0,101,936968,16912,3984247,58517,387.34623553465343,37,53,11,0,9,86,5,1,15,1,84
2011-08-10 11:34:32,Normal,80,3,83,1118635,2683,2976407,52106,447.0463829638554,33,45,5,0,10,67,6,0,8,3,72
2011-08-10 11:34:33,Attack,99,0,102,823046,16509,4072290,38327,360.0421091862745,29,66,7,0,11,87,4,0,15,1,86
2011-08-10 11:34:34,Attack,117,3,122,1115157,18729,4745563,1470,486.343756442623,51,64,7,0,16,102,4,0,23,1,98
2011-08-10 11:34:35,Normal,117,0,117,896919,4921,3988456,49798,434.8257222051283,42,69,6,0,16,94,7,0,27,0,90
2011-08-10 11:34:36,Attack,114,0,116,1210154,25523,4044194,2065,439.4396986724138,46,63,7,0,14,99,3,0,15,2,98
2011-08-10 11:34:37,Normal,115,0,115,894588,17313,3913479,51358,341.62323215652174,37,74,4,0,22,89,4,0,23,3,89
2011-08-10 11:34:38,Normal,147,0,147,1214664,18198,5655710,32236,474.7538334761905,43,93,11,0,11,125,11,0,25,3,119
2011-08-10 11:34:39,Normal,77,0,77,938667,2884,2841701,49828,674.3294420909091,34,36,7,0,8,69,0,0,5,2,69
2011-08-10 11:34:40,Normal,97,0,97,801200,2674,3890675,49823,603.1264712164948,33,48,16,0,8,88,1,0,10,1,86
2011-08-10 11:34:41,Normal,106,0,106,1186520,18090,3377666,43052,560.9795859433963,41,50,15,0,9,88,9,0,18,4,84
2011-08-10 11:34:42,Attack,138,3,144,1513132,17792,5263449,15571,411.21741881944445,30,107,7,0,31,106,7,0,16,2,126
2011-08-10 11:34:43,Normal,121,0,121,1354823,31386,4182295,14626,529.7403590165289,40,74,7,0,16,102,3,0,7,4,109
2011-08-10 11:34:44,Normal,103,0,103,1184809,17337,3925369,56022,484.34965282524263,37,57,9,0,10,90,3,0,13,2,88
2011-08-10 11:34:45,Attack,229,0,231,911490,24575,11371764,23392,335.1960897012987,44,170,17,0,6,216,9,0,9,3,219
2011-08-10 11:34:46,Attack,132,0,133,1267765,4713,4992562,41695,495.89944010526307,46,83,4,0,10,118,5,0,12,2,119
2011-08-10 11:34:47,Normal,109,0,109,1083273,17231,3741330,52599,522.6385875137614,40,60,9,0,15,92,2,0,11,1,96
2011-08-10 11:34:48,Normal,119,0,119,1118279,18489,3968244,29943,680.523196092437,48,65,6,0,18,99,2,0,16,1,102
2011-08-10 11:34:49,Normal,95,0,95,1189604,16829,3509143,43573,571.8782676526317,38,44,13,0,6,85,4,0,9,2,84
2011-08-10 11:34:50,Normal,120,3,123,1640206,36716,4293901,13790,618.5120648211382,41,74,8,0,19,91,13,0,10,0,112
2011-08-10 11:34:51,Normal,106,0,106,1018793,7618,3867228,14527,447.1032111886792,36,64,6,0,15,88,3,0,15,1,90
2011-08-10 11:34:52,Normal,122,3,125,1343779,16965,4388292,13577,472.0953013920001,46,74,5,0,10,109,6,0,20,4,101
2011-08-10 11:34:53,Normal,116,0,116,1186098,10419,4357438,63061,530.0749533448276,40,64,12,0,17,99,0,0,11,0,105
2011-08-10 11:34:54,Attack,91,0,93,1512322,16976,2524296,8343,832.4379237311827,30,55,8,0,22,65,6,0,15,1,75
2011-08-10 11:34:55,Attack,123,0,126,1298758,16790,4170098,35093,745.4697197460318,54,65,7,0,9,113,4,0,10,2,113
2011-08-10 11:34:56,Attack,106,0,107,1383465,16185,3819838,2220,502.3103650373832,40,61,6,0,16,85,6,0,11,2,93
2011-08-10 11:34:57,Attack,104,0,105,1393025,67485,3624735,15954,545.8096971428572,40,57,8,0,14,88,3,0,8,6,90
2011-08-10 11:34:58,Normal,102,0,102,1194608,44125,3786340,13409,493.0853083333333,37,51,14,0,12,89,1,0,7,0,95
2011-08-10 11:34:59,Normal,209,0,209,974298,21651,10068699,4970,251.55707382296652,42,158,9,0,2,207,0,0,5,4,200
2011-08-10 11:35:00,Normal,115,0,115,1294932,18595,3876498,9676,498.2242912956521,44,70,1,0,19,92,4,0,17,2,96
2011-08-10 11:35:01,Normal,120,0,120,797837,51912,5070971,13847,236.65252371666665,51,65,4,0,12,106,2,0,23,2,95
2011-08-10 11:35:02,Normal,112,3,115,1143427,17965,4288050,13445,330.7508352,39,65,11,0,13,99,3,0,16,1,98
2011-08-10 11:35:03,Attack,107,0,109,1402816,15528,3821786,22201,580.7920627064219,52,48,9,0,9,98,2,0,5,2,102
2011-08-10 11:35:04,Normal,106,0,106,1215192,4213,4060898,65054,478.6899044716982,30,72,4,0,19,82,5,0,9,3,94
2011-08-10 11:35:05,Normal,100,0,100,776688,16796,4169913,27400,538.3289794699999,42,52,6,0,7,90,3,0,9,0,90
2011-08-10 11:35:06,Attack,106,0,112,1196583,15905,4034582,33859,402.7788620446428,42,61,9,0,19,87,6,0,18,1,93
2011-08-10 11:35:07,Attack,106,0,107,1278641,15768,3773124,27932,446.36923065420564,36,61,10,0,19,84,4,0,13,2,92
2011-08-10 11:35:08,Normal,116,0,116,1480937,17026,3986601,21248,475.36312612931033,40,70,6,0,23,89,4,0,12,2,102
2011-08-10 11:35:09,Normal,113,0,113,1090190,40584,4224525,51021,438.76779284070795,36,72,5,0,10,98,5,0,14,3,96
2011-08-10 11:35:10,Normal,88,0,88,752930,15698,3655312,4943,511.51453838636365,31,50,7,0,6,78,4,0,6,1,81
2011-08-10 11:35:11,Normal,93,4,97,609888,19761,3850852,53377,294.0758629381443,27,64,6,0,17,79,1,0,22,1,74
2011-08-10 11:35:12,Normal,156,3,159,1220222,9927,6711002,63918,418.52156338364784,33,114,12,0,24,114,21,0,36,5,118
2011-08-10 11:35:13,Normal,140,0,140,1155530,19395,5745701,59167,259.3454496214286,37,91,12,0,5,130,5,0,10,11,119
2011-08-10 11:35:14,Normal,104,0,104,1058686,15927,4080195,53874,431.47579247115385,43,52,9,0,3,99,2,0,4,3,97
2011-08-10 11:35:15,Attack,81,0,83,936559,15762,3049524,5739,836.862994807229,35,40,8,0,6,74,3,0,10,0,73
2011-08-10 11:35:16,Attack,116,0,120,1608256,15633,3930092,35212,480.6197243666667,43,68,9,0,24,92,4,0,15,4,100
2011-08-10 11:35:17,Attack,72,0,74,1007148,15697,2281583,44799,716.2225135675675,32,40,2,0,11,60,3,0,11,4,59
2011-08-10 11:35:18,Normal,117,0,117,1453382,16263,3687003,46893,494.43242236752127,37,68,12,0,16,100,1,0,10,6,100
2011-08-10 11:35:19,Normal,110,0,110,1054850,17423,4277218,7875,418.2556972272727,36,67,7,0,12,98,0,0,7,5,97
2011-08-10 11:35:20,Normal,88,3,91,1208618,15834,3133365,54852,739.5411805824175,38,42,11,0,15,75,1,0,6,3,82
2011-08-10 11:35:21,Normal,95,0,95,1083665,64189,2979901,15900,502.6384101894738,35,53,7,0,11,82,1,1,6,4,84
2011-08-10 11:35:22,Normal,83,3,86,950427,1671,3037539,60629,505.04284170930237,36,43,7,0,6,74,4,2,7,0,77
2011-08-10 11:35:23,Normal,104,2,106,1185468,4901,3786204,45457,553.2608006792453,39,58,9,0,12,85,9,0,13,3,90
2011-08-10 11:35:24,Attack,93,0,96,1123240,3372,3409484,52354,407.1942164583333,33,59,4,0,11,81,4,0,6,2,88
2011-08-10 11:35:25,Attack,72,0,73,853712,15958,2726891,59151,465.1267845342466,43,26,4,0,6,66,1,0,7,0,66
2011-08-10 11:35:26,Normal,133,0,133,1453020,3591,4860343,55568,343.786132481203,37,89,7,0,14,116,1,2,6,9,116
2011-08-10 11:35:27,Attack,79,6,92,1179569,15678,2924575,8325,536.4746552826088,43,41,8,0,8,79,5,0,12,6,74
2011-08-10 11:35:28,Attack,98,0,100,1409775,15584,3409261,66225,387.21186737000005,32,62,6,0,16,77,6,1,9,9,82
2011-08-10 11:35:29,Attack,105,0,109,1385586,16049,3550401,32122,554.4104528715596,42,57,10,0,13,93,3,0,6,5,98
2011-08-10 11:35:30,Normal,89,0,89,1186927,16022,2605214,63238,547.8125959213484,36,44,9,0,13,75,1,0,11,8,70
2011-08-10 11:35:31,Normal,109,0,109,1187175,16319,3711619,49995,315.82348426605506,42,57,10,0,8,100,1,0,7,5,97
2011-08-10 11:35:32,Normal,104,3,107,870434,3499,3971098,50878,356.18409323364483,33,67,7,0,14,87,6,0,19,2,85
2011-08-10 11:35:33,Normal,128,0,128,957680,17644,5161741,5980,436.00347434375,47,77,4,0,7,121,0,0,4,2,122
2011-08-10 11:35:34,Normal,112,0,112,1088818,16822,4005065,67107,396.42138884821424,42,61,9,0,6,105,1,0,2,4,106
2011-08-10 11:35:35,Normal,65,0,65,885422,16955,2301621,42080,952.5433348,28,27,10,0,5,59,1,0,8,1,56
2011-08-10 11:35:36,Normal,96,0,96,1204506,2087,3663847,55468,651.5884312291666,42,48,6,0,11,83,2,0,6,4,86
2011-08-10 11:35:37,Attack,90,0,91,799664,3816,3491276,42531,737.9760569450549,30,52,9,0,5,83,3,0,7,3,81
2011-08-10 11:35:38,Attack,123,0,133,1209005,17329,4561453,35685,472.5110697744361,45,80,8,0,13,113,7,0,15,1,116
2011-08-10 11:35:39,Normal,94,0,94,865547,16211,3702732,36349,472.84152865957446,38,49,7,0,7,86,1,0,8,0,86
2011-08-10 11:35:40,Normal,87,0,87,1241279,16358,3212371,24535,785.4010397586208,40,39,8,0,11,71,5,0,7,2,77
2011-08-10 11:35:41,Normal,85,0,85,713899,2920,3284500,66414,580.9307445411765,36,40,9,0,3,82,0,0,5,2,78
2011-08-10 11:35:42,Normal,86,3,89,770175,3631,3230414,51282,653.5591607640449,39,41,9,0,4,83,2,0,10,3,76
2011-08-10 11:35:43,Normal,143,0,143,1103873,7030,5345567,59920,484.70720243356647,43,87,13,0,11,126,6,0,26,5,112
2011-08-10 11:35:44,Normal,121,0,121,1190444,22242,4408271,15674,347.6653689256198,47,63,11,0,14,105,2,0,13,5,103
2011-08-10 11:35:45,Attack,112,0,114,1464311,2879,4065773,59006,519.2487190350877,47,63,4,0,15,91,8,0,15,5,93
2011-08-10 11:35:46,Normal,143,0,143,1736954,17345,5784850,44551,386.75249225174827,58,75,10,0,18,121,4,0,13,3,126
2011-08-10 11:35:47,Attack,136,0,137,1332034,20194,5368233,65563,477.37675641605836,35,93,9,0,29,96,11,1,34,6,97
2011-08-10 11:35:48,Attack,138,0,144,1323811,9493,5809610,52822,392.75914240277774,30,108,6,0,27,107,10,0,34,4,106
2011-08-10 11:35:49,Normal,116,0,116,1533651,16972,4197919,63202,566.6539025689656,32,75,9,0,13,99,4,0,5,10,101
2011-08-10 11:35:50,Attack,92,3,97,896987,18228,3981392,51687,367.709772113402,27,69,1,0,10,82,5,0,12,2,83
2011-08-10 11:35:51,Normal,98,0,98,1018192,16684,3715209,51748,385.06538272448984,46,39,13,0,10,87,1,0,13,0,84
2011-08-10 11:35:52,Normal,104,3,107,1071066,3246,3845443,52063,592.6525809906542,36,64,7,0,12,91,4,0,9,2,96
2011-08-10 11:35:53,Normal,107,0,107,1113819,16108,4058208,35112,604.0829209158878,47,52,8,0,17,87,3,0,14,0,93
2011-08-10 11:35:54,Normal,115,0,115,1465989,3576,4186936,66007,545.0095810521739,44,59,12,0,13,96,6,0,8,3,103
2011-08-10 11:35:55,Normal,108,0,108,992492,17035,4068235,11606,550.2029248425926,37,62,9,0,7,99,2,0,11,2,95
2011-08-10 11:35:56,Normal,101,0,101,863835,16647,4265174,63274,431.45182799009893,31,61,9,0,14,85,2,0,15,2,84
2011-08-10 11:35:57,Normal,121,0,121,1322816,19350,4826621,7665,411.5171818677686,37,74,10,0,24,94,3,0,17,1,103
2011-08-10 11:35:58,Attack,100,0,102,1263410,16158,3442578,51260,521.3724494019608,33,65,4,0,18,81,3,0,12,2,88
2011-08-10 11:35:59,Attack,106,0,109,1033041,4386,3627002,58710,461.3677546880734,40,59,10,0,15,91,3,0,17,2,90
2011-08-10 11:36:00,Normal,86,0,86,1068162,64553,2883894,1044,662.3016094186047,32,49,5,0,16,68,2,0,10,6,70
2011-08-10 11:36:01,Normal,111,0,111,1025503,18430,4125345,6900,345.48892636036027,23,81,7,0,16,89,6,0,18,1,92
2011-08-10 11:36:02,Normal,114,3,117,1427806,18906,4431410,35450,747.8223276324786,41,62,14,0,30,84,3,0,19,2,96
2011-08-10 11:36:03,Normal,104,0,104,1060535,16923,3954411,35568,433.95941947115386,45,54,5,0,12,92,0,0,8,3,90
2011-08-10 11:36:04,Normal,109,0,109,1660272,15585,3666115,50296,660.6631906330274,30,74,5,0,12,93,4,0,9,3,97
2011-08-10 11:36:05,Normal,97,0,97,1451375,46844,3398575,33171,756.1291377628866,34,53,10,0,13,81,3,0,5,2,90
2011-08-10 11:36:06,Normal,155,0,155,2608677,20046,5818820,14275,589.6051104516129,37,109,9,0,44,102,9,0,16,2,136
2011-08-10 11:36:07,Normal,138,0,138,1473690,18805,5547107,4735,385.0447646594203,40,86,12,0,18,115,5,0,13,6,119
2011-08-10 11:36:08,Attack,148,0,149,1997096,18567,4739098,60662,339.2049693154362,42,96,11,0,46,97,6,0,25,3,121
2011-08-10 11:36:09,Attack,131,0,137,1058794,22461,5399811,23003,244.12566022627735,41,87,9,0,27,104,6,0,35,2,100
2011-08-10 11:36:10,Normal,109,0,109,1167165,21077,4349402,27690,437.01892787155964,45,62,2,0,14,86,9,0,18,4,87
2011-08-10 11:36:11,Attack,112,0,114,1198434,5524,4327318,4727,448.159310745614,36,73,5,0,22,88,4,0,19,2,93
2011-08-10 11:36:12,Normal,102,3,105,1229472,15633,4615960,60691,531.5352938095239,36,63,6,0,14,84,7,0,9,1,94
2011-08-10 11:36:13,Normal,122,0,122,1564239,18877,4542297,26034,481.5873283360656,37,80,5,0,23,92,7,0,17,1,104
2011-08-10 11:36:14,Normal,98,0,98,1464430,15912,3496659,43067,415.13088282653064,42,53,3,0,18,79,1,0,9,3,86
2011-08-10 11:36:15,Normal,109,0,109,1056160,16206,4116385,59023,583.451334321101,44,56,9,0,8,100,1,0,10,2,97
2011-08-10 11:36:16,Normal,101,0,101,977846,16523,3826826,53647,569.7060279900991,47,44,10,0,9,91,1,0,7,1,93
2011-08-10 11:36:17,Normal,99,0,99,1199353,15920,3829789,10143,424.839635010101,36,52,11,0,13,84,2,0,9,0,90
2011-08-10 11:36:18,Normal,106,0,106,1259977,15688,4079824,59256,476.1543011037736,46,52,8,0,16,89,1,0,8,4,94
2011-08-10 11:36:19,Attack,73,0,74,646291,4215,2698735,43469,817.7571625405405,36,32,6,0,6,64,4,0,9,0,65
2011-08-10 11:36:20,Attack,165,0,169,1332840,68559,6248358,58834,424.2957500236687,56,107,6,0,12,142,15,0,31,1,137
2011-08-10 11:36:21,Normal,95,3,98,923772,2911,3984442,49930,289.75939602040813,35,52,11,0,10,85,2,1,14,1,82
2011-08-10 11:36:22,Normal,148,3,151,1705403,55613,6073381,60379,313.29211552317884,43,97,11,0,34,111,6,0,29,2,120
2011-08-10 11:36:23,Normal,112,0,112,1354120,26533,3992909,14651,624.4642637767857,36,63,13,0,17,92,2,1,15,3,93
2011-08-10 11:36:24,Normal,74,8,82,861637,1888,2990127,51653,453.94065143902446,32,46,4,0,16,63,3,0,15,0,67
2011-08-10 11:36:25,Normal,116,7,123,1419686,4785,4492757,54168,517.23375099187,36,76,11,0,11,103,7,2,10,0,111
2011-08-10 11:36:26,Normal,99,0,99,1314593,2467,3319408,45537,611.0452034949495,41,51,7,0,10,84,4,1,6,1,91
2011-08-10 11:36:27,Normal,103,0,103,1213545,16496,3339740,39562,312.7367872038835,47,47,9,0,7,92,4,0,9,6,88
2011-08-10 11:36:28,Normal,94,0,94,971397,15379,3541953,1486,398.01023267021276,38,47,9,0,9,83,2,0,7,0,87
2011-08-10 11:36:29,Attack,86,0,90,1116401,14262,2649036,59873,775.2916406,44,34,12,0,5,79,6,0,8,1,80
2011-08-10 11:36:30,Attack,91,0,94,986906,16051,3340609,6475,643.2555646276596,43,44,7,0,5,84,5,0,9,0,85
2011-08-10 11:36:31,Attack,88,0,90,1024435,15647,2674507,4311,515.5574041888889,41,43,6,0,6,81,3,0,12,3,75
2011-08-10 11:36:32,Attack,79,3,84,589866,2670,2911839,32770,549.9803758809525,29,48,7,0,4,76,4,0,8,0,76
2011-08-10 11:36:33,Normal,90,0,90,957868,15972,3029740,43663,605.3929865666668,34,49,7,0,10,79,1,0,7,3,80
2011-08-10 11:36:34,Normal,97,0,97,1197258,15568,3098275,54082,710.809499927835,51,31,15,0,9,87,1,0,9,2,86
2011-08-10 11:36:35,Normal,115,0,115,1096646,17629,3916811,5136,541.9004643913042,43,66,6,0,13,97,5,0,15,0,99
2011-08-10 11:36:36,Normal,105,0,105,740556,4787,4041164,45024,423.12541921904756,33,64,8,0,7,97,1,0,16,0,89
2011-08-10 11:36:37,Attack,125,0,126,1063986,17899,5499185,31783,478.266841420635,46,78,2,0,25,92,9,0,32,2,92
2011-08-10 11:36:38,Normal,83,0,83,959555,16156,2483270,9327,713.6570139277109,45,32,6,0,5,76,2,0,9,1,73
2011-08-10 11:36:39,Normal,106,0,106,1379091,2538,3233130,35957,672.8683684528302,30,63,13,0,16,89,1,0,7,2,97
2011-08-10 11:36:40,Attack,86,0,87,1130494,16248,3039904,48689,768.6507344022989,41,38,8,0,5,79,3,0,11,1,75
2011-08-10 11:36:41,Attack,98,0,103,751062,3709,3803258,39229,352.5751026601942,33,64,6,0,5,92,6,0,13,1,87
2011-08-10 11:36:42,Normal,74,3,77,716164,15701,2553050,47703,609.005042961039,27,44,6,0,4,70,3,0,17,2,58
2011-08-10 11:36:43,Normal,108,0,108,1030357,70201,3889026,13363,681.7692708796296,48,58,2,0,10,97,1,0,14,0,94
2011-08-10 11:36:44,Normal,103,0,103,1628852,16092,3448283,45299,1128.2482265242718,32,60,11,0,22,77,4,0,8,1,94
2011-08-10 11:36:45,Normal,102,0,102,1079394,15985,3764904,59783,552.3717950490196,38,60,4,0,15,77,10,0,11,2,89
2011-08-10 11:36:46,Normal,111,0,111,1049022,10305,4076639,59707,465.40306812612624,34,67,10,0,11,95,5,0,12,4,95
2011-08-10 11:36:47,Attack,97,0,98,1233366,3029,3380071,59267,560.4117946122449,43,53,2,0,14,80,4,0,9,1,88
2011-08-10 11:36:48,Normal,119,0,119,1002386,18111,4636698,10429,569.1949504033613,36,74,9,0,12,103,4,0,22,1,96
2011-08-10 11:36:49,Normal,86,0,86,515259,17511,3675330,46621,440.05714168604663,33,44,9,0,4,80,2,0,25,0,61
2011-08-10 11:36:50,Attack,109,0,111,1109392,17293,4472082,18305,618.8256026576576,39,57,15,0,15,91,5,0,15,1,95
2011-08-10 11:36:51,Attack,155,3,159,2960723,4608,6277713,51495,816.9803987547172,47,103,9,0,45,109,5,0,16,4,138
2011-08-10 11:36:52,Attack,154,3,159,1062558,9178,4489811,52029,393.7235774779874,33,123,3,0,16,137,6,0,59,3,97
2011-08-10 11:36:53,Attack,86,0,87,1119968,15085,3063690,25295,445.5079630459769,38,43,6,0,15,69,3,0,9,3,74
2011-08-10 11:36:54,Normal,101,0,101,1024220,3172,4112490,60101,398.6298010396039,35,57,9,0,13,85,3,0,16,3,82
2011-08-10 11:36:55,Normal,90,0,90,1035769,15925,3237236,12012,585.7661401555556,39,43,8,0,13,73,4,0,17,1,72
2011-08-10 11:36:56,Normal,162,0,162,1467718,51969,6311562,62841,269.45842598148147,33,118,11,0,28,121,13,0,31,5,126
2011-08-10 11:36:57,Normal,120,0,120,1275746,7293,5192575,41505,332.9092673916667,31,81,8,0,20,95,5,0,7,2,111
2011-08-10 11:36:58,Attack,130,0,134,1101656,59198,5487938,59581,409.4807436044776,28,93,13,0,19,109,6,0,29,2,103
2011-08-10 11:36:59,Normal,214,0,214,1053720,28774,10353625,61121,236.40524655607481,37,169,8,0,15,197,2,0,12,4,198
2011-08-10 11:37:00,Normal,122,0,122,1562757,19512,3894517,13262,394.7868193770492,51,67,4,0,15,101,6,0,15,8,99
2011-08-10 11:37:01,Normal,165,0,165,1794300,20564,6625455,43134,521.7473961757576,48,108,9,0,41,119,5,0,34,3,128
2011-08-10 11:37:02,Attack,157,10,172,2342141,7380,7202835,57023,383.65318170930226,32,132,8,0,53,104,15,0,30,1,141
2011-08-10 11:37:03,Normal,188,0,188,975519,10082,8472068,51137,285.8159141223404,44,134,10,0,15,169,4,0,22,2,164
2011-08-10 11:37:04,Normal,97,0,97,1272120,3254,3280064,50175,997.0937422989691,34,52,11,0,15,76,5,1,11,0,86
2011-08-10 11:37:05,Normal,105,0,105,1009220,16493,4378568,63284,472.9842337809523,41,54,10,0,17,86,2,0,15,1,89
2011-08-10 11:37:06,Normal,126,0,126,1564285,18541,4693640,4746,395.26781605555556,43,74,9,0,16,103,7,0,14,3,109
2011-08-10 11:37:07,Normal,131,0,131,1134275,19203,5218708,14474,262.4136635038168,36,85,10,0,23,102,6,0,30,2,98
2011-08-10 11:37:08,Attack,105,0,108,1263128,16599,3930622,17524,617.7242155740742,49,50,9,0,14,90,4,0,9,3,96
2011-08-10 11:37:09,Attack,95,0,96,846416,9467,3971864,36608,233.16072472916667,28,58,10,0,13,77,6,0,16,2,78
2011-08-10 11:37:10,Normal,181,0,181,1695281,20128,7533209,29284,356.6902328729282,47,127,7,0,47,115,19,0,47,6,128
2011-08-10 11:37:11,Attack,123,0,126,1563606,18644,4852307,13055,450.64624453968247,35,86,5,0,32,88,6,0,25,5,96
2011-08-10 11:37:12,Normal,144,3,147,1553628,18876,5528094,57856,397.3871424421769,39,103,5,0,20,116,11,0,19,4,124
2011-08-10 11:37:13,Attack,112,0,115,1269407,16406,4548914,22066,522.0952038956522,31,73,11,0,17,96,2,0,7,4,102
2011-08-10 11:37:14,Attack,169,0,170,1529452,19355,7068767,62329,338.8765437411765,39,121,10,0,19,136,15,0,19,4,147
2011-08-10 11:37:15,Normal,105,0,105,1081807,16072,4241495,17229,496.0314391714286,36,60,9,0,18,85,2,0,16,1,88
2011-08-10 11:37:16,Normal,112,0,112,1158895,17191,4131034,15667,454.89975906250004,46,60,6,0,27,82,3,0,19,3,89
2011-08-10 11:37:17,Normal,174,0,174,1145838,21615,7470723,11873,276.5376027643678,44,121,9,0,34,140,0,0,28,2,144
2011-08-10 11:37:18,Attack,110,0,111,1386339,16521,4216623,23424,469.2156078378379,50,59,2,0,15,93,3,0,12,1,98
2011-08-10 11:37:19,Attack,109,0,112,1085480,9325,4193772,58858,530.0718298749999,40,60,12,0,13,97,2,0,18,0,94
2011-08-10 11:37:20,Normal,98,0,98,1074652,16084,3553991,11551,371.3137818367347,37,50,11,0,9,88,1,0,8,3,87
2011-08-10 11:37:21,Normal,96,3,99,971952,17607,3834221,53662,445.8298322121211,34,64,1,0,18,72,8,1,14,4,80
2011-08-10 11:37:22,Normal,103,3,106,884940,16692,4185181,49523,551.7876931981131,33,57,16,0,5,98,3,0,6,2,98
2011-08-10 11:37:23,Attack,117,0,119,1251616,5476,4340742,59944,588.5702958235295,45,66,8,0,16,99,2,2,22,4,91
2011-08-10 11:37:24,Normal,116,0,116,1059468,20382,4346658,29231,461.9391562327586,33,74,9,0,18,91,6,1,25,5,85
2011-08-10 11:37:25,Normal,91,0,91,1164788,2683,3287511,50136,592.7797690879122,38,45,8,0,15,71,5,0,11,1,79
2011-08-10 11:37:26,Normal,134,0,134,1120985,4029,5516022,62305,546.5611356343284,51,70,13,0,8,117,9,0,15,1,118
2011-08-10 11:37:27,Normal,111,0,111,763250,18064,4534898,55973,442.35245348648647,34,65,12,0,10,96,5,0,16,1,93
2011-08-10 11:37:28,Attack,86,0,89,731294,2388,3317338,50178,440.8167226179775,23,55,11,0,8,80,1,0,14,1,74
2011-08-10 11:37:29,Attack,103,3,111,746943,17377,4154884,65126,395.6350193693694,33,67,11,0,16,91,4,0,21,2,88
2011-08-10 11:37:30,Attack,79,0,81,834328,15842,2780593,34740,665.4746398888888,36,41,4,0,13,66,2,0,16,0,65
2011-08-10 11:37:31,Normal,114,0,114,901825,6315,4227225,32923,782.777059122807,46,64,4,0,13,99,1,1,20,0,93
2011-08-10 11:37:32,Attack,179,3,183,1392459,7593,6510409,10180,364.08095291256825,30,145,8,0,31,148,4,0,20,2,161
2011-08-10 11:37:33,Normal,128,0,128,978052,6048,4418135,1981,362.53276925781256,35,83,10,0,22,106,0,0,22,1,105
2011-08-10 11:37:34,Attack,95,0,97,768761,16296,3521547,12264,475.55583710309276,42,44,11,0,5,90,2,0,14,0,83
2011-08-10 11:37:35,Attack,103,0,105,939852,17360,3804651,1330,570.9394319333334,44,56,5,0,9,92,4,0,13,0,92
2011-08-10 11:37:36,Normal,95,0,95,814693,2956,3440177,49527,487.2517996736842,42,44,9,0,6,88,1,0,5,0,89
2011-08-10 11:37:37,Attack,88,0,92,1007549,15032,3126696,49071,685.09017875,39,47,6,0,8,79,5,0,10,0,82
2011-08-10 11:37:38,Normal,129,0,129,1315127,16403,4507422,53865,569.76218024031,44,73,12,0,13,114,2,0,11,2,116
2011-08-10 11:37:39,Attack,102,0,105,1130245,16381,4034537,23364,661.4796637619047,37,62,6,0,12,83,10,0,17,2,86
2011-08-10 11:37:40,Attack,152,6,160,1011436,9213,6098422,54003,359.9996688875,37,115,8,0,15,140,5,0,24,3,133
2011-08-10 11:37:41,Normal,96,4,100,828179,17994,4043016,25458,505.9591501,31,54,15,0,6,92,2,0,19,1,80
2011-08-10 11:37:42,Normal,132,3,135,989249,4942,5535273,48341,386.8985444962963,47,81,7,0,6,116,13,0,29,2,104
2011-08-10 11:37:43,Normal,105,0,105,876673,18019,4159949,37415,401.4833467619048,37,62,6,0,6,95,4,0,12,1,92
2011-08-10 11:37:44,Normal,92,0,92,820187,16789,3409534,12230,461.35676814130437,35,47,10,0,3,85,4,0,14,1,76
2011-08-10 11:37:45,Normal,116,0,116,995466,17154,4668239,14652,544.3564001293104,49,53,14,0,12,97,7,0,10,1,105
2011-08-10 11:37:46,Normal,103,0,103,706506,5161,4246352,64942,461.36400849514564,39,58,6,0,8,95,0,0,8,3,91
2011-08-10 11:37:47,Normal,80,0,80,516741,18225,3099526,18361,484.20679784999993,28,45,7,0,15,65,0,0,16,0,64
2011-08-10 11:37:48,Attack,146,0,149,971261,20464,5869011,37203,336.23729040939594,41,101,7,0,16,131,2,0,30,0,119
2011-08-10 11:37:49,Normal,156,0,156,1307640,6162,6277148,36558,496.30321739102567,51,100,5,0,27,128,1,0,25,4,127
2011-08-10 11:37:50,Attack,115,0,118,1303335,17210,4210024,34293,406.0009666271186,35,77,6,0,17,97,4,0,19,5,94
2011-08-10 11:37:51,Attack,100,3,105,1014183,17187,3703577,46475,488.4965676,47,49,9,0,9,91,5,0,11,2,91
2011-08-10 11:37:52,Normal,89,3,92,776071,16636,3392532,34585,438.38455343478256,36,52,4,0,7,84,1,0,7,1,84
2011-08-10 11:37:53,Attack,114,0,115,907491,11746,4263495,14134,485.6504575478261,43,64,8,0,15,98,2,0,15,1,99
2011-08-10 11:37:54,Normal,107,0,107,1081844,19307,3814446,15665,494.7363526635514,40,60,7,0,12,95,0,0,13,4,90
2011-08-10 11:37:55,Normal,95,0,95,1090976,16576,3180538,56947,577.2448814421052,39,49,7,0,15,79,1,0,10,3,82
2011-08-10 11:37:56,Attack,110,0,112,943527,16825,3859837,17175,427.8208430714286,50,53,9,0,11,99,2,0,14,2,96
2011-08-10 11:37:57,Attack,94,0,95,707272,4091,3756808,61697,508.03077946315796,33,49,12,0,14,74,6,0,22,0,72
2011-08-10 11:37:58,Attack,117,0,119,968923,18395,4801767,19186,384.3974195294118,45,66,8,0,11,106,2,0,13,2,104
2011-08-10 11:37:59,Normal,136,0,136,636785,6514,6441099,55760,310.6017643088235,27,103,6,0,19,110,7,0,26,0,110
2011-08-10 11:38:00,Attack,81,0,85,911816,2474,3150550,50823,572.6701029411763,37,42,6,0,6,74,5,0,12,1,72
2011-08-10 11:38:01,Attack,101,0,102,898732,16610,3913787,21090,335.18487354901947,39,52,11,0,6,94,2,0,10,2,90
2011-08-10 11:38:02,Normal,120,3,123,832775,6998,4716911,53786,383.03102400813015,35,82,6,0,16,105,2,0,25,2,96
2011-08-10 11:38:03,Attack,121,0,124,892038,19212,4809981,19060,373.2235401774194,39,77,8,0,10,111,3,0,15,1,108
2011-08-10 11:38:04,Normal,86,0,86,903388,41395,3261292,13363,741.1330684767443,35,48,3,0,5,80,1,0,7,0,79
2011-08-10 11:38:05,Normal,91,0,91,1040027,16080,3464938,32002,627.6025935494506,38,45,8,0,7,80,4,0,9,2,80
2011-08-10 11:38:06,Normal,98,0,98,1382085,9422,3921728,3673,272.6933289387755,30,62,6,0,19,75,4,0,16,2,80
2011-08-10 11:38:07,Normal,107,0,107,1171666,17560,4051723,34051,467.6605915887851,47,48,12,0,13,90,4,0,17,0,89
2011-08-10 11:38:08,Normal,123,0,123,986841,6170,4583565,53005,469.8531232601626,42,70,11,0,14,104,5,0,18,0,104
2011-08-10 11:38:09,Attack,177,0,178,1159481,21377,6570480,29785,380.04098539325844,47,121,10,0,18,138,22,0,47,1,130
2011-08-10 11:38:10,Normal,153,0,153,2484530,4465,6097114,56454,488.294514496732,40,104,9,0,50,96,7,0,24,2,127
2011-08-10 11:38:11,Attack,127,5,135,1684950,9878,4993586,46341,466.24036254814814,34,94,7,0,29,89,17,0,30,1,104
2011-08-10 11:38:12,Attack,110,4,115,1360364,17203,4010206,65388,439.4512243913043,49,56,10,0,11,95,9,0,12,0,102
2011-08-10 11:38:13,Normal,144,0,144,1663107,6588,5182316,16274,530.4537399027778,52,85,7,0,37,104,3,0,28,5,111
2011-08-10 11:38:14,Attack,130,0,135,1876040,6624,4338413,56292,403.0992580518518,44,84,7,0,26,102,7,0,18,1,116
2011-08-10 11:38:15,Normal,92,0,92,1262628,3132,3284048,64768,549.3292238043477,26,59,7,0,16,72,4,0,6,0,86
2011-08-10 11:38:16,Normal,77,0,77,1015382,14612,2844122,48347,406.4366605454546,33,35,9,0,6,70,1,0,7,2,67
2011-08-10 11:38:17,Normal,108,0,108,1002631,18205,3942049,3803,503.1056408796296,37,64,7,0,16,91,1,0,18,2,88
2011-08-10 11:38:18,Attack,114,0,116,1078913,17392,3898936,14322,483.15583474137935,51,56,9,0,16,97,3,0,20,0,96
2011-08-10 11:38:19,Attack,145,0,150,1018028,19568,6181971,6782,324.1985935533334,33,107,10,0,10,135,5,0,13,2,135
2011-08-10 11:38:20,Normal,101,0,101,825716,2999,4029467,61067,326.78839043564363,27,60,14,0,9,89,3,0,9,1,91
2011-08-10 11:38:21,Attack,109,3,115,1076323,18240,4079818,11814,447.8488930956521,37,66,12,0,9,102,3,1,16,1,97
2011-08-10 11:38:22,Normal,167,3,170,1159368,29295,6944150,13360,510.75318907647056,35,128,7,0,15,147,5,3,70,0,97
2011-08-10 11:38:23,Normal,117,0,117,850084,19457,4783246,62558,533.7794673076924,25,84,8,0,7,90,20,0,27,0,90
2011-08-10 11:38:24,Attack,99,0,101,1063205,15111,3651892,1333,536.0852492871287,36,58,7,0,10,85,5,1,9,0,91
2011-08-10 11:38:25,Attack,103,0,108,1108824,16395,4144333,42802,782.2884090185186,38,58,12,0,15,92,1,0,10,2,96
2011-08-10 11:38:26,Normal,107,0,107,834656,4935,4204193,60355,432.68815276635513,32,65,10,0,8,97,2,0,10,2,95
2011-08-10 11:38:27,Normal,108,0,108,984706,11064,4128876,3091,462.57530973148147,31,74,3,0,25,74,9,0,26,1,81
2011-08-10 11:38:28,Normal,162,0,162,1046367,8398,6710611,61035,366.7429521975309,46,107,9,0,12,150,0,0,61,2,99
2011-08-10 11:38:29,Normal,120,0,120,1625227,17956,4028991,30793,593.0232325250001,44,71,5,0,17,95,8,0,10,2,108
2011-08-10 11:38:30,Normal,104,0,104,1335152,15949,3909249,18145,682.5686201538463,47,48,9,0,14,87,3,0,12,0,92
2011-08-10 11:38:31,Normal,101,0,101,1046882,3478,3573704,52642,557.2135621980198,40,56,5,0,9,91,1,0,8,1,92
2011-08-10 11:38:32,Attack,90,3,97,1110817,57044,3001672,14905,717.4164781340206,33,55,9,0,13,79,5,0,12,2,83
2011-08-10 11:38:33,Attack,122,0,125,981786,18392,4973698,60355,400.3622012639999,43,74,8,0,11,111,3,0,34,2,89
2011-08-10 11:38:34,Normal,95,0,95,1032313,63272,3575399,15778,644.6239610947368,37,54,4,0,16,77,2,0,15,2,78
2011-08-10 11:38:35,Attack,113,0,114,1442233,2512,3802721,50044,608.8157885701754,42,61,11,0,13,96,5,0,9,2,103
2011-08-10 11:38:36,Normal,136,0,136,1643070,18606,5017945,30927,422.6758436764706,44,88,4,0,20,114,2,0,31,6,98
2011-08-10 11:38:37,Normal,96,0,96,931775,16632,3518678,29682,518.3676845624999,41,49,6,0,14,82,0,0,17,1,77
2011-08-10 11:38:38,Normal,126,0,126,1069078,17696,5016662,40273,435.42536468253957,45,75,6,0,6,119,1,0,13,4,109
2011-08-10 11:38:39,Normal,119,0,119,1491320,2062,3784855,56107,544.7447974033614,39,67,13,0,23,92,4,0,13,6,99
2011-08-10 11:38:40,Attack,112,0,114,906108,7085,4512861,48948,248.8280948245614,36,67,11,0,5,102,7,0,17,3,94
2011-08-10 11:38:41,Attack,91,2,94,801759,3522,3582839,61449,489.6439651595745,36,52,6,0,7,82,5,0,8,2,84
2011-08-10 11:38:42,Attack,81,3,85,834856,16493,3141996,21983,490.8633438941177,34,47,4,0,6,78,1,0,8,0,77
2011-08-10 11:38:43,Normal,208,0,208,1413647,8731,8240674,39489,377.7413206923077,43,159,6,0,23,175,10,0,43,2,163
2011-08-10 11:38:44,Normal,115,0,115,1195839,3648,3994610,39556,551.7420090869565,43,62,10,0,23,91,1,0,18,1,96
2011-08-10 11:38:45,Attack,106,0,108,993605,17424,3901552,60312,633.913644351852,32,71,5,0,13,91,4,0,10,2,96
2011-08-10 11:38:46,Attack,109,0,113,649122,19226,4377145,9418,492.41233223893806,37,74,2,0,8,103,2,0,32,2,79
2011-08-10 11:38:47,Normal,81,0,81,951608,16552,2935250,21257,424.000699962963,33,40,8,0,6,74,1,0,6,3,72
2011-08-10 11:38:48,Normal,141,0,141,1144300,52105,5448629,15676,387.5613868652482,45,85,11,0,22,115,4,0,25,3,113
2011-08-10 11:38:49,Normal,91,0,91,886887,19085,3138175,27816,639.195550120879,32,52,7,0,9,81,1,0,11,2,78
2011-08-10 11:38:50,Normal,104,0,104,818813,17365,3323343,36584,518.644325298077,44,53,7,0,4,99,1,0,17,0,87
2011-08-10 11:38:51,Normal,87,3,90,883633,15662,2994771,39700,510.4771573777777,33,51,6,0,12,77,1,0,2,2,86
2011-08-10 11:38:52,Normal,86,3,89,1049933,32611,3029605,14123,548.1352709775281,40,40,9,0,9,78,2,0,6,1,82
2011-08-10 11:38:53,Attack,90,0,92,929824,66653,3044056,22975,543.2362653369564,28,59,5,0,9,82,1,0,8,0,84
2011-08-10 11:38:54,Attack,111,0,116,1367962,1744,3427513,57812,666.2969942155173,47,60,9,0,13,98,5,0,17,2,96
2011-08-10 11:38:55,Normal,107,0,107,981842,17293,4046356,9193,354.3709552056074,33,65,9,0,10,89,8,0,17,2,88
2011-08-10 11:38:56,Attack,121,0,122,1070052,19571,4139734,5045,546.6723418606557,41,76,5,0,24,95,3,0,22,1,99
2011-08-10 11:38:57,Normal,98,0,98,1157777,3261,3225239,63750,501.3733773367348,44,47,7,0,12,84,2,0,12,3,83
2011-08-10 11:38:58,Normal,120,0,120,1240543,16777,4126078,36748,474.84692018333334,52,62,6,0,14,104,2,0,10,2,108
2011-08-10 11:38:59,Normal,216,0,216,869553,22893,10743294,56579,208.11717389351853,42,165,9,0,8,206,2,0,13,0,203
2011-08-10 11:39:00,Normal,86,0,86,1038480,2787,3350361,50469,774.2620513720929,44,38,4,0,8,76,2,0,7,1,78
2011-08-10 11:39:01,Attack,105,0,106,656329,48231,4157731,4796,532.337628745283,36,65,5,0,5,99,2,0,6,1,98
2011-08-10 11:39:02,Normal,93,3,96,1136054,17692,3117503,16026,647.8681479583333,34,54,8,0,13,79,4,0,10,3,83
2011-08-10 11:39:03,Attack,117,0,118,1448894,17075,4252247,54389,712.1719122457627,43,69,6,0,15,98,5,0,10,2,106
2011-08-10 11:39:04,Normal,83,0,83,1305748,60775,2335308,59137,669.2713366024095,33,42,8,0,12,67,4,0,4,5,74
2011-08-10 11:39:05,Attack,103,0,105,1049093,15744,3558478,30861,566.927808942857,42,57,6,0,9,94,2,0,8,3,94
2011-08-10 11:39:06,Attack,115,0,116,1207515,18012,3657619,31351,520.5897713448276,41,60,15,0,6,99,11,0,9,3,104
2011-08-10 11:39:07,Attack,103,0,104,1483039,2610,3435525,49669,418.57943361538463,34,62,8,0,19,81,4,0,7,3,94
2011-08-10 11:39:08,Normal,146,0,146,1177817,20471,6070022,55458,541.4226785136985,45,94,7,0,12,131,3,0,13,2,131
2011-08-10 11:39:09,Normal,101,0,101,1183173,16323,3766879,36825,375.90470482178216,41,52,8,0,9,91,1,0,6,1,94
2011-08-10 11:39:10,Normal,144,0,144,1207578,21413,5119165,10632,406.31660562499997,39,97,8,0,22,108,14,0,28,1,115
2011-08-10 11:39:11,Normal,82,0,82,694665,3603,2898550,3199,588.3097015487805,32,44,6,0,12,69,1,0,10,0,72
2011-08-10 11:39:12,Normal,86,3,89,934264,15503,2980787,56165,760.1363520674158,31,48,10,0,7,80,2,0,5,0,84
2011-08-10 11:39:13,Normal,87,1,88,709633,17796,3454089,31849,351.27664736363636,30,48,10,0,4,82,2,0,8,2,78
2011-08-10 11:39:14,Normal,99,0,99,1253604,16736,3272260,13332,539.2333983737374,49,42,8,0,10,84,5,0,14,3,82
2011-08-10 11:39:15,Attack,95,0,101,614701,4012,3609072,58640,384.24726798019805,38,58,5,0,5,89,7,0,21,0,80
2011-08-10 11:39:16,Normal,135,0,135,788074,21923,5723609,17401,203.49216897037041,27,103,5,0,22,110,3,0,25,2,108
2011-08-10 11:39:17,Attack,79,0,80,591793,17734,3101690,29759,485.62795803750004,29,43,8,0,11,67,2,0,18,2,59
2011-08-10 11:39:18,Normal,120,0,120,955230,18613,4792229,22601,438.51310742500004,35,77,8,0,7,110,3,0,44,2,74
2011-08-10 11:39:19,Attack,87,0,89,849851,17068,3146607,60716,316.7908906966292,34,45,10,0,5,81,3,0,9,2,78
2011-08-10 11:39:20,Normal,91,0,91,871687,2436,3132752,62732,397.6792343186814,34,47,10,0,6,83,2,0,13,1,77
2011-08-10 11:39:21,Normal,114,3,117,1138397,17919,4295871,57859,515.4398437435897,38,69,10,0,12,101,2,2,9,3,103
2011-08-10 11:39:22,Normal,96,3,99,922535,17471,3663216,39507,613.5713382424242,45,52,2,0,7,88,4,0,13,1,85
2011-08-10 11:39:23,Normal,130,0,130,981724,18224,4542301,1101,480.8194121923077,49,69,12,0,19,102,6,3,27,0,100
2011-08-10 11:39:24,Attack,142,0,145,1283065,17808,5508611,58510,448.7249330896552,57,76,12,0,10,130,5,0,22,2,121
2011-08-10 11:39:25,Normal,81,0,81,927169,16490,2833786,55085,589.6163079135802,38,38,5,0,4,75,2,0,9,3,69
2011-08-10 11:39:26,Attack,107,0,110,761389,25215,3886483,46846,455.1273946636362,29,69,12,0,9,100,1,0,7,1,102
2011-08-10 11:39:27,Normal,72,0,72,780218,14451,2604097,19222,730.3699145694444,40,25,7,0,5,66,1,0,7,1,64
2011-08-10 11:39:28,Attack,97,0,98,885382,9631,3172988,3978,631.9041050510205,37,52,9,0,7,89,2,0,11,2,85
2011-08-10 11:39:29,Normal,86,0,86,903509,16304,3036692,43135,411.6793864069767,29,47,10,0,10,67,9,0,13,1,72
2011-08-10 11:39:30,Normal,99,0,99,1195456,15876,3574444,47358,551.7350893838384,35,55,9,0,11,86,2,0,7,0,92
2011-08-10 11:39:31,Normal,118,0,118,1267961,16545,4274625,64796,475.91505708474574,36,67,15,0,12,101,5,0,5,1,112
2011-08-10 11:39:32,Normal,86,3,89,877374,15822,2880098,26719,541.4832234382022,31,53,5,0,15,72,2,0,6,1,82
2011-08-10 11:39:33,Normal,109,0,109,1588615,16574,3756546,57119,748.6972623302751,41,63,5,0,14,93,2,0,12,7,90
2011-08-10 11:39:34,Normal,109,3,112,1564311,18480,3888910,37454,660.5455344821429,43,62,7,0,22,89,1,0,14,1,97
2011-08-10 11:39:35,Normal,101,0,101,1026288,17951,3328836,61186,773.6974245148514,52,42,7,0,6,91,4,0,16,1,84
2011-08-10 11:39:36,Attack,108,0,112,847452,17647,3926672,30767,466.25041756250005,24,78,10,0,12,98,2,0,46,1,65
2011-08-10 11:39:37,Attack,160,0,162,1264720,7339,6310177,4226,551.0364149999999,51,109,2,0,31,121,10,0,38,2,121
2011-08-10 11:39:38,Normal,100,0,100,1210922,17091,3020854,38369,599.45857427,42,51,7,0,13,83,4,0,13,3,84
2011-08-10 11:39:39,Normal,144,0,144,1231197,17225,5897718,12037,529.5457343402778,56,81,7,0,9,133,2,0,10,2,132
2011-08-10 11:39:40,Attack,81,0,83,1126382,3744,2553676,33552,657.4095028313253,37,40,6,0,9,70,4,0,13,3,67
2011-08-10 11:39:41,Normal,95,0,95,1076682,16805,3281420,26325,444.99289365263144,39,49,7,0,6,88,1,0,5,2,88
2011-08-10 11:39:42,Normal,102,3,105,758922,17176,3956815,65295,415.8511768190477,44,54,7,0,3,99,3,0,15,0,90
2011-08-10 11:39:43,Normal,116,0,116,1119250,17800,4405305,58282,386.7664363448276,38,68,10,0,7,108,1,0,43,3,68
2011-08-10 11:39:44,Normal,81,0,81,837004,14954,2773384,17456,706.570673617284,34,40,7,0,7,74,0,0,5,1,74
2011-08-10 11:39:45,Normal,90,0,90,933479,15399,3004007,36818,680.5348142555554,37,42,11,0,7,83,0,0,9,2,79
2011-08-10 11:39:46,Attack,102,0,103,791628,4926,4033055,47537,382.6468019805825,34,56,13,0,11,90,2,0,26,0,77
2011-08-10 11:39:47,Attack,118,6,128,1045065,17401,4602618,61826,568.4441836406249,30,87,11,0,18,105,5,0,15,1,112
2011-08-10 11:39:48,Attack,93,0,94,895473,3521,2941467,59720,431.37164049999996,29,55,10,0,16,76,2,0,15,1,78
2011-08-10 11:39:49,Attack,115,0,116,966011,4610,4271386,51931,361.00790895689653,40,67,9,0,7,101,8,0,16,2,98
2011-08-10 11:39:50,Normal,94,0,94,1250630,3950,3263970,51223,755.3812920319149,47,38,9,0,11,77,6,0,15,2,76
2011-08-10 11:39:51,Normal,102,0,102,923412,19062,4053379,64250,422.53755828431383,33,60,9,0,4,92,6,0,11,4,87
2011-08-10 11:39:52,Normal,114,6,120,941925,17336,4877220,55945,501.597810175,42,71,7,0,12,103,5,0,13,1,106
2011-08-10 11:39:53,Normal,110,0,110,919942,18328,4230201,37409,535.357050590909,43,46,21,0,3,105,2,0,9,1,100
2011-08-10 11:39:54,Normal,80,0,80,655838,15998,3506525,60972,597.4181367499999,36,38,6,0,2,78,0,0,4,1,75
2011-08-10 11:39:55,Normal,81,0,81,880965,2531,3087959,50920,390.30959571604944,36,41,4,0,10,66,5,0,8,2,71
2011-08-10 11:39:56,Normal,189,0,189,961077,20926,7835577,50943,264.36575723280424,39,145,5,0,17,161,11,0,27,2,158
2011-08-10 11:39:57,Attack,110,0,115,878116,18925,4181256,42713,542.3448234695652,47,62,6,0,4,108,3,0,15,1,99
2011-08-10 11:39:58,Attack,70,0,73,876247,14653,2627822,23051,514.2463436027397,40,27,6,0,5,67,1,0,3,0,70
2011-08-10 11:39:59,Normal,113,0,113,1048899,16438,4583529,35461,413.8585807345133,37,66,10,0,15,96,2,0,16,0,97
2011-08-10 11:40:00,Normal,133,0,133,1071079,19225,5015703,14711,524.8584645639099,37,88,8,0,28,103,2,0,26,1,105
2011-08-10 11:40:01,Normal,129,0,129,875372,7421,4816942,49894,565.6336297519379,35,89,5,0,24,102,3,0,22,1,106
2011-08-10 11:40:02,Normal,119,5,124,1396209,32934,4469409,6857,474.39684423387104,32,80,12,0,21,101,2,0,17,1,106
2011-08-10 11:40:03,Normal,75,0,75,722628,15928,2568044,61529,615.5901326133334,32,35,8,0,6,68,1,0,4,1,68
2011-08-10 11:40:04,Normal,73,0,73,634537,14470,2740496,47495,505.3213405068493,32,33,8,0,1,72,0,0,6,1,66
2011-08-10 11:40:05,Normal,113,0,113,1507174,15799,4014108,31148,644.0335389292036,44,60,9,0,8,103,2,0,6,2,105
2011-08-10 11:40:06,Attack,80,0,81,678591,17381,2754572,54935,299.25648327160496,33,44,4,0,3,76,2,0,10,2,69
2011-08-10 11:40:07,Attack,105,0,107,1174908,11784,3455043,4426,628.4424283925232,45,52,10,0,9,95,3,0,11,3,92
2011-08-10 11:40:08,Attack,74,0,80,913190,16185,2436287,10911,565.2206206,32,44,4,0,12,65,3,0,13,0,66
2011-08-10 11:40:09,Attack,98,0,101,872620,17312,3648400,59383,552.9708307425743,38,52,11,0,12,86,3,0,16,1,84
2011-08-10 11:40:10,Attack,89,0,90,876642,15719,3187679,12879,751.7989498777775,40,43,7,0,13,72,5,0,17,2,70
2011-08-10 11:40:11,Normal,111,0,111,738844,5923,4095397,4761,331.1979663153153,35,66,10,0,11,95,5,0,17,4,90
2011-08-10 11:40:12,Normal,151,3,154,2160623,4432,4618683,69416,1195.431153155844,36,113,5,0,34,111,9,0,9,9,135
2011-08-10 11:40:13,Normal,109,0,109,781193,19639,4059570,35736,457.65083206422025,30,68,11,0,7,93,9,0,13,1,94
2011-08-10 11:40:14,Normal,112,0,112,872101,17528,4246806,20070,391.869920125,29,75,8,0,10,100,2,0,8,0,103
2011-08-10 11:40:15,Normal,64,0,64,867047,14601,2034880,15947,801.63434534375,35,24,5,0,2,62,0,0,4,5,54
2011-08-10 11:40:16,Normal,90,0,90,662044,16772,3615621,61757,361.5177325666667,36,52,2,0,3,86,1,0,9,1,80
2011-08-10 11:40:17,Normal,101,0,101,1173018,16814,3651419,60834,374.36321355445557,41,48,12,0,3,95,3,0,9,4,88
2011-08-10 11:40:18,Attack,101,0,107,761789,18021,3967641,55504,346.3825646448598,34,66,7,0,5,96,6,0,13,3,91
2011-08-10 11:40:19,Attack,59,0,64,650659,15653,2294958,33519,660.199064,29,32,3,0,8,54,2,0,9,4,51
2011-08-10 11:40:20,Attack,105,0,107,1214945,15636,3724300,48885,624.0419811682243,45,51,11,0,11,96,0,0,9,2,96
2011-08-10 11:40:21,Normal,84,0,84,975901,1874,2521288,42894,508.04482590476186,39,41,4,0,11,70,2,1,5,2,76
2011-08-10 11:40:22,Normal,139,6,145,1039855,6364,5694033,39836,345.3697538275862,38,92,15,0,16,122,5,2,22,2,117
2011-08-10 11:40:23,Normal,147,0,147,828363,20127,5810524,64026,293.9823048707482,38,97,12,0,19,123,3,2,23,1,121
2011-08-10 11:40:24,Normal,93,0,93,1134472,16548,3422442,18962,304.510180139785,29,57,7,0,15,75,3,0,7,1,85
2011-08-10 11:40:25,Normal,65,0,65,697738,1169,2102192,54862,677.5852799692309,29,30,6,0,8,56,1,0,10,2,53
2011-08-10 11:40:26,Normal,112,0,112,904160,7299,4292414,34980,376.6970058660714,45,61,6,0,4,106,2,0,13,2,97
2011-08-10 11:40:27,Normal,95,0,95,1130888,17303,3384397,21201,580.7016299578949,38,46,11,0,9,83,3,0,10,3,81
2011-08-10 11:40:28,Attack,122,0,126,875358,4785,4905190,35452,265.6735284126984,39,81,6,0,10,111,5,0,16,4,106
2011-08-10 11:40:29,Attack,83,0,96,1007389,17365,2898225,8839,593.68588978125,40,54,2,0,20,68,8,0,28,2,66
2011-08-10 11:40:30,Attack,131,0,132,1371130,17107,4781148,3620,425.2384243939394,39,86,7,0,11,119,2,0,18,5,107
2011-08-10 11:40:31,Normal,137,0,137,1246654,4919,4990547,47811,423.12012247445256,32,95,10,0,18,115,4,0,14,3,120
2011-08-10 11:40:32,Attack,98,3,102,1225524,16397,3736583,27063,656.365051754902,40,55,7,0,7,87,8,0,17,3,82
2011-08-10 11:40:33,Normal,125,0,125,1153618,17583,4742377,51484,540.908610104,42,75,8,0,9,111,5,0,8,4,113
2011-08-10 11:40:34,Normal,94,0,94,1136445,16343,3163963,31908,818.9939426170212,47,37,10,0,11,83,0,0,18,1,75
2011-08-10 11:40:35,Normal,146,0,146,799904,19833,5831255,60243,301.482366979452,39,98,9,0,12,133,1,0,44,0,101
2011-08-10 11:40:36,Normal,72,0,72,743428,2422,2617959,51322,287.1228893055556,34,31,7,0,7,65,0,0,10,2,60
2011-08-10 11:40:37,Normal,86,0,86,762660,17293,3022618,62740,558.0386895232558,42,34,10,0,9,77,0,0,12,3,71
2011-08-10 11:40:38,Attack,117,0,118,1134494,17066,3907549,52454,509.13461020338974,34,81,3,0,16,100,2,0,10,2,106
2011-08-10 11:40:39,Attack,127,0,134,863473,12622,4972411,3493,377.31890702985083,38,88,8,0,14,114,6,0,49,2,83
2011-08-10 11:40:40,Normal,103,0,103,1245566,17614,3593846,46558,696.836057184466,48,48,7,0,20,80,3,0,17,3,82
2011-08-10 11:40:41,Normal,108,0,108,996544,4109,4195324,55816,531.3904040462962,39,64,5,0,17,87,4,0,14,2,92
2011-08-10 11:40:42,Normal,125,3,128,1077400,18502,4760366,45121,500.294391,43,75,10,0,25,94,9,0,26,1,101
2011-08-10 11:40:43,Normal,113,0,113,870788,18365,4362840,65517,377.4809857699115,39,68,6,0,12,99,2,0,15,2,96
2011-08-10 11:40:44,Normal,112,0,112,1091022,18050,4340535,20013,519.5894103928571,49,57,6,0,15,90,7,0,13,1,98
2011-08-10 11:40:45,Normal,111,0,111,870030,3584,4513936,50667,480.19816208108097,41,57,13,0,5,98,7,1,4,1,106
2011-08-10 11:40:46,Normal,119,0,119,889250,41403,4540554,2118,343.1138578151261,41,68,10,0,13,104,2,0,23,1,95
2011-08-10 11:40:47,Normal,73,0,73,852876,2071,2309108,65576,531.6341510410958,37,27,9,0,6,65,2,0,8,3,61
2011-08-10 11:40:48,Normal,138,0,138,992118,23627,5971488,55086,553.8102452173912,39,93,6,0,32,103,3,0,28,0,109
2011-08-10 11:40:49,Normal,113,0,113,999840,4330,4659043,53424,488.7065380619469,42,66,5,0,16,96,1,0,19,0,94
2011-08-10 11:40:50,Attack,70,0,75,774814,8429,2404359,3368,524.7776043866666,39,29,7,0,2,67,6,0,10,1,64
2011-08-10 11:40:51,Attack,110,0,111,1288778,3320,3873138,37566,555.0657904144144,48,52,11,0,12,96,3,0,11,3,96
2011-08-10 11:40:52,Normal,87,3,90,839563,16631,3153306,49611,567.0546613777777,27,53,10,0,8,80,2,0,10,4,76
2011-08-10 11:40:53,Attack,107,3,113,1283787,18971,3756318,34752,478.11926237168143,38,67,8,0,13,93,5,2,15,3,95
2011-08-10 11:40:54,Attack,87,0,88,661366,4672,3134588,32611,482.2012979545454,41,42,5,0,6,82,0,0,12,1,75
2011-08-10 11:40:55,Normal,110,0,110,666723,18774,4724940,63525,310.16782752727283,25,73,12,0,5,101,4,0,43,1,65
2011-08-10 11:40:56,Normal,94,0,94,937960,17283,3430764,40625,595.6762019361702,34,54,6,0,8,85,1,0,6,3,85
2011-08-10 11:40:57,Normal,81,0,81,783455,17215,2959496,46558,504.24135714814804,46,30,5,0,6,74,1,0,13,2,66
2011-08-10 11:40:58,Normal,213,0,213,879102,9368,10559956,33794,219.888006028169,43,166,4,0,2,211,0,0,5,1,207
2011-08-10 11:40:59,Normal,102,0,102,921132,16800,3865769,12045,469.79127401960795,36,59,7,0,13,86,3,0,20,2,80
2011-08-10 11:41:00,Attack,96,0,100,1010267,2245,3333455,46801,457.44460996000004,41,49,10,0,9,88,3,0,13,3,84
2011-08-10 11:41:01,Attack,102,0,106,644650,18195,4037712,36096,409.649624764151,26,67,13,0,6,94,6,0,16,0,90
2011-08-10 11:41:02,Normal,97,3,100,1054503,25243,3347450,59526,592.56235831,43,49,8,0,16,81,3,0,16,2,82
2011-08-10 11:41:03,Normal,97,0,97,990883,17340,3274562,54800,529.1588902061856,45,43,9,0,8,85,4,0,12,4,81
2011-08-10 11:41:04,Attack,92,0,97,786980,3929,3568020,65905,572.3399276701032,41,52,4,0,7,86,4,0,16,1,80
2011-08-10 11:41:05,Normal,105,0,105,1110831,17456,3897596,52972,366.1990768761904,52,43,10,0,8,97,0,0,11,6,88
2011-08-10 11:41:06,Normal,90,0,90,979452,16314,3358271,50365,583.8238431555556,41,42,7,0,2,87,1,0,8,2,80
2011-08-10 11:41:07,Normal,95,0,95,1001607,16203,3491286,63092,557.8049094105263,40,45,10,0,3,90,2,0,7,2,86
2011-08-10 11:41:08,Normal,121,0,121,949434,19677,4720758,51686,293.0323819504132,46,68,7,0,9,109,3,0,20,4,97
2011-08-10 11:41:09,Attack,141,0,142,969349,19793,5727021,31509,194.83848157746476,30,103,9,0,24,115,3,0,24,4,113
2011-08-10 11:41:10,Attack,87,0,89,1146784,16327,3323337,37578,515.784247494382,32,49,8,0,18,67,4,0,16,5,68
2011-08-10 11:41:11,Attack,104,0,111,1095766,4570,3604246,59230,457.008149936937,38,62,11,0,14,93,4,0,15,3,92
2011-08-10 11:41:12,Attack,92,3,98,954078,16141,3251358,38026,571.9457454999999,39,55,4,0,5,89,3,1,8,3,87
2011-08-10 11:41:13,Attack,90,0,97,907592,15814,3070522,14762,548.9786380206185,43,44,10,0,10,84,1,2,9,5,83
2011-08-10 11:41:14,Attack,113,0,121,1043330,17246,4054512,13830,380.16680346280987,51,66,4,0,9,109,3,0,13,3,105
2011-08-10 11:41:15,Attack,96,0,100,932261,15996,3470015,57806,536.9094326800001,47,50,3,0,11,81,8,0,26,2,72
2011-08-10 11:41:16,Normal,137,0,137,826353,5289,6023606,61380,201.7950698832117,41,90,6,0,9,127,1,0,9,3,125
2011-08-10 11:41:17,Normal,105,0,105,1163669,2915,3891462,66298,501.79319340952384,41,57,7,0,11,89,5,0,17,4,84
2011-08-10 11:41:18,Normal,112,0,112,1140555,3808,3893803,51819,591.5940969464287,38,63,11,0,19,90,3,0,17,4,91
2011-08-10 11:41:19,Normal,104,0,104,787915,16795,3982643,48430,318.1016797596154,37,60,7,0,4,95,5,0,10,1,93
2011-08-10 11:41:20,Normal,79,0,79,1023406,16427,2812674,61743,562.4709238987341,47,26,6,0,7,71,1,0,6,5,68
2011-08-10 11:41:21,Attack,73,0,75,878126,15283,2421270,21117,699.15769232,36,35,4,0,6,66,2,1,7,2,65
2011-08-10 11:41:22,Attack,98,5,109,875154,19064,3763662,3629,497.4840151284403,45,59,5,0,11,96,2,0,19,3,87
2011-08-10 11:41:23,Attack,111,3,120,1508160,35088,3523444,64157,408.1682097666666,39,68,13,0,19,93,8,0,19,4,97
2011-08-10 11:41:24,Normal,96,0,96,965555,15529,3248654,62772,568.3813119895833,45,42,9,0,7,85,2,2,8,2,84
2011-08-10 11:41:25,Attack,87,0,89,791618,16265,2800692,44848,577.3133342921348,33,47,9,0,11,74,4,0,11,1,77
2011-08-10 11:41:26,Normal,95,8,103,789426,16436,4370246,48603,522.9766902233009,47,52,4,0,2,96,4,1,10,0,92
2011-08-10 11:41:27,Normal,95,8,103,937080,17381,4010474,36090,550.8822304368932,50,47,6,0,12,83,8,0,29,0,74
2011-08-10 11:41:28,Normal,115,3,118,1580348,17204,4235828,13683,659.7674016101695,50,61,7,0,13,102,3,0,8,2,108
2011-08-10 11:41:29,Normal,89,0,89,957177,15322,3132153,26772,504.978867011236,33,40,16,0,6,81,2,0,8,0,81
2011-08-10 11:41:30,Normal,100,0,100,819585,4672,3572502,51009,454.4055939799999,33,64,3,0,7,89,3,1,11,0,88
2011-08-10 11:41:31,Normal,69,0,69,698009,44964,2322713,2951,458.4029275362318,32,31,6,0,5,61,3,0,9,1,59
2011-08-10 11:41:32,Attack,122,3,127,1544018,16557,4039970,38487,716.9062052204724,55,61,11,0,14,108,5,0,13,1,112
2011-08-10 11:41:33,Attack,93,0,94,827927,16450,3591513,55662,403.7842711276596,35,47,12,0,7,85,2,0,12,0,81
2011-08-10 11:41:34,Attack,101,0,102,884496,17417,3658121,60139,539.628397127451,41,49,12,0,7,92,3,0,14,0,87
2011-08-10 11:41:35,Attack,104,0,106,1250459,15579,3283760,60086,642.6790159433963,44,52,10,0,15,89,2,0,5,4,97
2011-08-10 11:41:36,Attack,60,0,61,707649,15205,1888425,58491,533.5884806557376,30,23,8,0,2,52,5,2,8,3,50
2011-08-10 11:41:37,Normal,112,0,112,1000279,17840,4209579,60113,300.9805461160714,41,67,4,0,7,102,3,0,10,2,100
2011-08-10 11:41:38,Attack,95,0,97,1407212,2144,2836098,5274,644.2893136082474,40,50,7,0,9,80,8,0,17,5,75
2011-08-10 11:41:39,Normal,104,0,104,1200057,3893,3634338,38663,648.7020314519231,37,61,6,0,11,89,4,0,9,4,91
2011-08-10 11:41:40,Normal,168,0,168,961090,9305,6771211,55467,392.8002548571428,42,119,7,0,19,117,32,0,53,2,113
2011-08-10 11:41:41,Normal,100,0,100,1237130,1837,3277666,45404,506.54220962,43,48,9,0,16,79,5,0,15,4,81
2011-08-10 11:41:42,Attack,101,3,106,784651,17843,4154506,25529,466.55971205660376,40,55,11,0,11,94,1,0,16,1,89
2011-08-10 11:41:43,Attack,107,0,113,854197,17319,3556966,4738,392.27350165486723,38,68,7,0,20,89,4,0,26,2,85
2011-08-10 11:41:44,Attack,130,0,136,927084,19275,5059739,61845,458.7508247352941,32,93,11,0,14,117,5,0,19,3,113
2011-08-10 11:41:45,Normal,93,0,93,1143689,16297,3157227,15812,469.4559511290322,29,56,8,0,9,75,9,0,14,2,76
2011-08-10 11:41:46,Attack,129,0,130,1272472,18009,4773145,15909,513.0064055384614,35,85,10,0,17,107,6,0,13,2,115
2011-08-10 11:41:47,Normal,93,0,93,1154948,16243,3355184,30934,414.4388477311829,33,50,10,0,9,79,5,0,14,5,74
2011-08-10 11:41:48,Normal,99,0,99,1053371,16861,3215588,9074,607.1642682626263,42,49,8,0,11,87,1,0,11,4,84
2011-08-10 11:41:49,Normal,126,0,126,1030746,18179,4774773,27970,370.63431198412684,36,78,12,0,21,100,5,0,24,3,99
2011-08-10 11:41:50,Normal,98,0,98,830061,16985,3432049,1588,403.2919289489796,32,59,7,0,14,81,3,0,12,0,86
2011-08-10 11:41:51,Normal,131,0,131,777260,20087,5409903,51255,224.76211107633588,34,92,5,0,21,106,4,0,33,2,96
2011-08-10 11:41:52,Normal,125,3,128,1299667,4278,4605022,47321,671.6081373437498,52,62,14,0,17,106,5,0,17,2,109
2011-08-10 11:41:53,Normal,98,3,101,1437538,10769,3153051,13363,596.5133407029704,27,64,10,0,25,71,5,0,10,0,89
2011-08-10 11:41:54,Attack,100,0,102,762424,17388,3815477,31055,580.2915259019607,41,52,9,0,9,92,1,0,12,2,87
2011-08-10 11:41:55,Attack,85,0,88,804565,15680,3056286,57836,527.6574614204545,43,33,12,0,4,82,2,0,13,0,75
2011-08-10 11:41:56,Attack,89,0,91,995602,1695,3287495,59688,664.5909390989011,33,49,9,0,12,77,2,0,7,1,82
2011-08-10 11:41:57,Normal,105,0,105,1401871,16442,4056478,65096,771.4043962476192,43,52,10,0,9,94,1,1,7,1,97
2011-08-10 11:41:58,Normal,81,0,81,972281,18474,2848255,13363,899.5116598518516,37,36,8,0,11,69,1,0,8,0,73
2011-08-10 11:41:59,Attack,101,0,105,1081432,3567,2945631,2348,324.1639205142857,32,68,5,0,21,81,3,0,20,3,82
2011-08-10 11:42:00,Normal,96,0,96,1141198,15824,3088543,17999,468.3647923333333,31,53,12,0,13,81,2,0,7,4,85
2011-08-10 11:42:01,Normal,133,0,133,724285,6717,4844686,62101,291.93740995488724,36,92,5,0,8,113,12,0,21,3,109
2011-08-10 11:42:02,Normal,151,11,162,793121,24545,4980164,45896,284.68203072839503,43,113,6,0,4,148,10,0,58,1,103
2011-08-10 11:42:03,Normal,93,0,93,856350,2515,3169090,4735,544.3769123225807,35,48,10,0,9,83,1,0,8,2,83
2011-08-10 11:42:04,Attack,97,0,100,875202,17552,3842777,35080,394.63895164999997,40,53,7,0,12,79,9,0,17,1,81
2011-08-10 11:42:05,Attack,119,0,120,908549,17145,4817865,25113,332.168199875,40,73,7,0,5,114,1,0,7,3,110
2011-08-10 11:42:06,Normal,78,0,78,791400,2530,3035898,50901,561.6713308717948,34,39,5,0,6,70,2,0,4,0,74
2011-08-10 11:42:07,Attack,88,0,91,1136494,15941,3200461,25460,669.3594323406593,46,40,5,0,6,83,2,0,14,4,73
2011-08-10 11:42:08,Normal,98,0,98,1207302,16053,3577026,60960,712.5558437857145,37,51,10,0,14,84,0,0,6,1,89
2011-08-10 11:42:09,Normal,82,0,82,1076789,15258,2711241,58981,584.5781310487805,39,35,8,0,9,69,4,0,7,2,73
2011-08-10 11:42:10,Normal,96,0,96,815271,17472,3384456,9248,364.37939675,39,50,7,0,7,88,1,0,8,2,86
2011-08-10 11:42:11,Normal,113,0,113,1511740,16834,3705648,40311,561.1636228761062,40,57,16,0,20,92,1,0,6,4,103
2011-08-10 11:42:12,Normal,214,3,217,1565606,22214,8659675,9878,389.46087676958524,42,169,6,0,39,173,5,0,29,2,186
2011-08-10 11:42:13,Normal,107,0,107,1494472,15370,3267322,40561,767.9578992803738,46,57,4,0,19,87,1,0,4,5,98
2011-08-10 11:42:14,Normal,89,0,89,892134,18471,3377950,3036,675.2741169999999,39,46,4,0,6,77,6,0,10,0,79
2011-08-10 11:42:15,Attack,81,0,82,1027425,2132,3075813,15097,766.3976894756098,36,38,8,0,7,72,3,0,5,2,75
2011-08-10 11:42:16,Attack,82,0,86,760529,15912,2920692,42113,402.1932942209302,33,48,5,0,4,79,3,0,10,2,73
2011-08-10 11:42:17,Attack,75,0,77,827894,1005,2684250,3648,600.050859818182,36,34,7,0,6,68,3,0,6,2,69
2011-08-10 11:42:18,Normal,83,0,83,783139,15478,2997163,63689,458.16013202409636,35,36,12,0,3,79,1,0,3,2,78
2011-08-10 11:42:19,Normal,86,0,86,1012892,15220,2854924,22971,644.8018714069767,27,53,6,0,14,69,3,0,8,0,78
2011-08-10 11:42:20,Attack,100,0,101,1135262,2906,3636483,47586,740.2951781881188,32,62,7,0,15,84,2,0,15,2,84
2011-08-10 11:42:21,Attack,87,0,88,849878,2530,2967842,40822,518.7228143068182,31,50,7,0,6,78,2,2,7,2,77
2011-08-10 11:42:22,Normal,87,3,90,946900,16267,3282862,42892,356.1982512111111,31,49,10,0,6,82,2,0,8,1,81
2011-08-10 11:42:23,Normal,135,3,138,2032492,17230,4185735,13367,767.5404640869565,42,90,6,0,37,94,6,1,18,6,113
2011-08-10 11:42:24,Normal,89,2,91,1381692,15285,2914512,2985,608.7181872637362,39,45,7,0,12,75,3,1,10,2,78
2011-08-10 11:42:25,Attack,121,0,126,895973,18383,4597758,60024,501.9876028730159,44,79,3,0,15,109,2,0,19,1,105
2011-08-10 11:42:26,Attack,112,0,113,1025098,4281,4477505,66409,461.2813233716813,39,70,4,0,27,78,8,0,26,2,84
2011-08-10 11:42:27,Normal,108,0,108,1186066,15521,3779945,15163,617.8305952037036,46,55,7,0,13,90,4,1,12,3,92
2011-08-10 11:42:28,Attack,114,0,115,1434489,7251,4194807,59993,670.0049515652174,36,72,7,0,24,84,7,0,16,0,99
2011-08-10 11:42:29,Normal,82,0,82,809124,2841,3007976,41913,474.0548048170732,37,38,7,0,7,75,0,0,6,2,74
2011-08-10 11:42:30,Normal,96,0,96,1189348,2226,3185029,57491,702.5061164583334,42,48,6,0,6,86,4,0,4,3,89
2011-08-10 11:42:31,Normal,99,0,99,1386677,15162,3003835,10673,861.752917919192,37,54,8,0,16,80,3,0,4,3,92
2011-08-10 11:42:32,Normal,100,3,103,1289175,2510,3265291,38086,557.3134972038835,51,45,7,0,9,90,4,0,11,6,86
2011-08-10 11:42:33,Normal,85,0,85,888538,42097,2855294,14132,403.7208327529412,25,54,6,0,12,70,3,0,10,3,71
2011-08-10 11:42:34,Normal,101,0,101,1126637,4032,3788093,44703,516.976123019802,38,56,7,0,11,90,0,0,9,5,87
2011-08-10 11:42:35,Normal,125,0,125,993643,5751,4789948,59093,532.6037409520002,29,86,10,0,14,107,4,0,13,0,112
2011-08-10 11:42:36,Attack,119,0,120,1127112,3407,4113813,45573,639.1011808333334,44,65,11,0,14,103,3,0,11,0,109
2011-08-10 11:42:37,Attack,96,0,97,1575273,2724,2866651,59002,512.1435771443299,32,58,7,0,29,63,5,0,7,2,88
2011-08-10 11:42:38,Attack,117,0,120,1287832,10100,4030814,43115,478.0947951833333,41,74,5,0,20,98,2,0,12,3,105
2011-08-10 11:42:39,Normal,115,0,115,1279002,4891,3631866,2572,569.2094390260869,44,59,12,0,15,88,12,0,21,4,90
2011-08-10 11:42:40,Normal,107,0,107,1030551,3662,3622409,42831,616.0269986635514,35,64,8,0,8,98,1,0,8,5,94
2011-08-10 11:42:41,Normal,83,0,83,1082818,15202,2856865,56896,807.3687545662651,40,38,5,0,11,71,1,0,3,1,78
2011-08-10 11:42:42,Attack,111,3,115,1492376,18133,3827434,54267,566.5829335217392,38,70,7,0,26,86,3,0,14,2,99
2011-08-10 11:42:43,Attack,93,0,94,1279553,15445,3056248,52899,829.1180386595743,29,59,6,0,17,75,2,0,4,1,89
2011-08-10 11:42:44,Normal,96,0,96,1153235,15630,2968514,21031,663.3754343958334,49,36,11,0,12,82,2,0,11,0,85
2011-08-10 11:42:45,Normal,106,0,106,853204,3335,4245584,50628,317.00233900000006,39,61,6,0,8,96,2,0,10,1,95
2011-08-10 11:42:46,Attack,85,0,87,920844,16911,3063551,53759,599.9489781494253,32,49,6,0,12,71,4,0,10,1,76
2011-08-10 11:42:47,Attack,94,0,95,742090,17308,3268129,6137,359.0024249473684,42,46,7,0,6,89,0,0,10,0,85
2011-08-10 11:42:48,Normal,143,0,143,1346967,5026,5858514,59223,260.07900785314683,42,92,9,0,20,117,6,0,16,1,125
2011-08-10 11:42:49,Attack,119,0,120,957726,18440,3966552,11074,378.6262310916667,41,71,8,0,14,105,1,0,12,5,103
2011-08-10 11:42:50,Normal,101,0,101,1025595,17646,3713800,42929,574.6884192574256,44,51,6,0,7,93,1,0,8,2,89
2011-08-10 11:42:51,Attack,68,0,69,939932,8146,2030832,57549,648.4909885942028,31,32,6,0,11,57,1,0,3,2,64
2011-08-10 11:42:52,Normal,96,3,99,929144,38375,3355404,29836,344.31775501010094,40,55,4,0,6,90,3,0,9,2,88
2011-08-10 11:42:53,Attack,82,3,87,806847,3441,3213905,37235,670.3221004827585,35,46,6,0,4,79,4,0,6,0,81
2011-08-10 11:42:54,Normal,84,0,84,607800,18093,3016072,19279,516.5376805238095,35,45,4,0,8,76,0,0,12,2,70
2011-08-10 11:42:55,Normal,118,0,118,1088253,4792,4662181,58655,653.3072558728812,48,57,13,0,8,108,2,0,12,1,105
2011-08-10 11:42:56,Normal,80,0,80,750202,3462,3158864,43694,502.73971452500007,39,36,5,0,3,75,2,0,12,1,67
2011-08-10 11:42:57,Normal,112,0,112,946231,18890,4274900,44538,359.08776319642857,37,67,8,0,17,89,6,0,24,0,88
2011-08-10 11:42:58,Attack,105,0,107,657325,16934,4851773,49872,407.37853273831774,34,65,8,0,2,103,2,0,9,0,98
2011-08-10 11:42:59,Attack,162,0,166,699548,14409,7506043,51101,135.0301187168675,21,135,10,0,11,151,4,0,12,2,152
2011-08-10 11:43:00,Normal,141,0,141,1405444,18918,5238738,26957,307.54268270921983,40,91,10,0,39,99,3,0,30,1,110
2011-08-10 11:43:01,Normal,104,0,104,1107425,4758,3557073,53119,590.0085145673077,41,55,8,0,12,89,3,0,12,0,92
2011-08-10 11:43:02,Normal,98,3,101,1377952,17711,2940330,49570,643.1483428415842,40,51,10,0,17,80,4,0,12,2,87
2011-08-10 11:43:03,Attack,101,0,104,876694,4494,4173680,34144,435.6296457788461,41,58,5,0,5,96,3,0,14,1,89
2011-08-10 11:43:04,Attack,106,0,107,1355541,16427,4201388,4695,564.7798905140188,40,62,5,0,27,79,1,0,9,1,96
2011-08-10 11:43:05,Normal,90,0,90,1117908,17012,3069404,8484,502.29457399999995,45,42,3,0,10,78,2,0,10,1,79
2011-08-10 11:43:06,Normal,169,0,169,1361043,21761,6396139,49250,420.1538564142012,46,116,7,0,61,106,2,0,59,2,107
2011-08-10 11:43:07,Attack,156,0,158,873202,7557,6406197,43971,353.9204852848101,39,111,8,0,41,110,7,0,51,2,105
2011-08-10 11:43:08,Attack,210,0,211,3537656,23883,9825529,56479,769.4625836492892,41,162,8,0,76,114,21,0,40,1,170
2011-08-10 11:43:09,Normal,164,0,164,2086520,13104,7125561,3839,714.5591371097562,35,120,9,0,45,107,12,0,26,5,132
2011-08-10 11:43:10,Attack,90,0,92,931291,15674,3085094,36515,699.2641083586957,38,50,4,0,16,70,6,0,19,2,71
2011-08-10 11:43:11,Normal,117,3,120,1300568,19684,4276030,53153,639.3071022166666,48,63,9,0,11,102,7,0,13,4,103
2011-08-10 11:43:12,Normal,109,6,115,749882,19930,4914442,48712,294.6774469652173,34,77,4,0,8,103,4,0,18,3,94
2011-08-10 11:43:13,Normal,91,0,91,878748,16708,3580063,14936,491.8173254945055,27,53,11,0,8,80,3,0,10,1,80
2011-08-10 11:43:14,Attack,98,0,99,962298,3293,3990302,59380,722.9933739999998,48,42,9,0,5,93,1,0,5,4,90
2011-08-10 11:43:15,Normal,82,0,82,822442,18162,3333651,29246,559.8522956951219,30,47,5,0,8,74,0,0,11,3,68
2011-08-10 11:43:16,Normal,91,0,91,938833,19342,3503483,13363,424.53818181318684,32,47,12,0,5,84,2,0,5,0,86
2011-08-10 11:43:17,Normal,92,1,93,897315,17248,3187157,3470,757.2132925053763,39,46,8,0,6,85,2,0,8,2,83
2011-08-10 11:43:18,Normal,98,0,98,878118,17237,3889650,47916,654.8798177040816,48,40,10,0,6,92,0,0,5,1,91
2011-08-10 11:43:19,Normal,120,0,120,1868878,16602,4268492,56317,519.2538696416667,45,59,16,0,14,102,4,0,13,2,104
2011-08-10 11:43:20,Attack,84,0,87,1025113,15477,2907086,30020,516.5964691494253,31,51,5,0,8,75,4,0,10,1,76
2011-08-10 11:43:21,Attack,86,0,87,1008997,62482,2975196,10881,593.1506110229885,33,48,6,0,4,79,3,1,4,1,80
2011-08-10 11:43:22,Normal,109,3,112,1354438,2138,3653380,43131,651.3798295803572,46,53,13,0,9,94,7,2,9,1,98
2011-08-10 11:43:23,Normal,100,0,100,1108437,5294,3726121,12293,582.41491871,32,61,7,0,11,82,6,1,14,2,83
2011-08-10 11:43:24,Attack,107,3,112,1166595,17087,3916040,51923,559.3862033035714,45,57,10,0,9,98,5,0,13,2,97
2011-08-10 11:43:25,Attack,103,0,107,1013299,18874,3527457,17919,534.9219549439251,40,59,8,0,13,91,2,1,16,1,89
2011-08-10 11:43:26,Normal,109,0,109,1058101,11497,3644523,58414,365.48357588990837,39,63,7,0,17,90,2,0,19,0,89
2011-08-10 11:43:27,Normal,117,0,117,1207004,2940,3658811,55358,352.9294501111111,48,62,7,0,11,97,9,0,23,4,90
2011-08-10 11:43:28,Attack,98,2,101,965968,17159,3571199,39000,542.8637188316832,37,58,6,0,10,87,4,0,15,1,85
2011-08-10 11:43:29,Attack,95,0,96,1107334,2818,2983632,267,619.4742665625,40,49,7,0,17,77,2,0,9,2,85
2011-08-10 11:43:30,Normal,124,0,124,1325178,51761,4275545,8190,417.06473764516124,29,84,11,0,19,102,3,0,10,1,113
2011-08-10 11:43:31,Attack,174,0,176,1398518,21214,7305319,23918,323.0209592443182,48,115,13,0,27,145,4,0,31,1,144
2011-08-10 11:43:32,Normal,98,3,101,1418639,16778,3595184,47322,762.2274783564357,42,46,13,0,8,87,6,0,6,3,92
2011-08-10 11:43:33,Normal,104,0,104,1323522,15583,3470811,27709,494.97889328846156,51,40,13,0,5,98,1,0,12,2,90
2011-08-10 11:43:34,Normal,104,0,104,920847,17553,3373219,2568,709.8955797596153,35,62,7,0,8,92,4,0,14,2,88
2011-08-10 11:43:35,Normal,101,0,101,1320908,35634,3378092,14136,548.0917694950496,47,49,5,0,12,84,5,0,11,3,87
2011-08-10 11:43:36,Normal,96,0,96,862190,9890,3657127,50134,445.5036256041667,34,54,8,0,10,85,1,0,7,2,87
2011-08-10 11:43:37,Normal,99,0,99,1082972,15534,3323677,34517,610.0394796464647,39,46,14,0,10,87,2,0,11,2,86
2011-08-10 11:43:38,Normal,74,0,74,956811,2091,2526742,43962,554.5814823783785,27,36,11,0,9,65,0,0,11,1,62
2011-08-10 11:43:39,Normal,117,0,117,1755537,9684,3533295,12278,326.47176281196573,38,71,8,0,20,96,1,0,4,7,106
2011-08-10 11:43:40,Normal,100,0,100,747647,18953,3831770,54237,362.76686581,29,63,8,0,19,77,4,0,26,0,74
2011-08-10 11:43:41,Attack,106,0,111,834661,54638,4163499,3,458.88288464864866,32,71,8,0,16,91,4,0,25,1,85
2011-08-10 11:43:42,Attack,119,3,123,1390908,18328,4665937,55069,306.2348081300813,36,74,13,0,21,99,3,0,19,4,98
2011-08-10 11:43:43,Attack,85,0,87,785596,17319,3051901,20204,564.9850271494253,38,41,8,0,12,73,0,2,10,0,77
2011-08-10 11:43:44,Normal,120,0,120,1236800,17829,4123342,58488,414.8674043,46,64,10,0,18,100,2,0,20,2,98
2011-08-10 11:43:45,Normal,98,0,98,1152863,4101,3683867,64880,445.816488755102,37,41,20,0,5,83,10,0,4,4,89
2011-08-10 11:43:46,Attack,107,0,109,1374452,19319,3535006,34643,459.6785425779816,42,54,13,0,19,89,1,0,11,2,96
2011-08-10 11:43:47,Attack,102,0,104,1299461,15930,3944977,27518,503.6827554903847,41,52,11,0,4,99,1,0,14,1,89
2011-08-10 11:43:48,Normal,111,0,111,1424862,39175,3804455,15410,192.93552039639638,36,65,10,0,19,90,2,0,12,2,97
2011-08-10 11:43:49,Attack,93,0,94,1467404,16357,2740279,33129,646.8663749468085,32,52,10,0,28,62,2,2,11,1,82
2011-08-10 11:43:50,Normal,118,0,118,1425061,17679,3668853,22496,556.5227145254238,47,64,7,0,24,93,1,0,10,2,106
2011-08-10 11:43:51,Normal,134,0,134,2271195,61424,4210773,932,767.2472188805971,42,82,10,0,31,94,9,0,9,2,123
2011-08-10 11:43:52,Attack,80,3,89,781208,15950,3325567,44757,490.8408223820225,27,56,6,0,3,79,7,0,12,1,76
2011-08-10 11:43:53,Normal,108,0,108,943714,17716,3794587,3454,642.5975738888889,51,50,7,0,16,87,5,0,28,0,80
2011-08-10 11:43:54,Normal,177,0,177,2943707,17625,5604207,3852,704.1640334180792,42,125,10,0,67,103,7,0,24,3,150
2011-08-10 11:43:55,Normal,138,3,141,992554,18865,6025371,40809,255.7366850496454,42,92,7,0,7,130,4,0,13,0,128
2011-08-10 11:43:56,Normal,85,0,85,920718,15290,2994596,61235,535.9652629999999,35,41,9,0,7,77,1,0,6,3,76
2011-08-10 11:43:57,Normal,116,0,116,1253467,3158,4263569,48094,623.2175983448276,54,53,9,0,10,105,1,0,8,1,106
2011-08-10 11:43:58,Normal,98,0,98,1127206,16265,3754461,66127,365.2376059693878,31,56,11,0,9,86,3,0,7,2,88
2011-08-10 11:43:59,Normal,90,0,90,1361668,18160,3119592,28716,522.5312261444444,40,43,7,0,15,71,4,0,11,3,75
2011-08-10 11:44:00,Normal,95,0,95,1176732,59946,3006714,1542,547.1822772947369,34,55,6,0,6,81,6,2,7,2,86
2011-08-10 11:44:01,Normal,130,0,130,1226751,17567,5035220,56672,519.4440699,53,69,8,0,11,112,5,2,11,1,118
2011-08-10 11:44:02,Attack,108,3,115,1366688,61456,3794777,5915,381.477027373913,38,66,11,0,12,100,3,0,15,9,91
2011-08-10 11:44:03,Attack,91,0,92,918229,18243,3261883,14333,521.8805607608696,37,42,13,0,8,83,1,0,12,1,79
2011-08-10 11:44:04,Attack,89,0,91,968200,15919,3221209,35360,757.714143824176,32,54,5,0,16,73,2,0,9,3,79
2011-08-10 11:44:05,Attack,106,0,108,998884,3648,3868541,55118,417.31568654629626,35,65,8,0,18,87,3,0,22,2,82
2011-08-10 11:44:06,Normal,85,0,85,998702,2392,2609144,55078,682.0933991647058,43,38,4,0,5,79,1,0,6,2,77
2011-08-10 11:44:07,Attack,93,0,95,1053017,15894,3036711,18502,576.4059651368422,27,60,8,0,12,80,3,0,7,2,86
2011-08-10 11:44:08,Attack,139,0,140,1573921,19383,5118658,33515,376.2234150071429,38,92,10,0,31,105,4,0,26,4,110
2011-08-10 11:44:09,Normal,85,0,85,1091750,15896,3352858,17575,412.22379994117654,39,35,11,0,7,77,1,0,12,1,71
2011-08-10 11:44:10,Attack,93,0,94,981107,16451,3293701,49944,540.8848789468086,39,47,8,0,11,82,1,0,14,0,80
2011-08-10 11:44:11,Normal,77,0,77,771745,3390,2829989,3223,470.5356375194804,39,33,5,0,3,74,0,0,4,0,73
2011-08-10 11:44:12,Normal,94,3,97,1135630,3816,3594254,39384,518.3009632680412,43,47,7,0,7,87,3,0,15,0,82
2011-08-10 11:44:13,Attack,89,0,91,914338,15903,3299710,51087,495.6835764615385,36,47,8,0,10,80,1,0,12,1,78
2011-08-10 11:44:14,Normal,88,0,88,987520,1724,3144108,60970,482.06601301136374,35,49,4,0,7,78,3,0,7,1,80
2011-08-10 11:44:15,Normal,103,0,103,967408,13251,3619701,52613,654.2177215242718,45,53,5,0,11,85,7,0,18,1,84
2011-08-10 11:44:16,Normal,110,0,110,1021011,4429,3463009,54090,431.36808900909085,43,56,11,0,17,89,3,1,20,4,86
2011-08-10 11:44:17,Normal,104,0,104,1157175,16653,3414704,56543,527.6029944038461,36,58,10,0,22,81,1,0,17,2,85
2011-08-10 11:44:18,Normal,188,0,188,3449510,17805,5356125,58565,301.4292229468085,33,150,5,0,57,120,11,0,16,1,170
2011-08-10 11:44:19,Normal,155,0,155,2357448,17943,4754283,6525,598.2494765225807,53,96,6,0,50,103,2,0,20,2,132
2011-08-10 11:44:20,Normal,78,0,78,883127,15557,2835687,54516,455.2684521923076,36,38,4,0,4,72,2,0,10,1,67
2011-08-10 11:44:21,Normal,103,0,103,1339886,38325,3387778,12920,570.7948710485437,41,50,12,0,11,88,3,1,19,1,82
2011-08-10 11:44:22,Normal,121,3,124,1900495,15915,3622971,58350,538.5344389435483,44,69,11,0,33,85,6,0,17,5,101
2011-08-10 11:44:23,Attack,109,0,112,900949,17370,3958985,3018,435.20435658035706,44,58,10,0,9,97,4,2,20,3,87
2011-08-10 11:44:24,Attack,97,0,98,1216273,15663,3018346,46961,449.249819744898,45,43,10,0,7,89,1,1,8,3,86
2011-08-10 11:44:25,Attack,95,3,99,1182827,16293,3489122,49572,349.54070458585863,27,59,13,0,13,79,7,0,11,3,85
2011-08-10 11:44:26,Attack,190,0,191,1042966,9050,8843284,2873,186.8656866544503,40,147,4,0,22,168,1,0,23,1,167
2011-08-10 11:44:27,Normal,98,0,98,1224484,3763,3387482,55549,489.43338688775503,40,51,7,0,12,83,3,0,10,2,86
2011-08-10 11:44:28,Attack,141,0,143,2153410,15793,4473372,47109,482.27590127972036,47,82,14,0,23,113,7,0,9,0,133
2011-08-10 11:44:29,Normal,125,0,125,1104167,19461,4562713,4053,420.4062041519999,49,61,15,0,5,118,2,0,19,0,106
2011-08-10 11:44:30,Attack,85,5,91,1301055,3176,3021661,62157,406.7756747142857,38,39,14,0,8,79,3,1,13,2,75
2011-08-10 11:44:31,Attack,84,7,93,1098906,14939,3550564,56142,600.339041172043,43,42,8,0,6,84,3,0,9,1,83
2011-08-10 11:44:32,Normal,99,11,110,1318918,4145,3916751,59216,478.2455785909091,35,69,6,0,14,90,6,0,12,3,95
2011-08-10 11:44:33,Normal,155,3,158,1360664,7010,6382031,45706,564.3396255253164,46,103,9,0,22,113,23,0,37,3,118
2011-08-10 11:44:34,Attack,99,3,103,1135159,42989,3838327,27229,475.8789966796117,41,53,9,0,9,92,2,0,14,3,86
2011-08-10 11:44:35,Normal,107,0,107,692736,19317,4310868,17101,424.1568804859813,33,69,5,0,11,86,10,0,22,3,82
2011-08-10 11:44:36,Normal,119,0,119,889081,18306,4846184,58591,426.49782491596636,45,70,4,0,21,96,2,0,24,0,95
2011-08-10 11:44:37,Normal,98,0,98,1146864,2840,3159704,37590,680.5474972142858,42,46,10,0,11,84,3,0,9,2,87
2011-08-10 11:44:38,Normal,95,0,95,833979,16816,3706927,42168,641.4148719894737,36,51,8,0,10,83,2,0,14,1,80
2011-08-10 11:44:39,Normal,122,0,122,1578653,38181,4324169,15676,429.41356640983605,36,81,5,0,20,95,7,0,14,3,104
2011-08-10 11:44:40,Normal,99,0,99,1188455,16028,3481702,31016,742.3444485353533,53,41,5,0,6,92,1,0,5,3,91
2011-08-10 11:44:41,Attack,93,0,94,1249581,16169,3082775,11830,548.7740241595745,46,38,10,0,7,84,3,0,10,3,81
2011-08-10 11:44:42,Normal,91,3,94,954783,15299,3113394,26023,681.970130755319,42,46,6,0,4,88,2,0,9,1,84
2011-08-10 11:44:43,Normal,107,0,107,1253791,21516,3622629,14918,490.7228659719626,41,55,11,0,13,91,3,0,9,3,95
2011-08-10 11:44:44,Attack,91,0,93,856533,16491,3486063,34245,586.6452812258063,25,59,9,0,11,80,2,0,8,0,85
2011-08-10 11:44:45,Attack,85,0,86,654927,16682,3328818,25108,569.3818559534885,40,39,7,0,6,80,0,0,11,1,74
2011-08-10 11:44:46,Attack,96,0,97,948573,17302,3642477,62721,336.2991158969072,51,41,5,0,9,87,1,0,13,3,81
2011-08-10 11:44:47,Attack,85,0,86,717890,16971,3339035,55163,512.1781252325582,30,51,5,0,6,77,3,0,8,1,76
2011-08-10 11:44:48,Normal,100,0,100,975000,17147,3637109,2825,521.8879064800001,36,55,9,0,17,81,2,0,16,3,81
2011-08-10 11:44:49,Attack,160,0,163,1252489,7190,5791036,58877,419.375309803681,34,118,11,0,19,115,29,0,39,1,123
2011-08-10 11:44:50,Normal,146,0,146,1415007,15315,5644836,63688,220.34463282876717,35,106,5,0,32,93,21,0,35,1,110
2011-08-10 11:44:51,Attack,98,0,100,969453,17484,3894509,63317,486.0095134,32,56,12,0,6,86,8,0,13,0,87
2011-08-10 11:44:52,Attack,84,3,88,1146067,15945,3008751,44100,710.2212834545454,34,48,6,0,11,74,3,0,11,2,75
2011-08-10 11:44:53,Normal,139,0,139,773939,7419,5532964,41857,465.1216047553957,36,97,6,0,42,93,4,0,53,0,86
2011-08-10 11:44:54,Normal,453,0,453,2179963,18797,25671774,51085,204.4243060750552,45,79,329,0,16,434,3,0,338,2,108
2011-08-10 11:44:55,Normal,132,4,136,857063,6144,5631691,46810,303.04259475735296,41,87,8,0,26,96,14,0,40,3,93
2011-08-10 11:44:56,Normal,117,0,117,803216,18925,4451898,52747,406.8670251282051,36,79,2,0,13,95,9,0,27,1,89
2011-08-10 11:44:57,Normal,83,0,83,810602,17566,3328886,51435,680.6352222650602,36,38,9,0,10,69,4,0,17,0,66
2011-08-10 11:44:58,Normal,114,0,114,1034635,4091,4542007,50029,325.02171331578944,43,56,15,0,9,102,3,0,16,1,97
2011-08-10 11:44:59,Normal,242,0,242,803408,28630,11638507,14142,153.94189487603307,46,188,8,0,8,227,7,0,22,2,218
2011-08-10 11:45:00,Normal,113,0,113,749864,18192,4244206,29037,332.9751416017699,33,72,8,0,3,108,2,0,11,0,102
2011-08-10 11:45:01,Attack,118,0,119,999201,19493,4491493,16907,401.16953877310925,40,70,9,0,12,103,4,0,13,3,103
2011-08-10 11:45:02,Attack,112,3,118,1114433,20630,4160866,17500,532.6440829830509,40,70,8,0,18,96,4,0,21,1,96
2011-08-10 11:45:03,Normal,114,0,114,1369140,17929,4192193,50850,722.1574356842106,37,68,9,0,14,92,8,0,12,3,99
2011-08-10 11:45:04,Normal,127,0,127,1099432,19457,5042540,37341,459.75850788976373,40,75,12,0,14,110,3,0,19,0,108
2011-08-10 11:45:05,Normal,129,0,129,950007,19977,5029984,5251,362.0243674031008,43,82,4,0,18,104,7,0,29,3,97
2011-08-10 11:45:06,Attack,140,0,141,1602847,5976,4537547,55973,414.18086673758864,36,99,6,0,32,100,9,0,19,5,117
2011-08-10 11:45:07,Attack,74,0,75,674661,17133,2566929,40570,612.8706542000001,28,37,10,0,9,63,3,0,13,1,61
2011-08-10 11:45:08,Attack,96,0,98,832088,61114,3385695,1542,455.6705541020408,35,56,7,0,6,87,5,0,16,2,79
2011-08-10 11:45:09,Normal,122,0,122,1291469,17232,3980353,18285,466.08159191803287,51,63,8,0,13,108,1,0,14,4,103
2011-08-10 11:45:10,Attack,94,0,96,859087,48321,3571604,787,562.3822298645833,30,60,6,0,15,74,7,0,15,3,78
2011-08-10 11:45:11,Normal,111,0,111,1591038,16744,3772736,56828,623.5906284414414,38,64,9,0,12,94,5,0,11,3,97
2011-08-10 11:45:12,Normal,94,3,97,1177175,18216,3421956,16551,625.425229886598,41,49,7,0,10,81,6,0,10,0,87
2011-08-10 11:45:13,Attack,96,0,101,922634,10192,3445696,4822,569.0513881485148,34,60,7,0,13,85,3,0,11,3,87
2011-08-10 11:45:14,Normal,122,0,122,874167,18038,4779273,57689,310.35351695901636,39,72,11,0,28,92,2,0,26,1,95
2011-08-10 11:45:15,Normal,155,0,155,1680335,18792,5508866,22596,590.7565389870967,37,109,9,0,36,111,8,0,27,1,127
2011-08-10 11:45:16,Normal,138,0,138,1321845,22360,5042394,4540,476.2821347536232,42,84,12,0,29,107,2,0,25,3,110
2011-08-10 11:45:17,Normal,106,0,106,812001,17656,3871765,56154,663.9951011886793,43,54,9,0,8,96,2,0,8,1,97
2011-08-10 11:45:18,Normal,134,0,134,831092,19269,5787013,19755,342.3300045447761,37,90,7,0,8,126,0,0,7,1,126
2011-08-10 11:45:19,Normal,91,0,91,1024490,15344,3084325,56381,662.2309624065934,38,46,7,0,12,78,1,0,8,0,83
2011-08-10 11:45:20,Normal,121,0,121,1004520,17590,4372040,64492,169.9751805289256,28,85,8,0,17,102,2,0,14,2,105
2011-08-10 11:45:21,Normal,134,0,134,960335,17417,4821757,11610,388.50281632089553,37,92,5,0,5,126,1,2,7,0,125
2011-08-10 11:45:22,Normal,125,3,128,1518770,18143,4015998,11101,526.7991883671875,43,72,13,0,27,94,6,1,16,1,110
2011-08-10 11:45:23,Attack,97,0,100,982639,3407,3721339,42074,408.30633601999995,34,58,8,0,11,86,3,0,11,2,87
2011-08-10 11:45:24,Attack,98,0,101,1048281,16784,3547445,30056,542.0703135049505,41,52,8,0,7,91,2,1,8,3,89
2011-08-10 11:45:25,Normal,92,0,92,827639,3602,3138445,53039,606.7636545652174,37,40,15,0,5,86,1,0,9,2,79
2011-08-10 11:45:26,Normal,82,3,85,943962,16118,2789825,20878,564.2327302000001,25,52,8,0,11,71,3,0,15,0,70
2011-08-10 11:45:27,Normal,81,0,81,735220,41973,3268527,45876,365.0236919629629,19,55,7,0,6,72,3,0,10,1,69
2011-08-10 11:45:28,Attack,90,0,93,863580,31412,3190592,15755,452.240026172043,39,50,4,0,10,81,1,1,12,4,77
2011-08-10 11:45:29,Attack,88,0,96,939385,3690,3139786,58908,514.5647790729166,29,54,13,0,15,75,6,0,19,2,75
2011-08-10 11:45:30,Normal,93,0,93,976111,16469,3515743,20793,496.18981335483875,36,52,5,0,8,80,5,0,7,4,82
2011-08-10 11:45:31,Attack,78,0,80,649038,2247,2906937,51935,514.0462233125,27,47,6,0,4,73,2,1,6,2,71
2011-08-10 11:45:32,Attack,75,3,79,844170,16541,2518847,13977,646.2889696835443,36,41,2,0,11,66,2,0,10,0,69
2011-08-10 11:45:33,Attack,61,0,62,699452,16428,1995605,18900,659.8840067903227,28,25,9,0,10,50,2,0,10,0,52
2011-08-10 11:45:34,Attack,120,0,127,1141166,13010,4260792,4372,326.1150502834646,28,88,11,0,14,108,5,0,20,2,105
2011-08-10 11:45:35,Normal,89,0,89,838626,17476,3248470,57963,350.2595675393258,32,46,11,0,9,78,2,0,11,2,76
2011-08-10 11:45:36,Normal,97,2,99,1163179,18843,3635721,56554,441.6802472525253,36,51,12,0,5,92,2,0,12,5,81
2011-08-10 11:45:37,Normal,83,0,83,1064193,8680,2748380,39832,810.965553879518,35,41,7,0,13,70,0,0,11,4,67
2011-08-10 11:45:38,Normal,117,0,117,1301913,16665,4242244,23342,511.57317921367525,47,59,11,0,7,107,3,0,8,8,101
2011-08-10 11:45:39,Normal,77,0,77,849781,2864,2921251,50862,831.7966961428572,38,33,6,0,5,72,0,0,8,3,65
2011-08-10 11:45:40,Attack,103,0,104,943663,17776,4001037,9733,492.91708589423075,36,64,4,0,24,76,4,0,27,4,73
2011-08-10 11:45:41,Normal,126,0,126,974588,4511,5362846,59781,290.6160786428571,45,72,9,0,15,99,12,0,29,1,96
2011-08-10 11:45:42,Normal,113,3,116,1088411,19621,4450993,31748,588.4407494396553,45,62,9,0,15,82,18,1,36,1,78
2011-08-10 11:45:43,Normal,96,0,96,1132008,16282,3241906,46888,467.33091390625003,41,47,8,0,5,89,2,0,8,4,84
2011-08-10 11:45:44,Attack,104,0,105,1104742,6829,3695483,14392,458.4666573428571,49,49,7,0,8,91,6,0,16,3,86
2011-08-10 11:45:45,Normal,133,0,133,743402,18959,5448702,56390,158.06865433834588,33,90,10,0,6,127,0,0,8,5,120
2011-08-10 11:45:46,Normal,112,0,112,1387796,16717,3980312,54003,494.3963643571429,35,67,10,0,15,93,4,0,16,4,91
2011-08-10 11:45:47,Normal,137,0,137,922702,13075,5800328,3526,415.00266985401464,42,88,7,0,8,127,2,0,17,4,116
2011-08-10 11:45:48,Normal,82,0,82,799712,3159,3005080,3530,653.2484459634146,33,45,4,0,7,74,1,0,8,3,70
2011-08-10 11:45:49,Attack,129,0,132,1068842,18017,5030581,34593,458.7179142575758,41,85,6,0,20,109,3,0,22,3,107
2011-08-10 11:45:50,Attack,76,0,84,1002766,15458,2515667,51473,660.0541017738094,32,47,5,0,10,65,8,1,16,4,63
2011-08-10 11:45:51,Normal,86,0,86,910094,2826,2986465,47954,364.7952876627907,28,52,6,0,9,74,3,0,13,3,70
2011-08-10 11:45:52,Attack,107,3,111,1363240,3471,4036679,46929,667.6821818648649,42,60,9,0,10,97,4,0,12,1,96
2011-08-10 11:45:53,Normal,122,0,122,1239446,18000,4760435,47022,451.19627071311476,50,64,8,0,7,115,0,0,8,5,109
2011-08-10 11:45:54,Normal,68,0,68,764131,15649,2418526,49904,602.3775741323528,36,24,8,0,4,63,1,0,6,1,60
2011-08-10 11:45:55,Attack,95,0,98,852512,11865,3592423,53499,629.8212605408164,36,55,7,0,8,85,5,0,17,1,80
2011-08-10 11:45:56,Normal,114,3,117,850027,7435,4599530,46120,304.8015428974359,35,73,9,0,6,102,9,0,18,2,97
2011-08-10 11:45:57,Normal,198,0,198,827592,17532,8273026,50505,210.84817627272727,41,149,8,0,20,163,15,0,41,0,157
2011-08-10 11:45:58,Normal,97,0,97,1030814,5163,3491933,60539,460.69652440206187,39,43,15,0,13,83,1,0,16,2,79
2011-08-10 11:45:59,Attack,104,0,107,998667,21781,4026843,8622,533.1578497383177,39,62,6,0,21,83,3,0,25,1,81
2011-08-10 11:46:00,Normal,91,0,91,680257,18092,2861729,25690,563.7356007582416,32,53,6,0,9,74,8,0,13,4,74
2011-08-10 11:46:01,Attack,107,0,108,993885,18735,4343472,5562,460.85396743518515,46,55,7,0,8,97,3,0,19,1,88
2011-08-10 11:46:02,Normal,100,3,103,1115350,12081,4036221,8502,318.11463441747577,42,57,4,0,12,88,3,0,14,3,86
2011-08-10 11:46:03,Normal,87,0,87,1137243,1781,2873015,58583,649.1930363908045,35,43,9,0,7,77,3,0,11,4,72
2011-08-10 11:46:04,Normal,91,0,91,905312,3181,3223857,13362,340.6971091318681,30,52,9,0,6,83,2,0,7,1,83
2011-08-10 11:46:05,Normal,76,0,76,661572,2326,2945764,40600,490.10351492105264,23,43,10,0,7,69,0,0,4,0,72
2011-08-10 11:46:06,Normal,93,0,93,957903,16222,3539091,58751,597.0941242473118,40,50,3,0,8,81,4,0,9,3,81
2011-08-10 11:46:07,Normal,105,0,105,1202131,17674,4140987,23638,552.1419958476191,37,59,9,0,15,86,4,0,13,2,90
2011-08-10 11:46:08,Normal,152,0,152,998486,21875,6104395,2834,302.0205588618421,41,101,10,0,22,127,3,0,28,2,122
2011-08-10 11:46:09,Normal,208,0,208,1009868,11678,8440300,21993,203.61139587980773,39,163,6,0,21,179,8,0,31,1,175
2011-08-10 11:46:10,Attack,101,0,105,1110263,55756,3991895,21856,547.0622362761906,37,60,8,0,14,90,1,0,17,1,87
2011-08-10 11:46:11,Attack,108,0,114,945615,4828,4063072,24482,362.9140989298246,36,73,5,0,13,96,5,0,21,2,91
2011-08-10 11:46:12,Normal,99,3,102,775884,17872,4005974,32344,508.64693589215676,39,59,4,0,8,91,3,0,10,0,92
2011-08-10 11:46:13,Normal,106,0,106,1308120,17437,3873290,23944,606.8157493396227,32,65,9,0,23,80,3,0,15,0,90
2011-08-10 11:46:14,Normal,111,0,111,1629454,15814,3496010,15146,579.5455760630631,47,52,12,0,13,97,1,0,9,2,100
2011-08-10 11:46:15,Normal,120,6,126,1360202,17099,4321947,40748,442.75650757142853,38,79,9,0,9,105,12,0,15,1,110
2011-08-10 11:46:16,Attack,91,0,94,1058439,5444,3117226,23250,370.8277265957446,39,45,10,0,5,82,7,0,15,2,76
2011-08-10 11:46:17,Normal,96,0,96,883361,17064,3252450,62244,411.8612186875,36,53,7,0,9,84,3,0,19,1,76
2011-08-10 11:46:18,Normal,101,0,101,1131100,16212,3669071,52961,596.5952143861385,49,42,10,0,5,95,1,0,8,2,89
2011-08-10 11:46:19,Normal,81,0,81,769708,15796,3011019,11133,433.6193393950618,36,41,4,0,6,75,0,0,8,2,70
2011-08-10 11:46:20,Normal,99,0,99,1237440,62985,3377735,10921,529.7940357676767,49,43,7,0,6,89,4,0,12,3,83
2011-08-10 11:46:21,Attack,97,0,98,792144,16237,3500499,6558,693.009640887755,40,50,8,0,5,91,1,1,10,2,85
2011-08-10 11:46:22,Attack,130,3,134,863860,18834,5319660,15682,361.69970075373135,44,82,8,0,9,124,1,0,14,3,117
2011-08-10 11:46:23,Normal,98,0,98,784765,17393,3080040,37100,440.79263060204084,45,49,4,0,11,84,1,2,19,1,75
2011-08-10 11:46:24,Normal,89,0,89,1057919,35691,2991043,14132,563.2889483146067,36,41,12,0,15,71,2,1,10,2,76
2011-08-10 11:46:25,Normal,102,0,102,1198791,3833,3273046,3907,495.2665154803921,42,52,8,0,12,87,3,0,11,3,87
2011-08-10 11:46:26,Normal,92,0,92,1185647,16842,3016859,44160,539.4170306413043,41,46,5,0,15,71,5,1,16,3,72
2011-08-10 11:46:27,Normal,103,3,106,850035,17899,4145085,30772,418.3474828396226,38,60,8,0,3,99,4,0,9,2,95
2011-08-10 11:46:28,Normal,99,0,99,822556,3422,4132986,62541,339.42208989898995,44,51,4,0,14,76,9,0,24,1,74
2011-08-10 11:46:29,Attack,114,0,115,853354,3263,4594218,49212,263.6137055043478,37,72,6,0,5,108,2,0,11,5,99
2011-08-10 11:46:30,Normal,110,0,110,1310732,17738,4379299,37779,639.3641299272728,66,37,7,0,8,102,0,0,10,2,98
2011-08-10 11:46:31,Attack,76,0,79,761089,15838,2720846,49274,535.2628684936709,32,39,8,0,3,76,0,0,4,0,75
2011-08-10 11:46:32,Attack,112,3,120,903754,17749,4436588,29738,502.70935873333343,45,66,9,0,7,110,3,0,21,1,98
2011-08-10 11:46:33,Attack,71,0,73,1113958,61767,2355888,63709,457.667611260274,28,36,9,0,9,61,3,0,2,0,71
2011-08-10 11:46:34,Normal,99,0,99,1007532,17248,3635681,11007,560.1374612020203,43,49,7,0,7,92,0,0,6,1,91
2011-08-10 11:46:35,Normal,112,0,112,1042668,17668,4458100,14243,503.9698195714286,39,61,12,0,14,96,2,0,17,0,95
2011-08-10 11:46:36,Normal,84,0,84,805443,16549,3126325,43966,486.11965117857153,41,40,3,0,4,77,3,0,11,0,73
2011-08-10 11:46:37,Attack,100,0,103,816858,18567,3770894,2958,479.19545757281554,41,51,11,0,9,93,1,0,15,1,87
2011-08-10 11:46:38,Normal,97,0,97,905830,17017,3345809,13616,391.4683576907217,37,49,11,0,6,90,1,0,9,2,86
2011-08-10 11:46:39,Attack,96,0,104,850465,15988,3312468,38488,584.7062065288462,31,64,9,0,12,89,3,0,15,0,89
2011-08-10 11:46:40,Normal,130,2,132,1024337,58027,5207686,62385,419.4835854924243,33,85,14,0,22,99,11,0,29,1,101
2011-08-10 11:46:41,Attack,104,0,105,1175002,16069,3446793,39709,552.203127047619,36,58,11,0,12,90,3,0,8,2,94
2011-08-10 11:46:42,Attack,113,3,118,1012905,17994,4565398,58981,490.28369886440686,42,48,28,0,19,94,5,0,26,0,92
2011-08-10 11:46:43,Attack,105,0,106,1218673,15965,3442513,11983,352.5227330471699,35,64,7,0,22,81,3,0,12,2,92
2011-08-10 11:46:44,Normal,103,0,103,923532,19499,3733578,54994,634.4897099417476,41,53,9,0,5,95,3,0,10,2,90
2011-08-10 11:46:45,Normal,90,0,90,927693,2831,3484062,36863,558.7038818222221,38,37,15,0,1,78,11,0,8,2,80
2011-08-10 11:46:46,Normal,111,0,111,969585,17266,4164939,63847,387.92950199099096,47,58,6,0,6,103,2,0,8,5,98
2011-08-10 11:46:47,Normal,101,0,101,1230362,17012,3884036,14305,641.112713940594,36,54,11,0,17,81,3,0,8,4,89
2011-08-10 11:46:48,Attack,100,0,102,857899,48402,3745338,37663,592.7714813823529,51,49,2,0,9,92,1,0,12,1,89
2011-08-10 11:46:49,Attack,75,0,78,706092,15505,2661569,12527,409.21346929487186,40,33,5,0,10,67,1,0,14,0,64
2011-08-10 11:46:50,Attack,99,0,101,1069478,15458,3622001,10038,739.2708062376239,49,50,2,0,11,89,1,0,10,0,89
2011-08-10 11:46:51,Attack,90,1,92,1124273,16230,3192702,66496,518.8552895543478,39,46,7,0,12,79,1,0,9,5,78
2011-08-10 11:46:52,Attack,101,3,108,1165995,67132,3313508,15813,487.95750803703703,32,63,13,0,15,89,4,0,18,3,87
2011-08-10 11:46:53,Attack,101,0,106,1001446,18014,3704592,59785,457.0891042169811,37,59,10,0,10,91,5,0,17,2,87
2011-08-10 11:46:54,Normal,91,0,91,1247597,16170,3142261,28231,542.121883054945,35,37,19,0,9,79,3,0,12,0,79
2011-08-10 11:46:55,Normal,111,0,111,1059722,16780,3839006,26782,482.2959302702704,42,60,9,0,14,89,8,0,17,1,93
2011-08-10 11:46:56,Normal,138,0,138,921355,20386,5642211,58910,615.5969722391304,38,91,9,0,36,98,3,1,43,2,92
2011-08-10 11:46:57,Normal,100,4,104,819747,20225,4163913,17217,807.9336208846154,38,57,9,0,9,92,3,0,14,2,88
2011-08-10 11:46:58,Attack,222,0,223,725709,23111,11094323,48550,170.6316723721973,31,188,4,0,4,217,2,0,9,2,211
2011-08-10 11:46:59,Attack,75,0,76,632760,2511,2755603,2694,650.282903131579,24,44,7,1,5,66,4,1,11,1,63
2011-08-10 11:47:00,Attack,87,0,88,763887,16722,3112117,8719,702.4924837500001,30,47,11,0,5,78,5,0,15,2,71
2011-08-10 11:47:01,Normal,141,0,141,898848,21904,6244836,34303,403.93048098581556,37,98,6,0,45,91,5,0,49,1,91
2011-08-10 11:47:02,Normal,115,3,118,928936,19260,4205707,11343,496.2690545423728,33,73,12,0,8,103,7,0,16,1,101
2011-08-10 11:47:03,Attack,90,0,91,1068550,16850,3136990,40154,828.163213945055,41,41,9,0,6,81,4,0,10,3,78
2011-08-10 11:47:04,Attack,101,0,102,1132389,3405,3217943,64484,889.3849322843135,40,52,10,0,10,90,2,0,13,0,89
2011-08-10 11:47:05,Attack,102,0,103,1209953,17824,3463788,55959,613.0003579029126,38,50,15,0,11,89,3,0,17,3,83
2011-08-10 11:47:06,Normal,105,0,105,1261089,15772,3477413,39702,791.0136929428571,45,53,7,0,17,85,3,0,23,4,78
2011-08-10 11:47:07,Normal,96,0,96,879122,5116,3529801,41300,576.886769125,34,53,9,0,4,89,3,0,15,1,80
2011-08-10 11:47:08,Normal,113,0,113,1067674,10557,4513784,37158,811.496746920354,37,71,5,0,12,100,1,0,15,1,97
2011-08-10 11:47:09,Normal,90,0,90,941341,3033,3192663,58657,814.2203825000001,36,46,8,0,7,80,3,0,18,0,72
2011-08-10 11:47:10,Attack,130,0,131,838990,60630,6011858,16446,475.6772440305344,40,86,5,0,16,104,11,0,33,5,93
2011-08-10 11:47:11,Normal,160,0,160,1152123,24729,6804325,66381,290.6668268,37,114,9,0,4,146,10,0,24,9,127
2011-08-10 11:47:12,Attack,137,3,142,923329,6795,3538086,8585,316.4878581197183,26,109,7,0,13,126,3,0,61,6,75
2011-08-10 11:47:13,Attack,129,0,130,1320813,21857,4536642,55229,582.504656223077,43,82,5,0,21,105,4,0,22,8,100
2011-08-10 11:47:14,Attack,88,0,91,857878,6249,3226074,62066,517.0371081868132,33,48,9,1,16,69,5,1,26,3,62
2011-08-10 11:47:15,Attack,149,0,150,1110656,8204,6194798,2964,454.33730011999995,45,100,5,0,45,103,2,0,47,0,103
2011-08-10 11:47:16,Normal,99,0,99,1014434,52512,3751161,14905,694.4092070303032,36,52,11,0,18,75,6,0,25,2,72
2011-08-10 11:47:17,Normal,106,0,106,1004249,17310,4131409,53783,674.3639413773584,44,52,10,0,7,99,0,0,8,0,98
2011-08-10 11:47:18,Normal,89,0,89,890227,4715,3088624,54391,822.4596881460676,45,29,15,0,2,84,3,0,16,0,73
2011-08-10 11:47:19,Attack,95,0,99,1077546,16836,3265028,57565,534.1839261414141,31,60,8,0,11,83,5,0,18,2,79
2011-08-10 11:47:20,Normal,86,0,86,854172,4562,2947148,39243,442.373029883721,36,43,7,0,5,80,1,0,7,2,77
2011-08-10 11:47:21,Attack,103,0,104,1102844,15980,3604688,2411,644.2970975000001,40,56,8,0,7,92,4,1,14,1,88
2011-08-10 11:47:22,Normal,91,3,94,1052828,2775,3266026,3331,691.5583958829787,38,46,10,0,4,87,3,0,13,2,79
2011-08-10 11:47:23,Normal,128,0,128,1686085,22574,3715599,25514,826.2445381484375,62,55,11,0,14,96,16,2,29,4,93
2011-08-10 11:47:24,Normal,115,0,115,986406,19332,4407336,52355,470.0344863652174,43,64,8,0,12,102,1,0,15,3,97
2011-08-10 11:47:25,Normal,107,0,107,1217413,19280,4041564,15695,611.5961012897195,53,46,8,0,8,98,0,1,18,1,87
2011-08-10 11:47:26,Attack,144,0,147,1896888,5496,5069266,54824,716.7789640068027,54,88,5,0,25,114,6,2,31,4,110
2011-08-10 11:47:27,Normal,101,0,101,959810,60528,3823099,14134,612.5238755247524,46,54,1,0,8,87,6,0,17,1,83
2011-08-10 11:47:28,Normal,91,3,94,1204293,4065,3175980,52038,908.8084129042551,47,41,6,0,7,82,5,0,13,1,80
2011-08-10 11:47:29,Normal,99,0,99,1088447,15981,3469943,53895,412.7312303838383,39,55,5,0,13,84,2,0,8,2,89
2011-08-10 11:47:30,Normal,125,0,125,1493902,18921,4251213,5930,423.39356369599994,38,77,10,0,21,92,12,0,23,5,97
2011-08-10 11:47:31,Normal,118,0,118,1171627,8663,4434999,52204,690.513531398305,40,66,12,0,24,90,4,0,27,4,87
2011-08-10 11:47:32,Attack,77,3,81,634006,3012,3228726,64380,624.1491101851852,35,41,5,0,5,70,6,0,16,1,64
2011-08-10 11:47:33,Normal,139,0,139,977913,26052,6014520,38091,544.3426118705036,38,96,5,0,18,107,14,0,34,2,102
2011-08-10 11:47:34,Attack,89,0,90,894971,16287,2956956,64852,978.9702283555557,42,41,7,0,11,78,1,0,14,2,74
2011-08-10 11:47:35,Attack,105,0,109,934171,21286,4079280,30955,641.3700951100917,25,76,8,0,19,83,7,0,28,1,80
2011-08-10 11:47:36,Attack,122,0,127,971186,18087,4108803,3005,548.983116535433,45,77,5,0,12,108,7,0,23,2,101
2011-08-10 11:47:37,Normal,109,0,109,1252326,60282,4043094,15348,788.0199159816515,38,57,14,0,17,90,2,0,14,2,93
2011-08-10 11:47:38,Normal,84,0,84,889652,15642,2860306,61507,927.9278005238097,51,29,4,0,3,79,2,0,11,0,73
2011-08-10 11:47:39,Normal,109,0,109,1060184,3184,4013868,33866,728.6825308715598,44,55,10,0,7,99,3,0,12,1,96
2011-08-10 11:47:40,Attack,120,6,128,1305794,5411,4170762,36965,699.0127305,36,75,17,0,19,105,4,0,16,4,108
2011-08-10 11:47:41,Attack,121,4,130,987862,14551,4734094,9963,352.1744203076923,41,79,10,0,20,104,6,0,30,6,94
2011-08-10 11:47:42,Attack,131,3,137,1495712,18497,5151994,45097,533.4066029270074,46,84,7,0,13,117,7,0,17,5,115
2011-08-10 11:47:43,Normal,104,0,104,835624,20713,3747945,2503,590.0850299711539,30,62,12,0,21,80,2,1,19,4,81
2011-08-10 11:47:44,Attack,107,2,110,1174456,16596,4001624,64991,574.4790041454545,45,56,9,0,14,94,2,0,13,4,93
2011-08-10 11:47:45,Normal,118,2,120,953406,6881,4671770,53444,543.272849525,29,77,14,0,21,94,5,0,26,1,93
2011-08-10 11:47:46,Normal,163,1,164,1269248,19397,6521605,66874,391.98677618902434,43,111,10,0,36,120,8,0,44,10,110
2011-08-10 11:47:47,Attack,132,2,138,1479839,68232,4739068,12589,506.5095479202898,47,83,8,0,23,110,5,0,28,9,101
2011-08-10 11:47:48,Normal,124,0,124,1018859,18558,4836513,21128,666.5972964032259,37,80,7,0,17,103,4,0,24,1,99
2011-08-10 11:47:49,Normal,75,0,75,760231,2683,2758249,50777,601.3507603066665,34,35,6,0,11,64,0,0,14,1,59
2011-08-10 11:47:50,Normal,136,0,136,863456,18316,5323024,29978,493.2793615882353,35,94,7,0,14,117,5,0,20,1,114
2011-08-10 11:47:51,Normal,115,0,115,1277066,18070,4235714,49523,773.246233052174,49,57,9,0,11,102,2,0,13,1,101
2011-08-10 11:47:52,Normal,125,3,128,1981172,17460,4143564,55471,953.5141005859375,46,71,11,0,24,94,10,0,18,3,107
2011-08-10 11:47:53,Normal,121,0,121,1554129,12572,3917565,52576,672.0792261322314,39,72,10,0,31,86,3,1,24,1,96
2011-08-10 11:47:54,Normal,79,0,79,1080599,14843,2693890,5319,780.4737160126583,41,31,7,0,8,70,1,0,10,1,68
2011-08-10 11:47:55,Attack,97,0,98,799671,16976,3195061,7550,455.3180202040816,35,54,9,0,10,87,1,0,5,1,92
2011-08-10 11:47:56,Attack,84,0,86,797011,17073,3406297,38691,432.51409355813956,37,43,6,0,2,82,2,0,11,0,75
2011-08-10 11:47:57,Attack,102,0,106,1273240,17033,3520061,10398,765.4522651981131,42,57,7,0,19,84,3,0,13,2,91
2011-08-10 11:47:58,Normal,70,3,73,743670,2169,2275615,60978,725.2638408219177,25,42,6,0,7,63,3,0,14,1,58
2011-08-10 11:47:59,Normal,132,0,132,1128761,4618,4542372,2171,696.4071516060604,60,64,8,0,8,124,0,0,15,0,117
2011-08-10 11:48:00,Normal,130,0,130,1383498,16934,4630570,37057,448.8448991692308,49,77,4,0,10,120,0,0,7,4,119
2011-08-10 11:48:01,Normal,97,0,97,713912,4484,3834566,2048,521.6255998556701,26,65,6,0,10,86,1,0,13,0,83
2011-08-10 11:48:02,Attack,108,3,114,1302687,30954,3851668,16397,488.33899183333324,39,66,9,0,15,89,10,0,20,5,89
2011-08-10 11:48:03,Attack,106,0,107,1611238,59845,3195706,6234,727.4313838224299,42,57,8,0,15,88,4,0,9,1,97
2011-08-10 11:48:04,Normal,92,0,92,1472178,3048,2928283,51183,814.6287024999999,35,49,8,0,20,68,4,0,13,1,78
2011-08-10 11:48:05,Normal,115,0,115,721653,12013,4684604,11358,493.2358190086956,37,75,3,0,23,87,5,0,34,2,79
2011-08-10 11:48:06,Normal,107,1,108,1282270,17651,3946590,36109,763.4500913148148,42,54,12,0,21,83,4,0,24,1,83
2011-08-10 11:48:07,Normal,115,0,115,1431415,17418,4208557,54581,512.5058524956522,39,70,6,0,17,93,5,0,24,2,89
2011-08-10 11:48:08,Attack,107,0,111,1147049,16684,3599205,60972,781.6958872792793,45,52,14,0,11,95,5,0,21,0,90
2011-08-10 11:48:09,Normal,111,0,111,1069964,16173,3737324,22133,631.0576267117116,53,51,7,0,13,97,1,0,19,1,91
2011-08-10 11:48:10,Normal,109,0,109,1013813,18527,4283609,40783,511.0903235871559,30,71,8,0,13,89,7,0,20,4,85
2011-08-10 11:48:11,Normal,96,3,99,1215757,58936,3127023,14134,660.8546501414141,40,56,3,0,16,75,8,0,14,1,84
2011-08-10 11:48:12,Normal,104,6,110,887732,17925,4034132,23570,554.0359768272729,35,60,15,0,10,90,10,0,24,0,86
2011-08-10 11:48:13,Attack,108,0,110,1417095,16442,3430535,33007,992.7214533818182,42,62,6,0,19,88,3,0,17,2,91
2011-08-10 11:48:14,Normal,115,0,115,1353419,4060,4226040,54245,809.7064591217393,46,61,8,0,9,101,5,0,11,3,101
2011-08-10 11:48:15,Normal,161,0,161,1184248,42430,6067716,14915,438.4260222236025,37,111,13,0,31,124,6,0,35,3,123
2011-08-10 11:48:16,Normal,125,1,126,1489289,6646,3834277,4929,922.5398020952381,47,69,10,0,22,95,9,0,27,6,93
2011-08-10 11:48:17,Attack,125,0,127,1174383,4113,4806863,56405,751.3981054251968,54,64,9,0,12,114,1,0,13,1,113
2011-08-10 11:48:18,Attack,109,0,112,1505364,16411,3865463,9994,581.2171526339285,41,60,11,0,16,91,5,0,10,2,100
2011-08-10 11:48:19,Normal,77,0,77,843982,5544,2793675,780,669.3397409610391,37,27,13,0,6,70,1,0,8,3,66
2011-08-10 11:48:20,Normal,125,0,125,1608553,16678,4023085,35469,691.451101888,37,81,7,0,27,94,4,0,13,3,109
2011-08-10 11:48:21,Normal,113,0,113,1295538,2619,3759643,52495,792.7713420088496,44,60,9,0,15,95,2,1,22,0,90
2011-08-10 11:48:22,Normal,106,3,109,1385799,17374,3714378,43624,860.3246333944953,48,47,14,0,17,89,3,0,24,1,84
2011-08-10 11:48:23,Attack,126,0,129,1352931,16909,5174748,33379,527.490721751938,47,75,7,0,18,105,5,1,20,3,105
2011-08-10 11:48:24,Attack,107,0,108,1248825,16694,3767289,65045,527.083355787037,42,59,7,0,12,93,1,2,15,1,89
2011-08-10 11:48:25,Normal,134,0,134,816292,18801,5867077,37821,380.1031230447761,29,99,6,0,25,106,3,0,35,0,99
2011-08-10 11:48:26,Normal,186,0,186,1508098,8002,7653849,50781,334.91602823655916,52,128,6,0,36,144,5,1,36,2,147
2011-08-10 11:48:27,Normal,141,0,141,1035468,19906,5653114,2941,472.63143492198583,35,92,14,0,28,108,5,0,34,3,104
2011-08-10 11:48:28,Normal,141,3,144,1836274,6376,5550206,52351,593.4890784444444,46,94,4,0,31,101,12,0,22,2,120
2011-08-10 11:48:29,Attack,106,0,107,1409141,16382,3868521,37305,816.1932030654206,43,50,14,0,15,87,4,1,15,2,90
2011-08-10 11:48:30,Normal,118,0,118,1381846,18421,4271175,41205,401.2510425254239,45,62,11,0,19,95,4,0,20,4,94
2011-08-10 11:48:31,Normal,146,0,146,1528867,29660,5154868,1534,595.9124000616439,53,83,10,0,20,121,5,0,25,1,120
2011-08-10 11:48:32,Normal,102,3,105,1635008,16054,3875800,50602,704.6018131999999,43,53,9,0,22,81,2,0,17,1,86
2011-08-10 11:48:33,Attack,91,0,93,738640,9816,3785003,3491,648.5430388279568,35,50,8,0,8,84,1,0,15,1,77
2011-08-10 11:48:34,Attack,113,0,116,1176395,5940,3984459,58921,386.3800596120689,39,68,8,0,28,79,7,1,38,1,77
2011-08-10 11:48:35,Normal,108,0,108,834008,21079,4278822,33944,417.24111949999997,35,65,8,0,10,92,6,0,20,1,87
2011-08-10 11:48:36,Normal,121,0,121,1453871,5879,4374835,55186,631.8849133553719,35,79,7,0,20,98,3,0,13,2,106
2011-08-10 11:48:37,Normal,114,0,114,1385911,37697,4132942,53655,768.2582232894738,51,50,13,0,7,104,3,0,23,3,88
2011-08-10 11:48:38,Attack,112,0,115,1267342,60640,3975622,15686,501.085768626087,32,72,11,0,22,89,4,0,19,5,91
2011-08-10 11:48:39,Attack,107,0,112,1168865,17097,3882744,30508,577.0993028392858,46,59,7,0,15,83,14,0,27,1,84
2011-08-10 11:48:40,Normal,151,3,154,1854685,23939,5432802,6712,621.6637352532467,41,102,11,0,39,103,12,0,37,2,115
2011-08-10 11:48:41,Normal,124,0,124,1348129,18397,4754675,36092,500.3567685725806,35,82,7,0,16,99,9,0,12,5,106
2011-08-10 11:48:42,Normal,108,3,111,1343236,15781,3668037,27976,811.2533373513513,36,68,7,0,25,83,3,0,24,3,84
2011-08-10 11:48:43,Attack,114,0,118,1427466,16548,4122304,7164,777.9401969322033,37,70,11,0,32,79,7,0,38,2,77
2011-08-10 11:48:44,Attack,115,0,120,1459117,16654,3808608,37879,859.6667601083333,42,59,19,0,31,84,5,0,24,3,93
2011-08-10 11:48:45,Attack,88,0,90,715186,3171,3333866,3426,573.9957306444444,34,45,11,0,2,86,2,0,13,1,76
2011-08-10 11:48:46,Normal,109,0,109,1246849,15318,3374664,44786,1080.6193630825687,45,55,9,0,17,90,2,0,20,2,87
2011-08-10 11:48:47,Normal,113,0,113,1299312,3934,3789421,45348,586.5538167079645,33,70,10,0,20,89,4,0,20,1,92
2011-08-10 11:48:48,Normal,129,0,129,1955737,16965,4063943,33803,631.0939388759689,52,70,7,0,30,93,4,2,13,2,114
2011-08-10 11:48:49,Normal,97,2,99,907891,10531,3464622,56561,515.9482049999999,28,58,13,0,15,82,2,0,20,1,78
2011-08-10 11:48:50,Normal,119,0,119,1565493,18655,3794416,29199,810.1653537983193,44,68,7,0,20,98,1,0,14,2,103
2011-08-10 11:48:51,Normal,108,0,108,838561,17440,4065631,59951,694.8034397777778,39,59,10,0,8,100,0,0,16,1,91
2011-08-10 11:48:52,Attack,85,3,89,968545,16143,3140486,47019,1031.2576020674155,42,33,14,0,5,81,3,0,10,2,77
2011-08-10 11:48:53,Normal,92,0,92,1132887,16336,3181847,15759,596.8863384130435,40,47,5,0,15,76,1,0,6,1,85
2011-08-10 11:48:54,Attack,88,0,89,890848,35675,3154516,13363,704.7085423258427,33,45,11,0,10,77,2,0,10,0,79
2011-08-10 11:48:55,Attack,95,0,98,1114383,2958,2790081,4197,663.4037110714286,33,56,9,0,12,82,4,0,24,2,71
2011-08-10 11:48:56,Normal,110,0,110,876682,3932,3698093,46580,682.2046580454546,45,59,6,0,3,105,1,1,12,3,95
2011-08-10 11:48:57,Normal,102,0,102,874443,16466,3391623,32622,620.5462594411765,40,52,10,0,7,95,0,0,18,0,84
2011-08-10 11:48:58,Normal,257,3,260,2231492,25271,12150393,47893,531.7089172038462,31,225,4,0,46,210,4,0,17,0,243
2011-08-10 11:48:59,Normal,78,0,78,860262,17345,2640124,17822,880.5101243846156,36,38,4,0,12,63,3,0,11,2,65
2011-08-10 11:49:00,Attack,87,0,90,812925,15982,3704109,45364,552.1711526333332,36,48,6,0,13,76,1,0,15,1,74
2011-08-10 11:49:01,Normal,174,0,174,1071337,9960,7188054,46854,372.4283976666666,39,126,9,0,42,131,1,0,41,2,131
2011-08-10 11:49:02,Normal,114,3,117,1422785,17762,4288731,52653,514.0945841452991,39,70,8,0,20,96,1,0,15,2,100
2011-08-10 11:49:03,Attack,81,0,83,746673,15814,2729342,16458,636.8287174698795,31,43,9,0,12,67,4,0,17,0,66
2011-08-10 11:49:04,Attack,107,0,108,1140234,16973,3931255,55189,712.5045189722224,40,63,5,0,12,94,2,0,15,1,92
2011-08-10 11:49:05,Attack,97,0,101,899750,3000,2810096,52875,608.1472468613861,33,54,14,0,11,86,4,0,24,4,73
2011-08-10 11:49:06,Normal,110,0,110,1047805,16611,3814414,54682,541.6990437000001,42,57,11,0,10,98,2,0,8,5,97
2011-08-10 11:49:07,Normal,98,0,98,1217761,15908,3103390,61584,540.0695950714286,32,58,8,0,22,69,7,0,18,4,76
2011-08-10 11:49:08,Normal,189,0,189,1250089,8836,6471906,53507,232.89608346031744,42,143,4,0,43,135,11,0,50,3,135
2011-08-10 11:49:09,Normal,125,1,126,986025,19066,4835220,54636,353.5153484920636,32,82,12,0,16,102,8,0,22,4,99
2011-08-10 11:49:10,Normal,235,0,235,1342087,24487,10749496,11225,297.0925725489362,43,181,11,0,31,201,3,0,50,1,184
2011-08-10 11:49:11,Normal,101,0,101,738904,17888,3653467,52482,657.6658332376237,44,51,6,0,12,87,2,0,21,0,80
2011-08-10 11:49:12,Normal,103,3,106,1052827,17498,3655620,54761,664.76518654717,31,66,9,0,14,88,4,0,16,3,86
2011-08-10 11:49:13,Attack,82,0,85,845474,16157,2967594,38241,686.0121570117647,32,45,8,0,13,68,4,0,15,4,66
2011-08-10 11:49:14,Normal,89,0,89,961569,16026,2892006,24251,468.841701258427,36,47,6,0,9,78,2,0,7,2,80
2011-08-10 11:49:15,Attack,76,0,77,903778,17190,2793864,4950,797.2398590519481,33,34,10,0,13,60,4,0,16,3,58
2011-08-10 11:49:16,Attack,122,0,123,1263839,39451,4030644,37721,485.3541816260162,40,72,11,0,21,100,2,0,21,1,101
2011-08-10 11:49:17,Normal,93,0,93,1113066,16649,3124860,8138,489.3632004946237,33,48,12,0,19,74,0,0,26,2,64
2011-08-10 11:49:18,Normal,106,0,106,924320,4623,3611968,54902,511.3547782358491,26,72,8,0,20,82,4,0,23,1,82
2011-08-10 11:49:19,Normal,85,0,85,903462,16053,3190943,40904,713.496401317647,37,43,5,0,6,78,1,0,10,0,75
2011-08-10 11:49:20,Normal,162,0,162,1412200,20015,6397746,57064,424.99970791975306,57,97,8,0,34,126,2,0,35,3,124
2011-08-10 11:49:21,Attack,94,0,96,971226,16233,3574034,21521,469.96617741666665,33,55,8,0,8,84,2,2,12,2,80
2011-08-10 11:49:22,Normal,103,3,106,949625,3316,4057747,57759,638.3339372264151,35,65,6,0,13,90,2,1,25,1,79
2011-08-10 11:49:23,Attack,100,0,102,615092,6200,3014318,2379,564.5418799901961,32,63,7,0,30,67,4,1,43,1,56
2011-08-10 11:49:24,Attack,148,0,151,1573554,9938,5267332,37624,565.4941301655629,48,95,8,0,30,105,16,0,44,0,107
2011-08-10 11:49:25,Attack,92,0,95,841046,17403,3138524,55030,558.1279311473685,37,51,7,0,12,74,9,0,23,1,71
2011-08-10 11:49:26,Attack,96,0,99,1168030,15861,3336297,17463,719.4395972525253,34,60,5,0,16,79,4,0,11,0,88
2011-08-10 11:49:27,Normal,117,0,117,897454,17617,4578998,61014,534.3685679572649,31,77,9,0,8,106,3,0,13,0,104
2011-08-10 11:49:28,Normal,107,3,110,1451967,17020,3955483,49403,369.5485760545454,41,64,5,0,16,88,6,0,14,1,95
2011-08-10 11:49:29,Normal,101,1,102,859154,3737,3366598,3577,446.09588903921565,39,58,5,0,10,89,3,0,17,3,82
2011-08-10 11:49:30,Normal,103,0,103,1482721,16618,3323763,25690,708.8358079999999,42,57,4,0,17,84,2,0,12,5,86
2011-08-10 11:49:31,Normal,107,0,107,1252519,16235,3847486,2693,537.8400717570094,45,49,13,0,7,93,6,1,17,2,87
2011-08-10 11:49:32,Normal,95,3,98,1014593,3735,3688478,44635,539.3179241632654,34,57,7,0,13,82,3,0,12,2,84
2011-08-10 11:49:33,Attack,91,0,94,1070291,9492,3033151,4061,328.94606580851064,35,50,9,0,8,79,7,0,18,2,74
2011-08-10 11:49:34,Attack,105,3,110,928195,18107,3601885,64231,560.5952642,44,55,11,0,12,95,2,1,21,2,87
2011-08-10 11:49:35,Normal,126,0,126,1131333,17838,3917297,15633,542.1964519761904,46,75,5,0,9,98,19,0,29,3,94
2011-08-10 11:49:36,Normal,110,0,110,940495,4036,3386714,4330,489.47327578181824,36,64,10,0,22,74,14,0,38,1,71
2011-08-10 11:49:37,Attack,124,0,125,1120044,17185,4917926,38045,373.05082890400007,30,88,7,0,13,103,9,0,17,0,108
2011-08-10 11:49:38,Normal,101,0,101,1299721,15680,3463486,53298,879.2853270495049,47,46,8,0,10,89,2,0,9,3,88
2011-08-10 11:49:39,Normal,128,0,128,1219326,18674,4281931,4005,433.0492493671875,48,72,8,0,13,114,1,0,23,3,102
2011-08-10 11:49:40,Normal,82,0,82,1244521,59990,2733228,2572,594.5039857560977,38,38,6,0,12,66,4,0,7,4,71
2011-08-10 11:49:41,Normal,119,0,119,1428308,17365,3906335,12984,537.608863327731,38,65,16,0,14,95,10,0,21,2,96
2011-08-10 11:49:42,Attack,109,3,113,1365249,47583,3538536,50969,637.3993604070796,48,59,6,0,16,87,10,0,20,4,87
2011-08-10 11:49:43,Attack,112,0,114,1152399,17658,4520489,3186,602.0528014473684,28,78,8,0,21,88,5,0,23,1,90
2011-08-10 11:49:44,Attack,97,0,99,1079948,16330,3448239,53367,717.1484638989898,36,54,9,0,14,75,10,0,24,1,74
2011-08-10 11:49:45,Attack,122,0,123,876403,6240,4323849,54108,573.4091492845529,37,77,9,0,20,91,12,0,27,1,95
2011-08-10 11:49:46,Normal,109,0,109,1191802,3199,2949971,58342,630.181222623853,38,62,9,0,27,78,4,0,29,1,79
2011-08-10 11:49:47,Attack,118,0,122,1005440,4402,4408175,56931,434.317146795082,33,75,14,0,12,102,8,0,19,1,102
2011-08-10 11:49:48,Normal,141,0,141,1120076,18889,5342571,20231,431.49382237588657,38,90,13,0,26,112,3,0,30,3,108
2011-08-10 11:49:49,Normal,103,0,103,960893,17173,3879589,48897,553.3302389805824,37,60,6,0,12,84,7,0,21,2,80
2011-08-10 11:49:50,Normal,129,0,129,1267117,6530,4789946,36123,723.3687901395349,43,79,7,0,8,116,5,0,22,4,103
2011-08-10 11:49:51,Normal,83,1,84,843852,16548,3090534,26513,458.154927654762,27,47,10,0,7,73,4,0,5,1,78
2011-08-10 11:49:52,Normal,90,3,93,893479,8425,3188703,771,652.5155504408601,35,52,6,0,18,72,3,0,17,2,74
2011-08-10 11:49:53,Attack,97,2,101,730603,6893,3426320,54820,550.8081667029703,38,57,6,0,11,87,3,0,19,1,81
2011-08-10 11:49:54,Attack,107,0,108,596295,7276,3816786,52606,356.7034141203704,29,77,2,0,28,72,8,0,41,1,66
2011-08-10 11:49:55,Attack,103,0,105,619927,5630,4429576,39048,560.6855483714286,34,64,7,0,13,86,6,0,21,0,83
2011-08-10 11:49:56,Normal,130,0,130,1251267,6246,4827340,38011,535.6219381384616,50,72,8,0,22,100,8,0,31,3,96
2011-08-10 11:49:57,Normal,111,0,111,1026786,16741,3792003,61083,403.9437301621621,45,62,4,0,9,99,3,0,8,3,100
2011-08-10 11:49:58,Normal,108,0,108,980812,18083,3735810,23535,375.4389863148149,41,58,9,0,16,92,0,0,20,2,86
2011-08-10 11:49:59,Normal,75,3,78,801471,16385,2688767,38535,501.72580982051284,36,33,9,0,10,65,3,0,15,2,61
2011-08-10 11:50:00,Normal,93,0,93,921022,2370,3181577,52707,585.9088894193548,35,48,10,0,11,81,1,0,8,2,83
2011-08-10 11:50:01,Normal,103,0,103,812986,19017,3680387,55635,731.6494859320387,34,59,10,0,8,95,0,0,14,1,88
2011-08-10 11:50:02,Normal,102,3,105,1173113,18198,3910888,40895,778.3839739428571,37,59,9,0,11,89,5,0,10,2,91
2011-08-10 11:50:03,Attack,101,0,108,1166017,16808,3631180,4534,497.36578763888895,34,61,13,0,11,89,8,0,18,3,87
2011-08-10 11:50:04,Attack,74,0,75,1091621,60385,2384513,17956,643.95455524,35,34,6,0,8,64,3,0,13,3,59
2011-08-10 11:50:05,Attack,101,0,103,1090123,16032,3625037,38245,642.9186997572816,37,59,7,0,8,89,6,0,10,1,92
2011-08-10 11:50:06,Normal,86,0,86,1044199,57538,2475292,13622,993.2048590116277,40,38,8,0,8,73,5,0,9,1,76
2011-08-10 11:50:07,Normal,100,0,100,1014069,17027,4078589,51118,569.48858487,40,51,9,0,4,95,1,0,10,2,88
2011-08-10 11:50:08,Normal,114,0,114,997911,23270,3351203,14905,488.91519797368426,43,62,9,0,7,92,15,0,26,2,86
2011-08-10 11:50:09,Attack,92,0,94,1033797,10425,2872985,4854,766.8925698510639,44,44,6,0,14,73,7,0,18,3,73
2011-08-10 11:50:10,Normal,101,0,101,878619,17617,3553480,7075,388.055819089109,34,61,6,0,14,82,5,0,19,3,79
2011-08-10 11:50:11,Normal,103,0,103,1006328,3454,3481673,4801,463.1679244174758,44,47,12,0,5,95,3,0,13,4,86
2011-08-10 11:50:12,Normal,179,3,182,643622,23383,6972099,28704,156.07545687912085,44,131,7,0,37,142,3,0,78,3,101
2011-08-10 11:50:13,Attack,168,0,170,879905,27105,6531514,35169,474.3399983117647,38,119,13,0,32,120,18,0,55,2,113
2011-08-10 11:50:14,Attack,157,16,175,1010547,10686,7609937,42865,367.49980162285715,40,122,13,0,14,149,12,0,36,0,139
2011-08-10 11:50:15,Attack,89,7,98,809141,17374,3722702,51204,536.8169705408163,34,56,8,0,6,78,14,0,23,0,75
2011-08-10 11:50:16,Attack,115,0,116,915940,6204,4358444,55263,441.32649031034487,34,74,8,0,17,94,5,0,18,2,96
2011-08-10 11:50:17,Normal,150,0,150,711461,24036,5851389,17883,283.20161986,40,106,4,0,28,113,9,0,39,2,109
2011-08-10 11:50:18,Normal,274,0,274,719194,31857,12114891,27464,235.6994747372263,29,234,11,0,66,187,21,0,102,0,172
2011-08-10 11:50:19,Normal,264,0,264,828088,27214,12071516,19052,273.52749390530306,44,215,5,0,25,222,17,0,48,1,215
2011-08-10 11:50:20,Normal,147,0,147,771123,8270,6146791,59519,387.60502862585037,32,109,6,0,14,125,8,0,32,1,114
2011-08-10 11:50:21,Normal,249,0,249,880789,16122,9630118,55142,242.20349565863455,36,209,4,0,49,181,18,1,78,2,167
2011-08-10 11:50:22,Normal,252,3,255,980100,12172,11221483,62033,166.65517290588235,28,220,7,0,33,211,11,0,38,2,215
2011-08-10 11:50:23,Normal,288,0,288,1588236,68719,11701806,50927,212.32601865277778,38,243,7,0,62,206,18,2,111,1,175
2011-08-10 11:50:24,Attack,128,0,130,1209235,11470,4809787,12789,418.37716283076924,34,91,5,0,14,110,5,1,18,2,108
2011-08-10 11:50:25,Attack,104,0,107,897165,3422,4179223,62529,533.9675990093458,43,55,9,0,9,94,3,1,17,0,89
2011-08-10 11:50:26,Attack,121,0,125,834293,9191,4981885,61305,373.66329085600006,27,90,8,0,21,93,11,0,32,1,92
2011-08-10 11:50:27,Normal,110,0,110,1000440,17254,3689219,33151,534.5779717454545,47,57,6,0,19,86,4,1,29,3,77
2011-08-10 11:50:28,Attack,99,0,101,1028935,16514,4005730,50788,675.2816617029702,36,60,5,0,21,78,2,0,20,1,80
2011-08-10 11:50:29,Attack,126,0,129,1152254,16600,4734618,24421,506.06330715503873,47,68,14,0,9,119,1,0,17,1,109
2011-08-10 11:50:30,Attack,98,3,102,1111723,2796,3365932,42109,514.121511009804,39,54,9,0,14,86,2,0,17,2,83
2011-08-10 11:50:31,Normal,101,3,104,850819,3312,4071080,57475,551.5752212788461,33,55,16,0,20,83,1,0,19,0,85
2011-08-10 11:50:32,Normal,124,4,128,1133607,19173,4768579,17420,596.8939049296876,39,78,11,0,26,98,4,0,31,0,97
2011-08-10 11:50:33,Normal,129,3,132,1247251,19680,4676329,4726,405.3832288636363,49,72,11,0,29,95,8,0,34,4,93
2011-08-10 11:50:34,Normal,142,3,145,859906,20647,5824522,23874,454.4645982482759,35,99,11,0,12,132,1,0,22,1,122
2011-08-10 11:50:35,Attack,70,6,78,748510,16657,2888615,13982,459.36895567948716,27,44,7,0,14,62,2,0,17,3,58
2011-08-10 11:50:36,Attack,96,0,100,1286290,16280,3107331,52558,568.61300185,33,65,2,0,18,77,5,0,17,3,80
2011-08-10 11:50:37,Attack,109,0,113,1068424,10323,3896718,50480,686.2188936637168,30,73,10,0,27,82,4,0,24,2,86
2011-08-10 11:50:38,Attack,134,0,136,1154199,5001,5059614,53424,536.7549396985294,40,81,15,0,24,111,1,0,29,3,104
2011-08-10 11:50:39,Normal,106,0,106,884224,17227,3932136,49407,651.7989243773585,41,55,10,0,17,88,1,0,23,1,82
2011-08-10 11:50:40,Normal,117,0,117,1081777,18369,3995517,61028,666.7233253076923,38,70,9,0,16,101,0,0,18,1,98
2011-08-10 11:50:41,Normal,105,0,105,914493,16459,4096767,49282,586.2909031523809,42,58,5,0,5,96,4,0,12,1,92
2011-08-10 11:50:42,Normal,90,3,93,782646,17443,3060840,3798,588.0277041182796,39,46,8,0,3,88,2,0,11,3,79
2011-08-10 11:50:43,Normal,112,0,112,1139556,16760,3954414,19546,576.5353254375001,48,62,2,0,11,100,1,0,17,3,92
2011-08-10 11:50:44,Normal,109,0,109,1607455,15157,3551827,17269,778.2845324954129,51,55,3,0,13,94,2,0,8,3,98
2011-08-10 11:50:45,Attack,158,0,159,1225143,6936,6544244,60021,426.2575965220126,31,120,8,0,40,109,10,0,38,4,117
2011-08-10 11:50:46,Attack,117,0,122,1025148,18284,4788844,32329,322.14949102459013,31,83,8,0,30,91,1,0,33,5,84
2011-08-10 11:50:47,Attack,121,0,122,1815474,3332,4214803,49232,486.922658795082,38,74,10,0,26,90,6,0,10,6,105
2011-08-10 11:50:48,Attack,108,0,109,978921,17732,4089066,59674,473.6753431009175,34,66,9,0,12,95,2,0,15,3,91
2011-08-10 11:50:49,Attack,93,0,94,1214420,2508,3301871,2310,558.9731227553191,21,63,10,0,16,74,4,0,9,5,79
2011-08-10 11:50:50,Normal,117,0,117,1711020,36184,4979799,58864,674.1181748034189,42,64,11,0,19,95,3,0,8,3,106
2011-08-10 11:50:51,Attack,107,0,108,1106391,16938,3753564,55415,587.9587369814815,38,59,11,0,24,79,5,0,17,5,86
2011-08-10 11:50:52,Normal,90,3,93,937805,17392,3820069,3296,309.1832060537635,30,56,7,0,16,72,5,0,15,2,76
2011-08-10 11:50:53,Normal,108,0,108,1056370,17840,4317127,31382,396.51413710185193,32,68,8,0,9,98,1,0,7,0,101
2011-08-10 11:50:54,Normal,132,0,132,1349378,30742,4147425,59853,593.8061177196969,37,87,8,0,54,71,7,0,50,2,80
2011-08-10 11:50:55,Normal,121,2,123,1369185,18690,4403509,36922,581.5617674146341,30,87,6,0,28,89,6,0,11,2,109
2011-08-10 11:50:56,Attack,123,0,124,961288,22214,5154915,24238,352.09713108064517,33,85,6,0,30,89,5,0,31,5,88
2011-08-10 11:50:57,Normal,116,0,116,1228920,18554,4184418,34767,438.81649676724146,45,62,9,0,13,100,3,0,11,4,101
2011-08-10 11:50:58,Attack,162,0,167,1862456,7178,6385119,5238,460.73589114371254,46,108,13,0,40,124,3,0,28,5,134
2011-08-10 11:50:59,Attack,247,0,248,1382241,22882,11114040,13879,159.54856050000004,36,201,11,0,25,218,5,0,19,1,228
2011-08-10 11:51:00,Normal,98,3,101,1286639,16293,3570688,15421,529.0357957524752,44,51,6,0,10,85,6,0,5,4,92
2011-08-10 11:51:01,Normal,86,0,86,1214670,65056,3318503,14392,557.3760277906978,36,45,5,0,13,72,1,0,7,3,76
2011-08-10 11:51:02,Normal,114,3,117,1161486,39552,4696522,13362,556.096386,32,74,11,0,18,96,3,0,17,1,99
2011-08-10 11:51:03,Normal,113,0,113,1495258,17411,3515154,45251,728.756240318584,44,62,7,0,21,89,3,0,7,1,105
2011-08-10 11:51:04,Normal,120,0,120,1377920,3842,4530481,65602,607.3447911333334,44,69,7,0,20,98,2,0,9,3,106
2011-08-10 11:51:05,Normal,115,0,115,1540486,16283,4035762,12280,579.921325252174,55,52,8,0,14,97,4,0,4,3,108
2011-08-10 11:51:06,Normal,88,0,88,1441203,35841,2988852,14133,546.0894177159091,34,52,2,0,21,63,4,0,9,2,77
2011-08-10 11:51:07,Attack,101,0,102,968457,16213,3525308,22601,396.1141470686274,41,52,9,0,11,90,1,0,14,2,86
2011-08-10 11:51:08,Attack,135,0,141,1339229,5671,4623834,4300,534.7491789078014,43,89,9,0,20,111,10,0,25,1,115
2011-08-10 11:51:09,Attack,157,0,164,1367149,6320,5964760,38778,365.13904965243904,34,124,6,0,32,127,5,0,28,4,131
2011-08-10 11:51:10,Attack,126,0,127,1264871,5551,4615993,59586,469.54170237795284,43,73,11,0,21,97,9,0,23,4,99
2011-08-10 11:51:11,Normal,106,0,106,1461453,4812,3433548,50909,472.01543090566037,34,63,9,0,20,82,4,0,18,5,83
2011-08-10 11:51:12,Normal,104,3,107,1249329,3320,3946937,36270,569.9989193551403,44,52,11,0,10,93,4,0,5,3,99
2011-08-10 11:51:13,Normal,110,0,110,1437994,16746,3828936,28061,527.1177292636363,37,66,7,0,17,90,3,0,11,3,96
2011-08-10 11:51:14,Normal,140,0,140,2229473,37009,4550891,16525,609.5184176,39,89,12,0,21,110,9,0,7,6,126
2011-08-10 11:51:15,Normal,80,0,80,1019338,15733,2654023,17175,550.0612615625,33,40,7,0,8,72,0,0,5,1,74
2011-08-10 11:51:16,Normal,108,0,108,1240578,15758,3911559,33745,701.5934894999999,47,51,10,0,10,96,2,0,4,4,99
2011-08-10 11:51:17,Attack,114,0,116,1583887,15532,3706720,59026,932.4799412068966,44,63,9,0,25,89,2,0,12,3,100
2011-08-10 11:51:18,Attack,81,0,82,1056783,1245,2375662,50288,518.4959771951219,39,38,5,0,13,66,3,0,13,6,62
2011-08-10 11:51:19,Attack,115,0,117,1012403,61586,4523707,770,497.59635949572646,37,71,9,0,13,104,0,0,12,2,103
2011-08-10 11:51:20,Attack,97,0,98,773893,17001,3676858,48334,443.66700697959175,40,47,11,0,7,89,2,0,11,2,85
2011-08-10 11:51:21,Normal,122,0,122,1334155,12388,4467778,1624,550.7030235655737,53,63,6,0,22,93,4,3,13,1,107
2011-08-10 11:51:22,Normal,109,3,112,1513842,2907,3998330,50573,784.4925681964286,48,58,6,0,17,88,6,1,17,1,93
2011-08-10 11:51:23,Normal,117,0,117,1332053,18764,3976795,33149,652.8355713076921,48,60,9,0,9,95,10,3,14,1,100
2011-08-10 11:51:24,Normal,116,0,116,1442308,16142,3932767,66257,637.687574,47,59,10,0,19,95,1,1,15,3,95
2011-08-10 11:51:25,Normal,90,0,90,1426282,14707,3023088,35896,837.2713835666667,32,48,10,0,19,69,2,0,7,3,79
2011-08-10 11:51:26,Attack,115,0,116,1141887,4427,3716305,4449,647.8322925775863,42,64,10,0,8,95,13,0,17,3,95
2011-08-10 11:51:27,Normal,118,0,118,1316814,3207,4361596,55022,407.88248575423717,41,73,4,0,17,94,7,0,12,2,104
2011-08-10 11:51:28,Normal,119,0,119,707456,19898,5028497,1800,498.01356621008404,24,86,9,0,44,73,2,0,40,2,77
2011-08-10 11:51:29,Attack,106,0,111,1000476,17395,4263161,25083,435.6364897117117,33,72,6,0,16,90,5,0,15,4,92
2011-08-10 11:51:30,Attack,97,3,101,977604,4391,3633869,52087,487.8993452772276,37,54,10,0,7,92,2,0,13,6,81
2011-08-10 11:51:31,Normal,92,0,92,1017408,16713,3086131,20797,743.092865445652,37,40,15,0,9,78,5,0,13,2,77
2011-08-10 11:51:32,Normal,148,3,151,1058504,60317,6670201,14904,319.899336602649,45,100,6,0,10,132,9,0,18,3,129
2011-08-10 11:51:33,Normal,149,0,149,1039723,6979,5929217,5732,551.7143163557048,39,101,9,0,19,122,8,0,27,2,120
2011-08-10 11:51:34,Normal,131,0,131,1032369,18138,4901462,59644,585.5068308625954,41,83,7,0,40,90,1,0,39,2,89
2011-08-10 11:51:35,Normal,129,0,129,1431572,61971,4487107,66076,654.4309423023257,46,74,9,0,24,102,3,0,15,4,109
2011-08-10 11:51:36,Normal,125,0,125,751620,19372,5380131,58470,412.68049134399996,35,79,11,0,30,95,0,0,36,1,88
2011-08-10 11:51:37,Normal,138,0,138,1105814,5387,5734541,47421,519.7616395797102,42,84,12,0,11,125,2,0,11,3,124
2011-08-10 11:51:38,Attack,106,0,109,1239347,3548,3489457,58611,792.7676748623854,41,56,12,0,11,96,2,0,10,5,94
2011-08-10 11:51:39,Attack,118,0,119,1427057,17601,3669810,14013,566.8944050168068,38,72,9,0,15,100,4,0,10,4,103
2011-08-10 11:51:40,Attack,102,0,105,1256525,17904,3856433,65014,709.2499109333336,50,51,4,0,9,93,3,0,15,4,86
2011-08-10 11:51:41,Normal,93,0,93,770851,2454,3561931,42292,536.2299054301076,38,45,10,0,4,88,1,0,8,3,82
2011-08-10 11:51:42,Normal,97,3,100,946176,3173,3534264,51293,603.0014945599999,35,56,9,0,14,82,4,0,13,2,85
2011-08-10 11:51:43,Normal,80,0,80,776281,15030,2746019,48596,899.7515733,44,31,5,0,4,73,3,0,8,1,71
2011-08-10 11:51:44,Normal,111,0,111,818829,17760,4408414,44575,261.93042068468463,35,65,11,0,17,86,8,0,24,3,84
2011-08-10 11:51:45,Normal,165,0,165,1001537,20827,6630146,56234,260.3710368363636,46,109,10,0,42,112,11,0,49,4,112
2011-08-10 11:51:46,Normal,94,0,94,920327,16204,3302170,61354,888.5645255851063,43,40,11,0,5,88,1,0,11,2,79
2011-08-10 11:51:47,Attack,106,0,107,925059,16862,4095705,51215,549.0112510560747,33,67,7,0,15,87,5,0,18,3,86
2011-08-10 11:51:48,Attack,95,0,101,757647,17885,3749269,25201,499.29172729702964,47,46,8,0,9,89,3,0,19,1,81
2011-08-10 11:51:49,Normal,99,0,99,809246,16904,3658891,47421,530.9847562525252,33,57,9,0,15,83,1,0,15,1,83
2011-08-10 11:51:50,Attack,118,0,121,1431977,16696,3357238,3907,518.1744292314049,44,65,12,0,29,88,4,0,25,3,93
2011-08-10 11:51:51,Attack,91,0,96,856498,17439,3010926,12429,705.2918434166668,34,54,8,0,15,76,3,2,15,2,79
2011-08-10 11:51:52,Normal,111,3,114,1017705,37399,4019516,15027,728.3400405701756,46,61,7,0,7,105,2,0,11,2,99
2011-08-10 11:51:53,Normal,94,0,94,1272263,9714,3336241,57480,679.5369711382979,41,42,11,0,10,80,4,0,12,1,78
2011-08-10 11:51:54,Normal,101,0,101,1146966,16948,3896911,21760,376.4542312574258,31,55,15,0,11,84,6,0,17,2,82
2011-08-10 11:51:55,Normal,112,0,112,1104045,17344,4137867,45058,420.79567729464287,54,50,8,0,8,100,4,0,19,4,88
2011-08-10 11:51:56,Attack,94,0,95,1116413,2894,3545854,38054,579.5249733684211,36,45,14,0,6,85,4,0,8,1,84
2011-08-10 11:51:57,Normal,85,0,85,1168188,15727,3249958,53923,594.2972894000001,38,42,5,0,20,63,1,1,8,2,75
2011-08-10 11:51:58,Normal,130,0,130,1290882,18386,5476731,29209,499.4793993230769,40,83,7,0,25,97,8,0,25,0,104
2011-08-10 11:51:59,Attack,117,2,125,1379018,39626,4501558,30542,809.274236408,36,80,9,0,28,88,9,0,29,0,95
2011-08-10 11:52:00,Normal,125,3,128,1349348,4914,5045352,53258,402.77655449218753,35,83,10,0,20,101,7,0,20,1,107
2011-08-10 11:52:01,Attack,109,0,111,897926,18070,3933561,5491,465.54634652252247,38,67,6,0,14,78,19,0,31,0,80
2011-08-10 11:52:02,Normal,209,11,220,1229407,15449,9396457,64489,270.52124292272725,38,172,10,0,78,120,22,0,92,2,125
2011-08-10 11:52:03,Normal,124,0,124,975953,19395,4204381,63058,486.23062778225807,42,71,11,0,15,100,8,1,19,1,103
2011-08-10 11:52:04,Normal,75,0,75,950863,2132,2434376,50800,554.7615214,30,39,6,0,13,61,1,0,9,2,63
2011-08-10 11:52:05,Normal,94,0,94,964810,15373,3785067,48691,432.2322441595745,36,51,7,0,8,85,1,0,5,1,88
2011-08-10 11:52:06,Normal,82,0,82,1323184,43829,3042859,15028,653.3080681585366,34,42,6,0,19,61,2,0,9,2,71
2011-08-10 11:52:07,Normal,187,0,187,1367178,20470,7224119,8689,392.5424830320856,49,136,2,0,33,153,1,0,26,1,158
2011-08-10 11:52:08,Attack,92,0,94,1554833,15565,3175156,22451,909.0595067446808,39,49,6,0,20,69,5,0,8,1,85
2011-08-10 11:52:09,Attack,120,0,124,1863697,17120,4646554,53479,415.20863848387097,40,66,18,0,26,96,2,0,13,4,107
2011-08-10 11:52:10,Normal,121,0,121,1755422,15956,4392688,28231,649.1657013553719,47,64,10,0,21,97,3,0,11,2,107
2011-08-10 11:52:11,Attack,113,0,115,1072533,5368,4344882,3516,513.1293770521739,47,61,7,0,13,97,5,0,16,1,98
2011-08-10 11:52:12,Attack,190,3,195,1548547,20905,6603297,66232,366.44973946153846,41,141,13,0,56,131,8,0,58,2,135
2011-08-10 11:52:13,Normal,144,0,144,1232852,21371,5477800,27520,303.95685426388883,34,99,11,0,38,99,7,0,32,6,106
2011-08-10 11:52:14,Normal,115,0,115,1415525,64253,4645923,32894,335.89365166956526,31,77,7,0,28,85,2,0,11,3,101
2011-08-10 11:52:15,Normal,95,0,95,1360357,16772,3174282,56872,622.9886321578948,46,42,7,0,12,80,3,0,10,4,81
2011-08-10 11:52:16,Normal,100,0,100,1014041,3782,4051525,3056,551.29820621,31,57,12,0,21,77,2,0,12,2,86
2011-08-10 11:52:17,Attack,112,0,114,1732625,16559,3667895,26205,768.4370931666667,42,61,11,0,24,86,4,0,16,5,93
2011-08-10 11:52:18,Attack,135,1,138,1786498,19915,5250641,57463,443.97324055072465,45,79,14,0,28,102,8,0,17,1,119
2011-08-10 11:52:19,Normal,125,0,125,1212310,64262,4779415,13418,456.90152225599996,42,71,12,0,18,106,1,0,15,1,109
2011-08-10 11:52:20,Attack,109,0,110,1324034,15592,3587010,59713,748.4950036454545,39,63,8,0,17,90,3,0,7,5,97
2011-08-10 11:52:21,Normal,111,0,111,1120481,18848,3950668,9666,425.96217976576577,31,79,1,0,17,92,1,1,12,4,94
2011-08-10 11:52:22,Attack,126,3,130,985198,18395,3282751,61908,269.0362354461538,26,97,7,0,9,115,5,1,47,6,76
2011-08-10 11:52:23,Normal,108,0,108,1315328,2199,3629444,58675,621.6959745462963,43,58,7,0,20,84,2,2,14,2,90
2011-08-10 11:52:24,Normal,180,0,180,1593292,62165,7684749,15935,422.8024326833334,37,135,8,0,22,152,6,0,18,6,156
2011-08-10 11:52:25,Normal,96,0,96,1253165,1859,3470862,58790,521.3632771770832,36,54,6,0,17,79,0,0,4,2,90
2011-08-10 11:52:26,Normal,115,0,115,1262193,18262,4247504,45883,456.75664521739134,42,60,13,0,23,87,5,0,19,2,93
2011-08-10 11:52:27,Normal,128,0,128,1419273,39551,4522402,16447,508.2193308906249,36,83,9,0,28,91,9,0,19,4,105
2011-08-10 11:52:28,Normal,105,0,105,1122090,65411,4265759,15164,608.1754063238095,40,58,7,0,24,81,0,0,16,3,86
2011-08-10 11:52:29,Attack,97,0,99,854588,2914,3536726,3575,493.0775579696969,35,56,8,0,15,82,2,0,17,2,80
2011-08-10 11:52:30,Attack,137,0,142,1034358,4703,5519587,35717,494.7060879577466,42,93,7,0,24,114,4,0,31,2,109
2011-08-10 11:52:31,Normal,111,3,114,874853,4212,3946850,37458,630.0444821842106,43,63,8,0,10,100,3,1,14,1,97
2011-08-10 11:52:32,Attack,103,3,109,719580,4826,4072453,61370,421.84665822018343,29,69,11,0,15,90,4,0,21,3,85
2011-08-10 11:52:33,Attack,149,0,158,1531384,7271,5492524,45270,459.0287375822785,36,110,12,0,24,129,5,0,16,5,137
2011-08-10 11:52:34,Normal,112,0,112,981538,6049,4540885,46537,400.1591430535714,40,68,4,0,16,94,2,0,18,4,90
2011-08-10 11:52:35,Normal,127,0,127,845292,4907,4742518,49672,441.5879649842521,41,84,2,0,28,96,3,0,26,0,101
2011-08-10 11:52:36,Normal,233,0,233,977079,16948,10048706,5830,257.68722875965665,37,189,7,0,38,184,11,0,42,2,189
2011-08-10 11:52:37,Normal,97,0,97,909114,24850,3409920,24912,437.90171105154644,39,50,8,0,14,83,0,0,14,1,82
2011-08-10 11:52:38,Normal,109,0,109,1281511,38705,3423067,15084,755.8399986605503,47,46,16,0,10,94,5,0,13,2,94
2011-08-10 11:52:39,Attack,115,0,117,1305987,16176,3836121,50601,908.4108983589744,42,62,13,0,16,93,8,0,16,1,100
2011-08-10 11:52:40,Normal,117,0,117,1138913,17808,4108113,41057,710.3709244786324,52,51,14,0,8,108,1,0,15,3,99
2011-08-10 11:52:41,Attack,127,0,130,853669,19203,4431324,17885,372.3377671,34,87,9,0,32,93,5,0,40,2,87
2011-08-10 11:52:42,Attack,109,3,116,955632,4579,4057337,66392,241.99820789655172,44,65,7,0,16,87,13,0,28,3,85
2011-08-10 11:52:43,Attack,144,0,146,1045834,6216,5040370,38280,433.96297525342464,42,98,6,0,19,115,12,0,29,1,115
2011-08-10 11:52:44,Normal,117,0,117,981446,12056,4292234,32975,649.1818765384616,37,66,14,0,14,96,7,0,17,2,98
2011-08-10 11:52:45,Normal,117,0,117,1026736,4879,4188670,60388,536.1782002307692,42,58,17,0,12,98,7,0,17,2,97
2011-08-10 11:52:46,Normal,193,0,193,1053281,14235,7980840,50815,438.2474368497409,43,139,11,0,13,180,0,0,16,2,175
2011-08-10 11:52:47,Normal,87,0,87,1003233,2964,2915522,44407,667.6889897816092,44,40,3,0,9,77,1,0,8,1,78
2011-08-10 11:52:48,Normal,101,0,101,1085885,3053,3623576,44501,635.9180891584158,44,52,5,0,17,83,1,0,9,2,90
2011-08-10 11:52:49,Normal,134,0,134,953683,15667,5347750,13363,348.61521888805964,37,94,3,0,31,89,14,0,34,0,100
2011-08-10 11:52:50,Attack,274,0,275,893736,15295,11590538,42784,212.16544774545454,33,231,11,0,83,168,24,0,108,5,161
2011-08-10 11:52:51,Attack,172,0,173,1166438,19996,6023662,49757,595.7092846300577,41,127,5,0,33,132,8,0,34,3,136
2011-08-10 11:52:52,Attack,137,3,142,1047603,19364,5124073,55065,448.891339612676,48,86,8,0,30,109,3,0,34,3,105
2011-08-10 11:52:53,Attack,125,0,126,923666,18855,4653639,15978,507.93945588095227,40,76,10,0,13,109,4,0,15,8,103
2011-08-10 11:52:54,Attack,122,0,126,845166,18802,4355787,29629,351.23777225396833,37,82,7,0,39,85,2,0,38,4,84
2011-08-10 11:52:55,Normal,127,0,127,933104,5748,4909536,52449,535.4223686929136,50,69,8,0,18,103,6,0,23,1,103
2011-08-10 11:52:56,Normal,102,0,102,1122364,17514,4089407,49106,623.5146363431372,44,50,8,0,11,89,2,0,10,2,89
2011-08-10 11:52:57,Normal,108,0,108,942410,16421,3935127,26903,447.65690677777786,40,60,8,0,5,100,3,0,6,2,100
2011-08-10 11:52:58,Normal,72,0,72,880681,15650,2438640,48886,1002.7501540972221,37,33,2,0,7,63,2,0,6,0,66
2011-08-10 11:52:59,Normal,219,0,219,942214,9556,10727759,22052,276.9296277397261,46,163,10,0,4,214,0,1,1,1,217
2011-08-10 11:53:00,Normal,112,0,112,905695,17343,4180003,54557,549.5469661428572,41,62,9,0,8,103,1,0,6,1,105
2011-08-10 11:53:01,Normal,143,3,146,1074624,44277,6089806,14134,608.1264798219179,50,85,11,0,18,126,2,0,24,1,121
2011-08-10 11:53:02,Attack,140,3,144,1224387,20127,5531429,18144,381.8762016180556,42,90,12,0,30,104,10,0,40,3,101
2011-08-10 11:53:03,Attack,106,2,114,1083118,17611,3912885,3899,383.7147237368421,41,70,3,0,14,96,4,0,17,2,95
2011-08-10 11:53:04,Attack,101,0,103,1410261,16807,3034796,10594,740.9212933980584,46,50,7,0,15,82,6,0,11,4,88
2011-08-10 11:53:05,Normal,111,0,111,964170,28746,3785795,17218,709.4552753963964,39,60,12,0,17,89,2,3,23,4,84
2011-08-10 11:53:06,Normal,108,0,108,1094637,17392,4040123,26765,521.7075543703704,50,50,8,0,9,98,1,0,14,3,91
2011-08-10 11:53:07,Normal,84,0,84,814774,16363,2992972,22063,589.6415854285716,38,39,7,0,4,80,0,0,8,1,75
2011-08-10 11:53:08,Normal,87,0,87,1100540,16409,3162656,4274,695.7713006666667,47,37,3,0,6,78,3,0,15,3,69
2011-08-10 11:53:09,Normal,121,0,121,1046945,17931,4662048,42956,427.75841625619836,43,70,8,0,11,104,6,0,22,1,98
2011-08-10 11:53:10,Normal,102,0,102,797891,17455,3630649,21881,497.8818141078431,46,48,8,0,6,89,7,0,19,0,83
2011-08-10 11:53:11,Normal,111,1,112,766882,5989,4506870,49394,549.8291326607143,35,68,9,0,8,102,2,0,14,2,95
2011-08-10 11:53:12,Attack,117,3,121,713249,18401,4523832,2086,486.4042440661158,27,89,5,0,18,100,3,0,27,1,93
2011-08-10 11:53:13,Attack,121,0,122,948117,18839,4122142,15729,529.0644921229508,38,83,1,0,21,93,8,0,34,0,88
2011-08-10 11:53:14,Attack,135,0,136,1559867,4921,4546932,61303,605.050995889706,35,92,9,0,26,104,6,0,37,2,96
2011-08-10 11:53:15,Attack,152,0,155,986295,19420,6226990,26624,508.72401099354835,38,112,5,0,29,117,9,0,40,3,112
2011-08-10 11:53:16,Attack,140,1,142,1353164,19605,4706299,59818,645.9301272746479,33,100,9,0,30,103,9,0,34,6,102
2011-08-10 11:53:17,Normal,109,2,111,703146,35857,3858088,10889,402.46333284684687,31,77,3,0,24,84,3,0,31,1,79
2011-08-10 11:53:18,Normal,111,0,111,800565,18546,4160823,9888,426.288959963964,35,71,5,0,25,84,2,0,25,1,85
2011-08-10 11:53:19,Normal,236,0,236,986542,25884,9332242,38033,317.67536340677964,37,193,6,0,70,153,13,0,78,2,156
2011-08-10 11:53:20,Normal,266,0,266,673265,15474,11527527,52020,143.3937937781955,23,236,7,0,108,146,12,0,119,3,144
2011-08-10 11:53:21,Normal,157,0,157,865066,9236,6013841,52017,443.63762829936303,40,107,10,0,33,112,10,2,46,1,109
2011-08-10 11:53:22,Normal,153,3,156,1027071,20563,5427998,32444,513.887272698718,39,104,13,0,29,117,9,1,35,1,119
2011-08-10 11:53:23,Attack,151,0,152,1121708,10501,5041145,44123,432.512512388158,36,107,9,0,19,117,15,1,34,1,116
2011-08-10 11:53:24,Attack,95,0,98,1387684,15288,3556049,54636,872.7824663265307,46,49,3,0,13,79,5,1,10,2,85
2011-08-10 11:53:25,Attack,118,0,123,1045444,7072,3980443,41460,602.485894707317,38,80,5,0,13,102,7,1,18,3,100
2011-08-10 11:53:26,Normal,106,0,106,1031191,17231,3912834,14425,568.5903758584906,38,58,10,0,8,93,5,0,12,3,91
2011-08-10 11:53:27,Normal,93,0,93,600214,16904,3615566,47364,428.3681007419355,35,54,4,0,10,79,4,0,16,1,76
2011-08-10 11:53:28,Normal,158,0,158,1362626,5200,6232408,48743,498.50205155696204,57,94,7,0,33,119,6,0,36,3,118
2011-08-10 11:53:29,Normal,190,0,190,1245714,11167,7478707,51494,520.3633600789474,40,142,8,0,15,168,7,0,19,1,170
2011-08-10 11:53:30,Normal,99,0,99,709299,17628,3863520,3882,350.42614024242425,32,59,8,0,5,87,7,0,12,0,87
2011-08-10 11:53:31,Normal,77,0,77,578489,16522,2794213,13900,557.076068207792,31,35,11,0,2,74,1,0,7,0,70
2011-08-10 11:53:32,Normal,99,6,105,992095,62731,3848661,18422,511.7281974380952,47,51,7,0,8,91,6,0,9,2,94
2011-08-10 11:53:33,Attack,107,0,108,1109864,16896,3765039,34215,411.7599454814815,49,50,9,0,5,101,2,0,9,2,97
2011-08-10 11:53:34,Attack,116,0,117,1001529,5331,4331559,50733,510.6361046666667,37,72,8,0,10,104,3,0,18,2,95
2011-08-10 11:53:35,Attack,108,0,110,720720,5525,4753475,36258,432.9564384090909,30,68,12,0,17,74,19,0,38,2,70
2011-08-10 11:53:36,Attack,121,0,123,871304,19644,5029790,28519,363.342302601626,29,84,10,0,15,103,5,0,14,2,107
2011-08-10 11:53:37,Attack,116,0,118,1036487,4231,4361362,56795,445.79505061864404,32,83,3,0,23,85,10,0,20,1,97
2011-08-10 11:53:38,Normal,156,0,156,1127712,6471,6068166,50805,398.135055673077,49,102,5,0,24,126,6,0,21,0,134
2011-08-10 11:53:39,Normal,106,0,106,1101607,16531,3756792,19532,706.8337582075472,39,57,10,0,15,89,2,0,9,0,97
2011-08-10 11:53:40,Normal,98,0,98,1374258,16378,3066954,57580,1017.7773490000001,34,58,6,0,23,71,4,0,13,1,84
2011-08-10 11:53:41,Normal,84,0,84,706632,17355,3071156,15484,830.1351999404762,33,48,3,0,6,74,4,0,8,1,75
2011-08-10 11:53:42,Normal,100,3,103,649033,17585,3886808,8735,561.5804617087377,37,64,2,0,9,90,4,0,16,1,86
2011-08-10 11:53:43,Normal,87,0,87,891599,1860,3376191,64644,705.4396365402298,44,38,5,0,4,82,1,0,4,1,82
2011-08-10 11:53:44,Normal,99,0,99,978118,15769,3450726,23934,672.0165512626263,36,50,13,0,3,87,9,0,13,1,84
2011-08-10 11:53:45,Attack,109,0,111,1094658,17415,4409778,64165,538.3998160540541,42,62,7,0,16,93,2,0,13,2,96
2011-08-10 11:53:46,Attack,113,0,116,1023907,18220,3934390,62626,700.4792975344828,37,71,8,0,24,88,4,0,24,0,92
2011-08-10 11:53:47,Attack,145,0,146,907934,20916,4351559,37093,497.22754136986293,47,90,9,0,44,91,11,0,56,2,88
2011-08-10 11:53:48,Normal,122,0,122,991589,18817,4747594,42890,468.29842430327864,45,68,9,0,15,105,2,0,19,2,101
2011-08-10 11:53:49,Normal,128,0,128,980528,6366,4960721,53216,634.580256421875,43,76,9,0,33,88,7,0,47,1,79
2011-08-10 11:53:50,Normal,110,0,110,980120,52591,3977000,7628,743.0260162181819,43,59,8,0,11,98,1,0,12,2,96
2011-08-10 11:53:51,Normal,103,0,103,1051190,17372,3659506,34519,689.9971387572815,39,56,8,0,13,89,1,0,10,1,92
2011-08-10 11:53:52,Normal,93,3,96,1227229,1425,3369888,54002,747.0117074895834,42,47,7,0,19,74,3,0,13,1,82
2011-08-10 11:53:53,Normal,110,0,110,1066999,17317,3581719,14599,792.0912027636361,44,64,2,0,12,94,4,0,9,1,100
2011-08-10 11:53:54,Attack,97,0,98,1176500,16535,3529935,46062,978.8301840612246,55,34,9,0,9,87,2,0,9,2,87
2011-08-10 11:53:55,Normal,104,0,104,894531,62084,3796088,58051,653.405663625,46,44,14,0,9,94,1,0,12,2,89
2011-08-10 11:53:56,Attack,129,0,130,1215681,17670,5219316,40240,587.1201827461539,38,83,9,0,21,109,0,0,18,4,108
2011-08-10 11:53:57,Attack,137,0,143,1393981,12406,5469303,5133,509.134876034965,45,92,6,0,18,102,23,0,39,6,98
2011-08-10 11:53:58,Attack,170,11,182,1603758,21670,7339698,30135,350.0227272527473,41,131,10,0,14,158,10,0,19,13,150
2011-08-10 11:53:59,Normal,143,5,148,1087548,27218,6271560,5954,364.05281339864865,43,97,8,0,24,118,6,0,33,6,107
2011-08-10 11:54:00,Normal,98,0,98,1143725,17038,3602227,66782,743.6584975102041,33,50,15,0,9,84,5,0,13,6,79
2011-08-10 11:54:01,Normal,127,0,127,1271528,18774,4332890,66617,738.3201558188979,57,64,6,0,18,108,1,0,13,2,112
2011-08-10 11:54:02,Normal,126,6,132,1144412,19032,4785693,4933,657.5639570000001,46,78,8,0,10,116,6,0,17,1,114
2011-08-10 11:54:03,Normal,90,0,90,784363,16885,3491567,33196,602.9137392888889,30,49,11,0,10,78,2,0,10,0,80
2011-08-10 11:54:04,Normal,105,0,105,946400,3922,4029391,52712,534.0379329714285,36,59,10,0,12,92,1,0,10,4,91
2011-08-10 11:54:05,Normal,80,0,80,957843,14799,2599503,62905,623.8274648624999,36,38,6,0,10,68,2,0,9,5,66
2011-08-10 11:54:06,Attack,119,0,120,1432792,2567,3929621,43151,518.1883279583333,39,73,8,0,22,95,3,0,15,4,101
2011-08-10 11:54:07,Attack,125,2,131,1591113,36378,4337282,16446,769.7627735267176,51,73,7,0,23,102,6,0,11,5,115
2011-08-10 11:54:08,Attack,110,0,112,1032275,16983,3631802,51715,672.0125201339285,46,61,5,0,11,97,4,0,14,2,96
2011-08-10 11:54:09,Normal,131,0,131,857825,18512,5312012,57343,450.1584225267176,46,80,5,0,8,119,4,0,16,1,114
2011-08-10 11:54:10,Normal,127,0,127,1345822,17588,4534463,14431,693.2151993858268,42,70,15,0,20,100,7,0,19,0,108
2011-08-10 11:54:11,Normal,90,0,90,1127810,20790,2980095,8399,521.7661685888888,33,50,7,0,9,77,4,0,5,3,82
2011-08-10 11:54:12,Normal,123,3,126,900168,17618,4794120,19242,391.65138618253974,32,84,10,0,25,92,9,0,30,1,95
2011-08-10 11:54:13,Normal,141,0,141,1137505,6821,4471052,4152,341.9883888510638,30,106,5,0,53,84,4,0,52,3,85
2011-08-10 11:54:14,Normal,148,0,148,966884,7191,5007503,38120,543.2700274459461,35,104,9,0,32,116,0,0,30,3,115
2011-08-10 11:54:15,Normal,167,0,167,1010905,22909,4710305,25920,484.0191790778443,42,120,5,0,41,109,17,0,56,0,110
2011-08-10 11:54:16,Normal,108,0,108,990683,17466,4291143,64919,526.517291824074,31,70,7,0,15,89,3,1,13,0,95
2011-08-10 11:54:17,Attack,151,0,152,1159376,19998,6102235,63611,571.9171122763158,43,98,11,0,21,123,8,0,30,0,121
2011-08-10 11:54:18,Attack,98,0,102,906990,17050,3701469,11994,411.0903191960785,34,58,10,0,15,84,3,0,13,0,89
2011-08-10 11:54:19,Attack,120,0,122,1311630,5266,4210902,27894,675.5566323770491,51,66,5,0,18,97,7,0,18,3,101
2011-08-10 11:54:20,Attack,112,0,113,671490,3490,4423375,54871,482.4495052035398,37,68,8,0,14,95,4,0,19,0,94
2011-08-10 11:54:21,Normal,95,0,95,825903,2415,3429464,47004,487.5758046105264,39,49,7,0,11,83,0,1,12,0,82
2011-08-10 11:54:22,Normal,101,3,104,894766,16527,3682325,24094,546.4780295865385,41,59,4,0,10,89,2,3,10,1,90
2011-08-10 11:54:23,Normal,164,0,164,826176,22211,6049031,49463,389.58119700609757,43,115,6,0,37,122,5,0,39,1,124
2011-08-10 11:54:24,Normal,128,0,128,968462,18216,5073396,63528,519.6767250468749,33,89,6,0,17,101,10,0,25,1,102
2011-08-10 11:54:25,Normal,118,0,118,1131804,16832,4380539,14905,537.1181052457628,47,63,8,0,16,97,5,0,18,2,98
2011-08-10 11:54:26,Normal,90,0,90,960522,2409,3055891,58046,676.3855913999998,38,49,3,0,19,70,1,0,16,0,73
2011-08-10 11:54:27,Attack,101,0,102,1179950,16081,3664758,59438,570.2870059215686,45,47,10,0,12,88,2,0,12,3,87
2011-08-10 11:54:28,Attack,133,0,135,1308987,6771,4812847,52719,678.1539529703704,44,82,9,0,23,98,14,0,31,1,103
2011-08-10 11:54:29,Attack,121,0,125,1205320,18332,4302625,32820,402.88080715999996,48,73,4,0,14,107,4,0,11,1,113
2011-08-10 11:54:30,Normal,82,0,82,730446,15520,2980858,32833,716.8711651463416,39,36,7,0,1,81,0,0,4,0,78
2011-08-10 11:54:31,Normal,82,0,82,878338,15420,3086423,35605,907.733095085366,40,34,8,0,12,68,2,0,16,2,63
2011-08-10 11:54:32,Normal,126,6,132,1320424,17825,4665325,54934,619.5058558409091,47,75,10,0,20,107,5,0,23,1,108
2011-08-10 11:54:33,Normal,124,0,124,975027,5174,4670074,40081,483.6662877258064,37,80,7,0,13,108,3,0,18,3,103
2011-08-10 11:54:34,Normal,104,3,107,678328,17904,4499573,13908,320.377206457944,32,70,5,0,13,93,1,0,18,2,86
2011-08-10 11:54:35,Normal,117,0,117,1114492,53657,4627253,50951,658.9343085384613,51,51,15,0,15,98,4,0,20,1,96
2011-08-10 11:54:36,Normal,92,0,92,862892,1964,3435814,57631,717.931132402174,37,46,9,0,7,81,4,0,11,0,81
2011-08-10 11:54:37,Normal,180,0,180,1455958,7377,5440091,59797,633.4251609111111,50,123,7,0,42,120,18,0,53,2,125
2011-08-10 11:54:38,Attack,147,0,148,1094063,5540,5490479,3725,528.9345075675676,36,96,16,0,30,106,12,0,40,2,106
2011-08-10 11:54:39,Attack,129,0,133,935504,4852,5164987,58130,427.9971701203007,43,80,10,0,20,105,8,0,33,1,99
2011-08-10 11:54:40,Attack,95,0,97,1285920,2009,3315714,59805,946.2168080618557,44,47,6,0,17,75,5,0,14,2,81
2011-08-10 11:54:41,Attack,98,0,100,1033906,17139,3601359,13454,682.38841937,37,56,7,0,13,85,2,0,7,2,91
2011-08-10 11:54:42,Attack,86,3,91,880499,15071,3266614,23844,495.4989110879121,32,50,9,0,11,77,3,0,13,1,77
2011-08-10 11:54:43,Normal,109,0,109,819081,16581,4230368,41888,527.2254313577981,42,58,9,0,19,90,0,0,21,1,87
2011-08-10 11:54:44,Normal,153,0,153,763637,21048,5072390,21867,382.1897694117647,44,106,3,0,31,105,17,0,49,0,104
2011-08-10 11:54:45,Normal,102,0,102,1024270,16034,3786805,36988,586.2397381568627,49,45,8,0,3,96,3,0,7,0,95
2011-08-10 11:54:46,Normal,112,0,112,1102788,17412,4220742,47434,682.1791167946429,51,48,13,0,16,93,3,0,26,0,86
2011-08-10 11:54:47,Normal,122,0,122,1162678,4592,4564461,49293,593.8622334672132,44,70,8,0,13,104,5,0,16,3,103
2011-08-10 11:54:48,Normal,129,0,129,1045737,18721,4918260,48032,531.5360531162792,55,68,6,0,18,105,6,0,29,2,98
2011-08-10 11:54:49,Normal,100,0,100,671975,17882,3295186,12568,581.56963917,29,65,6,0,24,74,2,0,25,1,74
2011-08-10 11:54:50,Attack,112,0,118,1093570,12105,4009266,48880,584.8188332203391,45,56,17,0,8,102,8,0,16,0,102
2011-08-10 11:54:51,Normal,104,0,104,1304631,17958,4039843,42845,453.7666689423077,41,53,10,0,7,90,7,0,15,5,84
2011-08-10 11:54:52,Attack,85,3,90,1037936,2291,3094196,3251,659.1007028777777,44,39,7,0,9,77,4,0,16,0,74
2011-08-10 11:54:53,Normal,96,0,96,1091895,15840,3745261,12844,596.0065005104167,49,40,7,0,7,87,2,0,7,2,87
2011-08-10 11:54:54,Normal,98,0,98,847438,15797,3658098,19722,610.0624014489796,40,47,11,0,10,87,1,0,10,0,88
2011-08-10 11:54:55,Normal,122,0,122,1111235,17070,4870060,30052,568.9730202213115,44,66,12,0,9,105,8,0,19,1,102
2011-08-10 11:54:56,Normal,119,0,119,898636,55311,4784584,13603,421.0621773361344,35,77,7,0,11,105,3,0,16,0,103
2011-08-10 11:54:57,Normal,113,0,113,527164,18865,5191408,6867,299.23182469911507,34,75,4,0,24,84,5,0,32,0,81
2011-08-10 11:54:58,Normal,161,0,161,973163,6465,7368215,59184,478.76054627950305,41,106,14,0,17,141,3,0,20,1,138
2011-08-10 11:54:59,Attack,196,0,197,1098104,8808,9252924,62092,282.2059615685279,36,155,6,0,23,171,3,0,21,2,174
2011-08-10 11:55:00,Attack,140,0,141,1253523,6009,5596649,37847,485.89980434042553,44,85,12,0,16,122,3,0,14,1,126
2011-08-10 11:55:01,Attack,86,0,88,648312,17393,3023539,20991,398.90018617045445,36,47,5,0,7,80,1,0,8,1,79
2011-08-10 11:55:02,Attack,116,3,124,1277139,19963,4344490,43585,471.6806514435484,42,75,7,0,23,96,5,0,26,7,91
2011-08-10 11:55:03,Attack,151,3,156,1296671,65809,6172568,30810,397.8267834615384,44,102,10,0,23,121,12,0,30,8,118
2011-08-10 11:55:04,Normal,159,0,159,1051487,21409,6892371,25295,415.06115993081755,36,117,6,0,39,110,10,0,45,3,111
2011-08-10 11:55:05,Normal,177,0,177,929570,8220,7498323,66273,424.0212578474576,44,126,7,0,16,151,10,0,26,1,149
2011-08-10 11:55:06,Normal,114,1,115,1050821,4852,4717648,58893,414.3470380173913,35,69,11,0,11,93,11,0,20,0,95
2011-08-10 11:55:07,Normal,93,0,93,1232172,15871,3283492,40806,666.4953228709677,39,48,6,0,22,69,2,0,18,2,73
2011-08-10 11:55:08,Normal,129,0,129,1109789,5734,4498476,62899,543.3469682093024,45,76,8,0,31,89,9,0,35,3,91
2011-08-10 11:55:09,Normal,121,0,121,1119883,11692,4387931,13522,734.990265570248,49,65,7,0,12,106,3,0,16,2,103
2011-08-10 11:55:10,Normal,244,0,244,1050668,25358,8370811,53120,422.80973283606556,45,197,2,0,48,166,30,0,81,3,160
2011-08-10 11:55:11,Attack,110,0,116,797440,17431,3968101,50643,472.8726813879311,31,78,7,0,18,88,10,0,27,3,86
2011-08-10 11:55:12,Attack,81,3,90,929696,15265,3156231,48601,799.2325518333333,35,48,7,0,9,74,7,0,12,1,77
2011-08-10 11:55:13,Normal,99,0,99,705211,16930,4107518,16780,522.0389917777777,36,61,2,0,4,88,7,0,10,2,87
2011-08-10 11:55:14,Normal,141,0,141,746500,6469,4796166,36027,444.43959767375884,37,101,3,0,55,71,15,0,64,1,76
2011-08-10 11:55:15,Normal,150,0,150,1110349,12650,5223998,48893,317.3031980133333,47,98,5,0,31,111,8,0,37,1,112
2011-08-10 11:55:16,Normal,80,0,80,938392,15279,2632636,43514,665.0361520875,34,35,11,0,9,69,2,0,6,1,73
2011-08-10 11:55:17,Normal,90,0,90,823621,16598,3135602,17164,767.6082536444445,36,44,10,0,10,77,3,0,7,0,83
2011-08-10 11:55:18,Normal,171,0,171,1167364,8121,7125472,61760,314.1311010467836,34,134,3,0,52,114,5,0,56,8,107
2011-08-10 11:55:19,Normal,118,0,118,1008477,15377,4533038,14214,631.4633199237289,35,76,7,0,11,103,4,0,14,1,103
2011-08-10 11:55:20,Normal,115,0,115,1168183,17524,4096421,4439,568.979067026087,47,58,10,0,13,102,0,0,15,3,96
2011-08-10 11:55:21,Normal,94,0,94,789771,37563,3481062,15676,501.1870142446809,35,50,9,0,4,88,2,0,10,3,81
2011-08-10 11:55:22,Attack,105,3,110,856378,17239,4018874,39184,704.4074350636364,38,61,11,0,14,91,3,2,17,1,90
2011-08-10 11:55:23,Attack,151,0,155,1144655,21842,6481099,11419,285.7589030193548,40,109,6,0,20,125,9,1,19,3,132
2011-08-10 11:55:24,Attack,133,0,139,774753,5876,5933217,34940,463.85377848920865,37,97,5,0,9,127,2,1,8,0,130
2011-08-10 11:55:25,Normal,105,0,105,812368,4209,3803647,49158,570.7173480761904,42,60,3,0,6,97,1,1,6,2,96
2011-08-10 11:55:26,Normal,70,0,70,785239,15931,2411073,15728,686.4759297857145,43,22,5,0,2,66,2,0,5,0,65
2011-08-10 11:55:27,Normal,102,0,102,788986,7230,4223218,53374,439.65181603921565,35,55,12,0,1,99,2,0,7,2,92
2011-08-10 11:55:28,Normal,102,2,104,967322,3773,3934394,61248,664.5931716826922,44,49,11,0,8,88,7,1,19,0,84
2011-08-10 11:55:29,Normal,81,0,81,999976,1645,2659594,54205,707.1407770370371,45,28,8,0,8,72,1,0,5,3,73
2011-08-10 11:55:30,Normal,134,0,134,1123603,4569,4981447,2048,516.2221536641791,42,83,9,0,13,116,5,0,14,0,120
2011-08-10 11:55:31,Attack,117,0,118,803389,4138,4703567,54936,406.05342539830514,38,72,8,0,11,105,2,0,9,1,108
2011-08-10 11:55:32,Attack,106,3,114,1189603,22517,4125846,37567,607.7436737105264,38,71,5,0,22,84,8,0,31,2,81
2011-08-10 11:55:33,Attack,139,3,145,802665,6153,6039319,64844,292.2781726827586,34,99,12,0,30,107,8,0,39,1,105
2011-08-10 11:55:34,Normal,97,0,97,1111897,4254,3257320,62570,678.9188924536082,45,41,11,0,13,81,3,0,17,4,76
2011-08-10 11:55:35,Normal,110,0,110,1168089,24678,3910535,14134,903.1727440090909,40,62,8,0,21,89,0,0,14,1,93
2011-08-10 11:55:36,Normal,141,0,141,820410,65643,5599345,7913,388.45506723404253,32,102,7,0,2,134,5,0,11,2,128
2011-08-10 11:55:37,Normal,98,0,98,932050,34121,3723063,13363,727.651606244898,40,53,5,0,6,89,3,0,15,0,83
2011-08-10 11:55:38,Normal,113,0,113,1148595,16439,4424917,9606,735.7934683982302,45,56,12,0,23,89,1,0,23,1,89
2011-08-10 11:55:39,Normal,136,0,136,1061988,4206,5303358,50979,631.6534932720589,53,70,13,0,10,126,0,0,20,1,115
2011-08-10 11:55:40,Normal,119,0,119,1187938,4998,4458626,38158,624.1070661008404,32,78,9,0,16,102,1,0,10,2,107
2011-08-10 11:55:41,Normal,118,0,118,962442,11074,4799602,11843,541.6855684406779,31,79,8,0,17,98,3,0,21,0,97
2011-08-10 11:55:42,Attack,102,3,106,1158305,16305,3905796,11368,763.0302339245283,40,57,9,0,19,79,7,1,21,1,83
2011-08-10 11:55:43,Attack,120,0,122,1152727,17320,4576187,61471,626.2201604672131,43,68,11,0,13,98,10,1,24,2,95
2011-08-10 11:55:44,Attack,104,0,107,1199834,7254,3945019,5261,659.4528542897195,39,58,10,0,14,85,8,0,20,4,83
2011-08-10 11:55:45,Attack,87,0,88,1127282,3024,3030796,54283,603.1713549886364,37,43,8,0,8,74,6,0,10,2,76
2011-08-10 11:55:46,Normal,103,0,103,1192492,16413,3412714,43823,613.1271696019418,32,66,5,0,12,88,3,0,9,4,90
2011-08-10 11:55:47,Normal,110,0,110,1051983,10126,3877032,14904,472.99171431818183,38,66,6,0,24,82,4,0,22,3,85
2011-08-10 11:55:48,Normal,96,0,96,1108500,18493,3239116,13622,751.6946868229167,39,51,6,0,24,68,4,0,25,1,70
2011-08-10 11:55:49,Normal,92,0,92,928451,10084,3271977,7911,978.8434527826087,33,48,11,0,9,81,2,0,8,2,82
2011-08-10 11:55:50,Normal,92,0,92,787734,9127,3408601,6881,531.5393399782608,36,48,8,0,7,83,2,0,8,0,84
2011-08-10 11:55:51,Normal,93,0,93,671947,10278,3596569,6881,532.0859760107527,39,51,3,0,5,87,1,0,8,0,85
2011-08-10 11:55:52,Attack,79,3,84,1002744,1554,2745540,39231,621.4200490119047,39,35,10,0,7,75,2,0,11,3,70
2011-08-10 11:55:53,Attack,129,0,134,1387327,17683,4592214,20352,466.8809078656716,43,81,10,0,19,109,6,0,22,3,109
2011-08-10 11:55:54,Attack,96,0,97,1037691,16973,3917264,32929,355.3215194536083,28,61,8,0,20,74,3,0,11,1,85
2011-08-10 11:55:55,Normal,79,0,79,934659,14557,2478159,53992,626.8514184430378,38,34,7,0,10,68,1,0,10,1,67
2011-08-10 11:55:56,Normal,87,0,87,1038958,15817,2963805,35869,935.8002072298852,37,42,8,0,14,70,3,0,13,2,72
2011-08-10 11:55:57,Normal,96,0,96,917305,2726,3583972,55002,585.6613891354167,38,53,5,0,6,90,0,0,8,2,86
2011-08-10 11:55:58,Normal,105,0,105,1135760,17029,3535182,55779,703.9000788666667,41,57,7,0,16,86,3,0,14,4,87
2011-08-10 11:55:59,Normal,116,0,116,1143302,18196,4482963,15532,610.9116765258619,42,64,10,0,30,81,5,0,35,3,77
2011-08-10 11:56:00,Normal,131,0,131,1181628,18237,5168293,42638,887.0271779770992,61,64,6,0,5,123,3,0,8,4,118
2011-08-10 11:56:01,Normal,119,0,119,917190,65096,4803607,13369,550.290969352941,46,64,9,0,21,96,2,0,25,0,94
2011-08-10 11:56:02,Attack,148,3,155,1323837,20700,6065284,55725,494.2430864258064,34,114,7,0,56,91,8,0,55,4,95
2011-08-10 11:56:03,Attack,98,0,99,916559,10933,3896090,7913,531.2606097878788,35,52,12,0,7,90,2,0,13,2,84
2011-08-10 11:56:04,Attack,84,3,88,882048,10604,2935446,7652,857.4452997045454,43,41,4,0,10,74,4,0,8,1,79
2011-08-10 11:56:05,Attack,109,0,111,1383009,17051,3844826,54443,716.224628891892,49,53,9,0,15,94,2,0,18,4,89
2011-08-10 11:56:06,Attack,146,0,150,1454705,5659,5180552,52144,496.7040311133334,63,76,11,0,5,134,8,3,17,3,130
2011-08-10 11:56:07,Normal,85,0,85,1109350,45252,2736632,14133,882.300982647059,36,39,10,0,13,69,3,0,11,2,72
2011-08-10 11:56:08,Normal,113,0,113,1237780,4561,4065734,52137,473.5864385840708,47,61,5,0,11,94,8,0,18,2,92
2011-08-10 11:56:09,Attack,161,0,162,1297756,21180,6530504,40764,374.30582995679015,45,109,8,0,35,126,1,0,33,4,125
2011-08-10 11:56:10,Normal,119,0,119,759070,13136,4324703,9963,231.25732745378147,34,77,8,0,12,100,7,0,23,6,90
2011-08-10 11:56:11,Normal,111,0,111,813065,18174,3932449,17192,512.159058918919,39,67,5,0,15,92,4,0,19,3,89
2011-08-10 11:56:12,Attack,249,3,253,1388822,12673,11624341,69580,200.86627283399207,45,198,10,0,54,182,17,0,76,15,162
2011-08-10 11:56:13,Attack,150,0,155,1189019,7802,5359938,59016,357.59056692903226,42,104,9,0,37,106,12,0,51,8,96
2011-08-10 11:56:14,Attack,99,0,102,962444,17578,3715073,37043,595.8522866568627,40,59,3,0,11,84,7,0,16,2,84
2011-08-10 11:56:15,Attack,88,0,89,1039272,62022,2868823,31888,574.0931416516854,43,38,8,0,14,73,2,0,15,1,73
2011-08-10 11:56:16,Normal,125,1,126,1170608,10949,4456214,8202,482.59822226984124,31,89,6,0,18,100,8,0,17,4,104
2011-08-10 11:56:17,Normal,79,0,79,845112,2657,2768922,49918,636.1256315696203,35,39,5,0,7,69,3,0,12,2,65
2011-08-10 11:56:18,Normal,100,0,100,1033347,9998,3397532,7652,895.6390796699999,44,48,8,0,15,83,2,0,10,1,89
2011-08-10 11:56:19,Normal,118,0,118,879634,23114,4669845,50802,589.327078279661,35,79,4,0,28,84,6,0,28,1,88
2011-08-10 11:56:20,Normal,84,0,84,903047,2472,2691803,52901,646.8745217976191,49,31,4,0,3,77,4,0,8,1,75
2011-08-10 11:56:21,Normal,98,0,98,912619,16009,3681246,53788,585.944447744898,40,47,11,0,5,92,1,0,3,1,94
2011-08-10 11:56:22,Normal,106,3,109,839837,18423,4336609,63583,572.5904512477064,39,65,5,0,14,90,4,1,14,2,92
2011-08-10 11:56:23,Attack,179,0,181,1119136,15098,6121028,9450,396.39838791160224,44,124,13,0,27,119,33,2,55,5,119
2011-08-10 11:56:24,Attack,101,0,102,1021760,16844,3564151,13907,761.6103949215686,40,55,7,0,17,82,3,0,17,1,84
2011-08-10 11:56:25,Normal,85,0,85,811763,16578,3176308,42278,653.1542517294117,34,41,10,0,8,71,6,0,16,1,68
2011-08-10 11:56:26,Attack,136,0,138,1516961,4961,4674273,65035,491.7982571521739,53,78,7,0,20,114,4,0,26,4,108
2011-08-10 11:56:27,Attack,107,0,113,1310421,10630,3728910,6887,654.4371832123893,31,75,7,0,28,77,7,1,26,2,84
2011-08-10 11:56:28,Normal,103,0,103,1120723,17525,3886279,33294,484.5259989708738,35,62,6,0,10,80,13,0,19,3,81
2011-08-10 11:56:29,Normal,92,0,92,1002969,16164,3226144,50088,679.8575197608695,36,40,16,0,12,76,4,0,18,3,71
2011-08-10 11:56:30,Normal,120,0,120,967434,18469,4126967,50144,463.4461206999999,35,76,9,0,22,85,13,0,33,3,84
2011-08-10 11:56:31,Normal,80,0,80,866957,9389,2703001,6881,784.8154493,36,35,9,0,9,66,5,0,16,0,64
2011-08-10 11:56:32,Normal,121,3,124,1321914,16824,4493411,34357,672.0531579193548,46,67,11,0,13,106,5,0,13,3,108
2011-08-10 11:56:33,Attack,133,0,134,1065261,18545,5415930,23730,398.9825800298508,47,74,13,0,15,113,6,0,23,0,111
2011-08-10 11:56:34,Attack,83,0,85,839962,3003,2630461,60150,794.6139041294116,45,33,7,0,9,72,4,0,15,2,68
2011-08-10 11:56:35,Attack,103,3,107,788576,11629,4374259,46634,790.3914544392522,45,53,9,0,7,94,6,0,18,0,89
2011-08-10 11:56:36,Attack,100,0,103,1379074,3234,3275216,6071,700.7151298834953,35,58,10,0,15,85,3,0,9,5,89
2011-08-10 11:56:37,Normal,118,0,118,1141285,11527,4679665,42487,433.62786362711864,31,79,8,0,36,75,7,0,37,2,79
2011-08-10 11:56:38,Normal,101,0,101,884197,25283,3648322,42618,699.289028089109,49,41,11,0,7,93,1,0,9,2,90
2011-08-10 11:56:39,Normal,95,0,95,938187,15879,3316181,6620,601.7196821157895,44,37,14,0,10,84,1,0,18,1,76
2011-08-10 11:56:40,Normal,100,0,100,1251801,2575,3280820,10688,460.1443096999999,40,57,3,0,16,81,3,0,7,3,90
2011-08-10 11:56:41,Normal,95,0,95,990290,2948,3393510,54960,769.2099363578948,39,49,7,0,7,86,2,0,4,2,89
2011-08-10 11:56:42,Normal,88,3,91,834970,16136,3279221,55892,489.06014948351657,37,49,5,0,13,74,4,0,14,3,74
2011-08-10 11:56:43,Normal,99,0,99,1117115,16434,3756685,10048,605.4144562929292,45,51,3,0,15,81,3,0,10,3,86
2011-08-10 11:56:44,Normal,104,0,104,820375,3313,3921893,53499,620.1940173557692,34,64,6,0,5,96,3,0,10,2,92
2011-08-10 11:56:45,Attack,105,0,106,836649,17212,4372123,53496,628.082161754717,42,56,8,0,18,86,2,0,28,1,77
2011-08-10 11:56:46,Normal,91,0,91,1103506,2432,3111084,58739,853.0346532637363,41,44,6,0,10,78,3,0,7,3,81
2011-08-10 11:56:47,Attack,118,0,124,1105027,5452,3645493,54489,690.3814983629032,41,75,8,0,11,94,18,1,25,2,96
2011-08-10 11:56:48,Attack,167,2,177,1693908,19766,6200334,17998,678.0017196045197,55,112,10,0,32,137,8,0,28,2,147
2011-08-10 11:56:49,Normal,114,0,114,1525895,3686,3747592,2825,618.2329507543859,55,48,11,0,10,94,10,0,19,3,91
2011-08-10 11:56:50,Normal,88,0,88,1051494,15967,2928893,2344,789.0489551136362,47,33,8,0,2,79,7,0,13,1,74
2011-08-10 11:56:51,Normal,105,0,105,869897,17360,3245673,34527,613.9738122666666,41,57,7,0,6,86,13,0,21,2,82
2011-08-10 11:56:52,Normal,99,3,102,1040526,19021,3482857,56405,569.5774962745098,39,57,6,0,18,83,1,0,20,2,80
2011-08-10 11:56:53,Normal,114,0,114,914633,18055,4213917,33172,365.2635656929824,44,60,10,0,13,100,1,0,15,1,98
2011-08-10 11:56:54,Normal,90,0,90,764344,16817,2968837,62945,633.411357688889,32,50,8,0,18,69,3,0,20,2,67
2011-08-10 11:56:55,Attack,113,0,114,1134673,10263,4124710,6881,637.9000896140351,46,65,3,0,19,94,1,0,16,0,97
2011-08-10 11:56:56,Attack,88,0,90,750956,3330,3571669,57410,471.99762566666664,36,45,9,0,14,72,4,0,22,1,67
2011-08-10 11:56:57,Attack,97,0,101,724799,4852,3768163,52519,562.3580890000001,38,56,7,0,17,77,7,0,23,4,74
2011-08-10 11:56:58,Normal,156,0,156,1559983,18113,5914607,52144,625.6651565000001,52,90,14,0,18,135,3,0,14,3,139
2011-08-10 11:56:59,Normal,216,0,216,925762,9000,10697463,3021,233.0189756481481,39,169,8,0,8,204,4,0,8,2,206
2011-08-10 11:57:00,Normal,198,0,198,1140922,16479,8759549,46071,336.43051823232327,42,147,9,0,33,149,16,0,45,2,151
2011-08-10 11:57:01,Normal,129,0,129,1004690,7296,4954078,59469,513.5632138527131,39,83,7,0,22,105,2,0,22,1,105
2011-08-10 11:57:02,Normal,126,3,129,1176743,18028,4859849,51866,687.6099532015503,56,63,10,0,6,119,4,0,10,3,116
2011-08-10 11:57:03,Normal,123,0,123,1195428,9792,4484701,50649,745.3379978292683,49,63,11,0,22,99,2,0,14,2,107
2011-08-10 11:57:04,Normal,73,0,73,637514,33038,2935802,1030,708.4057512465754,26,37,10,0,10,60,3,0,9,2,61
2011-08-10 11:57:05,Attack,93,3,97,918923,2716,3504492,23613,751.8990836082473,44,44,9,0,5,89,3,0,7,2,88
2011-08-10 11:57:06,Attack,104,0,106,979602,18539,3464026,44103,653.3034249056603,47,43,16,0,4,95,3,4,10,5,91
2011-08-10 11:57:07,Normal,204,0,204,809422,25001,9394040,60032,340.1246788284314,32,167,5,0,71,122,11,0,78,1,124
2011-08-10 11:57:08,Attack,150,0,154,1166353,7856,6336815,62136,556.5619819805194,33,117,4,0,29,118,7,0,28,1,125
2011-08-10 11:57:09,Attack,94,1,97,1052726,15821,3595802,57421,720.9071381752577,41,51,5,0,12,82,3,0,7,1,88
2011-08-10 11:57:10,Normal,128,0,128,1017169,3867,4911077,58358,527.398990796875,49,72,7,0,13,112,3,0,15,0,113
2011-08-10 11:57:11,Normal,99,0,99,965789,16839,3833206,7072,656.7410101515151,33,57,9,0,8,89,2,0,8,1,90
2011-08-10 11:57:12,Normal,98,3,101,1022851,10456,3718540,7775,916.3202662277229,33,57,11,0,9,90,2,0,9,1,90
2011-08-10 11:57:13,Normal,121,0,121,1168306,17735,4404176,65665,784.68011946281,51,63,7,0,11,108,1,1,11,1,107
2011-08-10 11:57:14,Normal,88,0,88,1025933,9274,2959503,53430,718.2612379659091,42,38,8,0,10,77,1,0,10,2,76
2011-08-10 11:57:15,Normal,90,0,90,1112122,1690,3150158,59565,615.2382007444445,40,35,15,0,4,86,0,0,6,2,82
2011-08-10 11:57:16,Normal,105,0,105,1096746,16573,3683433,25823,665.2060870571429,44,54,7,0,14,88,3,0,9,3,93
2011-08-10 11:57:17,Attack,124,0,127,695670,4913,5586139,58577,299.1095919527559,29,91,7,0,24,99,4,0,31,0,96
2011-08-10 11:57:18,Attack,142,0,146,957999,4880,5995299,51691,387.2323665136986,38,99,9,0,20,122,4,0,25,0,120
2011-08-10 11:57:19,Normal,88,0,88,793148,16284,3436862,44926,652.504309090909,40,39,9,0,5,81,2,0,6,1,81
2011-08-10 11:57:20,Normal,86,0,86,1140765,2568,2778333,44800,951.6901080348838,38,37,11,0,12,74,0,0,15,0,71
2011-08-10 11:57:21,Normal,128,0,128,1731623,17381,4268588,61702,632.2652403046875,52,66,10,0,22,102,4,0,10,4,114
2011-08-10 11:57:22,Normal,87,3,90,1053751,14865,3001654,27557,768.4375106444445,42,40,8,0,9,79,1,1,10,2,76
2011-08-10 11:57:23,Normal,114,0,114,1008678,16192,4015306,8078,512.7622264561403,50,58,6,0,8,101,3,2,13,0,99
2011-08-10 11:57:24,Normal,91,0,91,851851,16698,3235755,65073,590.5125826813187,38,49,4,0,11,79,0,1,8,0,80
2011-08-10 11:57:25,Normal,100,0,100,848949,18165,3806011,15537,603.4736786699999,24,67,9,0,28,71,1,0,24,0,75
2011-08-10 11:57:26,Normal,176,0,176,1181237,22745,6835412,13624,427.44217721022727,42,123,11,0,6,165,5,0,15,1,158
2011-08-10 11:57:27,Attack,81,0,83,923217,15053,2934994,3816,715.3142848192773,46,34,3,0,5,71,7,0,10,1,72
2011-08-10 11:57:28,Normal,114,0,114,1369882,2795,3748930,58186,645.4551199035088,50,58,6,0,19,92,2,1,11,4,98
2011-08-10 11:57:29,Attack,122,0,125,1189563,28607,4792804,14905,408.843685424,28,84,13,0,35,89,1,0,30,2,93
2011-08-10 11:57:30,Attack,90,0,92,1089804,2710,2953402,51726,679.9933807391302,45,39,8,0,10,75,7,0,15,1,76
2011-08-10 11:57:31,Normal,127,6,133,914844,20133,5271061,6082,397.0838244661654,44,82,7,0,25,106,2,0,28,4,101
2011-08-10 11:57:32,Normal,197,3,200,1247026,22622,6582270,64843,445.85637696000003,48,139,13,0,19,174,7,0,62,3,135
2011-08-10 11:57:33,Normal,149,0,149,1006290,7002,5659263,2817,508.8839642483221,31,107,11,0,15,126,8,0,29,3,117
2011-08-10 11:57:34,Normal,114,0,114,1148622,3873,4049026,2818,793.5263776842104,34,70,10,0,12,98,4,0,9,3,102
2011-08-10 11:57:35,Normal,117,0,117,936572,19685,4587946,34380,531.8407569316238,41,66,10,0,9,99,9,0,16,2,99
2011-08-10 11:57:36,Normal,107,3,110,1225294,15901,3625382,13588,865.4038349272727,42,59,9,0,17,90,3,0,11,2,97
2011-08-10 11:57:37,Normal,97,0,97,980027,61666,3378993,15166,399.71030985567006,34,59,4,0,19,76,2,0,16,3,78
2011-08-10 11:57:38,Attack,112,0,118,1268472,17104,3943159,39632,662.1225857542372,46,64,8,0,18,97,3,0,17,0,101
2011-08-10 11:57:39,Attack,106,0,109,979134,11027,4183157,51652,514.2105862568808,37,65,7,0,12,96,1,0,15,3,90
2011-08-10 11:57:40,Attack,110,6,117,1281997,17904,4389149,7237,725.3038310000002,44,63,10,0,14,100,3,0,11,2,103
2011-08-10 11:57:41,Normal,207,4,211,1904793,23308,8364299,26428,326.881184985782,36,164,11,0,34,161,16,0,48,22,141
2011-08-10 11:57:42,Normal,107,3,110,1062776,3957,4042286,55636,499.49581929090914,41,65,4,0,9,98,3,0,4,3,102
2011-08-10 11:57:43,Normal,91,0,91,797952,16173,3487880,12475,675.0926458131868,40,44,7,0,9,80,2,0,15,3,73
2011-08-10 11:57:44,Normal,156,0,156,1209800,19678,5682020,28974,479.6142504935898,44,103,9,0,36,108,12,0,48,4,104
2011-08-10 11:57:45,Normal,99,0,99,847260,17017,3513447,33483,379.93864761616163,46,49,4,0,8,89,2,0,14,2,83
2011-08-10 11:57:46,Normal,89,0,89,734899,10199,3633426,8431,373.1282391910113,42,44,3,0,4,83,2,0,10,3,75
2011-08-10 11:57:47,Attack,114,0,115,1308859,16583,4088226,46391,671.4928811913044,42,66,7,0,11,100,4,0,11,1,102
2011-08-10 11:57:48,Attack,92,0,99,914008,3732,3251855,5511,488.52410147474745,25,63,11,0,8,84,7,0,19,2,77
2011-08-10 11:57:49,Normal,125,0,125,1326801,5405,4465091,53100,458.566465024,46,73,6,0,16,107,2,0,19,4,102
2011-08-10 11:57:50,Attack,141,0,144,1057342,54996,6307800,31611,619.888455451389,32,108,4,0,23,110,11,0,22,2,119
2011-08-10 11:57:51,Attack,133,0,140,1323117,3642,5232984,22074,588.8288141499999,54,75,11,0,9,123,8,0,13,1,126
2011-08-10 11:57:52,Normal,105,3,108,731473,3683,4057621,10563,561.2264531296297,37,65,6,0,11,92,5,0,12,1,95
2011-08-10 11:57:53,Normal,124,0,124,1006988,16830,5069577,57267,501.9859117983872,51,69,4,0,4,118,2,0,6,1,117
2011-08-10 11:57:54,Normal,106,0,106,792153,18435,4265689,52256,549.1896796603775,36,58,12,0,6,98,1,1,4,1,101
2011-08-10 11:57:55,Normal,93,0,93,876527,17125,3494929,29084,593.2593942795698,41,49,3,0,10,80,3,0,10,1,82
2011-08-10 11:57:56,Attack,105,0,106,1207962,16009,3697477,61392,649.9963289433963,38,66,2,0,13,91,2,0,10,0,96
2011-08-10 11:57:57,Normal,100,0,100,994685,16561,3626679,49567,663.99938428,46,48,6,0,7,90,3,0,13,2,85
2011-08-10 11:57:58,Normal,115,0,115,1144791,17320,4345115,3539,667.0175963391306,51,59,5,0,8,103,4,0,12,1,102
2011-08-10 11:57:59,Attack,112,0,116,872334,19982,4530954,39731,508.3145026465518,42,66,8,0,9,103,4,0,14,2,100
2011-08-10 11:58:00,Attack,79,0,80,891440,1852,2771055,52347,709.6829338625,35,40,5,0,10,69,1,0,7,2,71
2011-08-10 11:58:01,Normal,94,0,94,860699,16431,3318724,13336,432.18932415957454,33,50,11,0,4,90,0,0,2,4,87
2011-08-10 11:58:02,Normal,90,3,93,669421,4512,3464705,57894,543.7655977526882,31,53,9,0,12,80,1,0,14,4,75
2011-08-10 11:58:03,Normal,84,0,84,747369,4050,2887647,55832,866.7616276785715,32,45,7,0,8,75,1,0,10,3,71
2011-08-10 11:58:04,Normal,106,0,106,1228609,16895,3226905,4006,684.0188953867925,45,48,13,0,8,96,2,0,15,4,87
2011-08-10 11:58:05,Normal,107,0,107,1032316,3303,3605071,56116,682.0827934112151,41,56,10,0,6,100,1,0,16,1,90
2011-08-10 11:58:06,Normal,89,3,92,750012,9607,3457169,6881,642.2625883913043,38,45,9,0,6,82,4,0,10,0,82
2011-08-10 11:58:07,Normal,84,0,84,940071,16655,2959071,22217,920.7685759404762,33,39,12,0,8,75,1,0,7,2,74
2011-08-10 11:58:08,Attack,108,2,111,1083220,16141,3782432,36858,895.9562656576577,45,57,9,0,8,97,6,0,7,0,102
2011-08-10 11:58:09,Attack,97,0,99,1279109,17859,3124133,61420,753.4077724949493,41,52,6,0,22,72,5,0,15,2,81
2011-08-10 11:58:10,Normal,97,0,97,704574,6902,4002874,46705,662.1697278041237,34,57,6,0,7,85,4,1,13,1,83
2011-08-10 11:58:11,Attack,69,4,74,737693,4212,2648209,33776,542.0234347567568,33,33,8,0,4,62,8,0,13,1,59
2011-08-10 11:58:12,Attack,100,5,107,1037840,5023,3964355,40086,600.7138200747662,41,57,9,0,3,97,7,0,15,0,92
2011-08-10 11:58:13,Attack,94,0,95,833974,2700,3406632,35903,516.4236044105263,37,50,8,0,14,77,2,2,17,1,77
2011-08-10 11:58:14,Normal,93,0,93,830792,2669,3472011,53283,830.0011070537633,45,38,10,0,8,85,0,0,11,1,80
2011-08-10 11:58:15,Normal,146,0,146,771242,6677,6536488,38327,408.6400017945206,29,106,11,0,27,116,3,0,33,0,113
2011-08-10 11:58:16,Normal,102,0,102,1257175,16158,3555378,35610,850.879743254902,36,56,10,0,11,90,1,0,2,2,98
2011-08-10 11:58:17,Normal,90,0,90,1469549,15445,2424340,28491,1201.2275852888888,37,46,7,0,18,69,3,0,8,0,82
2011-08-10 11:58:18,Normal,83,0,83,823605,15787,2778322,16523,661.2597638192772,28,44,11,0,5,76,2,0,4,0,79
2011-08-10 11:58:19,Normal,106,0,106,1424103,15867,3672383,26615,907.0260028584905,42,52,12,0,12,87,5,2,9,2,95
2011-08-10 11:58:20,Attack,85,0,87,742395,5268,3451169,45715,525.4772639310345,34,47,6,0,6,74,7,0,13,2,71
2011-08-10 11:58:21,Attack,74,0,76,863928,15224,2710399,46205,763.1769888157895,42,34,0,0,9,65,2,0,6,0,70
2011-08-10 11:58:22,Normal,102,3,105,936939,15695,3671870,1977,644.2186280952379,34,55,16,0,11,90,2,2,11,3,89
2011-08-10 11:58:23,Attack,120,0,121,1372202,16950,4096628,50359,888.5699918677686,48,68,5,0,18,97,6,0,10,1,110
2011-08-10 11:58:24,Normal,165,0,165,1391947,37303,6306078,15675,567.1354607030303,37,115,13,0,47,113,4,1,46,3,115
2011-08-10 11:58:25,Normal,130,0,130,962930,17602,5224167,63843,338.9664102461538,41,81,8,0,7,120,3,0,5,2,123
2011-08-10 11:58:26,Normal,87,0,87,1027613,16850,3156321,28809,849.48088491954,42,42,3,0,12,70,4,1,7,1,78
2011-08-10 11:58:27,Normal,113,0,113,1230393,18159,3810590,40595,657.1510563362832,36,68,9,0,18,92,3,0,12,2,99
2011-08-10 11:58:28,Normal,99,0,99,1427160,15310,3107206,19707,1171.4332708484849,48,46,5,0,17,79,3,0,7,2,90
2011-08-10 11:58:29,Normal,113,0,113,1294839,17761,3727490,17495,655.8566273982299,27,79,7,0,22,86,5,0,17,2,94
2011-08-10 11:58:30,Attack,109,0,113,1238816,62235,3345091,13964,562.5186258584071,45,58,10,0,17,93,0,3,18,2,92
2011-08-10 11:58:31,Normal,88,0,88,832767,15637,3184338,33460,587.3292176590909,41,42,5,0,7,76,3,2,9,0,79
2011-08-10 11:58:32,Attack,85,3,89,835853,2432,3319042,65352,628.8672452921348,38,45,6,0,5,80,4,0,12,0,77
2011-08-10 11:58:33,Attack,77,0,82,848966,8960,2701577,7652,686.7655281463415,34,42,6,0,8,70,4,0,12,1,69
2011-08-10 11:58:34,Attack,113,0,114,1031721,11071,4114930,27974,627.246530754386,31,75,8,0,16,98,0,0,10,1,103
2011-08-10 11:58:35,Normal,190,0,190,1483390,15693,6503948,5428,452.59162918947374,35,145,10,0,44,130,16,0,52,5,133
2011-08-10 11:58:36,Normal,122,3,125,1197492,4613,4787521,36340,623.1146778,50,67,8,0,6,114,5,0,14,2,109
2011-08-10 11:58:37,Normal,134,0,134,1277520,66755,4796855,15265,541.6164712537314,38,86,10,0,21,113,0,0,24,4,106
2011-08-10 11:58:38,Normal,96,0,96,1103754,17134,3179912,2059,623.0577724479167,40,45,11,0,12,82,2,0,12,2,82
2011-08-10 11:58:39,Normal,102,0,102,956438,16892,3883823,24117,507.25992359803917,44,53,5,0,8,92,2,0,11,1,90
2011-08-10 11:58:40,Normal,150,0,150,1185370,21436,6114706,24761,553.99280952,50,97,3,0,10,134,6,0,15,1,134
2011-08-10 11:58:41,Attack,117,0,118,939623,20296,4321525,33608,684.0064223559322,40,61,17,0,11,98,8,1,15,0,103
2011-08-10 11:58:42,Attack,74,3,79,750030,2050,2734312,32817,651.1724259620254,38,32,9,0,7,69,3,0,7,0,72
2011-08-10 11:58:43,Attack,78,0,79,847601,15529,3024869,55058,831.5967320379749,40,26,13,0,5,72,2,0,8,2,69
2011-08-10 11:58:44,Attack,88,0,90,676237,4116,3223883,61803,783.3437945666668,33,44,13,0,6,78,6,0,10,0,80
2011-08-10 11:58:45,Normal,90,0,90,563613,4315,3602242,2822,457.1759386111111,25,55,10,0,6,77,7,0,8,1,81
2011-08-10 11:58:46,Normal,96,0,96,954079,16513,3051003,64190,545.19239084375,45,41,10,0,6,88,1,1,8,1,87
2011-08-10 11:58:47,Normal,98,0,98,1036548,10299,3208879,10374,454.5986800408163,40,50,8,0,10,84,4,0,8,5,85
2011-08-10 11:58:48,Normal,108,0,108,1180882,18701,4116124,45482,601.7072886388888,43,61,4,0,21,80,7,0,25,3,80
2011-08-10 11:58:49,Normal,91,0,91,709574,17350,3395595,28089,328.4289017032967,26,56,9,0,13,77,1,0,14,0,77
2011-08-10 11:58:50,Normal,106,0,106,928348,17370,4093277,36210,556.3685312358491,35,63,8,0,9,95,2,0,10,0,95
2011-08-10 11:58:51,Attack,168,0,169,1081029,7414,6346806,62933,496.084728816568,46,111,12,0,11,147,11,0,16,0,152
2011-08-10 11:58:52,Normal,72,3,75,967691,9112,2222182,6881,985.1870814800003,32,33,10,0,8,66,1,0,10,0,65
2011-08-10 11:58:53,Attack,109,0,113,830878,26979,4151054,57192,501.52669169026547,45,62,6,0,14,97,2,0,24,1,87
2011-08-10 11:58:54,Attack,110,0,114,1376960,16104,3803316,20914,820.2122876929824,43,60,11,0,20,86,8,0,20,3,91
2011-08-10 11:58:55,Attack,109,0,111,1013408,10064,4359174,8560,718.4698036306306,44,58,9,0,15,93,3,0,13,2,96
2011-08-10 11:58:56,Normal,98,0,98,1047351,15506,3350805,63325,853.2248576632653,52,42,4,0,6,90,2,0,7,4,87
2011-08-10 11:58:57,Normal,107,0,107,1270776,16810,3359326,15606,714.5173490186917,37,61,9,0,13,91,3,0,5,1,101
2011-08-10 11:58:58,Normal,132,0,132,1282883,18557,5432257,35423,506.2065966060606,43,86,3,0,22,108,2,0,12,4,116
2011-08-10 11:58:59,Normal,257,0,257,1203183,11777,11984547,57705,360.38345607003896,42,208,7,0,66,188,3,0,58,1,198
2011-08-10 11:59:00,Normal,159,0,159,1244782,4907,6990010,53964,507.78806410062896,46,105,8,0,17,141,1,0,13,2,144
2011-08-10 11:59:01,Normal,129,0,129,1232729,19208,4803242,59398,627.3201037984496,37,82,10,0,23,103,3,0,22,4,103
2011-08-10 11:59:02,Normal,181,3,184,946209,17619,7523939,7652,336.7787665869565,27,148,9,0,28,148,8,0,32,1,151
2011-08-10 11:59:03,Attack,126,0,128,1606717,17831,4029365,39170,977.8103960312501,32,83,13,0,29,94,5,0,18,0,110
2011-08-10 11:59:04,Attack,120,0,121,1418744,17109,4182583,67118,700.139374586777,53,62,6,0,16,98,7,0,13,5,103
2011-08-10 11:59:05,Attack,100,0,101,931748,17182,4042256,43052,688.7300704950494,48,48,5,0,10,83,8,0,18,1,81
2011-08-10 11:59:06,Normal,92,3,95,854014,17083,3506629,11458,393.5402626947368,33,58,4,0,16,73,6,0,17,2,76
2011-08-10 11:59:07,Normal,100,0,100,792243,3586,3664460,39466,449.97646076999996,36,57,7,0,11,87,2,0,13,2,85
2011-08-10 11:59:08,Normal,97,0,97,742211,38890,3859347,49998,565.7819715360826,28,60,9,0,20,77,0,0,20,1,76
2011-08-10 11:59:09,Normal,135,0,135,1123727,5633,5707872,55170,364.0213351481482,39,89,7,0,30,102,3,0,30,3,102
2011-08-10 11:59:10,Normal,96,0,96,991377,16091,3142918,65061,641.0649263854166,40,51,5,0,13,78,5,0,14,1,81
2011-08-10 11:59:11,Normal,66,0,66,714048,15806,2455124,36373,596.3634867424242,29,28,9,0,3,61,2,0,6,2,58
2011-08-10 11:59:12,Attack,103,3,107,862915,7335,3923677,51117,719.5485199813085,42,57,8,0,12,89,6,0,22,2,83
2011-08-10 11:59:13,Attack,78,0,80,738250,17209,2919862,6039,608.4343911999999,32,43,5,0,9,67,4,0,11,0,69
2011-08-10 11:59:14,Attack,100,0,102,1063257,4783,3694555,60789,685.8376181862747,34,56,12,0,11,89,2,0,10,2,89
2011-08-10 11:59:15,Attack,111,0,113,1286671,16545,3671414,5876,550.8247130353982,42,66,5,0,19,89,5,0,12,0,100
2011-08-10 11:59:16,Attack,120,0,122,1134263,19071,4537544,33890,562.6622289344261,43,68,11,0,16,106,0,0,19,1,101
2011-08-10 11:59:17,Normal,101,0,101,948270,9850,3725791,39022,713.1129290297032,42,47,12,0,7,85,8,1,17,2,82
2011-08-10 11:59:18,Normal,106,0,106,1010866,17363,3865452,14914,594.5779452452831,43,56,7,0,9,94,3,0,11,2,92
2011-08-10 11:59:19,Normal,105,1,106,1132328,17676,4139664,42164,707.0870538018868,42,55,9,0,15,86,5,0,14,2,89
2011-08-10 11:59:20,Normal,103,0,103,827597,17134,3830800,17385,290.39528505825245,46,52,5,0,3,97,3,0,15,1,87
2011-08-10 11:59:21,Normal,102,0,102,733833,17656,3892290,30385,585.6194275,34,62,6,0,3,94,4,1,6,0,96
2011-08-10 11:59:22,Normal,100,3,103,1000491,3558,3667500,61408,494.7744838640777,42,55,6,0,11,89,2,1,15,2,85
2011-08-10 11:59:23,Attack,107,0,108,841125,18674,4035199,60053,558.8543853888888,38,66,4,0,13,84,9,2,18,1,87
2011-08-10 11:59:24,Normal,76,0,76,760114,4343,2801201,57685,783.5943201447368,36,33,7,0,8,65,3,0,11,1,64
2011-08-10 11:59:25,Attack,107,0,110,795103,17664,4057396,55626,532.6239383090908,37,66,7,0,9,92,9,0,19,0,91
2011-08-10 11:59:26,Normal,129,0,129,1147787,5177,4961585,52477,516.2192054728683,47,73,9,0,8,116,4,1,11,2,115
2011-08-10 11:59:27,Normal,95,0,95,1200311,17589,3423892,22939,732.1925591473683,56,34,5,0,7,84,3,1,24,1,69
2011-08-10 11:59:28,Normal,110,3,113,988639,18269,4199407,10439,623.4467989115044,35,66,12,0,11,91,11,0,21,2,90
2011-08-10 11:59:29,Normal,92,0,92,879340,15762,3244077,9300,558.2487895326087,41,43,8,0,10,78,4,0,12,1,79
2011-08-10 11:59:30,Normal,111,0,111,1390160,17413,3876034,36318,485.91243554054057,51,59,1,0,18,91,2,0,18,6,86
2011-08-10 11:59:31,Normal,119,0,119,1139306,18841,4680316,35224,540.4190734117647,55,57,7,0,15,103,1,0,17,1,100
2011-08-10 11:59:32,Normal,77,3,80,704870,63902,2388552,10695,742.385984475,30,43,7,0,13,65,2,0,18,1,61
2011-08-10 11:59:33,Attack,116,0,119,1076710,39203,3893483,14904,507.2001678739496,41,69,9,0,18,98,3,0,19,3,97
2011-08-10 11:59:34,Attack,90,3,94,1115048,16301,3020071,52277,722.9052365851064,35,52,7,0,18,72,3,1,17,3,74
2011-08-10 11:59:35,Normal,113,0,113,955648,4653,4328511,59180,668.3748235309733,39,66,8,0,17,91,5,0,23,1,89
2011-08-10 11:59:36,Attack,113,3,119,1056756,5426,4415668,65692,543.465245302521,33,76,10,0,15,100,4,0,12,2,105
2011-08-10 11:59:37,Attack,104,1,106,1091016,15875,3476235,58601,653.3485815849056,43,55,8,0,12,91,3,0,15,2,89
2011-08-10 11:59:38,Normal,135,0,135,1123857,17324,4855545,4641,541.7183947555556,40,83,12,0,15,120,0,0,13,3,119
2011-08-10 11:59:39,Normal,89,0,89,807359,8819,3194263,6881,627.7491032921348,35,43,11,0,7,78,4,0,11,0,78
2011-08-10 11:59:40,Normal,88,16,104,847176,3417,3907204,52855,491.5056330288462,32,60,12,0,10,89,5,0,14,3,87
2011-08-10 11:59:41,Normal,88,0,88,800247,18194,3158349,16844,512.8651775227273,41,43,4,0,11,75,2,0,19,1,68
2011-08-10 11:59:42,Normal,96,3,99,831946,5376,3728007,44092,723.3319440404041,39,52,8,0,8,88,3,0,8,1,90
2011-08-10 11:59:43,Attack,71,0,72,657091,15478,2780416,42380,501.5554184861111,28,36,8,0,11,60,1,0,10,0,62
2011-08-10 11:59:44,Attack,84,0,85,843826,16414,3065523,25429,568.6663094705882,31,46,8,0,10,73,2,0,6,1,78
2011-08-10 11:59:45,Normal,83,0,83,824010,17739,2924478,56543,994.3383055662649,43,32,8,0,10,71,2,0,12,0,71
2011-08-10 11:59:46,Attack,108,0,109,752521,5537,4123681,43624,524.5815436055046,39,66,4,0,24,84,1,0,28,0,81
2011-08-10 11:59:47,Attack,203,0,204,814527,24693,8533306,14997,275.4830432303922,33,161,10,0,15,165,24,0,42,1,161
2011-08-10 11:59:48,Normal,134,0,134,788832,21032,5535615,25505,432.43770735820897,37,90,7,0,16,111,7,0,30,1,103
2011-08-10 11:59:49,Normal,105,0,105,817423,4726,4079596,65071,592.2396122857143,40,57,8,0,29,74,2,0,31,1,73
2011-08-10 11:59:50,Normal,183,0,183,1089803,9409,8141982,50623,445.7979107103825,50,124,9,0,65,114,4,0,70,0,112
2011-08-10 11:59:51,Normal,163,0,163,1317161,8862,6422363,51246,532.2886337607362,42,102,19,0,44,108,11,0,57,2,104
2011-08-10 11:59:52,Normal,120,3,123,1253518,17981,4423160,31683,740.6929319186993,45,63,15,0,16,105,2,0,14,4,104
2011-08-10 11:59:53,Attack,99,0,100,1027797,9385,3308712,2009,569.05041026,45,39,16,0,12,86,2,0,14,2,83
2011-08-10 11:59:54,Attack,89,0,91,957913,36131,3094731,14214,688.0818617582418,37,43,11,0,7,81,3,0,11,1,79
2011-08-10 11:59:55,Attack,89,0,92,1039364,15889,2760022,56951,859.1074191086956,45,33,14,0,8,79,5,0,13,2,77
2011-08-10 11:59:56,Attack,101,0,102,1169265,20455,3339227,13443,666.6440229313724,38,55,9,0,17,81,4,0,9,1,91
2011-08-10 11:59:57,Attack,123,0,125,877468,17999,5143219,9580,427.7837097200001,36,82,7,0,23,100,1,1,20,1,104
2011-08-10 11:59:58,Attack,102,0,103,975006,17726,3622648,24018,568.8382180873787,33,60,10,0,12,87,4,0,16,0,86
2011-08-10 11:59:59,Normal,98,0,98,1075416,53601,3583045,16446,695.4033236428572,54,40,4,0,16,80,2,0,18,1,77
2011-08-10 12:00:00,Normal,135,0,135,1112878,8658,4787927,50624,331.9140178222222,43,87,5,0,35,97,3,0,38,0,97
2011-08-10 12:00:01,Normal,154,2,156,1032274,19844,5800138,44578,407.58465428846154,55,92,9,0,21,133,2,0,24,2,130
2011-08-10 12:00:02,Normal,118,3,121,797541,19426,4811011,60965,360.80755304958683,29,83,9,0,8,110,3,0,16,1,104
2011-08-10 12:00:03,Normal,121,2,123,900382,14002,4589657,2602,527.6597735691056,45,69,9,0,18,103,2,0,22,2,99
2011-08-10 12:00:04,Attack,122,1,124,1214121,19618,3609701,23111,528.0557714758064,46,75,3,0,27,96,1,0,34,1,89
2011-08-10 12:00:05,Attack,97,0,99,996140,37090,3445450,8552,709.799078171717,41,51,7,0,8,87,4,0,9,1,89
2011-08-10 12:00:06,Normal,96,3,99,798131,18233,3782358,60087,574.569046080808,39,55,5,0,11,84,4,0,13,1,85
2011-08-10 12:00:07,Normal,121,0,121,1061816,3647,4482281,62544,542.4583549669421,51,63,7,0,10,107,4,0,16,1,104
2011-08-10 12:00:08,Attack,83,0,84,1151316,1892,2852711,38024,778.70478175,45,33,6,0,9,73,2,0,9,1,74
2011-08-10 12:00:09,Normal,125,0,125,864479,18732,4555583,15518,331.779053352,40,73,12,0,18,106,1,0,24,5,96
2011-08-10 12:00:10,Normal,111,2,113,1337101,3223,4426581,53052,528.4701275752212,40,61,12,0,14,91,8,0,17,2,93
2011-08-10 12:00:11,Normal,97,0,97,1149807,2378,3376296,38037,762.8561505257732,38,50,9,0,9,86,2,0,4,3,89
2011-08-10 12:00:12,Normal,128,10,138,909728,19234,4503999,21215,425.98326045652175,38,92,8,0,26,92,20,0,46,3,89
2011-08-10 12:00:13,Normal,122,0,122,1290195,4168,4039543,43436,618.2419753442623,49,69,4,0,15,105,2,0,14,4,104
2011-08-10 12:00:14,Attack,93,0,94,933190,16037,3194304,65138,587.5510743191489,33,55,6,0,16,76,2,0,13,0,81
2011-08-10 12:00:15,Attack,96,0,97,1026468,2223,3080846,1285,682.7293841134021,44,46,7,0,8,87,2,0,11,1,85
2011-08-10 12:00:16,Attack,116,0,117,1183197,3771,4192628,46074,677.2453757777777,34,76,7,0,19,93,4,1,16,4,97
2011-08-10 12:00:17,Attack,105,0,108,979699,3696,3864895,57309,505.77443916666664,34,67,7,0,19,86,3,0,20,1,87
2011-08-10 12:00:18,Attack,146,0,151,1216971,6658,5424154,53870,505.823879218543,47,90,14,0,15,125,11,0,29,1,120
2011-08-10 12:00:19,Attack,121,0,123,1065658,17905,4584311,44575,767.2622369999999,50,64,9,0,18,100,5,0,20,2,101
2011-08-10 12:00:20,Normal,83,0,83,842565,15979,3163386,26909,445.1079938554217,39,38,6,0,7,76,0,0,6,0,77
2011-08-10 12:00:21,Normal,134,0,134,1121048,26467,5106396,1030,403.2409685074627,44,85,5,0,23,95,16,0,34,2,98
2011-08-10 12:00:22,Normal,189,3,192,935494,23602,7482125,19502,333.95945397916665,38,150,4,0,58,117,16,1,72,3,115
2011-08-10 12:00:23,Normal,141,0,141,757702,20835,5539578,12023,354.48419975886526,32,96,13,0,16,117,6,2,28,0,111
2011-08-10 12:00:24,Normal,127,0,127,1022052,18181,4692709,35464,480.7190175275591,37,84,6,0,21,96,9,1,23,1,102
2011-08-10 12:00:25,Normal,116,0,116,1048187,40587,3936868,14134,572.3421939568966,30,77,9,0,18,92,6,0,22,1,93
2011-08-10 12:00:26,Attack,103,0,104,938729,17877,3441574,34228,717.6075909423078,39,52,13,0,6,96,2,0,10,1,92
2011-08-10 12:00:27,Attack,84,0,85,815182,16306,3348094,57661,501.6533940352941,46,33,6,0,7,77,1,0,12,0,72
2011-08-10 12:00:28,Normal,119,0,119,613128,17693,4596797,45686,338.3118696386554,37,75,7,0,20,99,0,0,23,0,96
2011-08-10 12:00:29,Attack,108,2,115,1201231,15537,4044009,59559,709.3013289999999,51,52,12,0,6,106,3,0,12,1,102
2011-08-10 12:00:30,Attack,125,0,126,817129,17761,4710393,36530,430.62119195238097,41,78,7,0,9,112,5,0,15,1,110
2011-08-10 12:00:31,Normal,122,0,122,1099866,6214,3474547,37005,710.6156470983606,48,67,7,0,34,87,1,0,35,1,85
2011-08-10 12:00:32,Normal,111,3,114,1279272,3612,4058838,49542,804.4429006754386,48,57,9,0,17,94,2,1,17,4,92
2011-08-10 12:00:33,Normal,127,0,127,1263604,17529,4788512,19605,464.20157933070874,43,78,6,0,13,112,2,0,9,2,116
2011-08-10 12:00:34,Normal,93,0,93,792222,16344,3547221,54715,531.3420333978495,36,47,10,0,2,88,3,0,4,0,89
2011-08-10 12:00:35,Normal,105,0,105,1090594,3185,3908255,46483,683.7891869238094,40,56,8,0,8,93,2,1,11,1,93
2011-08-10 12:00:36,Attack,75,3,80,797408,15257,2996577,55347,650.7569517,41,28,11,0,7,70,3,0,8,1,71
2011-08-10 12:00:37,Attack,145,0,147,1157804,20104,5557597,50258,454.71497153061233,56,83,8,0,16,128,2,1,20,2,125
2011-08-10 12:00:38,Attack,160,0,161,1151465,6964,6409194,2165,483.62358725465845,47,103,11,0,19,140,2,0,20,2,139
2011-08-10 12:00:39,Attack,99,0,103,983759,16660,4104912,49273,655.2558770679613,37,57,9,0,14,86,2,1,15,1,87
2011-08-10 12:00:40,Attack,77,0,78,543853,16815,3017067,61740,495.0691538717948,28,44,6,0,9,66,3,0,15,0,63
2011-08-10 12:00:41,Attack,101,0,103,1027242,15499,3547707,9493,697.1228143009711,47,50,6,0,11,90,2,0,6,1,96
2011-08-10 12:00:42,Normal,106,3,109,832663,5416,4446426,1267,386.2310390091743,40,62,7,0,14,94,1,0,18,0,91
2011-08-10 12:00:43,Normal,100,0,100,1239827,2647,3537286,36779,684.16499712,35,56,9,0,18,81,1,0,13,2,84
2011-08-10 12:00:44,Normal,119,0,119,1349573,18465,4136659,24619,767.1176839075631,50,62,7,0,21,95,3,0,17,4,98
2011-08-10 12:00:45,Normal,125,0,125,1080204,47143,4853015,59963,557.7309042480001,48,72,5,0,26,98,1,0,27,3,94
2011-08-10 12:00:46,Normal,87,0,87,876309,16632,2940789,1851,665.094761275862,30,49,8,0,20,67,0,0,19,1,67
2011-08-10 12:00:47,Attack,123,0,124,1382056,3922,4544965,30315,663.8460515241935,44,66,14,0,24,98,2,0,17,3,104
2011-08-10 12:00:48,Attack,100,0,103,923571,4347,3769974,51455,596.4433039126213,35,59,9,0,20,80,3,0,21,0,81
2011-08-10 12:00:49,Normal,180,0,180,1209759,7544,7657918,42508,470.53282176111105,50,125,5,0,34,145,1,0,36,1,143
2011-08-10 12:00:50,Attack,137,0,139,1123887,5820,5370069,3341,559.133057381295,46,84,9,0,26,107,6,0,30,3,106
2011-08-10 12:00:51,Normal,89,0,89,942805,15957,3280986,31588,655.554727730337,36,48,5,0,10,76,3,0,12,1,76
2011-08-10 12:00:52,Normal,115,3,118,908234,19718,4582517,34550,601.2247119915254,38,65,15,0,8,108,2,0,13,0,105
2011-08-10 12:00:53,Normal,135,0,135,1311504,4995,5010333,51635,478.39979216296297,46,77,12,0,28,104,3,0,25,1,107
2011-08-10 12:00:54,Normal,144,0,144,1327174,5727,5109989,57278,392.2393593402778,45,90,9,0,46,95,3,0,38,1,105
2011-08-10 12:00:55,Normal,120,0,120,1063576,16926,4608045,22241,604.7173570416667,40,70,10,0,24,88,8,0,26,3,91
2011-08-10 12:00:56,Normal,141,0,141,1605955,17662,4774358,55244,314.1657008439716,41,87,13,0,38,96,7,0,30,2,108
2011-08-10 12:00:57,Normal,117,0,117,1410742,16744,3970751,38397,606.9571708119661,38,65,14,0,12,98,7,0,10,3,104
2011-08-10 12:00:58,Attack,126,0,127,992470,5439,4895339,52855,682.9519802047244,43,74,10,0,19,104,4,0,22,3,102
2011-08-10 12:00:59,Attack,252,0,253,1402920,23609,11707413,40891,284.9421359328063,47,196,10,0,22,229,2,0,18,3,232
2011-08-10 12:01:00,Attack,98,0,101,1024587,17202,3438108,39649,397.9728581188119,38,55,8,0,16,82,3,0,11,2,88
2011-08-10 12:01:01,Attack,95,0,96,970050,3054,3472204,18713,650.7909834999999,44,46,6,0,15,79,2,0,18,1,77
2011-08-10 12:01:02,Attack,125,3,129,1077259,51269,4726724,14134,590.1946187286821,43,78,8,0,8,116,5,0,16,1,112
2011-08-10 12:01:03,Attack,113,0,114,920194,17138,4176329,9163,467.9733755350877,47,62,5,0,6,107,1,0,6,1,105
2011-08-10 12:01:04,Normal,147,0,147,1094669,20846,6036707,63091,350.55083228571425,42,99,6,0,21,108,17,1,33,2,112
2011-08-10 12:01:05,Normal,219,0,219,1203994,9067,8799814,53221,380.50666660273976,46,167,6,0,23,190,6,0,25,2,192
2011-08-10 12:01:06,Normal,104,3,107,1030329,3878,3753052,36292,643.489109130841,40,56,11,0,16,88,3,0,16,2,88
2011-08-10 12:01:07,Normal,116,0,116,1373028,16346,4075790,37912,536.5066692931035,47,60,9,0,10,104,2,0,10,7,99
2011-08-10 12:01:08,Normal,111,0,111,1032533,17209,4210017,2173,406.8417438108108,35,68,8,0,4,104,3,0,10,2,99
2011-08-10 12:01:09,Attack,183,0,187,1316095,22059,6690788,60367,350.97690897860963,45,131,11,0,30,144,13,0,43,4,139
2011-08-10 12:01:10,Normal,125,0,125,1131359,3901,4578953,55318,641.2403088319999,47,72,6,0,23,99,3,0,24,3,97
2011-08-10 12:01:11,Attack,107,0,108,1014685,16451,4091272,44579,623.3340864444444,43,59,6,0,13,92,3,0,14,2,91
2011-08-10 12:01:12,Attack,87,3,91,1055016,15946,3170208,37828,591.2470175054946,45,37,9,0,5,81,5,0,8,4,79
2011-08-10 12:01:13,Normal,110,0,110,1074537,15833,4466429,36469,516.774701790909,44,59,7,0,10,100,0,0,14,2,93
2011-08-10 12:01:14,Normal,142,0,142,1635691,5917,5224030,60436,622.3437889647887,44,88,10,0,29,110,3,0,13,3,126
2011-08-10 12:01:15,Normal,93,0,93,914035,2397,3690077,36009,607.8863917741934,48,34,11,0,1,90,2,0,2,1,90
2011-08-10 12:01:16,Normal,113,0,113,1171895,5005,3846534,35572,832.9718606283187,40,65,8,0,22,91,0,0,23,1,89
2011-08-10 12:01:17,Normal,99,0,99,1034214,14535,3491320,2358,539.0226166161617,55,39,5,0,8,90,1,0,7,9,83
2011-08-10 12:01:18,Normal,96,0,96,971478,2306,3324513,58199,590.7091188437499,49,43,4,0,14,81,1,0,15,2,79
2011-08-10 12:01:19,Attack,108,0,109,609783,18341,4129963,59667,512.2417253027523,37,66,6,0,6,103,0,0,10,1,98
2011-08-10 12:01:20,Attack,119,0,120,1638928,3525,3630652,44897,729.3070740166665,48,59,13,0,15,103,2,0,9,3,108
2011-08-10 12:01:21,Attack,86,0,89,714373,63031,3251997,65768,308.59265684269667,24,55,10,0,19,69,1,0,20,3,66
2011-08-10 12:01:22,Attack,88,3,95,985153,3922,2973770,55836,609.6914844421052,33,54,8,0,13,75,5,2,15,4,74
2011-08-10 12:01:23,Attack,93,0,102,742738,18862,3575087,61036,356.5501285490197,34,66,2,0,9,89,4,0,17,2,83
2011-08-10 12:01:24,Attack,120,0,126,1211359,18055,3897382,34927,583.4957543650794,40,81,5,0,24,91,8,3,25,3,95
2011-08-10 12:01:25,Normal,77,0,77,942890,15347,2753117,6267,669.4229666233766,32,36,9,0,5,68,4,0,5,2,70
2011-08-10 12:01:26,Normal,130,0,130,1403022,17462,4633965,37063,646.9312034846154,42,73,15,0,21,106,3,0,16,2,112
2011-08-10 12:01:27,Normal,97,0,97,1194915,15829,3208492,19385,707.6219311443299,44,47,6,0,16,78,3,0,12,3,82
2011-08-10 12:01:28,Normal,145,3,148,1022034,5319,5884230,51969,439.00444247972973,54,87,7,0,11,130,7,0,23,0,125
2011-08-10 12:01:29,Normal,157,0,157,1506051,18575,6005361,27696,425.6989786369427,52,96,9,0,22,132,3,0,18,0,139
2011-08-10 12:01:30,Attack,87,0,88,1105193,15715,3266730,4794,684.8604558522728,36,47,5,0,14,72,2,0,10,1,77
2011-08-10 12:01:31,Attack,111,0,112,1236439,3931,3722159,41755,785.9843585089285,42,59,11,0,16,94,2,0,13,2,97
2011-08-10 12:01:32,Normal,83,3,86,813433,17358,2943037,5101,573.2477676744187,33,46,7,0,6,73,7,0,12,1,73
2011-08-10 12:01:33,Attack,99,2,104,1035611,30997,3805814,13362,599.3873735288462,39,59,6,0,15,88,1,0,11,1,92
2011-08-10 12:01:34,Normal,88,0,88,1030342,15483,2929836,20865,757.8747487613637,40,42,6,0,15,68,4,1,15,2,70
2011-08-10 12:01:35,Normal,95,0,95,869421,16330,3859817,55027,641.0720622526317,42,47,6,0,7,85,3,0,10,0,84
2011-08-10 12:01:36,Normal,100,3,103,719521,17589,4165408,20187,547.6672312038835,42,53,8,0,14,86,3,0,20,1,82
2011-08-10 12:01:37,Normal,124,0,124,1205504,17698,4489139,11348,728.0680286370966,49,63,12,0,28,91,5,0,32,3,89
2011-08-10 12:01:38,Normal,88,0,88,778816,17930,3346321,61164,611.8582932386364,32,48,8,0,3,82,3,0,8,2,78
2011-08-10 12:01:39,Normal,111,0,111,1163492,16920,3692786,47697,761.660331144144,48,58,5,0,10,101,0,0,9,4,97
2011-08-10 12:01:40,Attack,88,0,90,1031243,16347,3142461,41986,543.1852864444445,35,50,5,0,18,71,1,0,13,3,74
2011-08-10 12:01:41,Normal,91,0,91,772169,16895,3262675,40507,675.0819237362638,36,49,6,0,6,82,3,0,11,1,79
2011-08-10 12:01:42,Attack,100,3,109,835085,43382,3969641,771,476.45155961467896,38,64,7,0,17,82,10,0,31,1,77
2011-08-10 12:01:43,Attack,117,0,122,868759,18419,4885301,19446,475.4588447540984,38,73,11,0,10,95,17,0,28,1,92
2011-08-10 12:01:44,Attack,134,0,137,903065,18107,5242598,34192,482.4167193357664,38,84,15,0,21,103,13,0,30,2,105
2011-08-10 12:01:45,Normal,97,0,97,928964,16638,3593833,29788,685.1064717113403,45,34,18,0,14,77,6,0,15,4,77
2011-08-10 12:01:46,Normal,144,0,144,968137,19016,6263296,64016,645.9191660347223,44,87,13,0,4,135,5,0,9,3,131
2011-08-10 12:01:47,Normal,175,0,175,1182424,24377,6078632,34964,260.30544750285713,49,119,7,0,25,145,5,0,32,6,137
2011-08-10 12:01:48,Normal,111,0,111,948130,18005,4447917,15821,480.6103228648649,40,63,8,0,16,93,2,0,18,2,91
2011-08-10 12:01:49,Normal,103,0,103,932822,4212,3988016,40577,624.7429337184466,40,54,9,0,8,95,0,0,11,2,90
2011-08-10 12:01:50,Normal,92,0,92,715120,3985,3486961,43214,470.4571742282609,26,59,7,0,10,81,1,0,10,5,77
2011-08-10 12:01:51,Attack,122,0,126,1366237,3044,4286695,58784,657.7672936031745,46,75,5,0,24,99,3,0,16,2,108
2011-08-10 12:01:52,Attack,104,3,109,1328297,2485,3839445,56791,566.9569984678899,43,58,8,0,17,91,1,0,10,1,98
2011-08-10 12:01:53,Normal,92,0,92,1103357,2037,3133231,51960,789.5901447065218,39,44,9,0,11,78,3,0,11,2,79
2011-08-10 12:01:54,Attack,85,0,86,970480,1511,3074479,46214,589.6749212325581,33,46,7,0,10,72,4,0,5,2,79
2011-08-10 12:01:55,Normal,103,0,103,869566,16715,3873582,66004,523.8608816796117,40,53,10,0,3,100,0,0,9,1,93
2011-08-10 12:01:56,Attack,97,0,98,903874,16292,3679600,35557,584.5555527959183,40,47,11,0,2,91,5,0,9,1,87
2011-08-10 12:01:57,Normal,109,0,109,1262797,39009,4008375,14904,673.6993908715596,46,54,9,0,14,89,5,1,15,3,91
2011-08-10 12:01:58,Normal,84,0,84,826844,15816,2857445,26386,1011.4691764642859,37,36,11,0,7,74,3,0,10,2,72
2011-08-10 12:01:59,Normal,118,0,118,1256999,4330,3915183,50113,609.9784750084746,41,74,3,0,23,94,1,0,21,3,94
2011-08-10 12:02:00,Normal,113,0,113,1061730,16504,4101747,18237,844.5984987610622,47,56,10,0,10,102,1,0,8,1,104
2011-08-10 12:02:01,Normal,102,0,102,867245,18371,3969464,60076,408.2677355784313,42,54,6,0,10,90,2,0,13,3,86
2011-08-10 12:02:02,Normal,134,14,148,952535,22978,5763271,20998,479.3616543783784,30,112,6,0,30,107,11,0,38,2,108
2011-08-10 12:02:03,Attack,78,0,80,869771,15682,2693238,2672,502.4504355749999,39,38,3,0,14,64,2,0,12,0,68
2011-08-10 12:02:04,Attack,107,0,109,886996,2962,3857176,47217,588.4886335229359,47,53,9,0,12,96,1,0,16,0,93
2011-08-10 12:02:05,Attack,102,0,103,1092649,17205,3664665,32208,687.0276597961166,37,58,8,0,13,84,6,0,15,1,87
2011-08-10 12:02:06,Normal,100,0,100,887406,16746,3838578,64050,648.78010084,42,49,9,0,10,90,0,0,12,0,87
2011-08-10 12:02:07,Normal,77,3,80,880704,15641,3101895,54778,717.596548175,35,39,6,0,18,61,1,0,17,1,62
2011-08-10 12:02:08,Normal,121,0,121,1203606,39813,4511287,14142,597.3382470165291,40,74,7,0,15,103,3,0,9,2,110
2011-08-10 12:02:09,Normal,97,0,97,1409310,15764,3032307,46041,695.8479074123711,38,48,11,0,16,78,3,0,11,2,84
2011-08-10 12:02:10,Normal,139,0,139,1692275,18235,4942296,33926,605.3073442517984,45,76,18,0,21,116,2,0,19,4,116
2011-08-10 12:02:11,Normal,125,0,125,1460175,15954,4239930,51925,622.6621027760001,50,60,15,0,15,108,2,0,8,4,113
2011-08-10 12:02:12,Attack,130,3,135,1243512,19452,5218044,46878,485.25640928888885,43,83,9,0,30,101,4,0,22,2,111
2011-08-10 12:02:13,Attack,114,0,121,1483280,4978,4122894,4332,372.3865392066116,46,69,6,0,29,86,6,0,23,2,96
2011-08-10 12:02:14,Attack,109,0,111,1544262,1928,3824260,6129,463.3952096126126,41,64,6,0,32,73,6,0,13,4,94
2011-08-10 12:02:15,Normal,111,0,111,1175781,4346,3822472,51710,521.1805304144144,39,63,9,0,16,95,0,0,13,1,96
2011-08-10 12:02:16,Normal,101,0,101,1521627,2609,3438968,54379,600.9052322772277,31,63,7,0,19,78,4,0,3,2,96
2011-08-10 12:02:17,Attack,78,0,79,911183,15757,2534245,64839,314.19082203797467,32,38,9,0,16,63,0,0,6,3,70
2011-08-10 12:02:18,Attack,96,0,98,1039110,17370,2982952,57423,752.2950960918367,46,43,9,0,10,86,2,0,7,1,90
2011-08-10 12:02:19,Normal,84,0,84,1091790,3743,3029725,40438,619.2414113095239,25,49,10,0,8,73,3,0,3,1,79
2011-08-10 12:02:20,Normal,143,0,143,1744691,4602,5184811,52227,692.787923909091,53,76,14,0,22,115,6,0,10,2,131
2011-08-10 12:02:21,Attack,105,0,106,1247034,16630,3495025,5926,731.5063595849058,39,59,8,0,12,93,1,0,12,3,91
2011-08-10 12:02:22,Normal,106,3,109,1310793,15715,3485481,36201,477.48374951376144,48,53,8,0,11,91,6,1,7,4,97
2011-08-10 12:02:23,Normal,117,0,117,1154023,4453,4145104,54709,597.0360336581194,45,68,4,0,13,98,5,1,18,1,96
2011-08-10 12:02:24,Attack,143,0,144,1344768,6933,5783105,16679,414.95088094444446,44,96,4,0,22,119,2,1,16,2,124
2011-08-10 12:02:25,Attack,98,0,100,1045731,36053,3236599,15162,478.0486059399999,44,44,12,0,9,90,0,1,6,3,89
2011-08-10 12:02:26,Attack,136,0,139,1679987,18732,4613406,69102,469.72808393525173,56,74,9,0,26,101,12,0,17,15,105
2011-08-10 12:02:27,Normal,109,0,109,881380,18446,4099922,23749,733.7885459908256,37,65,7,0,6,90,13,0,23,0,86
2011-08-10 12:02:28,Normal,83,0,83,763507,15924,3158124,37634,510.07052433734947,35,41,7,0,7,71,5,0,8,1,74
2011-08-10 12:02:29,Normal,141,0,141,1042475,20883,5533899,68872,429.264970929078,50,86,5,0,15,123,2,1,18,6,116
2011-08-10 12:02:30,Normal,114,0,114,1467479,16858,3882222,8376,748.3552469736843,33,73,8,0,25,79,10,0,15,1,98
2011-08-10 12:02:31,Normal,107,0,107,776968,2940,4318947,61148,629.111439906542,40,56,11,0,2,100,5,0,11,2,94
2011-08-10 12:02:32,Normal,92,3,95,906368,17701,3101135,50984,651.2898849157896,36,52,7,0,13,79,3,0,18,3,74
2011-08-10 12:02:33,Normal,75,0,75,829005,16276,2867190,56050,914.9718149733332,41,29,5,0,6,68,1,0,15,1,59
2011-08-10 12:02:34,Attack,104,0,107,886300,13431,3926102,1535,572.5429486261681,33,68,6,0,16,82,9,0,20,1,86
2011-08-10 12:02:35,Attack,104,0,109,1023819,15879,4127835,55430,697.1508805137615,40,60,9,0,17,87,5,0,20,1,88
2011-08-10 12:02:36,Normal,131,0,131,1182256,19746,5183995,15122,426.33236465648855,47,74,10,0,17,112,2,0,17,0,114
2011-08-10 12:02:37,Normal,120,5,125,1392478,17674,4157728,43603,563.3461834479999,55,67,3,0,26,96,3,0,13,12,100
2011-08-10 12:02:38,Normal,97,0,97,1104966,9341,3510729,57581,521.4887559381443,39,50,8,0,10,84,3,0,3,4,90
2011-08-10 12:02:39,Attack,98,0,101,882749,16920,3932393,16411,810.5421457128712,44,51,6,0,7,92,2,0,10,2,88
2011-08-10 12:02:40,Normal,101,0,101,1244362,3764,3511356,41673,626.9385463762376,38,55,8,0,11,85,5,0,13,5,83
2011-08-10 12:02:41,Normal,104,0,104,916402,3400,3557820,1540,478.45522796153847,47,48,9,0,2,100,2,0,7,4,93
2011-08-10 12:02:42,Normal,151,3,154,1190600,7712,4327012,498,411.161906448052,40,108,6,0,14,137,3,0,51,2,101
2011-08-10 12:02:43,Normal,91,0,91,1142302,15908,3099288,63331,642.1160598791208,46,37,8,0,15,76,0,0,8,4,78
2011-08-10 12:02:44,Normal,102,0,102,985270,2986,3608754,768,690.0317860392157,37,56,9,0,6,92,4,0,11,3,87
2011-08-10 12:02:45,Attack,84,0,87,923605,3177,2954274,1029,643.7393234367815,36,43,8,0,12,71,4,0,17,3,66
2011-08-10 12:02:46,Attack,119,0,121,1571710,3110,3958146,38165,718.8903271818182,35,75,11,0,27,92,2,0,8,5,108
2011-08-10 12:02:47,Attack,123,0,126,1606270,17075,3569999,6481,847.290274738095,44,68,14,0,21,102,3,0,13,2,108
2011-08-10 12:02:48,Normal,80,0,80,1173153,15541,2625256,14694,817.5958863124999,41,31,8,0,13,66,1,0,6,2,71
2011-08-10 12:02:49,Normal,115,0,115,956470,16757,4166785,25608,612.1909081304348,46,59,10,0,5,108,2,0,15,2,97
2011-08-10 12:02:50,Normal,102,0,102,1274419,16100,3330373,37037,891.2726448725488,46,50,6,0,16,86,0,0,5,4,93
2011-08-10 12:02:51,Normal,103,0,103,926949,17790,3755681,47323,527.3954229999999,31,67,5,0,10,88,5,0,8,3,92
2011-08-10 12:02:52,Normal,94,3,97,1079659,17144,3486991,65519,719.5544360618557,35,51,11,0,12,82,3,0,11,2,84
2011-08-10 12:02:53,Normal,96,0,96,913618,2638,3325684,58013,746.6897934583334,43,47,6,0,8,88,0,0,4,2,88
2011-08-10 12:02:54,Normal,112,0,112,1500831,62812,3696682,47556,636.0555753482142,36,68,8,0,17,92,3,0,7,4,101
2011-08-10 12:02:55,Attack,133,0,138,1710609,61228,4584521,24157,533.6325722318841,51,78,9,0,35,95,8,0,30,14,94
2011-08-10 12:02:56,Attack,123,8,135,1703457,45499,4766284,14132,796.0194390518518,41,83,11,0,20,105,10,0,15,1,117
2011-08-10 12:02:57,Normal,86,8,94,732827,17055,3317882,61711,519.6550119148936,33,49,12,0,6,82,6,0,16,0,78
2011-08-10 12:02:58,Normal,100,0,100,1241888,15140,3512365,23754,639.0062778199999,42,52,6,0,13,85,1,1,5,2,93
2011-08-10 12:02:59,Normal,213,0,213,826911,13248,10166067,22525,295.4896081737089,34,174,5,0,7,202,4,0,10,2,200
2011-08-10 12:03:00,Normal,96,0,96,1187065,16739,3403533,31289,668.0982651458334,43,44,9,0,7,85,4,0,10,5,80
2011-08-10 12:03:01,Normal,131,0,131,1502464,18032,4401421,45046,612.4370441755726,43,81,7,0,14,108,9,0,9,2,119
2011-08-10 12:03:02,Normal,141,3,144,1857352,19147,5153116,12288,517.4222972569445,53,84,7,0,29,110,5,0,13,13,118
2011-08-10 12:03:03,Normal,97,0,97,911562,3515,3641069,37443,588.701122773196,31,59,7,0,8,85,4,0,12,3,82
2011-08-10 12:03:04,Normal,119,0,119,1596326,3015,3869985,59337,785.2500692605041,40,71,7,1,26,87,5,1,10,3,103
2011-08-10 12:03:05,Attack,118,0,119,1014999,17369,4302413,49944,634.6516255882354,37,77,5,0,34,84,1,0,34,1,84
2011-08-10 12:03:06,Attack,134,0,138,1291223,20127,5135858,43818,469.9048695652174,43,88,7,0,33,98,7,0,32,0,106
2011-08-10 12:03:07,Attack,120,3,125,1401287,16642,4252836,25576,416.207062888,43,73,9,0,13,108,4,0,10,4,111
2011-08-10 12:03:08,Attack,108,0,109,1283652,16945,4177032,64042,626.9687859174313,41,63,5,0,17,90,2,0,11,1,96
2011-08-10 12:03:09,Normal,106,0,106,1030489,4099,3221166,55419,536.8824786981132,35,69,2,0,20,82,4,0,21,4,81
2011-08-10 12:03:10,Normal,119,0,119,1492574,17112,4337785,33795,581.2074179411765,39,68,12,0,23,94,2,0,17,3,99
2011-08-10 12:03:11,Normal,147,3,150,1076278,20015,6207973,28296,411.01621360666667,47,96,7,0,19,125,6,0,22,5,123
2011-08-10 12:03:12,Normal,140,6,146,2197180,17584,4372267,26999,636.1952620753424,47,92,7,0,40,100,6,0,24,7,114
2011-08-10 12:03:13,Normal,106,0,106,1170382,17165,3508659,21018,503.1252801132075,29,67,10,0,15,83,8,0,15,4,86
2011-08-10 12:03:14,Normal,129,0,129,1754994,18712,4053377,24746,645.4180129767442,45,79,5,0,33,92,4,0,21,8,99
2011-08-10 12:03:15,Normal,102,0,102,1219257,16823,3453732,66439,691.6531949607844,39,51,12,0,15,83,3,1,20,4,78
2011-08-10 12:03:16,Attack,139,0,144,2097482,4010,4505938,45167,753.3903841597223,48,86,10,0,42,100,2,0,20,1,121
2011-08-10 12:03:17,Attack,209,0,211,1472094,22848,6442414,11500,391.714108971564,38,169,4,0,58,135,18,0,63,2,146
2011-08-10 12:03:18,Normal,117,0,117,1662198,19584,3694802,14393,528.9035404786325,40,72,5,0,28,78,9,2,7,3,107
2011-08-10 12:03:19,Normal,133,0,133,999131,6145,4627160,48775,444.932721368421,39,88,6,0,25,103,5,0,25,2,106
2011-08-10 12:03:20,Normal,107,0,107,1533517,17288,3623016,62142,568.2671592616823,36,62,9,0,23,77,7,0,16,3,88
2011-08-10 12:03:21,Normal,128,0,128,1067414,19558,5325415,12489,372.75615964062496,27,90,11,0,14,108,6,0,15,5,108
2011-08-10 12:03:22,Normal,127,3,130,1961186,16638,4241609,72256,314.10619339230766,41,79,10,0,32,92,5,1,15,15,99
2011-08-10 12:03:23,Normal,113,0,113,1082434,19048,4008570,55063,510.0537534336283,42,65,6,0,21,88,2,2,20,3,88
2011-08-10 12:03:24,Normal,129,0,129,1756741,19753,4305062,20354,663.288408007752,33,85,11,0,36,91,2,0,16,2,109
2011-08-10 12:03:25,Normal,104,0,104,1145373,19469,3638772,49797,688.4619314423077,29,65,10,0,23,79,2,0,21,3,80
2011-08-10 12:03:26,Attack,138,0,139,1619897,45800,4983041,16971,565.9561694604316,40,92,7,0,42,93,4,0,32,5,102
2011-08-10 12:03:27,Attack,175,0,176,1429162,8644,6288532,63078,328.448127375,33,132,11,0,42,125,8,1,43,3,129
2011-08-10 12:03:28,Attack,132,0,133,1546421,17388,4859534,46465,638.0770277969924,30,89,14,0,22,104,6,1,11,4,116
2011-08-10 12:03:29,Attack,108,0,109,787015,17724,4466328,48677,382.2008001743119,28,76,5,0,17,89,3,0,14,1,92
2011-08-10 12:03:30,Normal,125,0,125,1381201,22306,4458436,14904,575.6811070240003,38,71,16,0,21,98,5,1,17,2,105
2011-08-10 12:03:31,Normal,105,0,105,1710379,16285,3555688,44116,564.2287727428571,44,57,4,0,26,79,0,0,13,10,81
2011-08-10 12:03:32,Normal,123,3,126,1467357,18244,4394339,56583,525.3220687380954,37,83,6,0,32,93,1,0,24,2,100
2011-08-10 12:03:33,Normal,116,0,116,864585,17280,4461523,54827,373.3379212413794,37,72,7,0,7,109,0,0,8,2,106
2011-08-10 12:03:34,Normal,161,0,161,1021944,6654,6492306,46236,307.7435155776398,27,127,7,0,17,141,3,0,13,1,147
2011-08-10 12:03:35,Attack,125,0,127,703573,5401,4636458,41356,358.3580626692913,30,89,8,0,12,105,10,0,24,2,101
2011-08-10 12:03:36,Normal,163,0,163,1610308,8758,5210189,46162,526.3833152453988,37,116,10,0,48,99,16,0,45,4,114
2011-08-10 12:03:37,Attack,114,5,122,1608370,16112,3988534,50305,754.2889022295084,41,68,13,0,16,97,9,0,15,2,102
2011-08-10 12:03:38,Attack,140,0,142,1432462,18443,4780124,10368,438.3707185140845,40,95,7,0,37,102,3,0,28,1,113
2011-08-10 12:03:39,Normal,123,0,123,1020284,20495,4463084,14276,501.24708302439024,43,72,8,0,25,96,2,0,26,3,93
2011-08-10 12:03:40,Normal,88,0,88,847617,16777,3220114,17375,618.3403521249999,33,50,5,0,15,73,0,0,11,2,75
2011-08-10 12:03:41,Normal,126,0,126,1326563,17411,4996694,19946,585.2435157301588,54,64,8,0,19,104,3,0,22,1,103
2011-08-10 12:03:42,Normal,96,3,99,704338,17240,3792119,51776,544.9548896262627,40,48,11,0,9,88,2,0,12,0,87
2011-08-10 12:03:43,Normal,166,1,167,1192607,19592,6380096,37223,448.6541401197605,33,125,9,0,25,140,2,0,14,1,151
2011-08-10 12:03:44,Normal,109,0,109,1148280,3448,3467881,38572,716.1970569082569,33,70,6,0,19,85,5,0,14,2,92
2011-08-10 12:03:45,Attack,83,0,86,849881,2924,2746860,2435,694.6084430465118,31,52,3,0,12,69,5,0,12,2,72
2011-08-10 12:03:46,Normal,123,0,123,1216785,18910,4265167,64351,394.93829886991864,38,77,8,0,28,91,4,0,26,3,93
2011-08-10 12:03:47,Attack,106,0,108,996882,49128,3612567,14455,445.8765404907407,38,61,9,0,18,89,1,0,19,2,87
2011-08-10 12:03:48,Attack,144,0,146,1804221,39700,4678881,16447,752.7095698013699,38,99,9,0,45,93,8,0,23,5,117
2011-08-10 12:03:49,Normal,202,0,202,1196261,22012,8566738,23794,355.37858653960404,42,153,7,0,40,156,6,0,37,2,163
2011-08-10 12:03:50,Attack,108,0,112,879619,5523,4036074,46073,539.8048300803572,38,68,6,0,13,97,2,0,18,0,94
2011-08-10 12:03:51,Normal,146,0,146,1219875,18160,5217112,39546,342.19625189726025,43,88,15,0,21,124,1,0,25,4,117
2011-08-10 12:03:52,Normal,149,4,153,1145565,20679,6110217,52823,589.8458641633987,45,98,10,0,29,119,5,0,30,0,122
2011-08-10 12:03:53,Normal,118,0,118,1065789,17150,4189198,11162,406.5668510169491,41,71,6,0,15,103,0,0,13,4,98
2011-08-10 12:03:54,Normal,136,0,136,873500,7335,4616932,58962,295.70802344852945,37,92,7,0,38,91,7,0,48,1,87
2011-08-10 12:03:55,Attack,134,0,135,1013715,5732,4743993,38377,544.4711026888888,42,82,11,0,41,91,3,0,49,1,85
2011-08-10 12:03:56,Attack,90,0,93,769551,16142,3720905,10485,643.6396428172043,39,49,5,0,16,77,0,0,13,1,79
2011-08-10 12:03:57,Normal,75,0,75,821372,15627,2609025,28009,796.81140744,31,40,4,0,7,66,2,0,7,0,68
2011-08-10 12:03:58,Attack,88,0,91,1079816,1788,2843501,36390,661.8077136483515,44,39,8,0,13,75,3,0,12,3,76
2011-08-10 12:03:59,Attack,123,0,129,1390325,3548,4486222,61906,468.6149163023256,51,70,8,0,10,114,5,0,6,2,121
2011-08-10 12:04:00,Normal,84,0,84,842735,15787,3092682,14830,575.3340776666668,36,42,6,0,5,78,1,0,5,2,77
2011-08-10 12:04:01,Normal,129,0,129,1736779,18503,4584882,14250,381.9609012325581,50,71,8,0,26,98,5,0,16,9,104
2011-08-10 12:04:02,Normal,149,3,152,1009894,7501,5332105,53114,423.50367419736847,35,105,12,0,29,122,1,0,29,1,122
2011-08-10 12:04:03,Normal,125,0,125,827736,19083,4882998,21356,446.68359252,49,70,6,0,29,95,1,0,40,1,84
2011-08-10 12:04:04,Attack,108,0,112,770335,17424,4063441,2545,577.7264458660713,41,65,6,0,5,103,4,0,14,3,92
2011-08-10 12:04:05,Normal,88,0,88,815860,16083,3394169,60869,609.7859272954546,34,45,9,0,3,85,0,0,7,1,80
2011-08-10 12:04:06,Attack,123,0,128,1306363,18848,4532854,62293,539.9096307109376,43,76,9,0,21,103,4,0,22,1,105
2011-08-10 12:04:07,Normal,154,3,157,676091,19626,6300275,26435,326.98218306369427,33,120,4,0,16,140,1,0,14,3,140
2011-08-10 12:04:08,Normal,90,0,90,1085155,16979,3080109,38883,699.2575028444444,44,36,10,0,4,85,1,0,8,3,79
2011-08-10 12:04:09,Attack,92,0,93,1043741,17259,3248802,28869,433.92066489247316,32,55,6,0,8,82,3,0,10,0,83
2011-08-10 12:04:10,Normal,72,0,72,876264,14585,2698119,5740,692.5706006805556,36,28,8,0,6,63,3,0,10,2,60
2011-08-10 12:04:11,Attack,121,0,122,1398248,16556,3985246,37610,614.9484697704919,44,69,9,0,16,100,6,0,10,3,109
2011-08-10 12:04:12,Normal,86,3,89,580250,4401,3439638,57007,592.3568697078653,34,48,7,0,5,83,1,0,15,0,74
2011-08-10 12:04:13,Normal,118,0,118,816639,5290,4176352,1655,519.4248986779661,40,71,7,0,18,99,1,0,26,0,92
2011-08-10 12:04:14,Attack,151,0,152,1028175,12380,6060875,48413,483.3037518355263,34,110,8,0,30,117,5,0,37,1,114
2011-08-10 12:04:15,Normal,76,0,76,926391,14425,2675490,40746,674.5357473421053,32,35,9,0,9,66,1,0,6,0,70
2011-08-10 12:04:16,Attack,108,0,110,1128100,5085,3804951,62842,612.1894138909092,33,65,12,0,10,92,7,1,9,2,99
2011-08-10 12:04:17,Attack,85,0,87,737922,16193,3226944,63695,477.6754882643677,29,55,3,0,10,74,3,0,13,0,74
2011-08-10 12:04:18,Attack,100,0,102,1320349,3833,3527606,2065,717.7609583725492,40,54,8,0,18,80,4,0,16,3,83
2011-08-10 12:04:19,Attack,144,0,145,969610,18405,6234906,21373,414.14753024137934,33,104,8,0,19,118,8,0,20,0,125
2011-08-10 12:04:20,Attack,93,0,99,1039948,2053,3493636,4486,734.6836253636363,44,44,11,0,9,84,6,0,16,1,82
2011-08-10 12:04:21,Normal,116,0,116,1587253,16966,3681524,36582,808.5558777586208,54,56,6,0,16,100,0,0,11,2,103
2011-08-10 12:04:22,Normal,100,4,104,1201028,63790,3456481,61227,741.144741875,47,48,9,0,12,85,5,2,13,1,88
2011-08-10 12:04:23,Normal,97,0,97,1040291,2298,3059237,3427,566.4738352886599,38,53,6,0,10,85,0,2,16,2,77
2011-08-10 12:04:24,Normal,116,0,116,954210,17495,4624369,44368,419.2236374655173,32,77,7,0,11,102,3,0,11,0,105
2011-08-10 12:04:25,Attack,133,0,135,1206915,18688,4405386,58721,359.8121760666667,39,90,6,0,35,98,2,0,32,1,102
2011-08-10 12:04:26,Normal,90,0,90,1031027,16159,3143053,56689,741.5831115888888,34,50,6,0,9,77,4,0,9,1,80
2011-08-10 12:04:27,Attack,92,0,93,1098915,19038,2996512,32360,794.8533302043012,31,53,9,0,10,71,12,0,17,4,72
2011-08-10 12:04:28,Normal,111,0,111,917932,16750,4337755,18465,430.241630063063,33,68,10,0,5,104,1,1,7,0,103
2011-08-10 12:04:29,Normal,138,0,138,981128,20944,5304505,64312,447.5154900072464,41,85,12,0,13,125,0,0,12,1,125
2011-08-10 12:04:30,Normal,115,0,115,1353146,16859,4016501,48335,537.945012,51,53,11,0,16,97,2,0,8,6,100
2011-08-10 12:04:31,Normal,93,0,93,1054099,2383,3198157,2969,778.5839564086021,46,39,8,0,7,85,0,1,7,5,80
2011-08-10 12:04:32,Attack,98,3,103,851527,5057,3981435,45847,496.42145784466027,36,63,4,0,9,86,8,0,22,0,81
2011-08-10 12:04:33,Normal,103,0,103,964821,17285,3951073,60582,617.1893455242719,43,50,10,0,5,93,5,0,12,0,91
2011-08-10 12:04:34,Normal,83,3,86,902976,3158,3151923,56979,451.66829693023254,30,50,6,0,6,79,1,0,5,1,80
2011-08-10 12:04:35,Attack,122,0,123,968282,4514,4879264,52578,452.1964915691057,39,73,11,0,34,88,1,0,39,3,81
2011-08-10 12:04:36,Normal,78,0,78,714596,15920,3029437,47377,587.9385082179488,31,40,7,0,4,73,1,0,9,0,69
2011-08-10 12:04:37,Attack,120,3,124,1106784,4997,3474244,53572,606.3915396370968,28,91,5,0,38,82,4,0,34,0,90
2011-08-10 12:04:38,Normal,95,0,95,965873,41615,3515803,17305,735.7218173263157,38,47,10,0,8,84,3,0,8,3,84
2011-08-10 12:04:39,Attack,118,0,120,846362,4636,4775903,63496,487.003389675,37,78,5,0,13,106,1,0,24,1,95
2011-08-10 12:04:40,Attack,92,0,97,1048212,2606,3586275,54987,544.0987089587629,43,46,8,0,12,81,4,0,16,2,79
2011-08-10 12:04:41,Attack,132,0,134,1064498,19221,5024038,24930,394.18386230597014,44,74,16,0,14,105,15,0,28,2,104
2011-08-10 12:04:42,Normal,70,3,73,750167,15380,2564548,59054,696.7827923013699,32,33,8,0,6,63,4,0,5,1,67
2011-08-10 12:04:43,Normal,85,0,85,730106,15408,2946100,25558,617.1765117529412,36,45,4,0,5,74,6,0,11,0,74
2011-08-10 12:04:44,Normal,125,0,125,1579059,17152,4979223,33425,595.1510093040001,44,73,8,0,10,108,7,0,6,6,113
2011-08-10 12:04:45,Normal,89,0,89,725214,16012,3265810,24656,712.0175858764045,35,40,14,0,4,80,5,0,3,0,86
2011-08-10 12:04:46,Attack,137,0,138,1215789,5606,4830538,41113,382.1015298478261,32,97,9,0,34,98,6,0,32,1,105
2011-08-10 12:04:47,Normal,65,0,65,682311,14531,2302596,62825,446.56911273846157,33,26,6,0,5,59,1,0,6,2,56
2011-08-10 12:04:48,Attack,101,0,102,1022871,3575,3768719,46242,499.10746333333327,41,55,6,0,14,86,2,0,17,2,83
2011-08-10 12:04:49,Normal,96,1,97,843224,16941,3331743,25667,551.7970600206185,45,46,6,0,6,90,1,0,9,1,87
2011-08-10 12:04:50,Attack,104,2,110,994651,5456,3945636,38178,509.7730398727272,39,64,7,0,6,92,12,0,21,0,89
2011-08-10 12:04:51,Normal,103,0,103,1106491,17595,3635168,30059,777.3845841165049,40,52,11,0,6,94,3,0,4,2,97
2011-08-10 12:04:52,Normal,138,3,141,2706566,16730,4706664,42891,623.3687152765957,42,90,9,0,37,93,11,0,8,2,130
2011-08-10 12:04:53,Normal,116,0,116,1646227,15693,3960478,37081,537.7178317155173,39,66,11,0,16,96,4,0,7,1,108
2011-08-10 12:04:54,Normal,99,0,99,1368746,14982,3505365,21847,594.9379564040404,45,49,5,0,12,85,2,0,7,1,90
2011-08-10 12:04:55,Normal,95,0,95,886153,3748,3455490,47551,427.253086863158,40,47,8,0,13,78,4,0,19,2,74
2011-08-10 12:04:56,Normal,76,0,76,814121,14928,2996603,55606,603.2433644473685,32,41,3,0,8,68,0,0,5,0,71
2011-08-10 12:04:57,Normal,84,0,84,1198300,14398,2798200,24594,850.2628920833334,46,34,4,0,8,75,1,0,5,3,76
2011-08-10 12:04:58,Attack,212,0,214,785039,10439,10612225,50701,246.3239204579439,33,173,8,0,4,208,2,0,9,0,205
2011-08-10 12:04:59,Normal,83,0,83,752009,15501,3197147,16999,581.6943282771084,38,39,6,0,5,78,0,0,3,0,80
2011-08-10 12:05:00,Attack,133,0,139,1515841,19726,5009508,54070,395.7739359496403,43,86,10,0,26,108,5,0,20,10,109
2011-08-10 12:05:01,Attack,115,0,117,1025141,20315,4230506,22073,657.2095945128204,41,66,10,0,20,96,1,0,18,0,99
2011-08-10 12:05:02,Attack,112,3,118,1391251,16837,4122863,10578,456.7443780000001,44,67,7,0,16,100,2,0,10,1,107
2011-08-10 12:05:03,Normal,102,0,102,996685,16025,3757090,2422,818.8492263627452,50,46,6,0,7,93,2,0,6,1,94
2011-08-10 12:05:04,Normal,140,0,140,1178075,22162,5419073,47540,527.3496813857143,50,81,9,0,34,97,9,0,37,2,101
2011-08-10 12:05:05,Normal,161,0,161,1252743,20995,6764376,62441,552.182575068323,43,112,6,0,47,107,7,0,50,3,108
2011-08-10 12:05:06,Normal,77,0,77,905028,46413,2872597,15734,803.6317092467532,39,32,6,0,7,69,1,0,9,1,67
2011-08-10 12:05:07,Normal,94,3,97,908222,3295,3437758,56237,578.7510512061855,45,43,9,0,7,89,1,0,8,2,87
2011-08-10 12:05:08,Normal,90,0,90,825006,17177,3391788,27333,599.9227380222222,29,50,11,0,5,80,5,0,5,2,83
2011-08-10 12:05:09,Attack,105,0,106,974761,17848,3753565,49085,668.7317763301887,49,55,2,0,10,92,4,0,13,2,91
2011-08-10 12:05:10,Normal,96,0,96,822638,18209,3555356,63646,515.3005774583334,35,54,7,0,14,81,1,0,13,2,81
2011-08-10 12:05:11,Attack,105,0,106,999457,51602,4387529,59655,513.8683257547169,34,67,5,0,14,89,3,0,14,1,91
2011-08-10 12:05:12,Normal,90,3,93,879424,58507,3473534,13363,398.5718673655913,38,50,5,0,9,81,3,0,7,0,86
2011-08-10 12:05:13,Normal,89,0,89,831867,16681,3259459,51836,542.8928562022471,35,48,6,0,6,81,2,0,7,2,80
2011-08-10 12:05:14,Normal,82,0,82,1146405,14397,3058795,50591,934.8565191341463,41,35,6,0,11,71,0,0,8,1,73
2011-08-10 12:05:15,Normal,114,0,114,1224234,15830,4048992,56058,744.685630122807,39,67,8,0,11,103,0,0,14,2,98
2011-08-10 12:05:16,Normal,74,0,74,923599,15071,2789749,7269,706.718383135135,36,27,11,0,3,68,3,0,4,4,66
2011-08-10 12:05:17,Normal,85,0,85,853134,48470,3309509,80,709.2260284941178,41,34,10,0,5,79,1,0,5,0,80
2011-08-10 12:05:18,Normal,76,0,76,643150,15898,2863257,17849,730.9910259078946,37,33,6,0,2,73,1,0,8,0,68
2011-08-10 12:05:19,Attack,95,0,97,871776,16636,3853026,61874,595.2665809072164,34,55,8,0,12,82,3,0,18,1,78
2011-08-10 12:05:20,Attack,126,0,130,2212250,17583,4209822,6582,899.6567336153846,46,77,7,0,43,81,6,0,16,1,111
2011-08-10 12:05:21,Attack,99,0,105,1130985,16178,3383807,8022,670.9830619619048,39,61,5,0,14,86,5,0,16,4,85
2011-08-10 12:05:22,Attack,97,3,104,1246428,15595,3250677,19872,884.8894530480769,43,51,10,0,14,83,5,2,9,4,89
2011-08-10 12:05:23,Attack,103,0,108,1122553,4286,3611553,42040,718.1199068333334,33,58,17,0,18,82,8,0,21,2,85
2011-08-10 12:05:24,Normal,107,0,107,1643787,14660,3786749,29305,919.2647292429908,51,49,7,0,11,91,3,2,6,4,95
2011-08-10 12:05:25,Normal,124,0,124,1181717,4157,4532697,51269,511.4823743467742,49,72,3,0,8,112,4,0,10,1,113
2011-08-10 12:05:26,Normal,77,0,77,855171,16027,2620319,13731,976.1682905844156,40,25,12,0,6,70,0,1,6,1,69
2011-08-10 12:05:27,Normal,90,0,90,919613,18537,3605137,58480,611.6879797,35,45,10,0,13,75,2,0,12,0,78
2011-08-10 12:05:28,Normal,115,0,115,809742,18949,5006563,32366,479.65420255652185,37,70,8,0,6,101,7,1,15,0,100
2011-08-10 12:05:29,Normal,124,0,124,1083791,17156,4806120,9555,641.1035495645161,48,67,9,0,11,108,5,0,14,2,108
2011-08-10 12:05:30,Attack,129,0,130,980164,17540,4925128,46323,502.0419943153846,30,92,8,0,16,112,2,0,11,3,116
2011-08-10 12:05:31,Normal,73,0,73,795626,15161,2841935,12174,858.9836174109589,36,30,7,0,10,63,0,0,9,1,63
2011-08-10 12:05:32,Attack,104,3,108,1182105,3177,4175124,46068,535.9750390555555,30,69,9,0,12,90,6,0,13,1,94
2011-08-10 12:05:33,Normal,92,0,92,1000979,19001,3107560,27052,564.7928460652174,36,47,9,0,6,79,7,0,11,2,79
2011-08-10 12:05:34,Normal,88,0,88,771688,16257,3178984,36820,555.9253909090909,39,46,3,0,12,76,0,0,14,0,74
2011-08-10 12:05:35,Normal,107,0,107,1005096,18234,3876327,28226,677.8320984953272,39,60,8,0,11,91,5,0,14,1,92
2011-08-10 12:05:36,Normal,75,0,75,1005110,54932,2529305,13363,661.8169074400001,39,28,8,0,6,64,5,0,10,0,65
2011-08-10 12:05:37,Normal,109,0,109,975673,18134,4123350,34377,587.0434154954129,39,62,8,0,10,94,5,0,12,1,95
2011-08-10 12:05:38,Normal,89,3,92,745357,16659,3268022,29415,458.585968097826,34,52,6,0,12,79,1,0,14,2,76
2011-08-10 12:05:39,Normal,126,0,126,724034,5855,5509347,42338,244.66817019841272,30,85,11,0,26,98,2,0,31,1,94
2011-08-10 12:05:40,Attack,228,0,230,814704,11977,9868922,22889,292.51518598260867,38,186,6,0,15,207,8,0,25,1,204
2011-08-10 12:05:41,Attack,84,0,85,736383,16266,3258453,22851,576.3482852352943,32,45,8,0,2,81,2,0,5,1,79
2011-08-10 12:05:42,Attack,131,3,137,1073431,6611,5534035,52196,309.93961209489055,37,86,14,0,12,117,8,0,19,2,116
2011-08-10 12:05:43,Attack,104,0,106,1137241,53392,4254089,60482,582.110262990566,44,58,4,0,23,80,3,0,18,4,84
2011-08-10 12:05:44,Attack,105,0,113,1185672,17085,3933170,62535,731.0662586991152,47,56,10,0,12,94,7,0,16,3,94
2011-08-10 12:05:45,Attack,123,0,125,1157297,3908,4915109,35042,533.1441582479999,45,75,5,0,12,109,4,0,9,2,113
2011-08-10 12:05:46,Normal,103,0,103,1279978,16258,3467216,64034,739.1022419320386,39,56,8,0,19,78,6,0,12,2,89
2011-08-10 12:05:47,Normal,148,0,148,1847848,17743,5477917,20200,720.226307972973,51,86,11,0,18,122,8,0,13,3,132
2011-08-10 12:05:48,Normal,131,0,131,1382692,18432,4792825,35352,618.5260193816794,35,88,8,0,31,93,6,1,22,3,106
2011-08-10 12:05:49,Normal,119,0,119,1104154,3120,4904515,61069,563.5226929663867,36,72,11,0,15,101,3,0,4,2,113
2011-08-10 12:05:50,Normal,198,0,198,1438023,26340,8034640,59809,378.17341508080807,34,161,3,0,53,120,25,0,58,2,138
2011-08-10 12:05:51,Attack,269,0,270,1318602,11762,11593603,41102,205.88047487037036,44,221,5,0,50,216,4,0,51,2,217
2011-08-10 12:05:52,Normal,136,3,139,1269322,7898,5234539,48128,490.24263715107924,48,81,10,0,38,100,1,0,38,3,98
2011-08-10 12:05:53,Normal,129,0,129,1519224,16606,5110723,53110,335.6303160852714,43,75,11,0,30,93,6,0,24,2,103
2011-08-10 12:05:54,Normal,99,2,101,1654975,17003,3782054,36899,612.4179068316832,42,50,9,0,21,76,4,0,10,7,83
2011-08-10 12:05:55,Normal,110,0,110,1374755,16142,4062782,34392,639.2259085818183,38,67,5,0,16,87,7,0,13,2,93
2011-08-10 12:05:56,Normal,144,0,144,1906377,17210,5797623,20927,435.6518510625,36,103,5,0,23,114,7,0,15,0,129
2011-08-10 12:05:57,Normal,95,0,95,1418981,15852,3543374,54201,571.6558224,38,48,9,0,16,75,4,0,10,2,83
2011-08-10 12:05:58,Normal,115,0,115,1356865,16894,4172133,53495,604.7278418086958,49,56,10,0,14,100,1,0,9,2,104
2011-08-10 12:05:59,Normal,87,0,87,1055587,15477,3222317,36476,497.02033777011485,31,47,9,0,11,74,2,0,4,2,81
2011-08-10 12:06:00,Normal,101,0,101,1255051,16149,3626997,54370,807.2383276039603,42,53,6,0,13,87,1,0,2,3,96
2011-08-10 12:06:01,Attack,130,0,132,1945912,4708,4862766,57718,628.4334198560605,40,89,3,0,25,103,4,0,12,2,117
2011-08-10 12:06:02,Attack,113,3,117,1415779,14699,4408355,2837,695.5482627863248,36,75,6,0,18,94,5,0,13,3,101
2011-08-10 12:06:03,Attack,98,0,102,1142773,3866,3538132,19434,481.5693934705882,38,57,7,0,11,85,6,0,11,2,89
2011-08-10 12:06:04,Attack,89,0,91,1019439,2423,3441481,52183,692.3007567032967,37,42,12,0,11,76,4,0,15,0,75
2011-08-10 12:06:05,Attack,109,0,115,1227426,17123,4506468,11137,523.9216086173913,37,68,10,0,16,93,6,0,15,1,99
2011-08-10 12:06:06,Attack,154,0,155,1590304,42163,6655094,60440,549.5067619032259,40,101,14,0,26,118,11,0,18,2,134
2011-08-10 12:06:07,Normal,151,0,151,1280528,19573,5925636,53302,446.1238796556292,53,92,6,0,20,128,3,0,23,1,127
2011-08-10 12:06:08,Attack,121,0,125,1304255,18417,4951668,12698,521.7686628719999,43,68,14,0,13,103,9,0,13,3,109
2011-08-10 12:06:09,Normal,131,3,134,1059278,20410,5604272,65677,458.52471318656717,41,86,7,0,32,95,6,1,32,1,100
2011-08-10 12:06:10,Normal,113,0,113,1331492,11748,4022309,64700,648.4864528495575,42,63,8,0,27,86,0,0,14,3,95
2011-08-10 12:06:11,Normal,155,0,155,1386292,12663,5415104,47904,367.71790150967746,42,107,6,0,21,119,15,0,28,3,124
2011-08-10 12:06:12,Normal,97,3,100,1052257,15885,3786824,60299,552.11078621,33,61,6,0,14,82,4,0,10,1,89
2011-08-10 12:06:13,Normal,111,0,111,2185938,8729,4009061,65232,765.794739018018,39,63,9,0,30,78,3,0,11,4,95
2011-08-10 12:06:14,Normal,85,0,85,840614,15370,3596066,56869,576.2093994235296,33,47,5,0,7,77,1,0,4,0,81
2011-08-10 12:06:15,Normal,95,0,95,1362389,15780,3294069,22932,487.7356755052632,35,46,14,0,16,77,2,0,8,4,83
2011-08-10 12:06:16,Normal,134,0,134,1113949,7553,4365159,52425,573.7889346343284,48,80,6,0,24,109,1,0,20,3,111
2011-08-10 12:06:17,Normal,106,0,106,1279897,2636,3715557,19919,646.1261249150945,40,57,9,0,13,88,5,0,8,3,95
2011-08-10 12:06:18,Normal,125,0,125,1155537,4023,4762320,50618,512.3883753920001,39,73,13,0,15,99,11,0,15,4,106
2011-08-10 12:06:19,Normal,96,0,96,1414140,17332,3661101,51296,411.5640322291667,36,52,8,0,12,76,8,0,11,6,79
2011-08-10 12:06:20,Normal,97,0,97,979914,17713,3833223,60311,567.8649339896907,33,59,5,0,9,81,7,0,10,5,82
2011-08-10 12:06:21,Normal,141,0,141,1774980,16991,5555310,2779,488.05132890780146,41,89,11,0,29,104,8,0,14,2,125
2011-08-10 12:06:22,Attack,116,3,121,1267896,16564,4409523,58813,499.9751079752067,39,75,7,0,20,91,9,1,20,2,98
2011-08-10 12:06:23,Attack,97,0,99,1462885,16186,3536966,51524,522.5190144949496,37,56,6,0,18,77,4,0,14,1,84
2011-08-10 12:06:24,Attack,154,0,161,1590832,18493,5725349,17634,629.164644310559,36,119,6,0,30,119,9,3,27,2,129
2011-08-10 12:06:25,Attack,100,0,105,1442365,16102,3145978,34533,657.0431747523809,36,57,12,0,28,71,5,1,24,5,75
2011-08-10 12:06:26,Attack,132,0,137,887254,5821,5422773,3790,384.87096613138687,34,94,9,0,27,100,10,0,37,1,99
2011-08-10 12:06:27,Normal,109,0,109,974004,4170,3982971,42257,433.18811626605503,44,59,6,0,9,94,6,0,14,1,94
2011-08-10 12:06:28,Normal,119,0,119,1858323,13035,3938850,35871,687.1159411512605,37,70,12,0,18,92,9,0,9,3,106
2011-08-10 12:06:29,Attack,93,0,94,1313958,2106,3250552,56977,993.2892860106384,47,43,4,0,6,82,6,0,5,2,87
2011-08-10 12:06:30,Normal,92,0,92,1045963,16378,3156743,23210,635.1745291195652,31,51,10,0,9,73,10,0,18,5,69
2011-08-10 12:06:31,Normal,121,0,121,843517,17547,4822785,33506,459.41362246280994,34,81,6,0,10,105,6,0,11,1,109
2011-08-10 12:06:32,Attack,84,3,88,822468,15930,3208885,57436,547.948595715909,29,55,4,0,9,75,4,0,7,2,78
2011-08-10 12:06:33,Normal,81,0,81,1284391,15312,2737368,13466,594.3744988148147,35,40,6,0,11,68,2,0,6,2,73
2011-08-10 12:06:34,Normal,135,0,135,1666042,17160,4647581,16737,585.3641071629629,39,83,13,0,15,112,8,0,7,4,124
2011-08-10 12:06:35,Normal,76,0,76,803896,2267,3233424,26281,517.0565322763158,35,37,4,0,6,68,2,0,9,0,67
2011-08-10 12:06:36,Normal,149,0,149,2189595,7347,5071770,33628,694.3121119664429,48,94,7,0,28,114,7,0,12,4,132
2011-08-10 12:06:37,Normal,87,0,87,1175597,2762,2568033,49409,638.6023174252874,40,42,5,0,13,74,0,0,9,6,72
2011-08-10 12:06:38,Normal,122,0,122,1536603,17544,3451110,49713,754.6767820245901,31,81,10,0,31,85,6,0,20,5,97
2011-08-10 12:06:39,Normal,118,3,121,1499276,17885,4026759,12999,577.5930289256198,36,76,9,0,19,98,4,0,9,2,110
2011-08-10 12:06:40,Attack,114,0,115,1605981,16164,4043016,2299,614.1289304434782,48,59,8,0,17,87,11,0,15,3,97
2011-08-10 12:06:41,Normal,104,6,110,1382950,9652,4056948,44575,524.0402654000001,31,74,5,0,17,89,4,0,19,2,89
2011-08-10 12:06:42,Normal,117,3,120,1230378,65332,4588091,14392,588.3504047083334,46,59,15,0,15,103,2,0,12,3,105
2011-08-10 12:06:43,Normal,103,0,103,1173063,16956,3610242,3840,718.8732441941748,43,51,9,0,22,74,7,0,19,1,83
2011-08-10 12:06:44,Normal,98,0,98,1286354,15091,3396091,2956,572.9637287346939,41,52,5,0,10,84,4,0,7,4,87
2011-08-10 12:06:45,Attack,127,0,134,1638499,17593,3428502,55430,396.666219619403,38,92,4,0,57,73,4,0,56,3,75
2011-08-10 12:06:46,Attack,139,0,142,1192825,6021,3672246,4121,437.17517189436614,43,89,10,0,53,88,1,0,53,2,87
2011-08-10 12:06:47,Attack,115,5,128,820176,18290,4532216,30634,416.6676260859375,41,78,9,0,12,107,9,0,22,2,104
2011-08-10 12:06:48,Normal,102,9,111,992385,17988,4360317,63265,326.1926940270271,28,78,5,0,26,82,3,0,23,3,83
2011-08-10 12:06:49,Normal,113,0,113,944452,5231,4023779,53420,391.8065121858407,40,69,4,0,16,93,4,0,16,3,94
2011-08-10 12:06:50,Attack,92,3,96,1264929,15741,3342032,27431,589.96918675,29,52,15,0,16,80,0,0,7,2,87
2011-08-10 12:06:51,Normal,163,0,163,1310684,6466,4534029,57081,393.72721551533743,48,105,10,0,38,111,14,0,44,4,115
2011-08-10 12:06:52,Normal,154,3,157,1618981,34320,5821301,1289,505.21793895541407,48,102,7,0,32,117,8,0,29,3,125
2011-08-10 12:06:53,Normal,134,0,134,1586507,4063,5053807,52632,398.46988907462685,39,82,13,0,21,105,8,0,15,1,118
2011-08-10 12:06:54,Normal,110,0,110,1327884,3878,4350081,2720,552.590186018182,34,68,8,0,18,89,3,0,13,1,96
2011-08-10 12:06:55,Normal,114,0,114,1242115,10479,3655774,42517,433.6452733333333,36,69,9,0,27,81,6,0,30,3,81
2011-08-10 12:06:56,Normal,129,0,129,1092269,28289,5083946,2571,401.49866026356585,44,76,9,0,15,113,1,0,11,5,113
2011-08-10 12:06:57,Normal,125,0,125,1527051,47973,4822198,52425,680.551558576,42,77,6,0,14,110,1,0,7,4,114
2011-08-10 12:06:58,Normal,104,0,104,1203880,16007,4205381,4742,613.3361339134615,41,59,4,0,12,91,1,0,6,1,97
2011-08-10 12:06:59,Normal,209,1,210,769868,23580,9928486,27093,219.1322941095238,37,166,7,0,13,196,1,0,16,2,192
2011-08-10 12:07:00,Attack,125,0,126,1261803,4436,4904781,33837,475.50042556349206,38,79,9,0,17,108,1,0,13,3,110
2011-08-10 12:07:01,Attack,105,0,106,1242219,18066,4109162,59263,560.6872757830189,36,63,7,0,16,89,1,0,9,5,92
2011-08-10 12:07:02,Normal,130,3,133,1380564,19944,5645165,42293,347.7582880751879,38,89,6,0,22,107,4,0,8,2,123
2011-08-10 12:07:03,Normal,98,0,98,905600,17371,3581123,16063,319.69991098979585,31,60,7,0,6,90,2,0,8,3,87
2011-08-10 12:07:04,Normal,110,0,110,1587982,39774,3686092,1109,613.6457517818183,44,59,7,0,35,73,2,0,17,3,90
2011-08-10 12:07:05,Normal,98,2,100,1019123,16258,3814202,32484,749.59072216,40,50,10,0,8,90,2,0,7,3,90
2011-08-10 12:07:06,Attack,102,0,108,1691508,25960,3692800,14904,423.81360411111115,38,62,8,0,21,81,6,0,13,3,92
2011-08-10 12:07:07,Attack,113,0,116,1451825,3961,4173049,61521,553.5836330603448,50,53,13,0,9,105,2,0,10,7,99
2011-08-10 12:07:08,Attack,112,0,118,1120960,4059,4356308,28695,500.7575038389831,44,65,9,0,10,105,3,0,15,1,102
2011-08-10 12:07:09,Normal,119,0,119,1497679,4067,4356932,30420,523.1188962352942,45,64,10,0,14,102,3,0,15,3,101
2011-08-10 12:07:10,Normal,118,3,121,1491119,18278,3983556,13226,398.58817126446274,33,74,14,0,29,86,4,2,22,3,96
2011-08-10 12:07:11,Attack,118,0,121,996709,18267,3215496,55232,440.9611346611571,34,74,13,0,33,77,11,0,44,1,76
2011-08-10 12:07:12,Normal,94,3,97,1189563,16112,3382794,3571,775.4071228969073,38,55,4,0,8,84,5,0,5,1,91
2011-08-10 12:07:13,Normal,120,0,120,2102973,15220,4062325,59799,1020.0473254999999,38,76,6,0,30,86,4,0,7,0,111
2011-08-10 12:07:14,Normal,111,0,111,1947934,10441,3940022,35530,942.5923335225227,41,57,13,0,20,87,4,0,12,1,98
2011-08-10 12:07:15,Normal,98,0,98,1138116,37483,3819810,12343,774.2670907346937,38,52,8,0,15,78,5,0,10,0,88
2011-08-10 12:07:16,Normal,99,0,99,1585588,15584,3417029,23953,720.9883941919192,33,57,9,0,17,79,3,0,6,3,90
2011-08-10 12:07:17,Normal,110,0,110,1372051,15910,4241143,15558,500.5306892272727,33,67,10,0,19,89,2,0,9,3,98
2011-08-10 12:07:18,Normal,178,0,178,1172198,7705,7132324,17966,418.86079762921344,49,122,7,0,32,136,10,0,37,2,139
2011-08-10 12:07:19,Attack,177,0,178,1301900,7593,7654448,52242,235.51225897191014,45,130,3,0,20,152,6,0,17,1,160
2011-08-10 12:07:20,Normal,208,0,208,1250932,26794,8950243,35907,271.6568498028846,39,167,2,0,53,139,16,0,64,3,141
2011-08-10 12:07:21,Attack,83,0,84,854651,17477,2945549,27449,710.2265598690476,35,44,5,0,6,76,2,0,4,1,79
2011-08-10 12:07:22,Attack,73,3,77,929145,15549,2600419,28951,592.3603747792208,32,34,11,0,6,66,4,1,8,1,67
2011-08-10 12:07:23,Normal,125,0,125,861040,6994,4636836,40411,357.73270207199994,41,78,6,0,13,103,9,0,23,0,101
2011-08-10 12:07:24,Normal,186,0,186,1212502,11864,7947413,41259,271.092734188172,40,140,6,0,62,120,2,2,59,6,119
2011-08-10 12:07:25,Normal,124,0,124,1108902,5276,4821968,67921,484.17366616129044,37,83,4,0,17,105,2,0,13,5,106
2011-08-10 12:07:26,Normal,103,0,103,1259528,16454,3753686,7293,541.2211827281553,51,52,0,0,9,85,9,0,14,3,86
2011-08-10 12:07:27,Attack,205,0,207,1037047,24389,9691432,19529,237.01418298067634,42,159,6,0,17,153,37,0,49,2,156
2011-08-10 12:07:28,Attack,116,0,120,1020693,3849,4233092,49345,397.7166679833333,41,74,5,0,10,105,4,1,16,2,101
2011-08-10 12:07:29,Attack,102,0,103,925535,16080,3842843,7141,792.9789461941749,48,43,12,0,4,99,0,0,5,0,98
2011-08-10 12:07:30,Attack,98,0,99,819749,16370,3875143,64851,562.4457866060607,45,46,8,0,5,91,3,0,9,0,90
2011-08-10 12:07:31,Normal,110,0,110,821945,5615,4414317,28973,536.3058704000001,35,67,8,0,12,98,0,0,15,0,95
2011-08-10 12:07:32,Attack,97,3,101,1325041,3703,3290204,53093,812.5971905346536,44,50,7,0,13,82,5,1,13,4,83
2011-08-10 12:07:33,Normal,170,0,170,849030,15505,7646395,1993,322.48388130588233,32,132,6,0,16,140,14,0,28,0,142
2011-08-10 12:07:34,Normal,114,0,114,1022056,5062,3786949,2431,569.475105114035,39,61,14,0,22,92,0,0,21,1,92
2011-08-10 12:07:35,Normal,117,0,117,877356,19219,4602018,37652,338.0923732051281,43,70,4,0,16,96,5,0,24,1,92
2011-08-10 12:07:36,Normal,91,0,91,1020883,15346,3504511,63231,882.8534187362638,38,47,6,0,12,77,2,0,8,1,81
2011-08-10 12:07:37,Normal,89,0,89,557646,3459,3316812,41251,498.3929385280898,26,59,4,0,3,84,2,0,11,0,78
2011-08-10 12:07:38,Normal,114,0,114,1091620,17507,4658479,53401,641.204837131579,43,64,7,0,18,94,2,0,18,0,96
2011-08-10 12:07:39,Normal,127,0,127,1010063,18987,5131511,46368,474.8859427244094,41,80,6,0,20,102,5,0,18,3,106
2011-08-10 12:07:40,Attack,94,10,106,753166,5949,3989627,42535,324.91550694339617,30,71,5,0,20,82,4,0,22,2,82
2011-08-10 12:07:41,Attack,128,8,137,1114311,21722,4751502,43287,495.32851510218984,37,93,7,0,48,86,3,0,47,2,87
2011-08-10 12:07:42,Attack,89,6,96,1138140,2220,3540378,53819,590.1913414895834,38,51,7,0,12,82,2,0,6,2,88
2011-08-10 12:07:43,Normal,96,0,96,979767,9682,3393919,59960,690.8031285520833,46,40,10,0,3,91,1,1,7,1,88
2011-08-10 12:07:44,Normal,125,3,128,1313890,4888,4574008,3499,686.3396583281251,44,71,13,0,12,112,4,0,10,3,115
2011-08-10 12:07:45,Normal,84,31,115,1133013,13564,4567870,1881,472.7280858782609,37,66,12,0,9,96,10,0,16,3,96
2011-08-10 12:07:46,Normal,92,0,92,732087,4701,3272446,53738,425.60263563043475,39,46,7,0,5,83,4,0,10,0,82
2011-08-10 12:07:47,Normal,76,0,76,900544,14708,2682852,58453,801.9512551842105,37,28,11,0,4,71,1,0,5,1,70
2011-08-10 12:07:48,Attack,102,0,103,830718,18457,2961899,28640,279.19704629126215,28,69,6,0,24,67,12,0,30,1,72
2011-08-10 12:07:49,Attack,115,0,119,1190692,4073,4405173,56509,681.4385862941176,47,62,10,0,13,101,5,0,11,1,107
2011-08-10 12:07:50,Attack,84,0,87,892424,47570,3120856,13362,700.8000028505747,32,50,5,0,11,74,2,0,11,1,75
2011-08-10 12:07:51,Attack,110,0,111,876274,25068,3824322,13441,513.5214919729729,36,69,6,0,14,87,10,0,23,2,86
2011-08-10 12:07:52,Normal,112,3,115,1041374,4536,3344507,4732,627.5121587304347,33,71,11,0,18,90,7,0,36,4,75
2011-08-10 12:07:53,Normal,105,12,117,791905,6756,3460082,5715,437.12054023076917,30,82,5,0,9,107,1,0,34,4,78
2011-08-10 12:07:54,Normal,192,0,192,2453053,22085,5910933,30102,995.7992841822916,36,149,7,0,77,105,10,0,61,5,126
2011-08-10 12:07:55,Normal,111,1,112,1233299,4014,3750178,3344,775.9777594464285,46,63,3,0,17,94,1,0,11,3,98
2011-08-10 12:07:56,Normal,72,65,137,730608,53875,5663179,13363,347.18780532116784,35,98,4,0,8,127,2,0,8,0,129
2011-08-10 12:07:57,Normal,92,7,99,1094343,2503,3420829,60780,641.5501035252524,40,51,8,0,7,88,4,0,4,2,93
2011-08-10 12:07:58,Normal,116,0,116,1902076,16860,3669628,12196,623.0288340517242,36,70,10,0,27,81,8,0,11,4,101
2011-08-10 12:07:59,Normal,157,0,157,1759140,18380,5421082,59889,622.9456565732485,51,99,7,0,27,127,3,0,16,3,138
2011-08-10 12:08:00,Attack,127,0,128,1404884,17107,4818003,58150,622.6502663984375,59,63,6,0,10,113,5,0,12,2,114
2011-08-10 12:08:01,Attack,127,0,128,1303833,19462,4807545,54291,493.14750688281254,48,74,6,0,18,104,6,0,17,5,106
2011-08-10 12:08:02,Attack,135,3,139,1088324,20814,5003203,55388,721.6896381510791,42,92,5,0,27,106,6,0,24,2,112
2011-08-10 12:08:03,Normal,94,0,94,717615,17145,3537702,57174,386.71502269148937,33,56,5,0,6,87,1,0,11,2,81
2011-08-10 12:08:04,Normal,103,0,103,856569,10025,3702595,60191,664.0413317281553,39,51,13,0,5,97,1,0,7,2,94
2011-08-10 12:08:05,Normal,97,0,97,972312,16242,3539348,2896,655.7904717525773,45,45,7,0,7,88,2,0,9,1,87
2011-08-10 12:08:06,Normal,109,0,109,1046248,52332,4222964,14393,757.9171540275229,31,64,14,0,4,101,4,0,7,2,100
2011-08-10 12:08:07,Normal,74,0,74,683014,15077,2795276,14134,357.7385143783784,35,32,7,0,4,70,0,0,5,1,67
2011-08-10 12:08:08,Normal,83,0,83,927161,15940,3079938,58188,950.3138816506025,43,32,8,0,6,75,2,0,7,0,76
2011-08-10 12:08:09,Attack,104,2,107,1097820,17550,3970764,49515,363.57850128971967,33,62,12,0,16,86,5,0,14,1,92
2011-08-10 12:08:10,Attack,101,3,107,882098,5020,4181147,55636,639.4435932242991,40,57,10,0,11,90,6,0,17,2,88
2011-08-10 12:08:11,Attack,87,3,94,755846,17538,3504214,10870,544.0542078404255,41,46,7,0,5,84,5,0,13,2,79
2011-08-10 12:08:12,Attack,98,6,106,1040709,16946,3896945,15881,614.2402660566038,41,59,6,0,9,92,5,0,14,4,87
2011-08-10 12:08:13,Normal,154,0,154,1038124,5458,6635112,37039,399.1628802337662,45,102,7,0,6,140,8,0,19,1,134
2011-08-10 12:08:14,Normal,98,0,98,1127875,38439,3409921,65915,687.3046311020408,35,53,10,0,8,86,4,0,6,2,90
2011-08-10 12:08:15,Normal,105,0,105,1275625,17478,3383323,2216,711.2282770761904,43,59,3,0,20,83,2,0,6,1,98
2011-08-10 12:08:16,Normal,97,0,97,999436,13236,3527821,50828,795.2143293608248,44,47,6,0,10,86,1,0,11,0,86
2011-08-10 12:08:17,Normal,81,0,81,867061,14958,2479961,24725,1043.888728580247,43,27,11,0,10,71,0,0,12,3,65
2011-08-10 12:08:18,Normal,86,0,86,853096,16277,2901674,53745,920.6589121511628,41,34,11,0,11,75,0,0,15,0,71
2011-08-10 12:08:19,Normal,110,0,110,953145,3922,4194600,2386,661.1475186636364,43,59,8,0,8,101,1,0,9,3,98
2011-08-10 12:08:20,Normal,135,0,135,723383,5250,5900549,54372,238.84689132592592,34,97,4,0,16,115,4,0,18,3,113
2011-08-10 12:08:21,Attack,66,0,70,816192,60440,2004781,12287,734.3969845714286,31,31,8,0,5,60,5,0,7,4,59
2011-08-10 12:08:22,Attack,106,3,112,812780,16352,4045942,22349,614.2284762946429,35,65,12,0,4,97,10,1,16,4,91
2011-08-10 12:08:23,Normal,112,0,112,1120616,16445,4053565,48567,776.54331225,58,48,6,0,6,105,0,1,8,3,99
2011-08-10 12:08:24,Normal,89,0,89,852917,18210,3296537,62475,708.9316822134832,31,50,8,0,12,73,4,0,12,3,73
2011-08-10 12:08:25,Normal,112,0,112,962773,3564,3792727,50788,449.04848886607135,36,64,12,0,10,100,2,0,12,3,97
2011-08-10 12:08:26,Normal,99,0,99,1167508,17614,3259451,53314,735.4499151111111,35,51,13,0,20,76,2,1,14,0,84
2011-08-10 12:08:27,Normal,106,0,106,1184971,11972,3661715,14134,470.8025300283019,48,49,9,0,9,94,3,0,13,1,92
2011-08-10 12:08:28,Normal,84,0,84,802320,3326,3019913,33842,559.3120811190477,34,42,8,0,4,76,3,1,6,1,75
2011-08-10 12:08:29,Normal,120,0,120,1096735,22941,4682368,16447,621.1665658166668,39,68,13,0,6,105,9,0,9,4,107
2011-08-10 12:08:30,Attack,88,0,90,801309,15944,3253913,50715,579.2178070666668,44,40,6,0,5,82,2,1,6,1,82
2011-08-10 12:08:31,Attack,95,0,99,1158136,60171,2814460,16792,908.8580774848485,34,55,10,0,16,77,6,0,20,3,76
2011-08-10 12:08:32,Normal,115,3,118,1472632,17294,4957345,58403,629.5039638050846,39,72,7,0,23,89,6,0,13,0,105
2011-08-10 12:08:33,Attack,88,0,89,895204,15841,3111194,10155,794.6634332022471,38,34,17,0,7,79,3,0,13,1,75
2011-08-10 12:08:34,Normal,106,0,106,1083048,4232,3581751,5112,793.620594018868,42,56,8,0,11,91,4,0,16,1,89
2011-08-10 12:08:35,Normal,99,0,99,1105850,16483,3816036,42343,539.1705697171717,36,56,7,0,13,85,1,0,10,4,85
2011-08-10 12:08:36,Normal,98,0,98,890511,2809,3539050,50649,651.9555898979592,31,53,14,0,12,83,3,0,12,1,85
2011-08-10 12:08:37,Normal,107,0,107,832536,4914,3943795,41379,377.4062579158879,44,53,10,0,5,100,2,0,12,2,93
2011-08-10 12:08:38,Normal,112,3,115,1244610,46979,4050145,35985,569.8632862000001,42,70,3,0,18,93,4,0,15,5,94
2011-08-10 12:08:39,Normal,110,0,110,778102,16845,4477442,21026,805.9607799909089,36,63,11,0,4,103,3,0,8,0,102
2011-08-10 12:08:40,Attack,90,4,96,943298,4639,3348597,38763,598.4666628020833,41,46,9,0,8,79,9,0,20,2,74
2011-08-10 12:08:41,Normal,95,0,95,981745,17380,3469797,12947,525.4187170947368,35,50,10,0,5,85,5,0,8,2,84
2011-08-10 12:08:42,Attack,106,3,110,1044434,19298,3862907,4259,538.2426328363637,46,55,9,0,13,92,5,0,17,2,91
2011-08-10 12:08:43,Attack,98,0,99,979622,16925,3410830,9390,534.4524043737374,29,60,10,0,15,79,5,0,12,5,82
2011-08-10 12:08:44,Attack,114,0,116,944414,3738,4331743,7121,542.9130031465518,40,69,7,0,11,101,4,0,14,4,98
2011-08-10 12:08:45,Normal,132,0,132,1091588,17970,5160799,7367,538.0809046590911,45,75,12,0,11,118,3,0,12,2,117
2011-08-10 12:08:46,Normal,87,0,87,826753,16113,3338475,54829,656.4745227356321,34,46,7,0,4,80,3,0,7,4,75
2011-08-10 12:08:47,Normal,107,0,107,747986,17567,4335879,13768,373.56690796261677,39,64,4,0,6,97,4,0,14,1,92
2011-08-10 12:08:48,Normal,110,0,110,793482,19516,4254554,61341,489.20217116363636,30,75,5,0,22,85,3,0,13,1,96
2011-08-10 12:08:49,Normal,127,0,127,1029880,20953,4965981,58488,483.55001996850393,44,78,5,0,21,100,6,0,27,1,99
2011-08-10 12:08:50,Attack,122,0,124,1348378,11723,4530245,4785,778.8939995000001,44,68,12,0,18,103,3,0,15,0,107
2011-08-10 12:08:51,Attack,84,0,87,634677,16863,3345496,45320,455.40201477011476,40,44,3,0,4,80,3,0,12,2,73
2011-08-10 12:08:52,Attack,110,213,325,1072355,31569,13538827,26887,192.7498035876923,33,285,7,0,56,235,34,0,91,0,234
2011-08-10 12:08:53,Attack,127,100,228,1456342,8456,9549656,5473,273.7077574780702,52,171,5,0,30,192,6,0,29,3,195
2011-08-10 12:08:54,Attack,102,31,136,985806,18204,5553699,24272,436.02805068382355,33,95,8,0,10,118,8,0,15,2,119
2011-08-10 12:08:55,Normal,153,0,153,1185490,19129,5529485,65724,531.5881074771241,51,92,10,0,12,133,8,0,21,3,129
2011-08-10 12:08:56,Normal,90,0,90,943418,16349,3406344,35520,485.77348495555555,38,49,3,0,8,79,3,0,11,4,75
2011-08-10 12:08:57,Normal,83,0,83,837615,15852,3259274,10164,623.1922519397591,32,48,2,0,9,71,2,0,11,0,71
2011-08-10 12:08:58,Normal,76,0,76,807814,15967,2914981,35407,786.1656651184212,36,33,7,0,6,69,1,0,10,0,66
2011-08-10 12:08:59,Normal,211,0,211,807252,23590,10408071,22172,140.20679046919432,34,171,6,0,3,204,4,0,9,0,202
2011-08-10 12:09:00,Normal,135,0,135,993186,18668,5701940,46252,421.733811674074,34,93,8,0,12,121,2,0,5,3,127
2011-08-10 12:09:01,Attack,116,0,117,629404,5348,5181716,45597,287.5418806752137,26,86,5,0,5,104,8,0,16,1,100
2011-08-10 12:09:02,Normal,236,3,239,1228858,26040,11127906,56364,224.8726907573222,37,196,6,0,15,218,6,0,18,1,218
2011-08-10 12:09:03,Normal,91,0,91,852305,17779,3416704,10179,401.72944506593416,32,56,3,0,7,82,2,0,5,1,84
2011-08-10 12:09:04,Attack,87,0,88,640696,16921,3259355,45226,608.1065036136364,31,48,9,0,3,83,2,0,8,1,79
2011-08-10 12:09:05,Attack,100,0,101,877835,16681,3821715,4814,418.84700021782174,37,53,11,0,5,92,4,0,10,1,90
2011-08-10 12:09:06,Normal,107,0,107,949083,4134,3975218,54230,750.1206831682243,37,60,10,0,8,95,4,0,8,1,97
2011-08-10 12:09:07,Normal,104,0,104,750506,20424,5015406,65428,430.86090263461546,36,64,4,0,38,62,4,0,41,4,59
2011-08-10 12:09:08,Normal,112,0,112,1233201,18708,4074280,51560,765.9857503839285,40,58,14,0,14,94,3,1,13,2,95
2011-08-10 12:09:09,Normal,83,0,83,865059,15920,3059790,47645,814.6682424819276,30,43,10,0,8,74,1,0,5,1,76
2011-08-10 12:09:10,Normal,101,0,101,1066683,4820,3759633,43685,621.3763498019802,27,69,5,0,22,79,0,0,16,3,82
2011-08-10 12:09:11,Normal,86,3,89,805600,17328,3142261,29294,642.0256966853932,40,44,5,0,9,79,1,0,4,3,82
2011-08-10 12:09:12,Attack,134,3,141,2014280,16277,4462206,17971,404.77708728368793,32,104,5,0,29,101,11,0,12,4,123
2011-08-10 12:09:13,Attack,100,2,105,1177624,66250,3132499,14947,752.670255057143,42,52,11,0,13,81,11,0,23,3,79
2011-08-10 12:09:14,Attack,95,0,96,726182,16406,3737224,46741,350.6280550520833,34,58,4,0,8,85,3,0,13,1,82
2011-08-10 12:09:15,Attack,91,0,92,842097,15999,3525794,42474,516.8471365652174,43,41,8,0,6,83,2,1,5,2,85
2011-08-10 12:09:16,Attack,134,0,135,1323450,4889,5743895,59162,563.680459925926,30,98,7,0,20,113,2,0,8,1,126
2011-08-10 12:09:17,Normal,115,40,155,1142023,6817,6121380,39555,499.0437314129033,46,103,6,0,16,123,16,0,29,2,124
2011-08-10 12:09:18,Normal,70,30,100,816412,17212,3835702,28636,719.90601744,38,56,6,0,5,89,6,0,10,1,88
2011-08-10 12:09:19,Normal,101,0,101,1092650,16195,3670537,67575,581.2718467425742,30,58,13,0,17,84,0,0,12,3,86
2011-08-10 12:09:20,Normal,82,0,82,931045,14774,2891950,56083,958.4772117073172,35,37,10,0,10,71,1,0,8,2,72
2011-08-10 12:09:21,Normal,123,0,123,1312324,16272,4599785,54576,603.3157968130081,45,69,9,0,15,106,2,0,9,2,112
2011-08-10 12:09:22,Attack,95,3,99,1081952,17585,3389803,5590,627.402372050505,41,53,5,0,11,84,2,2,11,2,84
2011-08-10 12:09:23,Normal,108,0,108,1580886,15554,3404906,14396,781.457792425926,36,69,3,0,19,85,3,1,5,3,97
2011-08-10 12:09:24,Normal,92,0,92,967034,16914,3111788,16821,637.6067808152175,51,32,9,0,5,85,1,1,5,2,84
2011-08-10 12:09:25,Attack,74,0,75,679167,9405,2733571,50441,572.46580536,34,33,8,0,5,68,2,0,8,0,67
2011-08-10 12:09:26,Attack,82,0,84,773342,61651,3031179,14134,467.976873095238,27,49,8,0,6,75,3,0,8,1,75
2011-08-10 12:09:27,Normal,86,0,86,811119,16390,2765101,37895,442.1644757325582,34,42,10,0,5,80,1,0,7,1,78
2011-08-10 12:09:28,Normal,91,0,91,717572,18438,3533501,35820,486.09471776923084,29,54,8,0,14,73,4,0,16,0,75
2011-08-10 12:09:29,Normal,61,0,61,642693,15461,1968834,3955,845.4756417540983,35,22,4,0,5,53,2,1,5,2,53
2011-08-10 12:09:30,Normal,111,0,111,1055173,3191,4246459,46850,546.7774065045046,44,61,6,0,30,79,2,0,25,1,85
2011-08-10 12:09:31,Attack,128,0,129,847971,18685,5055722,42956,422.8779498992248,42,78,9,0,13,109,7,0,16,1,112
2011-08-10 12:09:32,Normal,123,3,126,1069983,18149,4515163,11630,634.8256167857141,45,67,14,0,30,88,8,0,29,1,95
2011-08-10 12:09:33,Attack,107,0,110,1074757,16165,3909129,56016,705.2304140363636,36,66,8,0,14,91,5,0,14,2,92
2011-08-10 12:09:34,Attack,117,3,125,1607436,33993,3946081,54538,804.155753448,43,77,5,0,32,89,4,0,16,2,107
2011-08-10 12:09:35,Attack,80,0,81,987166,15150,2714164,13874,764.5059545185185,43,30,8,0,7,74,0,0,10,3,67
2011-08-10 12:09:36,Normal,92,0,92,969875,16471,3316213,15137,763.8943978260869,38,46,8,0,5,84,3,0,10,0,82
2011-08-10 12:09:37,Attack,94,0,96,1084441,1873,3222724,45207,671.1692098854168,48,43,5,0,9,86,1,0,8,1,87
2011-08-10 12:09:38,Attack,70,0,72,901981,1258,2198365,2820,862.0891111249998,34,30,8,0,6,64,2,0,4,1,67
2011-08-10 12:09:39,Normal,90,0,90,875441,3565,3199056,40854,658.7298199444444,40,43,7,0,3,85,2,0,6,0,84
2011-08-10 12:09:40,Normal,90,0,90,1071118,16542,3376061,5324,839.5935657222221,35,46,9,0,17,71,2,0,15,1,73
2011-08-10 12:09:41,Normal,115,3,118,1462524,16538,4204719,33617,755.7196621864407,33,77,8,0,15,97,6,0,8,1,107
2011-08-10 12:09:42,Normal,121,3,124,1468947,17418,4594843,39801,675.9280726290323,49,69,6,0,26,92,6,0,20,2,100
2011-08-10 12:09:43,Normal,90,0,90,1340723,15886,3438082,53202,652.8363423555555,33,53,4,0,10,72,8,0,11,1,78
2011-08-10 12:09:44,Normal,101,0,101,1257209,16203,3327816,29865,624.1450086039605,48,50,3,0,10,88,3,0,4,1,96
2011-08-10 12:09:45,Normal,79,0,79,1113490,50871,2746222,51781,705.5989912025316,33,34,12,0,9,68,2,0,5,2,72
2011-08-10 12:09:46,Attack,115,0,117,848086,17039,4798343,56409,259.25723035042733,32,76,9,0,11,102,4,0,15,0,101
2011-08-10 12:09:47,Normal,115,0,115,1665182,40018,3585189,11535,749.4124108173913,32,72,11,0,22,87,6,0,15,1,99
2011-08-10 12:09:48,Attack,112,0,114,1056782,17519,4013263,9077,611.3880797982457,41,63,10,0,14,96,4,0,10,0,102
2011-08-10 12:09:49,Normal,117,0,117,897059,8145,4910324,14257,567.8335402564103,37,72,8,0,9,107,1,0,12,1,104
2011-08-10 12:09:50,Normal,103,0,103,827490,4900,4178645,50567,511.2766239223301,41,53,9,0,15,82,6,0,24,1,77
2011-08-10 12:09:51,Normal,111,0,111,559856,13429,4586457,54452,345.6723832432433,28,75,8,0,4,101,6,0,15,0,96
2011-08-10 12:09:52,Normal,110,3,113,963617,17663,4444316,32570,584.2994146637169,36,72,5,0,14,96,3,0,12,2,99
2011-08-10 12:09:53,Normal,105,0,105,1220268,2983,3343782,11825,924.9604613428571,43,53,9,0,15,90,0,0,9,2,94
2011-08-10 12:09:54,Attack,87,2,92,983778,15583,3387165,35215,656.2535217282609,41,43,8,0,11,78,3,0,12,2,77
2011-08-10 12:09:55,Attack,103,0,105,1058850,16865,4035502,49523,795.4091180857143,38,54,13,0,12,90,3,0,12,0,93
2011-08-10 12:09:56,Attack,105,0,106,935186,4507,3941739,54746,564.3176861698113,44,53,9,0,11,93,2,0,18,0,87
2011-08-10 12:09:57,Normal,190,0,190,1465923,76527,7853226,14905,455.09644475789474,53,130,7,0,35,149,6,0,32,2,155
2011-08-10 12:09:58,Attack,166,0,169,2080658,18308,5598998,29259,641.4343928698225,52,110,7,0,34,121,14,0,28,6,135
2011-08-10 12:09:59,Attack,131,0,133,1587274,3704,4821578,58250,542.0512705789474,46,77,10,0,27,99,7,0,22,0,111
2011-08-10 12:10:00,Normal,106,0,106,1195029,3789,3957093,16573,650.1712187075472,43,58,5,0,14,87,5,0,13,3,90
2011-08-10 12:10:01,Normal,98,0,98,750782,4872,3750789,4634,422.0433123877551,35,57,6,0,7,90,1,0,9,0,89
2011-08-10 12:10:02,Normal,166,3,169,1810230,6822,5983948,58891,489.31280746153857,43,115,11,0,24,140,5,0,18,4,147
2011-08-10 12:10:03,Attack,85,0,86,920116,16434,3151405,11127,850.2330782790696,42,34,10,0,5,81,0,0,9,1,76
2011-08-10 12:10:04,Normal,117,0,117,1294943,4634,4154493,63655,660.0338172478631,35,72,10,0,20,94,3,0,8,2,107
2011-08-10 12:10:05,Normal,87,0,87,1146082,3461,2923046,36649,666.0250325632184,31,50,6,0,16,68,3,0,5,1,80
2011-08-10 12:10:06,Normal,94,0,94,878407,4824,3331034,39375,496.2173359893616,35,51,8,0,7,83,4,0,9,1,84
2011-08-10 12:10:07,Normal,104,0,104,1341748,16522,3636538,14429,811.7544623653847,39,61,4,0,17,86,1,0,8,0,96
2011-08-10 12:10:08,Attack,98,0,102,1068651,16790,3610914,34918,570.9258989509804,35,58,9,0,15,84,3,0,20,2,80
2011-08-10 12:10:09,Attack,91,0,93,789667,17061,3305949,8592,608.0195548602151,27,54,12,0,6,83,4,0,11,0,81
2011-08-10 12:10:10,Normal,99,0,99,928315,17106,3761450,27561,568.1138081515151,33,60,6,0,10,85,4,0,13,1,85
2011-08-10 12:10:11,Normal,88,3,91,972771,16523,3414512,42324,566.4431925164835,41,46,4,0,10,75,6,0,9,2,80
2011-08-10 12:10:12,Normal,124,3,127,940266,18167,4732441,63501,379.8562316299213,37,75,15,0,9,113,4,1,13,2,112
2011-08-10 12:10:13,Normal,96,0,96,1146712,17402,3472999,45929,666.2810639583332,47,41,8,0,13,81,1,1,12,1,82
2011-08-10 12:10:14,Normal,94,0,94,1235385,37244,3255751,65437,534.3579855319148,42,47,5,0,11,79,4,0,11,2,81
2011-08-10 12:10:15,Attack,107,0,108,1452086,8430,3826084,14905,555.9449076111111,35,59,14,0,19,86,3,0,7,2,98
2011-08-10 12:10:16,Attack,79,0,82,966237,15467,2804381,53692,944.2610948292682,42,31,9,0,8,73,1,0,10,1,71
2011-08-10 12:10:17,Attack,114,2,119,1151664,16534,4347290,40169,605.9420612436974,45,67,7,0,11,103,5,0,7,2,110
2011-08-10 12:10:18,Normal,69,0,69,943848,8271,2222217,63861,1008.0104697536235,41,23,5,0,5,64,0,0,7,2,60
2011-08-10 12:10:19,Attack,109,0,112,1279754,3286,4181295,52031,589.9144667767857,45,54,13,0,10,99,3,0,7,3,102
2011-08-10 12:10:20,Attack,104,0,106,1442411,2956,3331500,47924,681.4535197169812,37,56,13,0,14,87,5,0,11,1,94
2011-08-10 12:10:21,Normal,86,0,86,1159146,1693,3029369,36442,641.3522550116278,42,36,8,0,5,81,0,0,3,3,80
2011-08-10 12:10:22,Attack,101,3,105,933446,16484,3720220,56279,596.2084292571429,35,64,6,0,10,91,3,1,8,2,94
2011-08-10 12:10:23,Attack,87,0,89,1030003,1959,3519252,52564,754.565272,24,54,11,0,10,76,3,0,5,0,84
2011-08-10 12:10:24,Normal,104,0,104,1081403,16087,3848087,47141,685.3129923846153,34,58,12,0,7,91,5,1,11,1,91
2011-08-10 12:10:25,Normal,69,0,69,882654,15256,2405722,43490,731.82177542029,35,25,9,0,5,63,0,1,5,3,60
2011-08-10 12:10:26,Normal,126,6,132,1928644,17435,5074411,28151,498.15263213636354,58,67,7,0,25,98,8,1,16,5,110
2011-08-10 12:10:27,Normal,91,0,91,844436,16461,3324599,42273,751.3360974945057,48,32,11,0,2,88,1,0,8,0,82
2011-08-10 12:10:28,Attack,93,0,94,811355,3797,3341817,63316,462.3366357021277,30,56,8,0,13,79,2,0,11,4,78
2011-08-10 12:10:29,Attack,95,0,96,1017886,17240,3260219,33842,407.23782129166665,31,55,10,0,13,79,3,1,8,2,85
2011-08-10 12:10:30,Attack,121,0,128,897499,6306,4693226,37778,497.95905802343754,42,78,8,0,10,109,9,0,17,0,110
2011-08-10 12:10:31,Normal,121,0,121,678546,18884,5062782,60650,357.2449645289256,33,84,4,0,5,116,0,0,13,1,107
2011-08-10 12:10:32,Normal,123,3,126,915365,19373,4730665,1157,474.54807416666665,34,81,11,0,16,107,3,0,17,0,109
2011-08-10 12:10:33,Normal,114,0,114,895472,17602,3839027,20571,462.72288319298247,51,59,4,0,11,101,2,0,11,1,102
2011-08-10 12:10:34,Normal,78,0,78,931546,2469,2855297,37637,781.3054395384615,34,38,6,0,4,70,4,0,7,2,69
2011-08-10 12:10:35,Normal,76,0,76,982417,15106,2415601,49383,679.785467855263,34,34,8,0,8,64,4,0,3,3,69
2011-08-10 12:10:36,Normal,76,0,76,937814,1690,2790688,52985,689.0206940526317,35,36,5,0,4,65,5,2,3,0,72
2011-08-10 12:10:37,Attack,93,0,96,1101007,16212,3411495,64009,605.17378075,33,57,6,0,13,78,5,0,9,1,86
2011-08-10 12:10:38,Attack,128,0,132,1674038,10335,4654456,7652,731.285466590909,38,84,10,0,18,105,9,0,8,1,123
2011-08-10 12:10:39,Normal,85,0,85,932250,15266,2930940,32492,840.0187516117646,33,38,14,0,9,72,4,0,8,1,76
2011-08-10 12:10:40,Attack,108,0,110,937507,18049,3955986,11685,309.41378820909097,34,68,8,0,14,96,0,0,9,1,99
2011-08-10 12:10:41,Normal,100,3,103,1159232,16222,3454141,29440,658.2566080970875,37,55,11,0,12,85,6,0,11,4,88
2011-08-10 12:10:42,Normal,99,3,102,949834,2865,3848764,52921,566.7267786960783,34,53,15,0,5,90,7,0,8,3,91
2011-08-10 12:10:43,Attack,104,0,105,689813,17194,4517644,52359,435.4041206857143,41,57,7,0,2,101,2,0,10,1,94
2011-08-10 12:10:44,Attack,84,0,86,1095744,15169,2765260,32823,814.8813258720932,40,34,12,0,9,72,5,0,8,4,74
2011-08-10 12:10:45,Normal,88,0,88,808439,16366,3311652,27223,452.67299957954543,36,31,21,0,2,80,6,0,6,2,80
2011-08-10 12:10:46,Normal,103,0,103,1074311,3598,3961157,50000,747.7493849902913,31,65,7,0,11,90,2,0,8,2,93
2011-08-10 12:10:47,Normal,107,0,107,1615463,16218,3645832,66674,717.2778235233644,47,45,15,0,16,90,1,0,9,3,95
2011-08-10 12:10:48,Normal,111,0,111,1164854,18717,4310509,9335,565.2962553513513,35,68,8,0,19,91,1,0,13,0,98
2011-08-10 12:10:49,Attack,105,0,109,1271531,24510,3640048,14393,734.3130418532113,26,70,13,0,14,89,6,0,13,2,94
2011-08-10 12:10:50,Attack,101,0,102,904394,18916,3672629,41286,636.1590473431374,42,45,15,0,6,88,8,0,16,1,85
2011-08-10 12:10:51,Attack,109,0,112,1385116,37430,3985420,13363,596.5603349464285,34,70,8,0,21,89,2,0,10,0,102
2011-08-10 12:10:52,Normal,113,3,116,1752389,16800,3205893,34747,807.7288935344827,36,72,8,0,28,82,6,0,18,2,95
2011-08-10 12:10:53,Normal,85,0,85,919297,15735,3003597,13567,458.9906446235295,41,36,8,0,3,80,2,0,9,2,74
2011-08-10 12:10:54,Normal,78,7,85,1156447,15630,2668788,24651,480.5471555058825,39,38,8,0,7,71,7,0,8,3,73
2011-08-10 12:10:55,Normal,99,38,137,1018154,64157,5245183,63910,397.53382878102184,35,92,10,0,7,117,13,0,19,2,116
2011-08-10 12:10:56,Normal,78,0,78,964639,7730,2660076,3660,706.2672914999999,44,28,6,0,6,72,0,0,6,1,71
2011-08-10 12:10:57,Normal,98,0,98,1230967,15689,3500561,46210,641.4599854693878,28,59,11,0,14,83,1,0,4,1,93
2011-08-10 12:10:58,Attack,163,16,180,1136281,21261,7625496,16681,310.7733168777778,45,129,6,0,16,158,6,0,15,1,164
2011-08-10 12:10:59,Attack,282,3,288,957968,13053,12964059,61415,239.77891181597226,28,248,12,0,15,263,10,0,21,0,267
2011-08-10 12:11:00,Normal,85,10,95,837081,3570,3581597,65958,613.2889935368421,33,54,8,0,15,75,5,0,16,3,76
2011-08-10 12:11:01,Attack,102,4,108,1047452,17818,3732066,25845,515.7449311203703,38,63,7,0,12,91,5,0,12,1,95
2011-08-10 12:11:02,Normal,97,4,101,1027974,16957,3906506,34712,620.0661660396039,40,55,6,0,11,88,2,0,10,1,90
2011-08-10 12:11:03,Normal,137,12,149,1331644,20427,5694998,28885,623.9220588322147,32,110,7,0,19,123,7,0,14,2,133
2011-08-10 12:11:04,Normal,78,15,93,1064646,5389,3407040,48169,661.4698793978494,39,49,5,0,11,68,14,0,21,1,71
2011-08-10 12:11:05,Attack,94,0,96,980454,15821,3161084,54016,662.4534507395833,41,47,8,0,6,87,3,0,10,1,85
2011-08-10 12:11:06,Normal,81,0,81,809425,15843,2634780,59926,567.2884615061729,35,37,9,0,3,77,1,0,16,0,65
2011-08-10 12:11:07,Normal,103,11,114,1160300,17036,3956883,65532,495.63365447368415,34,71,9,0,13,94,7,0,13,1,100
2011-08-10 12:11:08,Normal,123,7,130,953958,19589,5162776,52949,456.13641419230765,36,85,9,0,15,112,3,0,10,1,119
2011-08-10 12:11:09,Normal,137,0,137,1157833,19103,5131254,56479,302.67904247445256,33,95,9,0,30,102,5,0,21,0,115
2011-08-10 12:11:10,Attack,118,0,120,1343292,18062,4175783,64341,538.3837043333334,53,58,9,0,16,102,2,0,15,2,103
2011-08-10 12:11:11,Normal,117,0,117,1489385,4645,3753153,67039,754.6212359743589,54,58,5,0,17,98,2,0,14,3,100
2011-08-10 12:11:12,Attack,92,6,99,943836,16303,3164399,45362,416.09325228282825,41,54,4,0,16,80,3,0,17,0,82
2011-08-10 12:11:13,Attack,99,0,101,863369,18148,3754698,44324,589.6938717722772,31,61,9,0,9,88,4,0,11,3,87
2011-08-10 12:11:14,Normal,71,0,71,765561,15354,2629633,6466,758.3084521690139,34,26,11,0,6,64,1,0,4,1,66
2011-08-10 12:11:15,Normal,89,0,89,1262588,16856,3128278,46527,539.6146024494382,33,46,10,0,10,77,2,0,2,4,83
2011-08-10 12:11:16,Normal,86,0,86,965391,16157,2829055,14973,648.2955529651163,33,43,10,0,5,78,3,0,7,2,77
2011-08-10 12:11:17,Normal,111,0,111,1335101,16157,4223667,58571,647.5701712882883,56,46,9,0,12,98,1,0,8,1,102
2011-08-10 12:11:18,Normal,143,0,143,1177478,7023,5572571,66860,570.1914354825174,41,93,9,0,34,105,4,0,32,4,107
2011-08-10 12:11:19,Attack,109,0,110,1291246,5839,3658455,38372,601.2076454090911,49,51,10,0,12,92,6,0,12,6,92
2011-08-10 12:11:20,Attack,87,0,92,845773,4023,2950766,40072,467.20518442391295,32,56,4,0,18,70,4,0,24,2,66
2011-08-10 12:11:21,Normal,116,0,116,1818808,16052,3536505,35917,506.27930902586206,40,66,10,0,24,88,4,0,5,5,106
2011-08-10 12:11:22,Attack,73,3,77,933010,16464,2621409,19177,836.9714081818181,32,41,4,0,10,62,3,2,5,0,70
2011-08-10 12:11:23,Normal,109,0,109,882054,19780,3787981,41662,589.3759776788991,41,62,6,0,9,90,9,1,13,0,95
2011-08-10 12:11:24,Normal,66,2,68,741175,14585,2214798,15383,875.5972404411764,24,33,11,0,7,60,1,0,3,1,64
2011-08-10 12:11:25,Normal,71,0,71,757136,30842,2260993,14256,966.5960272394367,27,39,5,0,12,58,0,1,2,1,67
2011-08-10 12:11:26,Normal,134,0,134,1540446,18470,4836640,37832,635.8527662388061,51,69,14,0,17,114,3,0,16,4,114
2011-08-10 12:11:27,Normal,84,0,84,987614,9727,2990142,51983,478.9527261666667,34,44,6,0,6,76,1,1,7,4,72
2011-08-10 12:11:28,Normal,79,0,79,1212579,14681,2434172,6441,760.088592113924,36,34,9,0,7,71,1,0,6,3,70
2011-08-10 12:11:29,Normal,113,0,113,1071663,5177,4138603,53493,582.1111565575221,28,72,13,0,16,95,2,0,9,4,100
2011-08-10 12:11:30,Attack,99,0,100,1025610,16735,3692778,17492,548.0817198599999,46,51,3,0,11,87,2,0,10,3,87
2011-08-10 12:11:31,Attack,94,0,97,1191308,2941,3405642,51908,553.242051298969,39,52,6,0,17,78,2,0,12,1,84
2011-08-10 12:11:32,Attack,108,3,113,1134880,46088,3571714,42986,433.34032934513283,45,55,13,0,13,85,15,0,26,1,86
2011-08-10 12:11:33,Normal,126,0,126,1178723,17408,4235096,55501,517.6256330714286,48,72,6,0,20,104,2,0,13,4,109
2011-08-10 12:11:34,Attack,100,0,104,973626,16838,3770849,48195,509.59182202884614,41,58,5,0,15,87,2,0,10,2,92
2011-08-10 12:11:35,Normal,108,0,108,991805,3169,4041231,50034,799.3504966944444,53,50,5,0,6,99,3,0,6,0,100
2011-08-10 12:11:36,Normal,87,0,87,916655,15452,3030300,29353,564.2493513678161,36,46,5,0,10,77,0,0,7,3,77
2011-08-10 12:11:37,Normal,63,0,63,683961,15220,1958525,57365,679.617906174603,35,23,5,0,1,61,1,0,5,2,55
2011-08-10 12:11:38,Normal,90,0,90,958062,14299,3191177,1525,677.4649549444445,43,42,5,0,4,81,5,0,5,1,84
2011-08-10 12:11:39,Normal,90,0,90,946182,15796,3169050,31744,842.6229151666668,36,45,9,0,6,83,1,0,6,3,81
2011-08-10 12:11:40,Normal,107,2,109,1118065,17312,3823421,42862,632.8037709633027,45,56,8,0,10,97,2,0,9,4,96
2011-08-10 12:11:41,Attack,89,0,106,950185,17389,3037121,3366,637.5549031320755,43,57,6,0,16,86,4,0,25,2,78
2011-08-10 12:11:42,Attack,82,6,90,740307,17125,3276452,38060,537.4235644777779,38,45,7,0,6,78,6,0,11,2,77
2011-08-10 12:11:43,Attack,93,0,98,965808,2901,3405569,59169,823.1399478571429,40,51,7,0,9,88,1,0,7,3,88
2011-08-10 12:11:44,Attack,83,0,84,854988,2462,2897772,1794,723.0021291428573,28,53,3,0,10,71,3,0,2,3,79
2011-08-10 12:11:45,Normal,80,1,81,796163,16573,2463780,25582,901.2088774320988,30,40,11,0,6,73,2,0,8,4,69
2011-08-10 12:11:46,Normal,81,0,81,850083,15861,2874043,55201,653.7139958024691,36,38,7,0,6,74,1,0,4,3,74
2011-08-10 12:11:47,Attack,79,77,157,629270,6734,6434991,36663,290.47619124203817,32,125,0,0,6,148,3,0,11,2,144
2011-08-10 12:11:48,Normal,96,0,96,960541,2665,3434509,37824,590.8573294375,36,49,11,0,11,84,1,0,11,1,84
2011-08-10 12:11:49,Normal,144,0,144,707158,7539,6205091,27209,371.7967205555555,31,104,9,0,39,103,2,0,44,1,99
2011-08-10 12:11:50,Normal,98,0,98,937467,10361,3669135,6440,607.0659711530612,36,54,8,0,7,89,2,0,11,2,85
2011-08-10 12:11:51,Normal,97,0,97,689272,5117,3929572,59446,480.63599768041234,39,53,5,0,14,81,2,0,20,1,76
2011-08-10 12:11:52,Attack,100,3,104,738152,17470,4126065,48123,429.91710548076924,30,70,4,0,14,88,2,0,18,3,83
2011-08-10 12:11:53,Attack,140,0,141,910082,5353,5839765,50886,359.13285468794334,37,98,6,0,12,127,2,0,16,1,124
2011-08-10 12:11:54,Normal,105,0,105,983869,16859,3782536,51440,498.39409223809525,44,52,9,0,11,91,3,0,10,4,90
2011-08-10 12:11:55,Attack,90,0,92,1098732,16989,3211077,26591,791.9954339021739,45,33,14,0,4,84,4,0,8,1,83
2011-08-10 12:11:56,Normal,129,0,129,1012998,17661,5104750,41185,682.6028735736435,51,69,9,0,26,103,0,0,27,2,100
2011-08-10 12:11:57,Normal,112,10,122,1004326,37718,4763499,14984,515.1376712868853,40,72,10,0,8,112,1,1,11,3,108
2011-08-10 12:11:58,Normal,92,0,92,872233,15718,3387323,15522,941.1898230326086,44,42,6,0,10,82,0,0,13,1,78
2011-08-10 12:11:59,Normal,127,0,127,1171701,17248,4788528,63839,378.98925602362203,42,74,11,0,10,115,2,0,14,3,110
2011-08-10 12:12:00,Normal,89,0,89,699936,34849,3673227,53974,417.29026894382025,36,49,4,0,2,87,0,0,7,1,81
2011-08-10 12:12:01,Normal,80,0,80,1106613,3411,2388823,894,627.9211321500001,38,42,0,0,13,66,1,0,6,1,73
2011-08-10 12:12:02,Attack,91,11,108,878865,20978,3809895,3621,616.0192630555556,27,73,8,0,13,83,12,0,20,1,87
2011-08-10 12:12:03,Normal,88,0,88,974525,16115,3077442,15146,442.5550941363637,32,51,5,0,8,75,5,0,10,5,73
2011-08-10 12:12:04,Attack,84,0,90,746310,17970,3169925,19484,618.8127972888889,35,50,5,0,10,76,4,0,14,0,76
2011-08-10 12:12:05,Normal,86,0,86,928455,1883,2982755,46272,702.6562782441861,32,47,7,0,7,76,3,0,6,1,79
2011-08-10 12:12:06,Normal,102,0,102,1220476,16890,3462261,5265,863.8489182058821,42,47,13,0,4,93,5,0,3,3,96
2011-08-10 12:12:07,Normal,87,0,87,924650,15372,3233530,48460,572.9369219310346,41,38,8,0,3,83,1,0,7,2,78
2011-08-10 12:12:08,Normal,80,0,80,983560,14840,3020130,21181,507.67214544999996,43,28,9,0,4,76,0,0,5,3,72
2011-08-10 12:12:09,Normal,87,0,87,945200,14971,3071766,45745,632.4977834137932,40,41,6,0,5,82,0,0,4,2,81
2011-08-10 12:12:10,Normal,101,0,101,1082871,15694,3935520,52004,710.3961219801981,44,48,9,0,12,88,1,0,10,3,88
2011-08-10 12:12:11,Attack,88,0,89,826544,15477,3248599,50917,561.8958453820226,39,42,8,0,4,83,2,0,6,2,81
2011-08-10 12:12:12,Attack,100,3,104,1143467,17141,3571420,24901,750.4044725384615,38,58,8,0,23,73,8,0,25,4,75
2011-08-10 12:12:13,Attack,91,3,96,879816,17631,3643463,17672,402.77976610416664,35,55,6,0,8,80,8,0,15,1,80
2011-08-10 12:12:14,Attack,137,0,140,841437,23147,6090831,1812,232.68763135714283,36,96,8,0,43,90,7,0,56,2,82
2011-08-10 12:12:15,Normal,104,0,104,903218,17009,3721030,18817,426.1980050961539,29,67,8,0,14,84,6,0,13,1,90
2011-08-10 12:12:16,Attack,76,0,78,934221,14996,2881363,20347,584.3282764743589,36,37,5,0,7,67,4,0,6,4,68
2011-08-10 12:12:17,Normal,139,0,139,1275500,6264,5107998,45794,567.248550884892,44,86,9,0,24,110,4,1,17,1,120
2011-08-10 12:12:18,Normal,112,0,112,779027,17523,5052781,57188,463.50807864285713,25,75,12,0,11,100,1,0,13,2,97
2011-08-10 12:12:19,Normal,96,0,96,1061202,17355,2964955,4210,503.2835689270834,45,42,9,0,6,89,1,0,7,2,87
2011-08-10 12:12:20,Normal,71,0,71,699423,10941,2731617,25856,626.0446964366197,24,40,7,0,7,63,1,0,6,1,64
2011-08-10 12:12:21,Normal,85,3,88,725144,3893,3279660,36754,473.50212540909087,32,51,5,0,5,81,2,0,7,0,81
2011-08-10 12:12:22,Normal,75,3,78,669567,16330,2636464,30911,544.7567507307692,40,31,7,0,3,72,1,2,6,1,68
2011-08-10 12:12:23,Attack,86,0,87,701950,16265,3088675,48628,592.9613688045978,37,42,8,0,2,80,5,0,6,0,81
2011-08-10 12:12:24,Normal,103,0,103,1167020,3520,3322966,42583,537.787949223301,39,59,5,0,12,81,7,3,9,0,91
2011-08-10 12:12:25,Attack,99,0,102,1020698,4105,3519063,43367,586.5091018823529,38,56,8,0,15,86,1,0,13,3,86
2011-08-10 12:12:26,Normal,110,0,110,988757,17738,4016562,55564,516.0025632090908,44,60,6,0,8,95,6,1,13,2,94
2011-08-10 12:12:27,Normal,103,0,103,780304,18123,4245187,34870,569.1336131650486,30,67,6,0,25,75,3,0,31,1,71
2011-08-10 12:12:28,Normal,104,2,106,926059,17161,3510501,49618,590.0555254150943,38,60,8,0,13,92,1,0,13,2,90
2011-08-10 12:12:29,Normal,76,0,76,776608,15667,3110523,50019,572.2540498815788,32,34,10,0,6,69,1,0,14,0,60
2011-08-10 12:12:30,Normal,98,3,101,931481,16760,3822615,18069,625.2896635148516,44,51,6,0,5,94,2,0,8,1,92
2011-08-10 12:12:31,Normal,93,0,93,827466,5692,2978547,2819,515.7280230430106,40,47,6,0,10,76,7,0,20,1,72
2011-08-10 12:12:32,Normal,95,3,98,1320087,16730,2916821,35332,762.2346451938774,40,49,9,0,21,74,3,0,16,1,81
2011-08-10 12:12:33,Attack,97,0,99,922113,16662,4087992,62069,496.9605206666667,37,59,3,0,11,85,3,0,10,0,89
2011-08-10 12:12:34,Attack,92,0,94,1065043,17665,3499667,46878,732.4166046063829,41,45,8,0,9,81,4,0,17,2,75
2011-08-10 12:12:35,Attack,87,0,91,570699,17581,2989576,15973,441.46725291208793,28,59,4,0,17,73,1,0,15,1,74
2011-08-10 12:12:36,Normal,102,0,102,861469,2798,3774378,2821,586.9968273431373,36,55,11,0,6,94,2,0,9,1,92
2011-08-10 12:12:37,Attack,74,0,75,869591,14814,2458252,14686,685.8125653733332,45,23,7,0,3,71,1,0,7,1,67
2011-08-10 12:12:38,Normal,101,0,101,1034595,16717,3728745,53569,447.7586620693071,35,58,7,0,18,79,3,0,16,1,83
2011-08-10 12:12:39,Normal,65,0,65,741184,1734,2042810,30073,741.2680417846154,25,32,8,0,8,56,1,0,8,0,57
2011-08-10 12:12:40,Normal,130,0,130,867257,19590,5980474,27333,415.68729416153843,44,80,6,0,32,90,8,0,40,1,89
2011-08-10 12:12:41,Normal,126,0,126,772746,18122,5534595,62925,476.8933762460317,47,73,6,0,5,118,3,0,11,1,113
2011-08-10 12:12:42,Normal,97,3,100,1240014,15946,3530324,15914,623.5308536699999,36,53,11,0,12,86,2,0,3,3,94
2011-08-10 12:12:43,Normal,94,3,97,1109575,16278,3178231,65262,695.7402404020619,32,51,14,0,14,76,5,2,13,4,79
2011-08-10 12:12:44,Attack,92,0,95,1040801,15109,3239936,8860,685.6581566736842,37,48,10,0,7,84,4,0,7,3,85
2011-08-10 12:12:45,Attack,64,0,65,799639,15045,2398470,20962,825.4811690153845,31,27,7,0,4,60,1,0,8,0,57
2011-08-10 12:12:46,Attack,99,0,100,904690,41914,3461151,13443,703.5456210000001,34,58,8,0,11,88,1,0,8,0,92
2011-08-10 12:12:47,Normal,74,0,74,954809,2001,2506926,43743,413.9728264594595,38,26,10,0,6,66,2,0,7,3,64
2011-08-10 12:12:48,Normal,102,0,102,782025,5800,3775104,46933,586.209006745098,46,49,7,0,4,92,6,0,15,1,86
2011-08-10 12:12:49,Normal,71,0,71,650296,15619,2673435,22173,647.8237743521128,36,28,7,0,5,64,0,2,6,1,64
2011-08-10 12:12:50,Normal,95,0,95,949577,16468,3429014,13492,596.8457151368422,35,49,11,0,6,87,2,0,8,1,85
2011-08-10 12:12:51,Normal,117,0,117,1118665,17458,4449146,23479,790.6181187264958,56,53,8,0,6,110,1,0,6,1,110
2011-08-10 12:12:52,Normal,98,3,101,1104564,17112,3334224,50964,717.8994060594059,36,55,10,0,19,80,2,0,21,1,77
2011-08-10 12:12:53,Normal,70,3,73,742671,8400,2485659,1708,385.3282800136986,27,38,8,0,9,64,0,0,11,0,62
2011-08-10 12:12:54,Attack,85,3,93,856937,18564,2980634,63935,588.928084107527,39,50,4,0,10,80,3,0,13,2,78
2011-08-10 12:12:55,Attack,88,0,90,1014008,17562,2983586,34502,538.8149064444444,39,44,7,0,12,75,3,0,9,2,79
2011-08-10 12:12:56,Attack,111,0,113,1347582,17272,3930736,26589,694.5682526637169,51,58,4,0,14,96,3,0,5,5,103
2011-08-10 12:12:57,Normal,62,0,62,616139,14680,2228075,61011,826.3626878548387,35,23,4,0,3,58,1,0,2,2,58
2011-08-10 12:12:58,Normal,85,0,85,1018862,16105,2741108,62212,643.0595057058824,44,34,7,0,5,79,1,0,7,2,76
2011-08-10 12:12:59,Normal,211,0,211,788373,10142,10165183,32592,311.9364836919432,35,166,10,0,4,207,0,0,5,1,205
2011-08-10 12:13:00,Normal,98,0,98,1275819,1832,3479413,58930,521.8038542142857,40,48,10,0,14,80,2,2,7,2,88
2011-08-10 12:13:01,Normal,147,3,150,915869,6245,6338066,49963,453.52663204666675,43,98,9,0,5,133,10,2,12,3,135
2011-08-10 12:13:02,Normal,99,3,102,818365,18224,3212995,52997,627.1823171274509,36,63,3,0,6,94,2,0,24,4,74
2011-08-10 12:13:03,Normal,147,0,147,1360450,7135,4381281,33654,417.3201183877551,49,85,13,0,16,129,2,0,43,3,101
2011-08-10 12:13:04,Attack,113,0,115,1310226,11252,3576467,62679,562.6023082869566,50,58,7,0,22,90,3,0,25,4,86
2011-08-10 12:13:05,Attack,122,0,126,1064541,6082,4914692,54863,408.38593226190477,40,82,4,0,39,80,7,0,47,9,69
2011-08-10 12:13:06,Normal,96,5,101,991159,17731,3523424,36306,473.2805775841585,43,49,9,0,10,91,0,0,14,2,85
2011-08-10 12:13:07,Attack,80,3,84,1061735,2159,2986665,51448,688.0442387857144,41,34,9,0,8,75,1,0,12,2,70
2011-08-10 12:13:08,Normal,93,0,93,731719,3797,3753408,55436,366.265574344086,34,51,8,0,8,83,2,0,12,1,80
2011-08-10 12:13:09,Normal,164,0,164,774300,22691,6931873,1072,402.5850983109755,35,119,10,0,45,117,2,0,46,0,118
2011-08-10 12:13:10,Normal,133,0,133,571272,10125,5535435,15428,355.6380616842105,25,104,4,0,35,83,15,0,55,3,74
2011-08-10 12:13:11,Normal,115,3,118,862141,6219,4452176,45986,529.3784731610167,31,78,9,0,20,92,6,0,22,2,94
2011-08-10 12:13:12,Normal,263,6,269,1201770,30385,10700849,62299,283.7545479739777,48,212,9,0,37,218,14,0,45,2,222
2011-08-10 12:13:13,Normal,80,3,83,739442,15345,3023003,44052,693.2777054457832,31,47,5,0,4,78,1,0,5,2,76
2011-08-10 12:13:14,Attack,91,0,92,868279,19547,2890179,17526,746.9725396956521,43,43,6,0,13,77,2,0,15,2,75
2011-08-10 12:13:15,Attack,97,0,100,1253375,15756,3128270,10949,939.81860319,40,49,11,0,8,87,5,0,8,2,90
2011-08-10 12:13:16,Attack,97,0,100,957072,16975,3453621,21571,579.84920421,44,49,7,0,8,89,3,0,12,1,87
2011-08-10 12:13:17,Attack,113,0,115,1015327,4920,3750648,4071,620.7346504347827,42,63,10,0,16,97,2,0,23,3,88
2011-08-10 12:13:18,Normal,107,0,107,1457179,28306,3595233,13486,792.0828689999998,44,60,3,0,30,73,4,0,20,0,87
2011-08-10 12:13:19,Normal,108,0,108,1325714,18853,3578653,44920,736.8700139074072,35,70,3,0,22,79,6,1,13,4,91
2011-08-10 12:13:20,Attack,133,0,134,1141264,20843,5264188,64399,547.1105290522387,48,79,7,0,13,112,9,0,15,3,116
2011-08-10 12:13:21,Normal,102,131,233,1017429,10831,9918491,34015,335.21828648497853,31,193,9,0,42,189,2,0,34,1,197
2011-08-10 12:13:22,Normal,334,62,396,906074,22455,18299966,55986,141.55555498484847,30,360,6,0,82,301,12,1,94,2,299
2011-08-10 12:13:23,Normal,165,14,179,523765,8217,7867185,37867,209.74921451955308,33,142,4,0,14,163,1,1,18,3,157
2011-08-10 12:13:24,Attack,121,0,122,1047262,19574,4904441,46513,612.539784819672,46,66,10,0,13,102,7,0,20,1,99
2011-08-10 12:13:25,Attack,101,0,102,1064555,19245,3357968,39093,783.2551691176471,47,51,4,0,15,87,0,0,11,1,90
2011-08-10 12:13:26,Attack,88,0,90,929223,16001,2812310,62379,798.9669781777776,35,44,11,0,4,82,2,2,11,0,75
2011-08-10 12:13:27,Normal,89,0,89,1247385,8731,2995479,2708,866.5536285505618,42,40,7,0,10,75,4,0,8,0,81
2011-08-10 12:13:28,Normal,85,0,85,728356,16158,3156271,22882,321.85873671764705,34,42,9,0,2,83,0,0,5,1,79
2011-08-10 12:13:29,Normal,134,0,134,1055699,29679,5524357,14905,521.8171154850746,40,85,9,0,31,90,13,0,42,2,90
2011-08-10 12:13:30,Normal,104,0,104,974225,58915,4001956,14132,565.3270730576922,39,56,9,0,9,94,1,0,9,3,92
2011-08-10 12:13:31,Normal,112,0,112,874736,4449,4366490,56750,529.8878735535715,32,78,2,0,25,83,3,1,22,4,85
2011-08-10 12:13:32,Normal,170,5,175,1174540,20927,6225985,33529,382.2558249657143,39,126,10,0,29,139,7,0,27,6,142
2011-08-10 12:13:33,Normal,135,0,135,1156892,17206,4611991,28438,547.0105432592593,43,85,7,0,12,122,1,0,20,2,113
2011-08-10 12:13:34,Normal,109,0,109,933148,17517,3742795,45585,636.5727209082568,42,58,9,0,3,103,3,0,14,4,90
2011-08-10 12:13:35,Attack,85,0,86,892409,9017,2908347,19614,688.1980627906977,43,34,9,0,6,79,1,0,15,3,68
2011-08-10 12:13:36,Attack,97,0,102,1039111,3584,3224161,47610,634.3431478039216,33,55,14,0,13,84,5,0,16,1,85
2011-08-10 12:13:37,Attack,117,0,118,1023610,17737,4132909,13545,583.248163915254,59,56,3,0,3,113,2,0,9,4,105
2011-08-10 12:13:38,Attack,89,0,90,1394656,35054,2715842,13460,883.0510776222222,42,40,8,0,16,71,3,0,11,2,77
2011-08-10 12:13:39,Normal,92,0,92,978702,2557,3041201,50787,709.641096847826,40,43,9,0,6,84,2,0,10,2,80
2011-08-10 12:13:40,Normal,97,0,97,861294,17487,3501091,12697,563.8338808453609,38,47,12,0,5,91,1,0,11,1,85
2011-08-10 12:13:41,Attack,82,0,83,776670,16288,3086264,4643,619.3527299156625,29,47,7,0,7,75,1,0,8,0,75
2011-08-10 12:13:42,Attack,114,3,118,971135,3826,4243070,62778,484.6591848050848,32,77,9,0,4,107,7,0,8,3,105
2011-08-10 12:13:43,Normal,112,3,115,1419194,4275,4136792,42220,829.2281919999999,43,62,10,0,17,89,9,0,13,1,101
2011-08-10 12:13:44,Normal,75,1,76,836250,16357,2714114,37444,447.16921378947364,28,38,10,0,4,67,5,0,4,1,71
2011-08-10 12:13:45,Attack,103,0,104,1005495,17501,3957338,65193,354.6622326826924,41,48,15,0,9,86,9,0,12,3,89
2011-08-10 12:13:46,Normal,113,0,113,1000105,7070,4092645,41843,572.1945105309735,35,67,11,0,16,92,5,0,20,0,92
2011-08-10 12:13:47,Attack,93,0,95,998989,3472,3053177,3124,679.8248278,45,38,12,0,17,77,1,0,21,2,72
2011-08-10 12:13:48,Attack,111,0,112,959837,4336,3903292,52612,544.4873857053572,44,63,5,0,15,96,1,0,13,1,98
2011-08-10 12:13:49,Attack,88,0,89,1095124,14754,2449909,79,509.6583726966292,37,45,7,0,17,66,6,0,15,0,73
2011-08-10 12:13:50,Normal,135,0,135,997621,7477,5058654,1850,521.5504676444444,41,82,12,0,29,103,3,0,32,0,103
2011-08-10 12:13:51,Normal,151,0,151,926314,20755,6405901,23975,399.97265364900665,37,105,9,0,29,119,3,0,28,1,122
2011-08-10 12:13:52,Attack,166,3,170,924768,7278,6826490,55956,272.036639782353,24,133,13,0,14,153,3,0,15,3,152
2011-08-10 12:13:53,Normal,107,0,107,781323,17140,4131625,26710,694.7151985700934,41,60,6,0,6,99,2,0,8,1,98
2011-08-10 12:13:54,Normal,85,2,87,826302,16628,2963505,35999,585.1743567011496,37,43,7,0,13,70,4,0,18,1,68
2011-08-10 12:13:55,Normal,109,0,109,1410427,16709,3582463,64722,393.3058465963302,37,55,17,0,9,96,4,0,8,3,98
2011-08-10 12:13:56,Normal,88,0,88,981432,4264,2657328,60044,419.965192875,37,47,4,0,15,71,2,0,14,2,72
2011-08-10 12:13:57,Attack,84,0,87,855331,2367,2988560,2280,867.8009037471265,38,45,4,0,8,76,3,0,10,1,76
2011-08-10 12:13:58,Attack,101,0,103,1108547,16673,3760926,33723,626.7316832621359,40,52,11,0,14,86,3,0,7,3,93
2011-08-10 12:13:59,Attack,73,0,74,983913,15070,2625279,50339,766.8915782567567,33,34,7,0,9,63,2,0,8,0,66
2011-08-10 12:14:00,Normal,89,0,89,1016962,3020,3316189,3590,806.6076966741572,40,43,6,0,7,81,1,0,8,2,78
2011-08-10 12:14:01,Normal,103,0,103,1130712,17136,3676753,29679,540.1649986407767,39,53,11,0,8,94,1,0,4,2,97
2011-08-10 12:14:02,Attack,93,3,97,848635,16398,3819097,32016,581.5037889793815,43,46,8,0,2,93,2,0,7,0,90
2011-08-10 12:14:03,Attack,95,0,99,865659,11814,3665875,8506,476.40469694949496,30,67,2,0,6,85,8,0,10,1,88
2011-08-10 12:14:04,Normal,88,0,88,1258498,15090,2891870,42609,976.0200742727274,41,36,11,0,9,75,4,0,3,3,82
2011-08-10 12:14:05,Normal,100,0,100,1034017,2869,3415655,56374,657.79366306,42,49,9,0,5,95,0,0,12,3,85
2011-08-10 12:14:06,Normal,88,0,88,1201140,1453,2612975,40031,823.2132325454546,37,43,8,0,8,79,1,0,7,4,77
2011-08-10 12:14:07,Attack,65,0,66,595511,15703,2196712,33228,802.9220619090909,36,26,4,0,6,59,1,0,12,2,52
2011-08-10 12:14:08,Attack,123,10,134,1173799,5957,5118426,37999,463.72038760447754,37,86,11,0,9,119,6,0,15,1,116
2011-08-10 12:14:09,Attack,74,4,80,818804,15185,2662511,1024,714.03449615,42,31,7,0,6,69,5,0,15,0,65
2011-08-10 12:14:10,Attack,98,0,99,869081,16964,3418335,46271,719.7737362424242,55,37,7,0,5,92,2,0,11,0,88
2011-08-10 12:14:11,Normal,90,0,90,961726,3624,3024389,8703,554.5120057888888,44,42,4,0,5,84,1,0,4,4,82
2011-08-10 12:14:12,Normal,96,3,99,888293,16482,3060531,45071,680.2757923939394,46,47,6,0,13,85,1,0,17,0,80
2011-08-10 12:14:13,Attack,97,0,98,703289,28295,3782314,13363,447.3853331836734,31,63,4,0,4,93,1,0,16,0,82
2011-08-10 12:14:14,Attack,97,3,101,1291904,1913,3457198,50403,701.9244540297029,36,52,13,0,9,87,5,0,11,2,87
2011-08-10 12:14:15,Normal,115,0,115,1574901,17168,3906935,43302,618.7956598956521,40,69,6,0,19,91,5,0,20,1,94
2011-08-10 12:14:16,Normal,123,0,123,1639157,3197,4123586,50901,677.453142715447,39,77,7,0,21,99,3,0,13,2,108
2011-08-10 12:14:17,Normal,136,1,137,1355510,17324,5506398,53365,446.87891881751824,43,83,11,0,12,121,4,0,9,1,127
2011-08-10 12:14:18,Attack,122,0,123,1255986,4477,4221937,54419,443.95789061788633,43,71,9,0,13,108,1,1,9,1,113
2011-08-10 12:14:19,Attack,95,0,97,1137639,16396,3351080,3522,259.2317447216495,33,53,11,0,16,79,2,0,15,3,79
2011-08-10 12:14:20,Attack,115,0,118,758119,17921,5183205,18440,397.85570177118643,32,76,10,0,10,103,5,0,13,1,104
2011-08-10 12:14:21,Normal,84,0,84,787633,2798,3388842,33423,715.7540399880953,42,38,4,0,6,76,2,0,14,0,70
2011-08-10 12:14:22,Normal,90,8,98,915299,17538,3739888,40961,688.2795711632652,43,49,6,0,5,89,3,1,9,3,85
2011-08-10 12:14:23,Normal,96,66,162,965155,20658,6393187,64449,394.9071918271605,41,112,9,0,14,136,12,0,23,1,138
2011-08-10 12:14:24,Attack,88,15,104,620263,17031,4004569,8867,492.46307603846157,32,66,6,0,8,93,2,1,10,0,93
2011-08-10 12:14:25,Normal,88,20,108,1122854,3959,3918681,44555,640.1104100277777,43,52,13,0,4,93,10,1,18,3,86
2011-08-10 12:14:26,Normal,95,18,113,653463,4631,4682014,59346,365.0263689734513,48,58,7,0,2,103,6,2,28,0,83
2011-08-10 12:14:27,Normal,100,24,124,1200036,18213,4631662,46497,572.9684534758064,41,73,10,0,11,107,6,0,12,0,112
2011-08-10 12:14:28,Normal,113,0,113,1107824,16510,4381666,23841,700.5642880973452,41,67,5,0,9,103,1,0,5,0,107
2011-08-10 12:14:29,Attack,92,0,93,1056105,17936,3439271,54495,522.9195374623656,37,49,7,0,10,82,1,0,8,3,82
2011-08-10 12:14:30,Attack,90,5,100,1300968,2286,3296324,61373,845.06127577,42,52,6,0,13,80,7,0,15,4,81
2011-08-10 12:14:31,Attack,115,14,130,1018787,21046,5241214,41918,424.19721644615385,46,73,11,0,3,115,12,0,25,0,105
2011-08-10 12:14:32,Normal,90,16,106,990847,19057,3709303,13576,672.9477928018867,35,59,12,0,17,84,5,0,16,1,89
2011-08-10 12:14:33,Normal,129,6,135,993946,18420,5902199,58426,401.96231598518517,33,96,6,0,13,118,4,0,10,1,124
2011-08-10 12:14:34,Normal,92,15,107,1035007,16999,4175777,34586,624.6783933925234,41,62,4,0,10,95,2,0,9,1,97
2011-08-10 12:14:35,Attack,97,4,102,1067124,16063,3561180,17240,688.7458987941176,41,51,10,0,12,86,4,0,11,2,89
2011-08-10 12:14:36,Attack,112,0,113,1067886,19009,4486411,49806,490.4652418672566,34,72,7,0,13,91,9,0,20,1,92
2011-08-10 12:14:37,Attack,150,0,151,2210915,17130,6544194,18439,472.5826182185431,38,106,7,0,43,103,5,0,15,1,135
2011-08-10 12:14:38,Normal,181,0,181,1044993,20713,7747890,45756,506.876852762431,42,130,9,0,21,142,18,0,37,0,144
2011-08-10 12:14:39,Attack,138,3,143,1002271,7021,5579573,49220,398.87872973426573,40,90,13,0,6,127,10,0,24,2,117
2011-08-10 12:14:40,Attack,97,3,102,1663225,1379,3743244,41219,784.476827490196,41,55,6,0,23,73,6,0,10,2,90
2011-08-10 12:14:41,Attack,181,0,183,3075300,33177,7465602,1801,736.6914404262295,44,130,9,0,69,99,15,0,49,3,130
2011-08-10 12:14:42,Normal,103,3,106,1324999,16389,3693830,18786,946.5112712452831,44,53,9,0,11,91,4,0,4,1,100
2011-08-10 12:14:43,Normal,101,2,103,860306,17413,3294187,20034,534.453355961165,29,68,6,0,25,70,8,0,30,0,73
2011-08-10 12:14:44,Normal,112,3,115,1038643,4290,4415896,57476,561.4791893217391,39,67,9,0,8,105,2,0,11,1,102
2011-08-10 12:14:45,Attack,107,0,108,1428299,15086,3744467,43595,700.1738691574074,37,63,8,0,20,86,2,0,3,0,104
2011-08-10 12:14:46,Normal,76,0,76,613394,15972,2785992,28055,380.72156831578945,28,44,4,0,2,73,1,0,5,0,70
2011-08-10 12:14:47,Normal,130,0,130,1346149,16540,4518672,22168,702.3238431307692,43,77,10,0,12,114,4,0,22,1,106
2011-08-10 12:14:48,Normal,116,1,117,1283645,17701,4258914,43579,585.0120586666666,46,56,15,0,10,104,3,0,16,2,99
2011-08-10 12:14:49,Normal,121,0,121,930059,4399,4074228,48441,545.848055231405,43,67,11,0,5,108,8,0,19,0,101
2011-08-10 12:14:50,Normal,93,0,93,981792,4067,3407297,36164,614.6788835376344,38,47,8,0,6,76,11,0,18,3,72
2011-08-10 12:14:51,Attack,109,0,112,1158077,18906,4270825,51008,697.2053814821429,41,67,4,0,7,100,5,0,16,3,92
2011-08-10 12:14:52,Attack,93,3,99,1135259,15236,3549666,14905,536.0076824141414,32,63,4,0,15,80,4,0,14,2,82
2011-08-10 12:14:53,Normal,68,0,68,699100,2471,2551665,2974,855.2754640000002,36,26,6,0,4,64,0,0,5,0,63
2011-08-10 12:14:54,Normal,103,0,103,894663,17676,3441085,44060,377.3795992912621,32,59,12,0,5,95,3,0,10,2,90
2011-08-10 12:14:55,Normal,142,0,142,1007895,12572,5837762,54767,340.06688547887325,25,109,8,0,49,90,3,0,45,0,96
2011-08-10 12:14:56,Normal,123,0,123,1367527,27504,4508311,16200,588.8341928455285,44,73,6,0,20,98,5,0,12,3,107
2011-08-10 12:14:57,Attack,94,0,98,815345,18406,3453595,39788,500.6595316224489,26,62,10,0,13,80,5,0,21,2,75
2011-08-10 12:14:58,Attack,85,0,86,733818,15581,3249767,55856,750.1209381511628,38,45,3,0,8,78,0,0,7,0,79
2011-08-10 12:14:59,Normal,232,0,232,1135918,15759,10919828,13486,342.78658706896556,49,176,7,0,12,219,1,0,11,0,221
2011-08-10 12:15:00,Attack,136,0,137,1313358,9975,4396267,63309,594.0688148759124,53,73,11,0,21,112,4,0,19,4,112
2011-08-10 12:15:01,Attack,138,0,139,1426028,19164,5451935,5557,577.0371610287771,49,81,9,0,14,123,2,0,11,2,125
2011-08-10 12:15:02,Attack,92,3,98,902832,17329,4042498,63976,435.8920394285715,33,58,7,0,11,83,4,0,18,1,78
2011-08-10 12:15:03,Normal,87,0,87,862452,2419,3071844,54036,839.5950534482758,38,41,8,0,7,79,1,0,10,1,76
2011-08-10 12:15:04,Normal,77,0,77,623175,5483,2961518,58915,472.166811922078,27,39,11,0,2,74,1,0,10,0,67
2011-08-10 12:15:05,Normal,100,0,100,809603,8212,3870784,14905,369.86559492,31,63,6,0,12,87,1,0,10,2,87
2011-08-10 12:15:06,Attack,117,0,118,1090129,4142,4399217,62456,464.3143250423729,38,71,9,0,20,93,5,0,19,2,97
2011-08-10 12:15:07,Normal,103,0,103,915974,3112,3789521,50568,593.3255483592234,37,57,9,0,26,76,1,0,27,0,75
2011-08-10 12:15:08,Normal,131,0,131,1097801,17144,3931018,55483,404.3619040610686,44,80,7,0,26,99,6,0,25,2,103
2011-08-10 12:15:09,Attack,116,0,117,981257,16229,4119455,23868,588.1794334615383,48,65,4,0,8,107,2,0,11,2,104
2011-08-10 12:15:10,Normal,120,0,120,812559,18071,4786542,12159,394.99483632499994,39,75,6,0,13,104,3,0,19,1,100
2011-08-10 12:15:11,Normal,85,0,85,1078077,45455,2733229,14134,639.2599369294118,34,44,7,0,11,72,2,0,2,1,80
2011-08-10 12:15:12,Normal,91,3,94,1140452,15762,3036062,38252,771.1817102446807,36,52,6,0,16,74,4,0,11,1,80
2011-08-10 12:15:13,Attack,90,0,91,998215,3090,3123136,5403,616.8015963956044,30,56,5,0,12,74,5,0,12,1,76
2011-08-10 12:15:14,Normal,98,0,98,1221884,15964,3681043,36934,890.5208271836734,41,45,12,0,12,86,0,0,5,0,93
2011-08-10 12:15:15,Normal,139,3,142,1367636,40358,5200097,51634,473.03828049295777,46,90,6,0,12,129,1,0,10,4,128
2011-08-10 12:15:16,Normal,107,0,107,1192877,3389,3802082,45223,759.3269467850469,45,54,8,0,9,96,2,0,7,0,99
2011-08-10 12:15:17,Normal,93,0,93,1071165,1407,3182389,53040,723.4078473870967,46,39,8,0,8,83,2,0,8,0,84
2011-08-10 12:15:18,Attack,119,0,122,1374232,63988,4162368,13622,743.0297698606558,49,67,6,0,19,100,3,0,11,1,110
2011-08-10 12:15:19,Attack,97,0,98,811478,3691,3421017,52530,571.0446349795918,33,57,8,0,11,86,1,0,16,1,81
2011-08-10 12:15:20,Attack,106,0,107,918552,18348,4165854,38625,400.7152715233644,40,64,3,0,18,88,1,0,20,0,86
2011-08-10 12:15:21,Normal,117,0,117,1933105,2840,3806858,57083,704.7675321880344,37,72,8,0,27,85,5,0,9,1,106
2011-08-10 12:15:22,Normal,91,8,99,919650,18788,3538775,5585,390.2848849292929,31,59,9,0,16,78,3,2,13,2,82
2011-08-10 12:15:23,Attack,112,0,118,1085776,18152,4088359,14689,446.5395741779661,32,77,9,0,13,100,4,1,15,2,99
2011-08-10 12:15:24,Attack,77,2,82,821058,1801,2815795,4944,673.731892292683,32,45,5,0,13,65,3,1,14,1,66
2011-08-10 12:15:25,Normal,103,0,103,1056523,16914,3986938,39344,769.2476378252428,35,63,5,0,14,86,3,0,7,1,94
2011-08-10 12:15:26,Normal,98,35,133,1133290,17677,4259565,32185,763.9171371578948,46,82,5,0,25,100,8,0,31,1,100
2011-08-10 12:15:27,Attack,110,22,134,1031676,5225,5191069,43126,427.3063585074627,37,85,12,0,10,105,18,1,33,2,98
2011-08-10 12:15:28,Normal,92,33,125,1040975,20412,4721649,32706,652.4211461360001,39,78,8,0,7,114,3,1,9,0,115
2011-08-10 12:15:29,Attack,78,0,79,945772,2000,2978188,47585,765.2039809367088,37,31,11,0,3,73,3,0,6,2,71
2011-08-10 12:15:30,Attack,112,0,118,850031,17351,4425141,57041,482.00101947457614,44,65,9,0,8,107,3,0,14,0,104
2011-08-10 12:15:31,Attack,93,0,98,867221,4645,3882928,5723,526.9874775816326,48,43,7,0,5,91,2,0,15,2,81
2011-08-10 12:15:32,Normal,110,3,113,823084,6220,4263162,50581,452.620868017699,33,73,7,0,29,82,2,0,29,1,83
2011-08-10 12:15:33,Normal,102,0,102,997347,17982,4207677,43246,385.18630513725486,35,62,5,0,11,89,2,0,8,2,92
2011-08-10 12:15:34,Attack,63,0,64,732074,14255,2346533,23099,764.1470772031249,37,24,3,0,2,60,2,0,3,1,60
2011-08-10 12:15:35,Normal,109,0,109,1057506,62624,4068126,23486,635.8718275871561,50,53,6,0,12,97,0,0,7,1,101
2011-08-10 12:15:36,Attack,71,0,73,563991,1695,2809602,65410,417.14940998630135,32,36,5,0,3,69,1,0,3,1,69
2011-08-10 12:15:37,Normal,87,2,89,1136255,10931,3244508,13363,786.3635273258427,40,44,5,0,13,74,2,0,10,0,78
2011-08-10 12:15:38,Normal,136,0,136,1752868,15396,5553179,62964,626.1190361397059,74,56,6,0,17,115,4,0,41,2,93
2011-08-10 12:15:39,Attack,155,0,158,2116937,11062,6297918,48660,510.0640661012659,39,110,9,0,36,110,12,0,18,1,139
2011-08-10 12:15:40,Attack,114,0,115,813673,19117,4168902,9302,491.9017488434783,44,60,11,0,12,102,1,0,17,0,97
2011-08-10 12:15:41,Normal,93,0,93,795063,3247,3484890,43485,543.5298149784946,32,53,8,0,8,85,0,0,8,0,85
2011-08-10 12:15:42,Normal,111,3,114,1428647,18125,4497003,5016,687.5482801842105,43,61,10,0,15,94,5,0,7,1,106
2011-08-10 12:15:43,Normal,95,0,95,1348668,16009,3352755,14133,623.3340532947369,40,47,8,0,19,72,4,0,9,3,82
2011-08-10 12:15:44,Attack,114,0,115,1150512,18108,4518885,59540,605.3282877478262,35,71,9,0,16,94,5,0,12,2,101
2011-08-10 12:15:45,Attack,163,0,167,879400,7653,6287618,58071,336.08294360479044,23,133,11,0,11,152,4,0,11,0,155
2011-08-10 12:15:46,Attack,100,3,105,1168370,16316,3556518,48869,547.3150814857142,39,60,6,0,14,87,4,0,8,2,94
2011-08-10 12:15:47,Normal,86,0,86,896419,36235,3406070,13363,641.7360467906976,31,48,7,0,8,75,3,0,7,0,79
2011-08-10 12:15:48,Normal,90,0,90,1004956,16003,3080289,31502,572.2948729,37,47,6,0,10,80,0,0,5,3,82
2011-08-10 12:15:49,Attack,83,0,84,1018458,2625,2840617,5988,554.4960208095238,31,47,6,0,3,76,5,0,8,4,72
2011-08-10 12:15:50,Normal,93,0,93,1015573,15907,3523341,54717,603.5211714516129,37,50,6,0,10,80,3,0,7,1,85
2011-08-10 12:15:51,Normal,74,1,75,588918,15494,2893177,25579,479.4612384399999,32,35,8,0,3,71,1,0,7,1,66
2011-08-10 12:15:52,Attack,108,3,112,1205412,61685,3582001,65306,540.4887916785714,38,64,10,0,18,89,5,0,18,2,92
2011-08-10 12:15:53,Attack,118,0,120,1240144,63080,4187927,14134,419.03774269166666,48,66,6,0,19,98,3,0,17,1,102
2011-08-10 12:15:54,Normal,78,0,78,813533,4241,2892529,37899,819.8659595512821,31,38,9,0,10,67,1,0,8,1,69
2011-08-10 12:15:55,Normal,159,0,159,618430,22160,6746421,59901,186.8975296415094,29,125,5,0,10,112,37,0,44,2,113
2011-08-10 12:15:56,Normal,221,0,221,1200730,23033,9023286,58643,237.73574314479637,46,158,17,0,5,214,2,0,6,2,213
2011-08-10 12:15:57,Attack,97,0,101,765591,16734,3800911,10793,404.31897585148516,34,59,8,0,12,85,4,0,15,1,85
2011-08-10 12:15:58,Normal,88,0,88,735576,16248,3350998,19924,467.21904573863634,31,51,6,0,5,78,5,0,8,2,77
2011-08-10 12:15:59,Normal,124,0,124,845917,6858,4710504,42694,345.54966523387094,41,77,6,0,9,93,22,0,32,2,90
2011-08-10 12:16:00,Attack,127,0,130,1188264,17686,4692484,54935,544.8026617538461,54,69,7,0,12,115,3,0,14,2,114
2011-08-10 12:16:01,Normal,80,0,80,909467,14531,2894564,65592,794.5961305375,45,29,6,0,2,77,1,0,4,1,75
2011-08-10 12:16:02,Normal,91,3,94,749978,17099,3210463,49891,491.6915911276595,40,52,2,0,8,83,3,0,8,0,86
2011-08-10 12:16:03,Normal,97,0,97,919311,61087,3339849,14134,536.0622385979382,37,53,7,0,11,86,0,0,11,1,85
2011-08-10 12:16:04,Normal,123,0,123,916818,18937,4174726,37272,673.3678325284553,42,78,3,0,31,91,1,0,29,0,93
2011-08-10 12:16:05,Attack,90,0,92,844130,16014,3228931,23140,587.639870826087,37,48,7,0,8,82,2,0,9,1,82
2011-08-10 12:16:06,Normal,120,0,120,744204,6263,4837255,62261,467.30247161666665,31,84,5,0,6,110,4,0,13,2,105
2011-08-10 12:16:07,Attack,78,0,80,1088226,1961,2434419,60598,696.1051222875,30,43,7,0,14,65,1,0,6,3,71
2011-08-10 12:16:08,Attack,107,0,108,942325,43446,4289283,14134,388.8325947314814,40,56,12,0,7,97,4,0,10,1,97
2011-08-10 12:16:09,Attack,99,0,100,764719,18839,3865585,61095,509.77415141000006,30,60,10,0,15,83,2,0,18,0,82
2011-08-10 12:16:10,Normal,121,0,121,1273689,19992,4887327,14134,619.2884718595042,35,76,10,0,22,95,4,0,14,1,106
2011-08-10 12:16:11,Normal,83,0,83,1094404,1558,2650529,54703,710.8207170963856,42,34,7,0,4,75,4,0,9,1,73
2011-08-10 12:16:12,Attack,89,3,93,796328,3256,3256879,41088,521.828715688172,31,57,5,0,12,80,1,0,8,0,84
2011-08-10 12:16:13,Attack,98,0,100,908349,3817,3757769,21928,546.54076802,44,50,6,0,7,93,0,0,6,1,93
2011-08-10 12:16:14,Attack,86,0,87,879314,16026,3173157,44177,728.0285642988505,31,48,8,0,12,74,1,0,11,0,76
2011-08-10 12:16:15,Normal,84,0,84,1299020,15945,2809462,68648,754.5651973214286,36,40,8,0,11,66,6,1,3,3,77
2011-08-10 12:16:16,Normal,111,3,114,1396222,16530,3933159,48939,744.998298745614,45,62,7,0,15,96,3,0,7,3,104
2011-08-10 12:16:17,Attack,104,0,106,911843,16559,3667173,14256,459.52740489622647,52,50,4,0,11,90,5,0,19,0,87
2011-08-10 12:16:18,Attack,82,0,86,820993,15941,3010641,19150,536.2329872093025,36,46,4,0,6,77,3,0,9,1,76
2011-08-10 12:16:19,Normal,102,0,102,830909,3219,4028041,57726,542.302501872549,31,64,7,0,13,89,0,0,7,2,93
2011-08-10 12:16:20,Normal,101,0,101,1057895,51767,3946751,49629,818.8152323168317,39,54,8,0,12,86,3,0,14,0,87
2011-08-10 12:16:21,Attack,95,0,96,883816,16005,3665464,13722,334.83716053125,40,47,9,0,8,86,2,0,9,2,85
2011-08-10 12:16:22,Normal,139,3,142,1186874,9455,5270049,50248,390.69516276760567,43,93,6,0,16,117,8,1,20,1,120
2011-08-10 12:16:23,Normal,180,0,180,858789,21461,8569503,52910,423.95119241111115,34,135,11,0,38,135,5,2,41,0,137
2011-08-10 12:16:24,Normal,104,0,104,1486461,2324,3791426,67054,841.2257453942307,43,50,11,0,14,87,3,0,8,2,94
2011-08-10 12:16:25,Normal,93,0,93,1113510,15316,3261875,1457,733.7724787311829,39,46,8,0,10,79,2,2,3,2,86
2011-08-10 12:16:26,Attack,90,0,92,1332287,15131,2894210,2178,772.5236651304348,41,44,7,0,14,75,3,0,8,2,82
2011-08-10 12:16:27,Attack,101,0,103,838773,18352,3759777,43778,627.1873470970874,36,58,9,0,8,92,3,0,11,2,90
2011-08-10 12:16:28,Attack,81,0,82,1276052,14237,2317757,23794,751.851836304878,37,38,7,0,11,70,0,1,2,4,74
2011-08-10 12:16:29,Attack,95,0,96,755747,16410,3846881,41264,492.49542794791677,43,47,6,0,4,89,3,0,12,2,82
2011-08-10 12:16:30,Attack,101,0,102,1191376,2272,3356811,55377,722.0086512941177,43,47,12,0,5,96,1,0,8,3,91
2011-08-10 12:16:31,Normal,108,0,108,1805774,16959,3102136,65068,1079.3412576944445,36,59,13,0,20,81,7,0,7,2,98
2011-08-10 12:16:32,Normal,117,3,120,910073,21219,4718605,30200,506.30823946666663,34,79,7,0,20,91,9,0,25,0,95
2011-08-10 12:16:33,Normal,99,0,99,1389942,15467,3049287,11233,710.0898704040405,43,48,8,0,12,84,3,0,7,0,91
2011-08-10 12:16:34,Attack,106,0,107,1007897,4552,4014525,4445,755.1226926261683,48,50,9,0,8,97,2,0,15,1,91
2011-08-10 12:16:35,Attack,76,0,78,866051,60523,2655189,24837,904.4404896923076,36,33,9,0,13,64,1,0,11,2,65
2011-08-10 12:16:36,Normal,90,0,90,1176272,15576,3107145,31973,532.7805038111111,44,42,4,0,13,74,3,0,6,4,80
2011-08-10 12:16:37,Normal,106,0,106,930928,17557,3925732,26050,607.3816275660378,32,66,8,0,7,97,2,0,9,3,94
2011-08-10 12:16:38,Normal,79,0,79,898711,14734,2571082,60476,623.4537491012658,42,33,4,0,2,77,0,0,5,2,72
2011-08-10 12:16:39,Attack,102,0,104,978678,17347,3457717,26324,544.5313419711539,37,54,13,0,6,96,2,0,16,3,84
2011-08-10 12:16:40,Attack,98,0,100,1074444,2951,3536820,62278,492.22795626999994,39,52,9,0,5,93,2,0,5,2,93
2011-08-10 12:16:41,Normal,116,2,118,1578209,16672,3875861,6363,775.2652527033899,44,58,16,0,15,94,9,0,11,4,103
2011-08-10 12:16:42,Attack,121,3,125,1328295,33281,4352911,14134,662.7891905600001,45,65,15,0,13,107,5,0,7,2,116
2011-08-10 12:16:43,Normal,130,0,130,852057,18920,5053136,25863,424.72461661538455,53,68,9,0,24,102,4,0,33,0,96
2011-08-10 12:16:44,Normal,93,0,93,908905,16024,3473176,56003,636.5276529247312,33,44,16,0,6,82,5,0,10,1,82
2011-08-10 12:16:45,Normal,116,0,116,1177976,4941,4508406,54664,445.24287080172405,40,66,10,0,11,91,14,0,19,4,92
2011-08-10 12:16:46,Attack,98,3,104,1124302,18173,3644141,48048,484.1739061153846,49,48,7,0,14,82,8,0,24,4,76
2011-08-10 12:16:47,Attack,99,0,103,873088,4451,3891348,43566,473.67176000000006,37,60,6,0,14,84,5,0,17,3,83
2011-08-10 12:16:48,Normal,89,0,89,1032976,3109,2991611,55051,544.080735303371,35,44,10,0,10,77,2,0,10,4,75
2011-08-10 12:16:49,Normal,99,0,99,1312805,15183,3367986,22609,978.4979090505051,38,54,7,0,15,84,0,0,5,1,92
2011-08-10 12:16:50,Attack,84,0,86,1101460,2539,2792204,61227,498.155444395349,38,42,6,0,10,72,4,0,7,4,75
2011-08-10 12:16:51,Attack,107,0,109,1016949,22230,3839370,32405,451.36376868807343,49,54,6,0,11,98,0,0,17,2,90
2011-08-10 12:16:52,Normal,106,3,109,1151040,17231,3011530,16899,607.6946211743119,32,69,8,0,20,84,5,0,21,4,83
2011-08-10 12:16:53,Normal,106,0,106,877601,3930,4066271,52198,594.5552109622641,37,58,11,0,6,99,1,0,7,3,96
2011-08-10 12:16:54,Normal,88,0,88,1081750,15215,3154555,3036,516.8627576363637,36,41,11,0,8,78,2,0,10,3,75
2011-08-10 12:16:55,Attack,110,0,111,839045,4612,3926297,57754,450.3004342342344,49,58,4,0,9,96,6,0,22,1,88
2011-08-10 12:16:56,Attack,69,0,72,1131190,14393,2487610,36751,861.6039544722221,29,38,5,0,12,57,3,0,7,2,63
2011-08-10 12:16:57,Normal,135,0,135,1435954,17806,4738274,57094,692.0100106296295,36,93,6,0,22,105,8,0,18,4,113
2011-08-10 12:16:58,Normal,92,0,92,590747,36245,3702758,56629,373.5861659565217,29,53,10,0,10,80,2,0,19,0,73
2011-08-10 12:16:59,Normal,217,0,217,892355,9943,10661241,59244,225.77642752534558,34,172,11,0,8,208,1,0,6,1,210
2011-08-10 12:17:00,Attack,86,0,87,903304,17243,3009451,61453,731.576597586207,35,41,11,0,7,80,0,0,9,3,75
2011-08-10 12:17:01,Attack,119,0,120,824550,13292,4015844,57068,496.63241173333336,44,70,6,0,4,113,3,0,30,3,87
2011-08-10 12:17:02,Normal,96,3,99,875568,19771,3270696,52252,601.4755218383839,43,49,7,0,4,92,3,0,16,1,82
2011-08-10 12:17:03,Attack,130,0,131,956943,18344,5267693,27899,569.2026109847328,37,77,17,0,20,110,1,0,21,4,106
2011-08-10 12:17:04,Normal,127,0,127,1403281,17461,4773843,10777,762.1895867952755,56,61,10,0,17,99,11,0,24,2,101
2011-08-10 12:17:05,Normal,97,0,97,993267,16363,3386565,6222,603.9141836701031,48,42,7,0,6,90,1,0,7,3,87
2011-08-10 12:17:06,Attack,79,0,80,879826,15724,3020292,56639,756.9625541875,38,30,12,0,5,74,1,0,8,2,70
2011-08-10 12:17:07,Attack,75,0,76,608649,16657,2887854,62253,402.6324848421052,34,40,2,0,3,71,2,0,10,2,64
2011-08-10 12:17:08,Normal,86,0,86,745923,15926,3252222,40399,530.7343623837208,33,49,4,0,1,85,0,0,1,2,83
2011-08-10 12:17:09,Attack,91,6,98,1024219,2874,3733563,5019,376.7110081224489,37,51,10,0,8,89,1,0,8,2,88
2011-08-10 12:17:10,Normal,110,0,110,1437344,15692,3615975,24092,858.2776960363636,43,56,11,0,9,95,6,0,8,5,97
2011-08-10 12:17:11,Attack,101,0,102,1218514,24441,4008876,21481,669.9069843921568,44,51,7,0,20,82,0,0,12,1,89
2011-08-10 12:17:12,Attack,158,3,164,1225908,19104,4633984,8763,583.6480724390244,55,106,3,0,42,113,9,0,46,1,116
2011-08-10 12:17:13,Attack,109,2,113,975392,16959,4646364,33957,401.43694816814156,34,71,8,0,5,107,1,0,6,1,106
2011-08-10 12:17:14,Normal,80,0,80,1051785,15257,2742341,2509,757.8695114249998,35,36,9,0,11,67,2,0,4,1,75
2011-08-10 12:17:15,Attack,92,0,93,1163530,50310,3234821,14214,626.1967065806451,34,55,4,0,12,77,4,0,9,1,83
2011-08-10 12:17:16,Attack,137,0,138,1100219,4929,5305409,5718,465.616703942029,35,95,8,0,18,117,3,0,18,3,116
2011-08-10 12:17:17,Attack,83,3,90,1238932,57462,2530499,976,863.7395560888889,30,56,4,0,24,60,6,0,14,1,75
2011-08-10 12:17:18,Normal,97,0,97,934828,16168,3324868,19895,501.775752927835,36,54,7,0,8,89,0,0,3,2,91
2011-08-10 12:17:19,Normal,100,0,100,1620458,14681,3164212,25092,993.8745863,56,41,3,0,18,81,1,0,4,5,91
2011-08-10 12:17:20,Normal,109,0,109,1511148,9205,3349385,3306,799.2037077064219,40,63,6,0,15,92,2,0,3,4,101
2011-08-10 12:17:21,Normal,72,0,72,955514,2756,2468969,52236,592.77434925,28,38,6,0,12,59,1,0,7,3,62
2011-08-10 12:17:22,Attack,95,3,103,1095066,16316,3394681,51980,715.3403016796116,38,56,9,0,9,88,5,1,10,3,89
2011-08-10 12:17:23,Normal,112,0,112,887436,22104,4111841,27843,555.4834573392858,39,66,7,0,8,90,13,1,20,2,89
2011-08-10 12:17:24,Normal,197,0,197,1257866,23476,8217666,23306,383.15312656345174,38,150,9,0,79,111,6,1,80,4,112
2011-08-10 12:17:25,Normal,157,0,157,828783,7891,6548924,58298,443.0253287643312,39,111,7,0,40,112,4,1,47,0,108
2011-08-10 12:17:26,Normal,121,0,121,1621298,16717,4122664,16114,763.1986019669422,45,68,8,0,19,95,6,1,15,6,99
2011-08-10 12:17:27,Attack,151,0,152,878832,21014,6394901,3690,318.60508232894733,38,105,9,0,14,100,38,0,54,1,97
2011-08-10 12:17:28,Normal,111,0,111,1086555,16731,4233127,32059,523.0253173333333,45,57,9,0,8,87,16,0,24,2,85
2011-08-10 12:17:29,Normal,94,0,94,818170,7234,3648873,13880,525.146027212766,33,56,5,0,6,88,0,0,5,3,85
2011-08-10 12:17:30,Attack,72,0,73,934421,15310,2464855,48484,742.0017749863015,31,33,9,0,10,61,2,0,9,2,62
2011-08-10 12:17:31,Normal,102,0,102,754256,18074,4113803,36579,619.710063519608,35,60,7,0,15,77,10,0,27,0,75
2011-08-10 12:17:32,Attack,103,3,108,773604,19061,3644477,46138,476.67343736111116,37,64,7,0,22,83,3,0,26,1,81
2011-08-10 12:17:33,Attack,100,0,109,1011848,4598,3642878,4739,707.2135790275228,41,61,7,0,21,84,4,0,18,0,91
2011-08-10 12:17:34,Attack,112,0,114,1081880,18071,4175875,19181,649.8871860614036,44,58,12,0,8,100,6,0,11,1,102
2011-08-10 12:17:35,Normal,125,0,125,1141110,7249,4836016,36938,598.9361166,48,57,20,0,8,113,4,0,22,1,102
2011-08-10 12:17:36,Attack,100,0,101,970890,18066,3551711,16603,827.5621969801981,51,47,3,0,16,85,0,0,16,1,84
2011-08-10 12:17:37,Normal,116,0,116,1304522,18783,3936465,18051,608.658664189655,37,74,5,0,27,89,0,0,22,1,93
2011-08-10 12:17:38,Attack,77,0,81,726120,16772,2992418,45792,628.7356674691358,30,47,4,0,10,68,3,0,7,0,74
2011-08-10 12:17:39,Normal,118,0,118,841950,17495,4528369,40836,329.8963643813559,35,72,11,0,14,103,1,0,14,4,100
2011-08-10 12:17:40,Normal,72,6,78,864612,4754,2818331,59990,464.96970475641035,33,43,2,0,11,66,1,0,17,1,60
2011-08-10 12:17:41,Normal,95,4,99,1118695,3062,3626207,50697,636.2390552929294,36,55,8,0,9,87,3,0,9,0,88
2011-08-10 12:17:42,Normal,76,6,82,1019235,16292,2727172,17673,762.6024142560975,37,40,5,0,13,68,1,0,6,1,75
2011-08-10 12:17:43,Attack,90,5,97,806251,15972,3672392,40270,598.356091041237,35,58,4,0,8,85,4,0,11,2,84
2011-08-10 12:17:44,Attack,88,0,89,792308,16964,3551149,24352,641.5100790561798,37,43,9,0,7,79,3,0,8,0,81
2011-08-10 12:17:45,Normal,98,0,98,1040623,16885,3803144,65951,601.9778224081632,40,53,5,0,9,86,3,0,7,1,90
2011-08-10 12:17:46,Normal,97,2,99,806399,17858,4085992,55967,321.697722929293,45,49,5,0,3,95,1,0,5,0,94
2011-08-10 12:17:47,Normal,88,0,88,1307625,3859,3269449,50407,473.7496004431818,41,40,7,0,15,72,1,0,15,2,71
2011-08-10 12:17:48,Attack,102,3,106,1185384,17851,3853969,62467,604.1559123867925,46,54,6,0,13,89,2,2,11,2,93
2011-08-10 12:17:49,Attack,98,0,102,971088,16579,3908590,28031,536.5178896078432,34,58,10,0,9,89,4,0,11,1,90
2011-08-10 12:17:50,Normal,78,0,78,819704,1848,2694863,48554,621.8770983974358,33,38,7,0,5,72,1,0,3,1,74
2011-08-10 12:17:51,Normal,91,0,91,919909,15521,3090665,34655,696.9857553406592,42,39,10,0,3,86,2,0,6,2,82
2011-08-10 12:17:52,Normal,88,3,91,743889,2860,3050227,55781,397.3682007252747,37,48,6,0,11,77,3,0,15,1,75
2011-08-10 12:17:53,Attack,99,0,100,881399,17054,3780471,37118,505.9544071300001,31,60,9,0,6,90,4,0,13,0,87
2011-08-10 12:17:54,Attack,78,0,80,756998,15335,2499472,17805,888.1549215749999,38,33,9,0,3,75,2,0,6,0,74
2011-08-10 12:17:55,Attack,85,0,87,927654,3680,3164564,4286,579.4588640919541,28,50,9,0,10,73,4,0,8,0,79
2011-08-10 12:17:56,Normal,75,0,75,1052556,987,2405137,9027,978.0610537866665,33,31,11,0,6,65,4,0,6,2,67
2011-08-10 12:17:57,Normal,91,0,91,969415,15632,3033199,1810,520.7682403296703,48,37,6,0,5,84,2,0,11,2,78
2011-08-10 12:17:58,Normal,84,0,84,962031,15600,2831506,48796,640.0910582619049,38,42,4,0,6,75,3,0,8,0,75
2011-08-10 12:17:59,Attack,115,0,118,1242801,17164,3931561,66861,724.7025709491527,40,68,10,0,13,101,4,0,10,2,105
2011-08-10 12:18:00,Normal,82,7,89,1133487,58315,3081387,29286,950.0604819325843,35,48,6,0,9,76,4,0,6,1,82
2011-08-10 12:18:01,Normal,95,0,95,934218,20348,3354107,63253,347.537602631579,35,50,10,0,14,80,1,0,8,4,83
2011-08-10 12:18:02,Normal,111,3,114,1377015,38166,3872856,13566,838.1119537982456,37,66,11,0,14,94,6,0,14,0,99
2011-08-10 12:18:03,Normal,101,0,101,955944,16451,3853462,58877,370.19533067326734,39,55,7,0,9,92,0,0,10,1,90
2011-08-10 12:18:04,Attack,153,0,154,1116543,40369,6111321,13397,597.5908034415585,42,100,12,0,25,123,6,0,28,0,125
2011-08-10 12:18:05,Attack,103,0,105,787597,5446,3944029,50318,416.1973682857143,33,63,9,0,14,90,1,0,17,2,86
2011-08-10 12:18:06,Normal,76,1,77,891340,16171,2887726,33396,805.1009412857144,29,36,12,0,5,67,5,0,10,3,64
2011-08-10 12:18:07,Normal,86,0,86,996018,64311,2945572,34256,603.1694115116279,40,42,4,0,8,77,1,0,7,4,75
2011-08-10 12:18:08,Normal,76,0,76,1107267,14185,2393542,16561,688.6236451973683,38,30,8,0,8,68,0,0,4,2,70
2011-08-10 12:18:09,Attack,108,0,109,965105,19145,4101289,14689,643.1732317614681,45,57,7,0,9,97,3,0,12,0,97
2011-08-10 12:18:10,Attack,109,0,113,1082947,4153,3934807,40709,393.21697270796466,41,69,3,0,14,87,12,0,29,3,80
2011-08-10 12:18:11,Attack,105,3,112,1145515,18534,3878846,58867,457.35901221428566,45,58,9,0,8,98,6,0,15,4,93
2011-08-10 12:18:12,Normal,118,5,123,1172666,5461,4299986,50873,562.064763398374,45,72,6,0,22,95,5,1,24,2,97
2011-08-10 12:18:13,Normal,135,0,135,870141,64848,3838668,49030,489.92233406666674,43,90,2,0,14,120,1,0,53,5,77
2011-08-10 12:18:14,Normal,110,0,110,1001715,16312,4087899,59980,456.6911625000001,37,69,4,0,11,96,3,0,9,3,98
2011-08-10 12:18:15,Attack,97,1,110,807208,4309,3963512,37075,595.2969470181818,31,75,4,0,17,82,11,0,28,2,80
2011-08-10 12:18:16,Attack,138,0,140,1366713,5247,5108798,63252,426.38688928571435,47,85,8,0,25,112,3,0,24,1,115
2011-08-10 12:18:17,Normal,83,0,83,853715,9394,3197992,59807,358.4765253734939,30,47,6,0,6,76,1,0,10,1,71
2011-08-10 12:18:18,Normal,83,3,86,1116185,15337,3355510,35226,648.8169549186047,41,35,10,0,9,76,1,0,13,2,71
2011-08-10 12:18:19,Attack,126,0,127,1208199,16965,4232353,21237,365.99883040157476,31,84,12,0,15,102,10,0,21,4,102
2011-08-10 12:18:20,Attack,133,0,136,1594199,5905,5082763,40765,381.7822763676471,38,91,7,0,19,102,15,0,22,0,114
2011-08-10 12:18:21,Normal,105,0,105,958116,17161,4086006,36629,513.1367757999999,43,59,3,0,11,92,2,0,12,2,91
2011-08-10 12:18:22,Normal,115,3,118,1408557,15619,3994116,64374,738.7526504576269,44,65,9,0,11,102,4,1,7,4,106
2011-08-10 12:18:23,Normal,98,0,98,948762,16631,3299570,26755,578.0975506224489,39,53,6,0,10,84,3,1,6,5,86
2011-08-10 12:18:24,Normal,101,0,101,1759869,15392,3255687,41637,699.1205476039604,43,52,6,0,20,79,2,0,6,3,92
2011-08-10 12:18:25,Normal,108,0,108,1022015,17511,3893716,22634,397.47220030555553,42,61,5,0,11,94,3,0,8,0,100
2011-08-10 12:18:26,Attack,115,0,118,1127634,19499,4496801,11719,344.06383555084744,36,78,4,0,18,90,9,1,26,2,89
2011-08-10 12:18:27,Normal,123,11,134,1062602,20381,5322806,10729,407.45710747014925,42,83,9,0,22,97,14,1,33,1,99
2011-08-10 12:18:28,Normal,116,2,118,1061415,5349,4977780,59015,390.284392338983,33,78,7,0,27,87,4,0,18,0,100
2011-08-10 12:18:29,Normal,112,0,112,1096012,29605,4483293,36697,428.3025606607142,45,59,8,0,10,101,1,0,9,2,101
2011-08-10 12:18:30,Normal,138,0,138,1654751,17062,4561407,33185,486.09071617391305,40,91,7,0,22,111,4,1,10,5,121
2011-08-10 12:18:31,Attack,103,3,107,1128793,16993,3492205,14235,647.6343607663553,41,61,5,0,16,88,3,0,9,3,95
2011-08-10 12:18:32,Attack,110,3,115,1287409,4632,3882829,64452,462.2519004,40,67,8,0,22,90,3,0,17,4,94
2011-08-10 12:18:33,Normal,100,0,100,1011995,65112,3303211,35924,505.15823775000007,48,44,8,0,7,88,5,0,15,3,82
2011-08-10 12:18:34,Normal,106,0,106,1354989,3242,3594245,47642,544.1326469433963,46,53,7,0,14,91,1,0,14,4,88
2011-08-10 12:18:35,Normal,98,0,98,994733,16818,3807040,33283,507.0707176122449,37,52,9,0,5,92,1,0,6,2,90
2011-08-10 12:18:36,Attack,116,0,122,1563470,15907,4386161,47082,545.6214227540984,45,69,8,0,21,92,9,0,20,2,100
2011-08-10 12:18:37,Normal,101,0,101,1084819,17167,3606371,49128,573.0548027821781,33,56,12,0,12,88,1,0,6,2,92
2011-08-10 12:18:38,Attack,108,0,111,1291925,18110,3391171,13363,640.0542200180182,39,65,7,0,15,91,5,0,13,0,98
2011-08-10 12:18:39,Normal,86,0,86,812888,16122,3032520,6757,290.8083339883721,37,43,6,0,8,77,1,0,9,1,76
2011-08-10 12:18:40,Normal,125,0,125,1721497,53588,4576826,15162,717.6251560239999,35,82,8,0,21,96,8,0,10,5,109
2011-08-10 12:18:41,Attack,93,0,95,724275,16897,3598682,50688,500.80903063157893,34,49,12,0,4,83,8,0,11,3,81
2011-08-10 12:18:42,Normal,86,3,89,1061881,3541,3152615,38125,534.540181752809,21,64,4,0,19,67,3,0,11,5,73
2011-08-10 12:18:43,Normal,118,0,118,1135472,17929,4567633,54608,583.2380831016949,39,64,15,0,20,94,4,0,21,2,95
2011-08-10 12:18:44,Normal,110,0,110,1520377,5383,3674153,48594,578.5922903545454,33,66,11,0,29,70,11,0,27,4,78
2011-08-10 12:18:45,Normal,143,0,143,1251245,18262,5606436,35015,553.2893552587411,51,77,15,0,13,124,6,0,18,2,122
2011-08-10 12:18:46,Normal,149,0,149,1421578,18244,6104535,48332,517.8853486778524,53,92,4,0,27,117,5,0,19,2,128
2011-08-10 12:18:47,Attack,94,0,95,768658,18887,3780815,43403,681.6024966736842,30,59,6,0,25,61,9,0,30,1,64
2011-08-10 12:18:48,Attack,111,3,115,1036573,5028,3860166,54067,526.0341848956522,45,63,7,0,14,99,2,0,17,1,97
2011-08-10 12:18:49,Normal,89,0,89,1112494,15990,3167169,4631,825.3146291797752,41,41,7,0,13,76,0,0,4,1,84
2011-08-10 12:18:50,Normal,111,0,111,898089,47339,3847712,932,440.21159720720703,38,64,9,0,22,89,0,0,22,1,88
2011-08-10 12:18:51,Normal,124,0,124,1168439,9644,5194286,14134,698.4597379596773,31,86,7,0,35,88,1,0,20,1,103
2011-08-10 12:18:52,Normal,103,5,108,1022165,4230,3816165,41454,486.0387708518519,40,62,6,0,25,80,3,0,28,4,76
2011-08-10 12:18:53,Attack,121,0,122,1078750,18806,4328926,7594,492.50045938524596,44,69,9,0,31,87,4,0,33,2,86
2011-08-10 12:18:54,Normal,108,6,114,776556,6492,4063176,21857,435.7765299122807,30,75,9,0,32,78,4,0,36,1,77
2011-08-10 12:18:55,Normal,94,0,94,704413,16939,3305552,3268,255.57887586170204,35,52,7,0,4,83,7,0,17,1,76
2011-08-10 12:18:56,Normal,108,0,108,1048329,16834,4033732,22431,291.81651074074074,33,68,7,0,16,88,4,0,19,6,83
2011-08-10 12:18:57,Attack,120,0,124,1030927,18477,4817001,51521,616.2649130322579,45,73,6,0,7,111,6,0,25,2,97
2011-08-10 12:18:58,Attack,103,0,106,1094715,66897,3767009,14134,366.5379277075471,39,62,5,0,19,83,4,0,20,1,85
2011-08-10 12:18:59,Attack,203,0,205,1024253,9456,9963980,27283,239.18694782439022,37,160,8,0,10,189,6,0,9,1,195
2011-08-10 12:19:00,Normal,106,0,106,1032887,16991,3807849,10550,725.2353942452828,41,53,12,0,12,93,1,0,9,0,97
2011-08-10 12:19:01,Normal,111,2,113,976117,17572,4357306,28804,465.03431270796466,48,58,7,0,8,103,2,0,10,1,102
2011-08-10 12:19:02,Attack,105,5,112,864307,5366,4072376,58084,684.3976625267858,33,68,11,0,12,99,1,0,9,1,102
2011-08-10 12:19:03,Attack,84,0,87,831753,2508,3187495,60346,657.1979252413793,25,54,8,0,8,76,3,0,7,2,78
2011-08-10 12:19:04,Normal,88,0,88,1290628,15258,2525033,53981,863.2717239090908,47,34,7,0,7,78,3,0,6,3,78
2011-08-10 12:19:05,Normal,82,44,126,854352,18941,4967995,10363,449.0263402380953,35,85,6,0,19,105,2,0,22,1,103
2011-08-10 12:19:06,Normal,75,78,153,852117,20398,6239359,6027,246.84221710457516,37,113,3,0,17,134,2,0,18,2,133
2011-08-10 12:19:07,Normal,109,0,109,940530,17070,4233655,2749,532.7528564311926,40,63,6,0,9,98,2,0,9,3,97
2011-08-10 12:19:08,Attack,95,0,98,982852,17108,3249440,20910,535.6363450918367,28,54,16,0,10,86,2,0,12,6,80
2011-08-10 12:19:09,Attack,92,0,94,916611,15977,3488289,18005,577.4419306276595,38,50,6,0,6,83,5,0,10,1,83
2011-08-10 12:19:10,Normal,125,0,125,1301548,5115,4526595,58611,391.14762346399993,50,70,5,0,12,109,4,0,17,6,102
2011-08-10 12:19:11,Normal,75,0,75,784247,3878,2686406,52920,785.9211668400001,30,38,7,0,8,66,1,0,8,1,65
2011-08-10 12:19:12,Normal,115,3,118,1511128,2431,4417999,59157,498.319317661017,32,79,7,0,20,91,7,0,11,1,106
2011-08-10 12:19:13,Normal,81,9,90,969400,16670,3019954,31539,343.45559411111117,30,51,9,0,19,64,7,0,22,2,66
2011-08-10 12:19:14,Normal,123,0,123,1350361,15620,4263333,5191,682.3733990487805,53,60,10,0,15,106,2,0,12,2,109
2011-08-10 12:19:15,Normal,74,0,74,721955,15372,2709144,43719,544.5825444864863,27,40,7,0,7,65,2,0,8,3,63
2011-08-10 12:19:16,Normal,108,0,108,1266817,16336,3384076,32654,348.43959562962965,33,71,4,0,15,90,3,0,21,1,86
2011-08-10 12:19:17,Normal,202,0,202,1161674,28395,7713081,13622,491.7946127871287,44,154,4,0,24,151,27,0,48,1,152
2011-08-10 12:19:18,Attack,257,3,262,1222559,11860,10702182,4870,200.81999038931298,46,207,9,0,23,228,11,0,25,2,235
2011-08-10 12:19:19,Attack,84,0,88,1198178,17705,2877509,16403,846.8618967045455,38,47,3,0,14,69,5,0,14,0,74
2011-08-10 12:19:20,Attack,112,0,114,1319743,16716,3830344,23757,520.9601314473684,43,63,8,0,22,86,6,0,17,2,94
2011-08-10 12:19:21,Normal,95,0,95,513600,11226,3469346,54208,521.4233923578947,26,60,9,0,21,69,5,0,37,0,58
2011-08-10 12:19:22,Normal,119,3,122,1268527,8611,4389389,60803,380.5962446311475,33,81,8,0,17,98,6,1,15,2,104
2011-08-10 12:19:23,Normal,89,0,89,711214,20165,3256945,2676,559.989174786517,41,37,11,0,6,77,6,0,19,1,69
2011-08-10 12:19:24,Attack,97,0,98,1025550,16195,3866805,54965,521.2030341836734,35,59,4,0,12,83,3,0,9,1,88
2011-08-10 12:19:25,Attack,89,0,90,760089,16902,2982792,58140,601.2228161444444,36,46,8,0,21,66,1,2,23,0,64
2011-08-10 12:19:26,Normal,131,0,131,1696217,3437,4486330,28189,528.4359543282443,52,65,14,0,26,102,3,0,12,3,116
2011-08-10 12:19:27,Normal,118,0,118,1203143,16300,4499232,4952,709.866059601695,46,62,10,0,9,104,4,1,11,2,104
2011-08-10 12:19:28,Normal,148,0,148,1667218,17722,5468211,9658,348.88369822972976,51,94,3,0,23,120,4,1,11,2,134
2011-08-10 12:19:29,Attack,74,0,75,858973,14501,2603458,15255,973.2257287733332,37,30,8,0,6,68,1,0,6,0,69
2011-08-10 12:19:30,Attack,105,0,107,1295480,15606,3578844,60075,557.5004297009345,38,64,5,0,9,92,6,0,6,1,100
2011-08-10 12:19:31,Normal,107,0,107,752506,17295,3671141,59839,546.2235745700935,35,62,10,0,26,81,0,0,29,1,77
2011-08-10 12:19:32,Normal,107,3,110,1566116,17288,3564425,48011,519.872705709091,33,69,8,0,24,77,9,0,20,0,90
2011-08-10 12:19:33,Normal,130,0,130,1115325,17800,5142183,60778,555.8282003769231,46,79,5,0,12,115,3,0,6,3,121
2011-08-10 12:19:34,Normal,126,3,129,1105015,17797,4970064,38600,449.11507299224803,38,81,10,0,24,102,3,0,14,1,114
2011-08-10 12:19:35,Normal,80,0,80,1027598,15071,2800666,1798,827.0955934375,38,31,11,0,7,71,2,0,5,2,73
2011-08-10 12:19:36,Normal,114,0,114,1222032,17759,4244727,42357,341.41815490350876,31,71,12,0,16,88,10,0,15,3,96
2011-08-10 12:19:37,Normal,117,0,117,1213221,16888,4519527,15708,630.0547163333333,51,59,7,0,14,96,7,0,19,0,98
2011-08-10 12:19:38,Normal,180,0,180,1538755,54561,7665792,60257,273.68883095,38,136,6,0,26,145,9,0,29,11,139
2011-08-10 12:19:39,Attack,153,0,157,1353094,8369,6238795,63353,356.42195738853496,27,123,7,0,11,142,4,0,23,9,125
2011-08-10 12:19:40,Attack,138,0,139,1604214,17217,5605262,61141,433.34610138129506,42,91,6,0,39,90,10,0,30,1,108
2011-08-10 12:19:41,Attack,78,0,80,924399,15777,2696569,62738,575.4722368375,38,35,7,0,6,72,2,0,10,2,68
2011-08-10 12:19:42,Attack,106,3,110,1082425,17051,4342095,57086,605.0979670727272,36,68,6,0,22,85,3,0,14,1,95
2011-08-10 12:19:43,Normal,107,0,107,1160082,15646,3797029,13497,670.6206452056075,41,59,7,0,14,92,1,0,8,3,96
2011-08-10 12:19:44,Normal,101,0,101,1140195,4890,3727601,44305,440.2494499207921,39,54,8,0,22,75,4,0,12,3,86
2011-08-10 12:19:45,Attack,102,0,103,975758,69899,4023732,22983,558.46956792233,42,47,14,0,17,77,9,0,19,1,83
2011-08-10 12:19:46,Normal,124,0,124,1248113,4116,5143785,51563,417.2671728064516,41,80,3,0,31,89,4,0,17,1,106
2011-08-10 12:19:47,Normal,93,0,93,806142,45677,3643131,13363,408.3311220645161,35,50,8,0,11,81,1,0,15,0,78
2011-08-10 12:19:48,Normal,106,3,109,885342,4667,4014783,60395,700.4326152477063,38,59,12,0,8,95,6,0,17,1,91
2011-08-10 12:19:49,Normal,100,0,100,905369,16664,3871420,30282,406.49494751,42,50,8,0,7,91,2,0,10,1,89
2011-08-10 12:19:50,Attack,87,0,88,1170184,16250,2769611,17911,830.6319147840909,43,40,5,0,12,71,5,0,13,0,75
2011-08-10 12:19:51,Attack,104,0,106,1329201,18006,4280204,46555,519.6105488301886,31,70,5,0,19,80,7,0,14,0,92
2011-08-10 12:19:52,Attack,73,3,80,949287,2476,2812683,51605,652.5292943375,31,41,8,0,11,65,4,0,11,0,69
2011-08-10 12:19:53,Normal,99,0,99,848150,16640,3855414,65607,586.613484080808,30,63,6,0,15,84,0,0,7,0,92
2011-08-10 12:19:54,Normal,80,0,80,995356,17253,2496729,12698,704.6092981625001,39,41,0,0,16,63,1,0,15,2,63
2011-08-10 12:19:55,Normal,121,0,121,1080179,18002,3480466,48060,622.2849722975207,41,77,3,0,30,85,6,0,32,3,86
2011-08-10 12:19:56,Normal,134,2,136,1350571,16715,4596795,11044,519.7311142352942,50,77,9,0,6,129,1,0,22,3,111
2011-08-10 12:19:57,Normal,97,5,102,1019297,16735,3407595,33595,479.13074406862734,35,61,6,0,8,90,4,0,20,1,81
2011-08-10 12:19:58,Normal,87,21,108,740831,4204,4015275,54267,597.6879095648148,28,74,6,0,9,91,8,0,17,2,89
2011-08-10 12:19:59,Normal,74,43,117,899660,16614,4470740,21241,402.76445295726495,35,77,5,0,6,109,2,0,5,1,111
2011-08-10 12:20:00,Normal,159,2,161,1133933,19008,6231486,23896,405.7951906521739,43,116,2,0,26,129,6,0,33,2,125
2011-08-10 12:20:01,Attack,132,0,137,1075552,4345,4914481,2911,479.6591405328467,37,86,14,0,14,117,6,0,30,0,106
2011-08-10 12:20:02,Attack,113,3,119,934223,43861,3587796,53623,221.11538172268908,31,82,6,0,10,99,10,0,33,1,85
2011-08-10 12:20:03,Attack,121,0,123,581324,6146,4862305,39246,348.1405010487804,30,86,7,0,4,113,6,0,14,0,109
2011-08-10 12:20:04,Normal,99,14,113,1216923,3104,4180230,34360,667.6998476814159,31,76,6,0,15,94,4,0,10,1,102
2011-08-10 12:20:05,Normal,91,0,91,898328,16398,3395043,63072,476.58244432967035,42,45,4,0,7,82,2,0,6,3,82
2011-08-10 12:20:06,Normal,97,0,97,882676,18100,3675770,28757,381.96132037113404,26,61,10,0,15,80,2,0,14,1,81
2011-08-10 12:20:07,Attack,90,0,91,1076250,9455,3389453,3702,804.2466270989012,44,41,6,0,8,79,4,0,7,1,83
2011-08-10 12:20:08,Normal,126,0,126,1280818,16458,4629738,47350,483.22349867460315,54,65,7,0,13,112,1,0,10,1,115
2011-08-10 12:20:09,Normal,111,0,111,972441,18166,3983841,33158,533.8002133423424,40,61,10,0,8,99,4,0,14,1,95
2011-08-10 12:20:10,Normal,102,28,130,829779,19337,5327440,22701,557.9737404461538,39,82,9,0,9,119,2,0,13,1,116
2011-08-10 12:20:11,Normal,100,0,100,947347,16277,3711637,2414,591.43760873,36,59,5,0,10,86,4,0,7,4,87
2011-08-10 12:20:12,Attack,88,6,96,694668,10560,3427094,61161,450.5792985,33,53,10,0,14,74,8,0,27,1,68
2011-08-10 12:20:13,Attack,124,44,169,959173,8329,6592168,7204,303.6364605147929,30,129,10,0,23,118,28,0,52,3,114
2011-08-10 12:20:14,Normal,94,28,122,734760,18338,4575370,10923,399.791431262295,30,80,12,0,13,104,5,0,16,0,106
2011-08-10 12:20:15,Normal,108,13,121,743735,18580,4565833,25876,465.87639798347107,36,78,7,0,16,97,8,0,26,0,95
2011-08-10 12:20:16,Normal,99,0,99,693208,17171,4142261,44480,343.13294134343437,40,53,6,0,13,84,2,0,14,0,85
2011-08-10 12:20:17,Normal,110,0,110,824667,16724,4475759,44533,552.4521467272726,41,61,8,0,6,104,0,0,8,0,100
2011-08-10 12:20:18,Normal,93,4,97,649579,17878,3794424,55605,278.89438532989686,29,62,6,0,13,79,5,0,16,2,79
2011-08-10 12:20:19,Normal,95,0,95,663070,52730,3709326,14134,310.4970718947369,26,59,10,0,17,75,3,0,18,1,75
2011-08-10 12:20:20,Normal,100,40,140,718336,20957,5896734,10516,280.59512567857143,34,98,8,0,13,121,6,0,20,0,120
2011-08-10 12:20:21,Normal,86,0,86,703131,16371,3408783,43828,518.1806104883722,29,50,7,0,7,78,1,0,11,0,75
2011-08-10 12:20:22,Attack,82,9,97,1086070,15763,3235079,17710,637.1029236082474,38,49,10,0,12,80,3,2,15,2,77
2011-08-10 12:20:23,Attack,99,16,126,918088,4792,4389271,87,504.94854153968254,41,78,7,0,13,106,6,1,21,1,103
2011-08-10 12:20:24,Attack,99,4,104,823299,18434,3511934,47856,479.96902372115386,34,63,7,0,13,88,3,0,14,2,88
2011-08-10 12:20:25,Normal,66,0,66,668792,16035,2157691,27852,492.64824006060604,31,27,8,0,2,63,0,1,5,1,59
2011-08-10 12:20:26,Normal,67,0,67,522853,17730,2445348,64824,644.1057266567165,26,33,8,0,5,61,1,0,13,2,51
2011-08-10 12:20:27,Normal,117,0,117,913422,4211,4615217,53509,437.48871543589746,45,67,5,0,8,106,3,0,16,1,100
2011-08-10 12:20:28,Normal,96,0,96,761237,17525,3741377,4574,332.03295078125,41,49,6,0,8,87,1,0,14,0,82
2011-08-10 12:20:29,Normal,93,0,93,873461,16789,3284386,55598,433.65389234408593,41,43,9,0,8,84,0,1,10,4,77
2011-08-10 12:20:30,Normal,120,0,120,874673,18787,4395168,22946,413.6591063583333,43,73,4,0,31,85,4,0,34,1,85
2011-08-10 12:20:31,Normal,116,0,116,1143670,4907,4122640,37432,509.33613737931034,36,75,5,0,46,67,3,0,41,1,74
2011-08-10 12:20:32,Normal,99,3,102,700970,4985,3966991,61709,457.3273779803923,35,61,6,0,12,86,4,0,21,0,81
2011-08-10 12:20:33,Attack,111,0,112,1090594,4532,4275578,40740,426.28372774999997,41,65,6,0,9,98,5,0,17,1,93
2011-08-10 12:20:34,Attack,142,0,144,854547,8035,5551533,47145,281.91485253472223,35,97,12,0,11,124,9,0,22,1,120
2011-08-10 12:20:35,Normal,82,0,82,467758,2977,2820980,37829,343.8929579146342,29,49,4,0,14,65,3,0,18,0,64
2011-08-10 12:20:36,Normal,82,0,82,664931,16162,2653624,3290,625.9335036219512,32,42,8,0,16,66,0,0,16,2,64
2011-08-10 12:20:37,Normal,168,0,168,1022808,21207,6540635,40296,375.91011925595234,61,103,4,0,19,145,4,0,24,1,142
2011-08-10 12:20:38,Normal,176,0,176,1367337,6770,7571371,45027,476.4600609318182,38,131,7,0,52,118,6,0,41,1,134
2011-08-10 12:20:39,Normal,180,0,180,619880,10052,7567116,47810,276.1807779611111,29,144,7,0,26,140,14,0,47,1,132
2011-08-10 12:20:40,Normal,90,0,90,788916,3825,3272316,65726,583.5468518222223,37,43,10,0,6,83,1,0,19,1,70
2011-08-10 12:20:41,Normal,83,0,83,930213,1831,2641705,46558,550.3956412891566,25,55,3,0,15,68,0,0,13,0,70
2011-08-10 12:20:42,Attack,153,3,158,1082782,6804,5273001,61571,402.22386137341766,37,114,7,0,56,95,7,0,58,2,98
2011-08-10 12:20:43,Attack,74,0,81,759305,15000,2708496,50981,537.8311525802469,34,44,3,0,12,67,2,0,12,1,68
2011-08-10 12:20:44,Attack,123,1,127,760442,18349,4311789,2547,265.4718849212598,36,81,10,0,33,91,3,0,34,1,91
2011-08-10 12:20:45,Normal,126,0,126,992444,5031,4726404,37063,480.2110142698412,34,83,9,0,27,95,4,0,30,1,95
2011-08-10 12:20:46,Normal,109,21,130,1884497,4520,4135408,29518,673.289268823077,38,88,4,0,47,77,6,0,26,3,100
2011-08-10 12:20:47,Normal,96,0,96,735026,18424,3675368,46627,557.7146928229167,32,57,7,0,17,77,2,0,16,0,80
2011-08-10 12:20:48,Normal,133,6,139,931251,7874,5640372,43529,398.0775312158273,35,89,15,0,28,107,4,0,38,0,100
2011-08-10 12:20:49,Normal,125,3,128,1097102,16732,4777447,18889,591.8777700703126,46,72,10,0,12,114,2,0,9,1,118
2011-08-10 12:20:50,Normal,79,0,79,809057,15437,2916849,43223,646.364448341772,36,37,6,0,14,62,3,0,22,1,56
2011-08-10 12:20:51,Normal,120,0,120,1422808,17969,4487814,46301,774.5601420333332,41,72,7,0,35,83,2,0,21,0,98
2011-08-10 12:20:52,Normal,99,3,102,699116,36379,3683134,17821,401.6146232549019,41,51,10,0,18,83,1,0,27,1,74
2011-08-10 12:20:53,Normal,82,0,82,741891,61056,2880416,13622,441.23880745121954,32,45,5,0,1,80,1,0,6,1,75
2011-08-10 12:20:54,Attack,80,0,81,633363,16283,2783851,44829,574.7264178888888,31,42,8,0,7,73,1,0,10,1,70
2011-08-10 12:20:55,Attack,119,0,120,943925,17469,4302495,43397,586.5155812749999,53,61,6,0,14,100,6,0,24,0,95
2011-08-10 12:20:56,Normal,132,0,132,1197794,19415,4723172,33732,482.8969906818182,33,94,5,0,30,94,8,0,28,2,102
2011-08-10 12:20:57,Normal,122,0,122,1049680,4799,4605169,4990,589.1160774918033,38,74,10,0,28,89,5,0,34,1,87
2011-08-10 12:20:58,Normal,91,1,92,777178,3477,3495707,38836,678.9785670434783,31,60,1,0,28,62,2,0,25,0,67
2011-08-10 12:20:59,Normal,112,0,112,938147,3427,4046261,39129,313.16059380357143,40,65,7,0,16,91,5,0,22,0,88
2011-08-10 12:21:00,Normal,261,0,261,903577,25979,12332934,29858,161.61318731417626,47,209,5,0,19,233,9,0,27,9,223
2011-08-10 12:21:01,Normal,131,0,131,1151942,3907,4946508,52588,530.4179024961833,45,78,8,0,9,110,12,0,19,2,109
2011-08-10 12:21:02,Attack,105,3,110,1149600,11353,4196933,50944,609.383401518182,45,55,10,0,6,97,7,0,9,2,97
2011-08-10 12:21:03,Normal,90,0,90,1065296,66423,2843515,2617,546.8444971666667,33,50,7,0,15,73,2,0,7,2,80
2011-08-10 12:21:04,Attack,116,1,123,1113374,19140,3906340,22296,484.6850087560976,44,69,10,0,14,102,7,0,20,1,102
2011-08-10 12:21:05,Attack,117,7,126,1084605,17769,4569167,15361,536.1397288095238,42,76,8,0,25,100,1,0,18,2,105
2011-08-10 12:21:06,Normal,145,0,145,1554316,19723,5917899,11781,617.37284,36,102,7,0,32,108,5,0,18,0,127
2011-08-10 12:21:07,Normal,158,0,158,1523322,5528,6363268,50301,609.8067873544303,39,114,5,0,21,133,4,0,14,2,140
2011-08-10 12:21:08,Normal,104,0,104,1047932,4526,3920983,48109,490.6290457211539,37,58,9,0,21,80,3,0,18,2,84
2011-08-10 12:21:09,Normal,174,0,174,1085194,9597,6966142,53087,302.9301061724138,37,132,5,0,49,120,5,0,47,3,124
2011-08-10 12:21:10,Normal,118,0,118,854872,18153,5031055,63630,411.6678198559323,31,82,5,0,16,96,6,0,21,0,97
2011-08-10 12:21:11,Normal,123,0,123,1328804,7460,4604778,59113,541.1759592601626,41,75,7,0,32,91,0,0,24,2,95
2011-08-10 12:21:12,Attack,126,3,133,967038,19354,4667814,54265,388.80084976691734,41,89,3,0,22,82,29,0,55,1,77
2011-08-10 12:21:13,Normal,120,0,120,1239181,3417,4490558,52848,458.84998340833334,40,72,8,0,23,94,3,0,16,1,103
2011-08-10 12:21:14,Attack,108,0,109,1259841,35312,3906581,3855,616.2767099908258,46,57,6,0,12,94,3,0,12,5,92
2011-08-10 12:21:15,Normal,133,0,133,1593395,68054,5126520,14295,468.30391412030076,37,86,10,0,19,108,6,0,13,1,118
2011-08-10 12:21:16,Attack,114,2,119,1076659,6491,4431708,3803,677.168647932773,37,72,10,0,13,100,6,0,18,1,100
2011-08-10 12:21:17,Normal,114,0,114,1530610,16036,4217293,7875,636.0860315964912,42,62,10,0,21,88,5,0,13,1,99
2011-08-10 12:21:18,Attack,105,0,106,1565061,18657,3726082,44644,689.1318016132076,39,62,5,0,20,79,7,0,11,3,91
2011-08-10 12:21:19,Normal,139,3,142,1421617,5457,5559360,44801,443.78407997887325,33,98,11,0,18,117,7,0,11,2,129
2011-08-10 12:21:20,Normal,106,0,106,874461,16864,4265060,49609,476.06902719811325,37,59,10,0,8,98,0,0,5,2,99
2011-08-10 12:21:21,Attack,110,0,113,1257540,15831,4578722,42650,415.5328209292036,44,60,9,0,12,96,5,0,11,1,100
2011-08-10 12:21:22,Normal,119,3,122,1120202,5287,4730094,30810,491.9674396393442,43,69,10,0,16,102,3,1,12,1,108
2011-08-10 12:21:23,Attack,141,0,144,1513857,20412,5055665,32411,386.5902708819445,53,82,9,0,14,116,10,4,20,0,121
2011-08-10 12:21:24,Normal,95,0,95,1111877,3479,3688554,50947,692.060944105263,27,60,8,0,13,77,5,0,7,1,87
2011-08-10 12:21:25,Attack,120,0,125,1294876,3907,4552458,52191,537.470268592,46,67,12,0,17,99,9,0,25,2,98
2011-08-10 12:21:26,Attack,142,0,145,1346278,5423,5708850,34740,482.052145337931,41,101,3,0,31,105,9,0,30,2,113
2011-08-10 12:21:27,Normal,153,0,153,1838080,19742,5700467,62479,586.8911970196078,42,106,5,0,28,113,12,0,21,4,128
2011-08-10 12:21:28,Normal,152,0,152,1302130,7390,5958969,60576,511.4617937960527,32,112,8,0,37,100,15,0,38,1,113
2011-08-10 12:21:29,Normal,159,0,159,2067520,18331,6182111,24137,607.5246420377359,50,97,12,0,33,116,10,0,22,1,136
2011-08-10 12:21:30,Normal,178,0,178,1118490,20073,7789105,45270,371.30632957303374,42,127,9,0,37,137,4,0,36,2,140
2011-08-10 12:21:31,Normal,131,0,131,1011701,17857,5511739,54035,347.3957775954198,36,82,13,0,15,113,3,0,10,1,119
2011-08-10 12:21:32,Normal,104,3,107,1330736,57256,2978049,15502,541.7806542056074,42,55,10,0,21,79,6,1,17,4,85
2011-08-10 12:21:33,Attack,105,0,106,1258175,16742,4130077,6351,543.145833254717,36,67,3,0,17,85,4,0,7,1,98
2011-08-10 12:21:34,Normal,133,0,133,1564075,19252,5029006,28277,627.7165515488723,43,81,9,0,25,105,3,0,17,0,116
2011-08-10 12:21:35,Normal,83,0,83,792252,11471,3208892,2324,344.20712677108435,28,51,4,0,8,74,1,0,8,4,71
2011-08-10 12:21:36,Normal,113,0,113,887774,17463,4450940,26951,343.50900003539823,41,68,4,0,10,97,6,0,19,3,91
2011-08-10 12:21:37,Normal,106,0,106,1336472,15972,4165038,7775,660.4511601603773,43,55,8,0,17,86,3,0,7,1,98
2011-08-10 12:21:38,Attack,106,5,112,1010468,3856,4380683,54621,514.3003871607142,30,74,8,0,14,95,3,0,7,1,104
2011-08-10 12:21:39,Attack,106,0,108,1178631,16264,4240395,62095,557.9047396296296,44,59,5,0,13,90,5,0,9,0,99
2011-08-10 12:21:40,Normal,96,3,99,1238683,17044,3585150,19791,691.7692618585858,35,56,8,0,10,87,2,0,7,0,91
2011-08-10 12:21:41,Normal,156,9,165,1447639,18676,6369567,36269,385.4521760545455,42,112,11,0,29,127,9,0,26,0,139
2011-08-10 12:21:42,Normal,97,3,100,1036310,25862,3944536,61301,491.68588362,34,57,9,0,13,83,4,0,17,3,80
2011-08-10 12:21:43,Normal,120,0,120,1254496,18045,4560254,13210,623.2790588166666,45,66,9,0,12,106,2,0,8,0,112
2011-08-10 12:21:44,Attack,106,6,114,1412194,15486,4002064,8743,548.8775073859649,41,63,10,0,16,87,11,0,9,5,99
2011-08-10 12:21:45,Normal,110,0,110,1162241,16750,3746327,56790,584.0137248,42,59,9,0,15,84,11,0,20,1,89
2011-08-10 12:21:46,Attack,119,0,124,1269571,17859,4606618,37995,598.6564323790323,43,73,8,0,17,102,5,0,15,3,106
2011-08-10 12:21:47,Attack,124,48,175,1320842,22665,5758754,18824,368.6021428971428,47,119,9,0,33,134,8,0,35,6,134
2011-08-10 12:21:48,Normal,113,7,120,1454786,35378,4373011,59851,624.644688375,42,70,8,0,17,98,5,0,7,4,109
2011-08-10 12:21:49,Attack,107,4,112,1008193,17904,4226486,23985,463.7803688928571,40,64,8,0,10,94,8,0,18,3,90
2011-08-10 12:21:50,Normal,80,0,80,981793,36928,2652122,14391,492.5583055375,36,40,4,0,5,70,5,0,8,5,66
2011-08-10 12:21:51,Normal,95,0,95,958516,16698,3645019,40726,556.0431222210526,43,47,5,0,8,84,3,0,7,2,86
2011-08-10 12:21:52,Normal,94,3,97,676195,5177,3509732,52142,286.4487898865979,28,63,6,0,20,72,5,0,24,0,72
2011-08-10 12:21:53,Normal,93,42,135,1336757,64491,5477249,14134,598.5600860148148,43,81,11,0,16,97,22,0,29,1,105
2011-08-10 12:21:54,Normal,223,0,223,1188120,23664,10525303,18671,386.5081479820628,40,178,5,0,55,160,8,0,54,1,168
2011-08-10 12:21:55,Normal,176,1,177,1356223,20532,7702533,62674,622.9402624237288,45,124,8,0,18,156,3,0,6,1,170
2011-08-10 12:21:56,Normal,102,0,102,1052183,2909,3705341,37983,493.737764872549,34,61,7,0,8,93,1,0,6,5,91
2011-08-10 12:21:57,Normal,118,0,118,1179563,16646,4005692,43647,558.0484514152542,44,66,8,0,9,103,4,2,13,5,99
2011-08-10 12:21:58,Normal,96,1,97,830041,16531,3886289,58989,428.1401331443299,39,52,6,0,8,85,4,0,9,2,86
2011-08-10 12:21:59,Attack,87,0,88,742917,2876,3386748,64026,475.5306475795455,34,48,6,0,7,80,1,0,8,2,78
2011-08-10 12:22:00,Attack,82,0,84,1009260,15077,2835949,40128,698.0542424523811,35,44,5,0,10,71,3,0,7,5,72
2011-08-10 12:22:01,Normal,103,0,103,1065314,16172,3361059,18363,448.5953726407767,42,56,5,0,5,96,2,0,12,3,88
2011-08-10 12:22:02,Normal,100,3,103,1151806,17760,3598410,64118,566.5605349514562,41,53,9,0,15,86,2,0,14,2,87
2011-08-10 12:22:03,Normal,98,0,98,725521,18127,3906278,31874,377.69323787755104,33,53,12,0,4,92,2,0,7,2,89
2011-08-10 12:22:04,Normal,102,0,102,933387,2362,3892043,60064,511.3782588823529,43,53,6,0,8,91,3,0,6,1,95
2011-08-10 12:22:05,Normal,94,0,94,843766,16671,3219591,29939,683.8561563510638,39,49,6,0,10,81,3,0,7,1,86
2011-08-10 12:22:06,Normal,130,0,130,1419194,17943,4767850,54559,580.9454394615385,41,81,8,0,17,112,1,0,7,1,122
2011-08-10 12:22:07,Attack,123,0,129,1115608,4049,4868024,35699,213.8314874883721,38,81,10,0,15,110,4,0,25,1,102
2011-08-10 12:22:08,Attack,93,0,96,934268,17247,3154004,4101,785.9909186666667,41,45,10,0,14,78,4,0,15,2,78
2011-08-10 12:22:09,Normal,109,0,109,1249724,16453,4220941,40551,634.5070614954127,44,56,9,0,16,91,2,0,14,1,94
2011-08-10 12:22:10,Attack,105,0,108,1700464,3383,3670883,64737,591.6746927777779,49,51,8,0,12,91,5,0,15,4,89
2011-08-10 12:22:11,Attack,96,0,97,858437,3104,3916267,49548,476.09449670103083,39,52,6,0,9,87,1,0,14,1,82
2011-08-10 12:22:12,Normal,139,3,142,1127667,11524,5221195,12178,494.40797116901405,48,83,11,0,17,122,3,0,20,3,118
2011-08-10 12:22:13,Normal,96,0,96,1094744,15980,3580147,62254,417.94267996875004,48,44,4,0,17,77,2,0,14,4,78
2011-08-10 12:22:14,Normal,100,0,100,1031401,8931,3798878,38531,485.1694890200001,39,50,11,0,8,91,1,0,6,4,90
2011-08-10 12:22:15,Normal,104,0,104,1018107,2781,3651868,56323,484.72279181730767,53,42,9,0,8,93,3,0,12,3,89
2011-08-10 12:22:16,Normal,89,0,89,937173,15222,3406526,5596,544.043553269663,39,44,6,0,7,82,0,0,6,3,80
2011-08-10 12:22:17,Normal,113,0,113,1143722,16116,4189878,13090,428.3289484159292,52,54,7,0,15,97,1,0,11,2,99
2011-08-10 12:22:18,Attack,108,0,109,1065552,17418,4087868,37232,436.17795598165134,44,57,8,0,12,95,2,0,7,1,101
2011-08-10 12:22:19,Normal,103,3,106,1197381,3321,3824226,49401,662.4141772358491,45,51,10,0,13,90,3,0,12,2,92
2011-08-10 12:22:20,Attack,106,0,108,1265334,16113,3778753,26457,556.5847263703703,41,61,6,0,16,89,3,0,11,3,94
2011-08-10 12:22:21,Attack,87,0,90,1092833,16558,3603841,58435,463.22989870000004,30,47,13,0,11,72,7,0,11,2,77
2011-08-10 12:22:22,Normal,134,24,158,1676884,19100,5857700,11164,513.119409158228,50,102,6,0,30,119,8,1,23,2,132
2011-08-10 12:22:23,Normal,108,5,113,1082143,4234,4352634,14171,330.28156523008846,38,70,5,0,9,85,19,0,23,3,87
2011-08-10 12:22:24,Normal,140,0,140,1265313,7088,5372243,46277,459.65250879285713,44,89,7,0,24,111,4,1,22,2,115
2011-08-10 12:22:25,Normal,102,0,102,1318736,15734,3904553,58289,464.42675073529415,38,52,12,0,14,85,3,0,3,0,99
2011-08-10 12:22:26,Normal,106,0,106,1339425,3161,4059290,48451,632.7377665566039,40,58,8,0,18,83,5,0,13,4,89
2011-08-10 12:22:27,Normal,116,0,116,1172589,4221,4157140,49608,441.662812387931,38,74,4,0,12,95,8,1,17,3,95
2011-08-10 12:22:28,Attack,111,0,116,1039915,4874,4272666,63973,505.7344729051724,33,76,7,0,18,90,8,0,21,2,93
2011-08-10 12:22:29,Attack,82,0,85,831273,53088,3165264,59796,569.4262105411766,40,39,6,0,12,69,3,1,11,2,71
2011-08-10 12:22:30,Normal,233,0,233,1564076,22426,9851145,13697,291.87106818454936,32,191,10,0,28,194,10,1,13,5,214
2011-08-10 12:22:31,Attack,104,0,105,1592512,15847,3843020,6408,675.4609131142856,33,59,13,0,20,84,1,0,14,3,88
2011-08-10 12:22:32,Normal,144,3,147,1747749,18017,5732829,47651,394.83818015646256,39,98,10,0,22,114,11,0,11,5,131
2011-08-10 12:22:33,Normal,130,0,130,1878617,3224,4751124,45215,496.69951853076924,48,76,6,0,25,98,7,0,13,4,113
2011-08-10 12:22:34,Normal,115,0,115,1350058,17631,4446057,48032,485.57901895652174,32,76,7,0,19,92,4,0,13,3,99
2011-08-10 12:22:35,Normal,113,0,113,1433879,18092,4404658,47600,649.9993084867256,38,65,10,0,19,86,8,0,20,0,93
2011-08-10 12:22:36,Normal,105,0,105,1144215,15849,3717490,33148,702.5622980285713,37,58,10,0,12,92,1,0,6,3,96
2011-08-10 12:22:37,Normal,107,0,107,1214383,16060,4554760,59949,322.82422377570094,36,61,10,0,10,93,4,0,9,1,97
2011-08-10 12:22:38,Normal,120,0,120,1370606,16079,4553664,42198,563.0967593083333,49,60,11,0,23,93,4,0,20,1,99
2011-08-10 12:22:39,Attack,133,3,137,983663,6542,4290313,40031,334.6593175255474,29,100,8,0,31,95,11,0,42,2,93
2011-08-10 12:22:40,Attack,128,0,130,1740411,16291,4453614,25906,728.3472439153846,49,66,15,0,19,109,2,0,11,4,114
2011-08-10 12:22:41,Attack,123,0,125,1252864,17464,5340711,40278,390.534796192,26,88,11,0,25,93,7,0,26,1,97
2011-08-10 12:22:42,Attack,159,3,163,1244204,5809,6660618,45218,381.4779817361963,41,106,15,0,19,129,14,0,15,1,146
2011-08-10 12:22:43,Normal,108,0,108,1402600,10189,4096177,12088,683.097859888889,34,66,8,0,14,87,7,0,13,1,94
2011-08-10 12:22:44,Normal,96,0,96,1175063,16859,3862029,50794,574.1313146354167,34,56,6,0,18,76,2,0,10,1,84
2011-08-10 12:22:45,Normal,103,0,103,938175,54009,3947468,58943,514.4386903203882,28,65,10,0,10,91,2,0,11,0,92
2011-08-10 12:22:46,Normal,71,0,71,928598,15201,2721768,14134,403.4924118873239,34,31,6,0,10,59,2,0,4,1,66
2011-08-10 12:22:47,Normal,136,0,136,834275,19972,5746156,42120,363.1445980220588,35,90,11,0,12,121,3,0,15,1,120
2011-08-10 12:22:48,Normal,115,0,115,1183817,17976,4596336,28555,509.18000909565217,40,66,9,0,22,90,3,0,17,2,96
2011-08-10 12:22:49,Attack,118,3,124,1072364,19699,4706766,29684,480.37895125806455,40,79,5,0,16,106,2,0,16,3,105
2011-08-10 12:22:50,Attack,68,0,71,872616,52100,2517836,5874,420.9202742112676,30,31,10,0,6,61,4,0,8,1,62
2011-08-10 12:22:51,Normal,105,0,105,1156168,16964,3915807,58527,684.5002831047618,48,48,9,0,8,97,0,0,5,1,99
2011-08-10 12:22:52,Normal,136,3,139,1289100,18962,5277635,39700,427.91985279136696,49,78,12,0,21,115,3,0,30,3,105
2011-08-10 12:22:53,Normal,135,0,135,1885001,16589,4036139,24430,620.9558127555555,50,75,10,0,39,92,4,0,19,1,114
2011-08-10 12:22:54,Normal,92,0,92,1007220,3293,3053996,38370,569.4630416195653,38,49,5,0,9,83,0,0,5,1,86
2011-08-10 12:22:55,Normal,91,0,91,730671,10910,3430624,30934,478.70081131868136,38,42,11,0,4,87,0,0,12,2,75
2011-08-10 12:22:56,Normal,132,0,132,2616015,15684,3145525,9688,1000.3334551666666,42,80,10,0,42,84,6,0,11,0,120
2011-08-10 12:22:57,Normal,175,0,175,877604,22907,6796571,62647,365.4508665771429,40,126,9,0,69,104,2,0,76,0,99
2011-08-10 12:22:58,Normal,98,0,98,872223,16974,3414532,22909,598.4377546632652,40,46,12,0,7,91,0,0,12,1,85
2011-08-10 12:22:59,Attack,77,0,78,820281,10222,2644717,7911,563.188359230769,31,40,7,0,9,67,2,0,10,2,66
2011-08-10 12:23:00,Attack,103,0,104,898163,16636,3978529,2776,504.97919947115383,46,50,8,0,9,94,1,0,11,0,92
2011-08-10 12:23:01,Attack,198,0,200,792278,22606,9926141,5452,142.24040048499998,36,155,9,0,7,192,1,0,8,2,190
2011-08-10 12:23:02,Normal,111,3,114,663086,5888,4622922,46939,467.1035015789474,26,79,9,0,13,99,2,0,14,0,100
2011-08-10 12:23:03,Attack,107,0,108,934721,5178,4031525,48249,506.613697462963,39,57,12,0,8,97,3,0,6,0,101
2011-08-10 12:23:04,Normal,84,0,84,905408,16311,2645340,29139,544.3105568690477,44,33,7,0,2,81,1,0,4,5,74
2011-08-10 12:23:05,Normal,78,0,78,699033,3714,2846518,59400,602.1681235641025,36,36,6,0,4,74,0,0,7,1,69
2011-08-10 12:23:06,Normal,91,0,91,832621,16319,3457737,57283,461.5382119230769,35,51,5,0,6,83,2,0,12,2,76
2011-08-10 12:23:07,Normal,108,0,108,1177002,16120,4197570,61626,456.55186765740734,33,70,5,0,11,94,3,0,8,1,99
2011-08-10 12:23:08,Normal,96,0,96,778419,17282,3858693,27030,523.7954623645833,34,56,6,0,7,87,2,0,9,0,87
2011-08-10 12:23:09,Normal,88,0,88,803717,17719,3153799,52480,752.8580238636365,39,43,6,0,7,80,1,0,13,1,73
2011-08-10 12:23:10,Attack,80,0,85,739035,16353,2898919,49016,520.580154882353,40,38,7,0,10,71,4,0,18,0,67
2011-08-10 12:23:11,Attack,107,4,115,1160631,17652,4032481,40328,616.2586889739131,43,66,6,0,14,94,7,0,20,3,92
2011-08-10 12:23:12,Attack,108,5,114,1216244,17762,3897774,3364,592.8661809035088,44,63,7,0,13,93,8,0,16,3,95
2011-08-10 12:23:13,Normal,114,0,114,883837,18999,3858989,27205,435.970480868421,37,66,11,0,18,91,3,2,19,3,92
2011-08-10 12:23:14,Normal,63,0,63,859445,60042,2105165,32429,1000.4805269206347,30,28,5,0,6,55,2,0,8,2,53
2011-08-10 12:23:15,Normal,123,0,123,1153845,6178,4278931,4947,417.83433682926835,47,68,8,0,44,78,1,0,39,2,80
2011-08-10 12:23:16,Normal,105,0,105,1245809,16345,3709762,16245,607.7808717904762,40,57,8,0,15,87,3,0,13,0,92
2011-08-10 12:23:17,Attack,87,0,88,912176,16543,3027115,16564,633.3972040795454,43,34,11,0,12,75,1,0,19,0,69
2011-08-10 12:23:18,Normal,147,0,147,924686,19350,6667793,55794,287.8497054761905,38,100,9,0,6,141,0,0,51,1,95
2011-08-10 12:23:19,Normal,143,3,146,1026508,20376,5840509,20001,455.8961597191781,43,96,7,0,10,133,3,0,67,0,79
2011-08-10 12:23:20,Attack,121,0,123,858053,18754,4705923,4505,436.78644899187003,28,89,6,0,9,110,4,0,40,3,79
2011-08-10 12:23:21,Attack,77,0,79,740626,3154,2462463,52354,529.7622225316458,38,38,3,0,10,66,3,0,13,2,64
2011-08-10 12:23:22,Attack,101,3,105,1181686,16214,3355957,2508,529.8804850666667,41,52,12,0,10,92,2,1,9,3,91
2011-08-10 12:23:23,Normal,141,0,141,778010,10488,3407257,19854,361.6065449432624,32,105,4,0,8,124,7,2,51,2,86
2011-08-10 12:23:24,Normal,110,0,110,1228523,11074,3816626,2339,737.8261338636365,36,65,9,0,18,85,5,2,16,5,86
2011-08-10 12:23:25,Normal,96,0,96,1010441,11789,2792386,2239,611.8469231666667,36,57,3,0,10,82,4,0,11,3,82
2011-08-10 12:23:26,Normal,67,0,67,837623,15701,2369797,17499,629.1558458059701,28,30,9,0,6,61,0,0,9,0,58
2011-08-10 12:23:27,Normal,124,2,126,1216237,16760,4667669,13267,644.6749700317458,40,77,9,0,13,104,9,0,15,2,108
2011-08-10 12:23:28,Normal,199,0,199,1087674,7771,8332861,38326,360.02780434673366,35,155,9,0,14,178,6,1,13,4,182
2011-08-10 12:23:29,Normal,113,0,113,1320403,18226,4489069,58558,511.0151868141593,47,64,2,0,13,98,2,0,13,1,99
2011-08-10 12:23:30,Normal,120,0,120,1401593,65353,4508064,14938,563.9391558416667,41,73,6,0,18,100,2,0,11,3,106
2011-08-10 12:23:31,Attack,111,0,116,831828,17823,4078712,18206,384.2472171724138,32,77,7,0,19,94,3,0,42,2,72
2011-08-10 12:23:32,Attack,86,3,91,827260,3246,3343186,20091,612.9129185604395,25,60,6,0,12,78,1,0,11,2,78
2011-08-10 12:23:33,Attack,137,0,138,1161767,19746,4977720,49418,488.9752708260869,28,103,7,0,17,111,10,0,20,2,115
2011-08-10 12:23:34,Attack,101,0,103,1006830,5238,3787527,50284,421.79841372815537,35,60,8,0,11,88,4,0,13,3,87
2011-08-10 12:23:35,Normal,98,0,98,1027476,3226,3494471,2998,674.7351032755104,38,54,6,0,14,82,2,0,7,1,90
2011-08-10 12:23:36,Normal,84,0,84,1009293,59245,2739321,23841,687.1329262142857,29,47,8,0,17,64,3,0,12,1,71
2011-08-10 12:23:37,Normal,93,0,93,1012706,16593,3008575,62737,496.40278830107525,35,52,6,0,16,74,3,0,10,0,83
2011-08-10 12:23:38,Normal,110,0,110,1600628,15112,3656878,63176,636.7483360636364,45,59,6,0,18,88,4,0,3,4,103
2011-08-10 12:23:39,Normal,127,0,127,1246274,3441,4562785,54496,459.6297152362204,40,77,10,0,13,111,3,0,5,1,121
2011-08-10 12:23:40,Normal,96,0,96,992267,4265,3559607,42156,726.2320137708333,35,51,10,0,9,87,0,0,6,1,89
2011-08-10 12:23:41,Attack,127,0,128,1338093,3742,4457427,40007,501.354399703125,40,82,6,0,22,95,11,0,19,2,107
2011-08-10 12:23:42,Attack,101,3,105,1459609,16242,3409339,28230,750.3410472285714,35,60,10,0,13,86,6,0,12,2,91
2011-08-10 12:23:43,Attack,96,0,100,684498,17879,3736952,13470,378.33880953,39,53,8,0,6,91,3,0,13,1,86
2011-08-10 12:23:44,Attack,102,0,106,1118249,16352,3677342,57402,486.83539474528305,34,64,8,0,9,93,4,0,5,3,98
2011-08-10 12:23:45,Normal,84,0,84,889702,17235,3054082,51773,855.9555935833334,32,42,10,0,6,74,4,0,6,1,77
2011-08-10 12:23:46,Normal,125,0,125,851994,40752,4967795,11603,527.6912132880001,39,78,8,0,4,120,1,0,41,0,84
2011-08-10 12:23:47,Normal,170,0,170,1390409,21354,6698578,62932,417.4862661764705,51,105,14,0,13,153,4,0,70,1,99
2011-08-10 12:23:48,Normal,100,0,100,865731,4627,4099147,42251,599.68192299,38,58,4,0,8,91,1,0,9,2,89
2011-08-10 12:23:49,Normal,90,3,93,854589,18651,3592483,49764,646.0584027526882,35,55,3,0,11,80,2,0,9,1,83
2011-08-10 12:23:50,Normal,117,0,117,797045,17754,4948552,56666,405.15275774358975,35,75,7,0,11,105,1,0,8,2,106
2011-08-10 12:23:51,Normal,93,0,93,784590,3481,3468412,57102,416.92964565591393,36,51,6,0,6,84,3,0,10,4,79
2011-08-10 12:23:52,Attack,78,4,86,868772,17153,2700174,49562,897.7978199418608,42,40,4,0,10,74,2,0,7,2,77
2011-08-10 12:23:53,Attack,107,0,115,817181,17739,4143011,45698,363.89805966086954,45,65,5,0,9,94,12,0,24,2,89
2011-08-10 12:23:54,Attack,121,1,124,1221588,48528,4211232,14143,447.2438518790323,36,79,9,0,18,92,14,0,26,4,94
2011-08-10 12:23:55,Attack,108,5,114,908625,18473,4042268,29861,543.286135508772,41,61,12,0,12,101,1,0,17,0,97
2011-08-10 12:23:56,Normal,100,0,100,967033,3757,3640258,55261,610.84294663,49,43,8,0,8,91,0,1,9,1,90
2011-08-10 12:23:57,Normal,97,0,97,808050,16044,3657223,48476,774.9238808969073,29,57,11,0,9,85,3,0,11,0,85
2011-08-10 12:23:58,Normal,94,0,94,1006822,15484,3938054,17023,418.86202792553183,37,53,4,0,6,85,3,0,5,0,89
2011-08-10 12:23:59,Normal,78,0,78,1096576,16222,2684023,52919,747.2395661153846,33,36,9,0,13,65,0,0,6,0,72
2011-08-10 12:24:00,Normal,83,0,83,608980,52833,3201027,427,477.130006072289,28,52,3,0,8,73,2,0,8,0,74
2011-08-10 12:24:01,Normal,185,0,185,1111595,10148,7388030,4225,328.50083801621616,30,146,9,0,30,151,4,0,27,1,157
2011-08-10 12:24:02,Attack,93,3,97,899635,4763,3812304,45942,607.1572805051547,34,57,6,0,10,83,4,0,10,0,87
2011-08-10 12:24:03,Normal,79,0,79,759067,16469,2886045,47228,587.2625735316457,22,51,6,0,12,66,1,0,6,0,73
2011-08-10 12:24:04,Attack,90,0,93,1043183,1915,3241568,41838,772.0888420107528,33,51,9,0,11,81,1,0,9,3,81
2011-08-10 12:24:05,Attack,105,0,106,1643694,15238,3448062,21622,729.7087770471699,38,58,10,0,16,86,4,0,6,1,99
2011-08-10 12:24:06,Normal,111,0,111,942010,18948,4202448,59425,264.7570800900901,48,57,6,0,7,102,2,0,14,3,94
2011-08-10 12:24:07,Normal,82,0,82,948733,15452,2750932,28056,855.7114618658535,49,31,2,0,8,73,1,0,6,1,75
2011-08-10 12:24:08,Normal,99,0,99,933385,17358,3487342,58868,730.4035969696969,44,50,5,0,7,91,1,0,14,1,84
2011-08-10 12:24:09,Normal,146,0,146,1533924,18981,5261135,22142,447.3052319246575,59,84,3,0,26,118,2,0,17,5,124
2011-08-10 12:24:10,Normal,100,0,100,993524,18332,3605876,63260,570.37897146,40,52,8,0,16,82,2,0,19,0,81
2011-08-10 12:24:11,Normal,93,1,94,1188448,15158,3160140,23803,660.4794352021278,44,41,9,0,6,86,2,0,6,2,86
2011-08-10 12:24:12,Normal,154,3,157,1638224,18849,4505213,38045,582.8122703503185,36,109,12,0,54,95,8,0,47,4,106
2011-08-10 12:24:13,Attack,104,0,105,1103801,3276,4057826,5609,618.9377594095238,42,59,4,0,10,89,6,0,18,1,86
2011-08-10 12:24:14,Attack,98,0,102,1642636,15157,3889078,35593,855.3382317450981,37,59,6,0,22,75,5,0,11,2,89
2011-08-10 12:24:15,Attack,98,0,101,868856,4183,3480812,4515,479.12366016831686,43,52,6,0,12,85,4,0,16,0,85
2011-08-10 12:24:16,Attack,122,0,123,1130528,18299,4146260,27335,536.4694028455283,39,73,11,0,22,100,1,0,21,2,99
2011-08-10 12:24:17,Normal,168,0,168,839669,22263,7612059,38799,433.07921533333337,38,122,8,0,58,107,3,0,59,0,109
2011-08-10 12:24:18,Normal,108,0,108,691915,16911,4139807,48280,554.3044164166666,36,61,11,0,7,98,3,0,11,0,96
2011-08-10 12:24:19,Normal,160,3,163,1093632,19982,6345273,20723,321.1174619386503,39,116,8,0,16,140,7,0,23,0,140
2011-08-10 12:24:20,Normal,110,0,110,1176670,38550,3439485,39610,498.8029678636363,46,56,8,0,31,76,2,1,28,7,74
2011-08-10 12:24:21,Normal,91,0,91,867204,4755,3147098,14134,663.9353576703297,37,46,8,0,10,81,0,0,12,1,78
2011-08-10 12:24:22,Normal,78,3,81,767223,3178,2534252,47088,421.62563225925925,36,39,6,0,5,74,1,1,15,0,65
2011-08-10 12:24:23,Attack,99,0,101,1006188,16756,3329280,51641,679.3835371089109,49,49,3,0,9,87,2,3,14,2,82
2011-08-10 12:24:24,Normal,136,0,136,1129148,7470,4566597,58265,430.18284019117647,50,78,8,0,26,102,8,0,37,3,96
2011-08-10 12:24:25,Attack,154,0,155,924172,5861,6038792,49899,305.99047923870967,39,109,7,0,20,125,10,0,33,1,121
2011-08-10 12:24:26,Attack,146,0,148,1222996,5812,5316856,38023,528.6763327702702,32,106,10,0,21,122,5,0,17,2,129
2011-08-10 12:24:27,Normal,113,0,113,998120,19810,3882174,61021,487.8844061150443,39,70,4,0,14,96,2,1,16,1,95
2011-08-10 12:24:28,Normal,97,0,97,1043847,3444,3602088,52359,869.3223840412372,45,47,5,0,8,87,2,0,7,1,89
2011-08-10 12:24:29,Normal,95,0,95,874436,4501,3543036,46386,607.9344186000001,37,47,11,0,5,89,1,0,9,2,83
2011-08-10 12:24:30,Normal,113,0,113,1300830,16642,3297392,35309,538.9043215752212,36,67,10,0,15,96,2,0,22,0,91
2011-08-10 12:24:31,Normal,106,2,108,1136249,2646,3513478,53210,607.204921638889,35,63,10,0,10,95,3,0,24,1,83
2011-08-10 12:24:32,Normal,78,3,81,908888,15968,2498478,17189,556.8200992716049,35,40,6,0,6,72,3,0,7,1,73
2011-08-10 12:24:33,Attack,116,0,117,1079213,17771,4512755,52525,451.18479569230766,37,73,7,0,8,104,5,0,15,3,99
2011-08-10 12:24:34,Attack,81,3,85,811142,9557,3101655,4068,408.97158974117644,32,48,5,0,15,66,4,0,17,3,65
2011-08-10 12:24:35,Attack,150,0,153,1054200,6047,6014574,52873,344.62120588235297,49,101,3,0,10,135,8,0,16,0,137
2011-08-10 12:24:36,Attack,111,0,113,814455,20305,4339352,54291,393.0649423893806,35,71,7,0,21,83,9,0,30,2,81
2011-08-10 12:24:37,Normal,83,0,83,1016729,15686,2564376,58914,859.0721693493977,34,38,11,0,7,75,1,0,7,0,76
2011-08-10 12:24:38,Normal,93,0,93,904094,16532,3605395,50985,659.142516548387,40,46,7,0,8,84,1,0,10,1,80
2011-08-10 12:24:39,Normal,93,0,93,798865,16210,3368783,19688,640.2823369139785,36,50,7,0,5,84,4,0,9,0,84
2011-08-10 12:24:40,Normal,118,0,118,851212,17440,4580954,5562,372.6184894067796,28,82,8,0,15,103,0,0,11,0,107
2011-08-10 12:24:41,Normal,85,0,85,655197,3896,2816685,64295,552.9877110705883,31,45,9,0,10,72,3,0,13,1,71
2011-08-10 12:24:42,Normal,120,3,123,1150742,17354,4686181,59234,422.7628015934959,38,76,9,0,18,100,4,1,11,1,111
2011-08-10 12:24:43,Normal,87,0,87,1070325,23663,2742584,14134,539.2864474827586,42,37,8,0,9,73,4,1,5,1,81
2011-08-10 12:24:44,Attack,106,0,109,1272922,15876,3913903,16549,599.4310427431192,44,58,7,0,12,93,4,0,12,1,95
2011-08-10 12:24:45,Attack,99,0,100,950755,15272,3719609,13902,454.0673860000001,45,47,8,0,2,96,2,0,4,2,94
2011-08-10 12:24:46,Normal,84,0,84,882587,18032,3122788,64878,625.5802511309524,41,33,10,0,6,74,4,0,14,0,70
2011-08-10 12:24:47,Attack,77,0,78,867185,15735,2905668,2912,728.027613974359,33,35,10,0,8,67,3,0,7,0,71
2011-08-10 12:24:48,Normal,92,0,92,960791,3085,3384148,48095,582.839631826087,37,46,9,0,8,81,3,0,9,1,82
2011-08-10 12:24:49,Normal,109,3,112,605480,20185,3996183,8630,309.7703034553571,33,70,9,0,5,88,19,0,27,0,85
2011-08-10 12:24:50,Normal,133,0,133,1246686,20847,4595832,28738,648.4720816090226,42,82,9,0,17,107,9,0,27,0,106
2011-08-10 12:24:51,Normal,98,0,98,957635,19056,3960876,64049,334.2218586836735,33,56,9,0,8,84,6,0,13,1,84
2011-08-10 12:24:52,Normal,104,3,107,1087991,38624,3534696,61807,473.0182820747663,44,51,12,0,8,98,1,0,12,1,93
2011-08-10 12:24:53,Normal,83,0,83,808456,15896,3053687,36517,747.6319571084338,40,36,7,0,3,80,0,0,10,1,71
2011-08-10 12:24:54,Attack,84,0,87,730324,16240,3240760,14153,526.0479453218392,36,40,11,0,2,82,3,0,10,0,77
2011-08-10 12:24:55,Attack,103,5,109,1135640,19696,3940010,14134,867.4883747247706,51,51,7,0,12,95,2,0,14,1,94
2011-08-10 12:24:56,Attack,98,12,113,1211433,3648,3768460,52476,603.8459637787611,38,66,9,0,16,89,8,0,17,1,95
2011-08-10 12:24:57,Attack,87,0,89,1207679,46406,3029262,15713,917.7281386741573,34,48,7,0,13,72,4,0,8,4,76
2011-08-10 12:24:58,Normal,76,0,76,759869,15088,2668402,1894,457.50728789473675,29,43,4,0,5,68,3,0,6,1,69
2011-08-10 12:24:59,Normal,87,0,87,753197,17734,3270508,15455,749.1223070000001,42,41,4,0,2,82,3,0,9,2,75
2011-08-10 12:25:00,Normal,108,0,108,1505458,15768,4263835,62139,774.936442462963,32,67,9,0,17,84,7,0,4,1,103
2011-08-10 12:25:01,Normal,251,0,251,1237862,68535,11829755,14905,385.26169411952185,54,191,6,0,13,237,1,0,8,2,240
2011-08-10 12:25:02,Normal,83,3,86,930415,16595,3149268,55788,525.5446973837211,41,36,9,0,4,81,1,0,15,1,70
2011-08-10 12:25:03,Normal,105,0,105,1386424,15457,3774149,52088,724.4295059714286,39,65,1,0,14,86,5,0,5,1,98
2011-08-10 12:25:04,Attack,83,0,86,1042781,45099,2817627,13363,865.1351747093025,38,40,8,0,8,75,3,0,8,0,78
2011-08-10 12:25:05,Attack,120,0,121,860995,19735,4684290,5874,504.93763182644625,41,75,5,0,4,116,1,0,13,1,106
2011-08-10 12:25:06,Attack,89,0,90,1113073,17402,3027657,11669,842.2571621666667,43,44,3,0,19,67,2,2,11,2,77
2011-08-10 12:25:07,Normal,149,1,150,1071045,20700,5144754,19546,399.11487132,35,109,6,0,34,107,9,0,39,1,110
2011-08-10 12:25:08,Normal,81,5,86,829027,15452,3097095,13281,465.46576177906974,40,38,8,0,5,78,3,0,13,0,73
2011-08-10 12:25:09,Normal,148,3,151,1239647,6386,5796275,55804,561.583540986755,55,86,10,0,26,119,6,0,40,1,110
2011-08-10 12:25:10,Normal,107,0,107,836067,18786,4103470,21688,325.1018467102804,42,59,6,0,11,91,5,0,20,4,83
2011-08-10 12:25:11,Normal,133,0,133,944831,5281,5146380,38422,470.4142055263158,40,87,6,0,10,118,5,0,13,1,119
2011-08-10 12:25:12,Normal,159,3,162,1169154,21115,7144268,64692,360.34536687654327,41,116,5,0,32,114,16,0,43,1,118
2011-08-10 12:25:13,Normal,107,0,107,813722,16742,4615209,60208,677.999283869159,32,67,8,0,15,88,4,0,17,1,89
2011-08-10 12:25:14,Attack,96,0,97,1141160,2950,3481447,35446,697.794309814433,47,42,8,0,7,83,6,1,6,2,88
2011-08-10 12:25:15,Attack,86,2,91,811475,16575,3371762,47209,642.9321804065934,37,45,9,0,10,76,5,0,15,0,76
2011-08-10 12:25:16,Attack,116,1,119,947383,10869,4452849,65767,450.5815831680672,34,78,7,0,8,109,2,0,15,2,101
2011-08-10 12:25:17,Attack,87,2,91,862835,16439,3091575,60088,550.9365570549451,42,42,7,0,5,84,2,0,7,1,83
2011-08-10 12:25:18,Attack,109,0,111,1367225,15191,3916596,56379,680.6536187657657,45,53,13,0,12,90,9,0,13,1,97
2011-08-10 12:25:19,Normal,97,3,100,1039547,61864,3488900,66430,619.2596863699999,49,44,7,0,3,95,2,0,8,3,87
2011-08-10 12:25:20,Normal,161,45,206,633252,27445,8241961,39768,281.73686901941744,35,166,5,0,51,127,28,0,82,1,123
2011-08-10 12:25:21,Normal,165,0,165,1360069,38603,7166071,14905,344.85991875757577,35,126,4,0,15,140,10,0,16,2,147
2011-08-10 12:25:22,Normal,111,3,114,1174314,18293,4260185,43292,591.5682176842105,31,79,4,0,17,93,3,1,10,1,102
2011-08-10 12:25:23,Normal,78,0,78,718489,15478,2853160,28956,533.0323735769231,36,36,6,0,5,71,2,0,9,0,69
2011-08-10 12:25:24,Attack,103,0,105,769748,17682,3779000,37377,334.3519968095238,23,76,6,0,7,79,18,1,24,1,79
2011-08-10 12:25:25,Attack,86,0,88,938481,15477,2952022,17262,625.3307950568181,33,44,11,0,13,73,2,0,16,0,72
2011-08-10 12:25:26,Attack,101,0,105,889682,17264,3763767,37004,529.292789704762,35,62,8,0,14,89,0,2,11,1,91
2011-08-10 12:25:27,Normal,91,0,91,765142,16266,3088180,61146,384.9930683076922,33,50,8,0,2,83,5,1,11,0,80
2011-08-10 12:25:28,Normal,79,0,79,990665,20707,2989388,13887,857.2318581772151,41,28,10,0,5,72,2,0,4,0,75
2011-08-10 12:25:29,Normal,72,0,72,879660,14292,2551131,55312,1013.255237388889,41,24,7,0,5,67,0,0,3,1,68
2011-08-10 12:25:30,Normal,109,0,109,1009541,16516,3546498,60351,590.6455445229359,46,56,7,0,7,92,10,0,18,1,90
2011-08-10 12:25:31,Normal,191,0,191,1073900,9963,8351019,52612,227.97715156020945,37,148,6,0,30,145,16,0,46,1,144
2011-08-10 12:25:32,Normal,213,3,216,903824,10153,9774304,43097,316.2706641759259,44,169,3,0,33,178,5,0,39,1,175
2011-08-10 12:25:33,Normal,135,1,136,962543,5590,4970848,58676,381.34862594117646,45,84,7,0,26,108,2,0,30,1,105
2011-08-10 12:25:34,Attack,143,0,147,853190,23354,6641377,55035,270.73717553741494,44,96,7,0,26,115,5,1,40,1,106
2011-08-10 12:25:35,Attack,160,0,162,1084335,9231,6859352,65102,439.6624161851852,46,109,7,0,29,126,7,0,33,2,127
2011-08-10 12:25:36,Attack,72,0,74,754336,15628,2464259,4489,585.4997470945945,35,33,6,0,8,63,3,0,9,1,63
2011-08-10 12:25:37,Normal,106,2,108,1525922,2638,3519314,36674,835.9162283518518,45,53,10,0,10,94,4,0,10,4,94
2011-08-10 12:25:38,Attack,96,0,98,1140002,16212,3300058,53651,710.5307518571427,33,52,13,0,14,80,4,0,9,1,88
2011-08-10 12:25:39,Attack,94,0,104,1129004,17723,3454498,60704,490.6775504519231,34,59,11,0,17,82,5,0,14,0,90
2011-08-10 12:25:40,Normal,126,0,126,1126877,4267,4672885,48191,272.48972476984125,38,81,7,0,17,105,4,0,23,0,103
2011-08-10 12:25:41,Normal,152,0,152,854388,5226,6216215,54083,313.52043918421055,36,109,7,0,8,142,2,0,8,1,143
2011-08-10 12:25:42,Normal,115,3,118,986283,19937,4730474,26782,654.6004097457627,38,68,12,0,12,99,7,0,10,1,107
2011-08-10 12:25:43,Normal,129,0,129,1054718,18565,4808990,5484,390.452998503876,39,84,6,0,9,116,4,0,12,4,113
2011-08-10 12:25:44,Attack,85,0,86,879007,24119,3199151,13789,617.3182247325582,24,58,4,0,10,72,4,0,9,1,76
2011-08-10 12:25:45,Attack,92,3,96,898390,16575,3462681,33551,620.8715782083333,40,51,5,0,6,86,4,0,9,0,87
2011-08-10 12:25:46,Attack,110,3,114,1140558,17218,4324941,40536,477.78956877192974,34,73,7,0,13,96,5,0,11,1,102
2011-08-10 12:25:47,Normal,76,0,76,900839,14978,2445946,13717,574.5946373157896,37,31,8,0,7,67,2,0,5,2,68
2011-08-10 12:25:48,Normal,104,0,104,1326322,63972,3621473,43178,474.24215357692304,34,63,7,0,17,85,2,0,10,3,91
2011-08-10 12:25:49,Normal,82,0,82,564724,16798,3095608,45449,383.0998281585365,30,47,5,0,9,72,1,0,12,0,70
2011-08-10 12:25:50,Normal,106,3,109,821954,17980,3523858,59226,471.42479104587153,26,77,6,0,11,81,17,0,30,1,78
2011-08-10 12:25:51,Normal,143,0,143,868553,19981,4834912,5962,395.9225324055944,41,98,4,0,23,112,8,0,33,1,109
2011-08-10 12:25:52,Normal,104,3,107,1085994,17508,3477963,25563,479.2113082523364,30,67,10,0,19,80,8,0,22,3,81
2011-08-10 12:25:53,Normal,172,0,172,814870,20149,7095535,14294,287.97841602906976,39,124,9,0,9,109,54,0,65,1,105
2011-08-10 12:25:54,Attack,260,0,263,1110747,15091,8713058,55590,305.0015439353612,45,208,10,0,35,131,97,0,135,1,125
2011-08-10 12:25:55,Attack,89,0,90,664893,16742,3511252,40247,505.4005376111111,36,50,4,0,6,80,4,0,12,0,78
2011-08-10 12:25:56,Attack,114,0,115,806675,3875,4549580,49616,290.8392331826087,27,82,6,0,12,95,8,0,13,0,102
2011-08-10 12:25:57,Normal,69,0,69,906112,14735,2327798,45747,960.926753942029,31,33,5,0,5,61,3,0,3,0,66
2011-08-10 12:25:58,Normal,110,0,110,791288,18035,4591214,59058,358.78370953636363,33,67,10,0,8,101,1,0,10,1,99
2011-08-10 12:25:59,Attack,84,0,85,1143859,20601,2775373,14905,668.0302965647058,41,36,8,0,7,74,4,0,11,2,71
2011-08-10 12:26:00,Attack,99,0,102,1227524,16624,3620003,41956,571.0416127843137,38,57,7,0,12,83,7,0,12,1,87
2011-08-10 12:26:01,Normal,126,0,126,719229,20065,5062673,34342,311.5776924603174,34,88,4,0,7,117,2,0,11,1,114
2011-08-10 12:26:02,Normal,111,3,114,1079102,17763,4262166,15528,386.6698824824561,40,61,13,0,5,101,8,0,12,1,100
2011-08-10 12:26:03,Normal,66,0,66,729464,37936,1993308,27219,811.7680986666666,33,26,7,0,4,59,3,0,8,0,58
2011-08-10 12:26:04,Attack,181,0,182,1569941,6153,7121694,44918,345.25490140109895,46,124,12,0,17,163,2,0,18,1,163
2011-08-10 12:26:05,Attack,106,0,107,1046883,4162,4182279,46352,654.1072732056075,42,55,10,0,8,94,5,0,12,3,92
2011-08-10 12:26:06,Normal,87,0,87,679517,16831,3347585,19058,594.0559541494254,40,42,5,0,3,81,3,0,6,0,81
2011-08-10 12:26:07,Attack,89,0,91,1204039,15143,2435090,64344,558.1194366593406,36,49,6,0,19,64,8,0,14,4,71
2011-08-10 12:26:08,Normal,105,0,105,1153031,18426,3573807,27794,410.283943895238,46,58,1,0,11,91,3,0,11,3,91
2011-08-10 12:26:09,Normal,102,0,102,846729,17555,3785484,8588,585.554177617647,36,57,9,0,15,85,2,0,18,2,82
2011-08-10 12:26:10,Normal,102,0,102,1463996,16459,3458837,59231,479.745880254902,43,49,10,0,14,87,1,0,5,6,91
2011-08-10 12:26:11,Normal,109,0,109,866153,4893,4058638,53370,306.9791685963303,31,69,9,0,11,97,1,0,10,2,97
2011-08-10 12:26:12,Normal,95,6,101,1097609,16563,3041202,11451,610.1876695544554,39,54,8,0,21,76,4,0,23,0,78
2011-08-10 12:26:13,Normal,101,0,101,830022,17593,3753657,21160,386.8214226534654,39,54,8,0,6,95,0,0,15,0,86
2011-08-10 12:26:14,Attack,88,0,89,940543,15117,3112769,40544,795.1641343820224,40,44,5,0,4,81,4,0,6,1,81
2011-08-10 12:26:15,Attack,118,6,125,1178640,4721,4101600,41049,526.71350612,37,78,10,0,16,100,9,0,27,1,97
2011-08-10 12:26:16,Attack,95,49,147,841734,5536,5529137,54986,343.2485583809524,36,101,10,0,4,133,10,0,18,2,127
2011-08-10 12:26:17,Normal,110,0,110,1286798,16815,3706605,58994,687.2980236727275,38,62,10,0,21,87,2,0,13,0,96
2011-08-10 12:26:18,Normal,72,0,72,947839,15311,2476029,40485,677.4809845833333,32,33,7,0,8,63,1,0,6,0,66
2011-08-10 12:26:19,Normal,91,35,126,973343,18475,4784500,62843,338.25167717460323,47,70,9,0,19,101,6,0,28,2,96
2011-08-10 12:26:20,Attack,114,3,121,1051566,18895,4465440,62147,531.6112699421487,37,71,13,0,16,97,8,0,22,0,98
2011-08-10 12:26:21,Attack,118,0,121,1382817,18220,4521333,34884,462.8741485619834,41,72,8,0,20,98,3,0,17,3,101
2011-08-10 12:26:22,Normal,138,11,149,834346,26403,5727592,13052,289.84975225503354,41,98,10,0,28,115,6,0,37,0,111
2011-08-10 12:26:23,Normal,116,0,116,1076219,6388,4066542,1027,466.9557825258621,42,67,7,0,18,90,5,3,20,2,91
2011-08-10 12:26:24,Normal,139,0,139,1150158,19006,5877252,4937,509.8869829064747,44,90,5,0,29,107,3,0,29,1,109
2011-08-10 12:26:25,Attack,121,0,122,1087278,4322,4235797,60488,383.6202137295082,33,84,5,0,26,87,9,0,29,1,92
2011-08-10 12:26:26,Attack,138,0,139,1261055,17449,4754910,23292,577.8220537482015,42,89,8,0,14,116,8,1,30,1,105
2011-08-10 12:26:27,Normal,94,0,94,938810,3213,3635822,40238,609.7540845106384,38,49,7,0,7,86,1,0,12,1,81
2011-08-10 12:26:28,Attack,107,0,108,1391414,16947,3645020,21073,521.8992497407407,34,66,8,0,16,86,6,0,17,1,89
2011-08-10 12:26:29,Attack,99,0,100,1227453,2502,3307844,58950,795.6900355000001,40,48,12,0,8,85,7,0,10,1,88
2011-08-10 12:26:30,Normal,113,0,113,1038977,4416,4004522,57003,565.5725328849558,42,61,10,0,13,98,1,1,20,1,89
2011-08-10 12:26:31,Normal,112,0,112,1055373,51707,4245259,1801,528.4711155089286,38,66,8,0,14,94,4,0,17,3,92
2011-08-10 12:26:32,Normal,152,3,155,1123802,19788,5865471,17614,417.92846474838706,50,97,8,0,24,124,7,0,21,2,132
2011-08-10 12:26:33,Normal,96,0,96,949207,16040,3407403,58893,574.6089471666666,42,45,9,0,17,77,1,1,19,1,76
2011-08-10 12:26:34,Normal,90,0,90,909309,15114,3050366,22607,700.0391688444445,41,43,6,0,6,82,2,0,8,0,82
2011-08-10 12:26:35,Attack,102,0,103,903049,16729,3759497,32657,542.1512315145632,43,58,2,0,15,85,3,0,15,1,87
2011-08-10 12:26:36,Normal,83,0,83,701869,15972,3182012,59325,619.518537313253,36,43,4,0,6,75,2,0,5,0,77
2011-08-10 12:26:37,Attack,105,0,106,974449,18198,3812428,6135,487.8341945471698,43,58,5,0,12,93,1,0,13,2,91
2011-08-10 12:26:38,Attack,100,0,101,1008746,7615,3669586,3099,476.10914025742574,40,51,10,0,11,87,3,0,18,0,83
2011-08-10 12:26:39,Normal,114,0,114,927048,16898,4366713,5196,357.1683817894737,41,63,10,0,10,93,11,0,23,2,87
2011-08-10 12:26:40,Normal,95,0,95,763899,7384,3599321,12148,447.90216068421057,43,46,6,0,2,88,5,0,18,1,76
2011-08-10 12:26:41,Attack,88,2,91,1033431,14981,3287213,7617,548.0585574175824,39,40,12,0,7,83,1,0,7,0,84
2011-08-10 12:26:42,Attack,169,3,175,1382563,6338,7032472,59538,346.0592654342857,49,120,6,0,26,135,14,0,37,2,135
2011-08-10 12:26:43,Normal,102,2,104,941954,18536,4011301,35647,478.79422141346157,47,50,7,0,13,87,4,0,18,2,83
2011-08-10 12:26:44,Normal,100,0,100,1319589,15815,3330439,31541,624.5732265,40,53,7,0,9,90,1,0,4,3,93
2011-08-10 12:26:45,Normal,75,0,75,965350,14816,2482063,25058,960.0274488533331,30,40,5,0,10,63,2,0,5,1,68
2011-08-10 12:26:46,Attack,83,0,84,831648,15501,3037732,52247,556.6434440238096,31,46,7,0,4,77,3,0,5,2,77
2011-08-10 12:26:47,Attack,132,0,133,1033244,18464,5273941,47016,434.3520317142857,49,78,6,0,19,111,3,0,26,2,105
2011-08-10 12:26:48,Normal,94,0,94,760341,17409,3579774,12340,496.42729273404257,37,43,14,0,5,88,1,0,8,1,84
2011-08-10 12:26:49,Attack,112,0,116,986563,18953,4384701,3284,308.365406025862,51,59,6,0,11,104,1,0,22,0,94
2011-08-10 12:26:50,Attack,87,3,92,708374,3304,3317160,54286,331.19779458695655,32,49,11,0,10,79,3,0,13,0,79
2011-08-10 12:26:51,Normal,140,0,140,625389,12041,6383986,2711,352.0389451214286,36,97,7,0,52,88,0,0,59,0,81
2011-08-10 12:26:52,Normal,116,3,119,852133,17849,4587604,12068,346.57154684033617,43,70,6,0,9,109,1,0,15,0,104
2011-08-10 12:26:53,Normal,108,0,108,1040884,17089,4196329,35653,466.2617783703704,35,64,9,0,12,94,2,0,11,2,94
2011-08-10 12:26:54,Normal,83,0,83,828817,15716,3062841,17211,686.162926253012,35,43,5,0,5,75,3,0,5,1,74
2011-08-10 12:26:55,Normal,72,0,72,726323,2268,2579058,38578,660.5286415694443,35,35,2,0,4,66,2,0,5,0,67
2011-08-10 12:26:56,Normal,88,0,88,885352,16806,3208360,48859,687.222654875,41,39,8,0,5,81,2,0,4,3,81
2011-08-10 12:26:57,Normal,96,0,96,977979,16879,3752941,32683,606.2855032083334,30,59,7,0,12,81,3,0,14,2,80
2011-08-10 12:26:58,Attack,119,0,120,1224349,19475,3456223,9840,700.0333311166668,35,75,10,0,18,84,18,0,23,3,92
2011-08-10 12:26:59,Attack,151,0,154,1127110,63163,5469286,15330,343.3188442142858,41,104,9,0,14,126,14,0,36,4,114
2011-08-10 12:27:00,Attack,102,0,103,1025832,16521,3597387,55868,503.43613878640775,37,57,9,0,4,97,2,0,9,4,90
2011-08-10 12:27:01,Normal,227,0,227,676410,25837,11309057,66293,240.57527522907483,35,185,7,0,6,218,3,0,14,1,212
2011-08-10 12:27:02,Attack,114,3,118,901301,19201,4463351,29718,574.137021,42,71,5,0,14,101,3,0,19,0,99
2011-08-10 12:27:03,Attack,97,0,100,815655,16121,3687013,32354,413.0674162700001,39,56,5,0,11,89,0,0,11,0,89
2011-08-10 12:27:04,Normal,95,0,95,841151,18107,3701077,44897,466.0637812315789,34,55,6,0,21,71,3,0,19,0,76
2011-08-10 12:27:05,Attack,120,0,121,1027578,17581,5041435,20413,410.6604337933884,40,70,11,0,22,99,0,0,29,3,89
2011-08-10 12:27:06,Normal,81,0,81,678781,3012,3229667,58324,525.8270325555557,33,42,6,0,10,69,2,0,17,1,63
2011-08-10 12:27:07,Attack,99,0,102,979918,17274,3410544,65757,380.9342187058823,46,51,5,0,6,92,4,0,5,2,93
2011-08-10 12:27:08,Attack,164,0,165,745428,7399,7124939,33539,237.71463168484846,28,127,10,0,25,137,3,0,30,1,134
2011-08-10 12:27:09,Normal,226,0,226,1198724,8912,9519545,48342,238.0475887300885,44,177,5,0,19,201,6,0,21,2,203
2011-08-10 12:27:10,Attack,93,0,98,1288871,16595,2779283,28523,733.9532907959184,38,53,7,0,16,75,7,0,17,4,77
2011-08-10 12:27:11,Attack,116,0,117,941830,17240,4212818,57252,368.0789255726495,49,60,8,0,10,107,0,0,10,2,104
2011-08-10 12:27:12,Normal,75,4,79,522846,31154,2483720,258,346.2372696708861,22,54,3,0,15,60,4,0,14,2,63
2011-08-10 12:27:13,Normal,101,3,104,893484,15781,3814647,31206,572.2490317596155,48,43,13,0,7,93,2,2,9,2,93
2011-08-10 12:27:14,Normal,92,0,92,792978,16294,3810783,38377,484.53950390217386,39,45,8,0,8,83,1,0,8,1,82
2011-08-10 12:27:15,Normal,150,0,150,763943,21384,5958795,45012,344.51608374666665,30,110,10,0,13,102,35,0,48,1,101
2011-08-10 12:27:16,Attack,160,0,161,1087455,6567,6160293,60691,378.5494352670807,34,117,10,0,26,133,2,0,23,2,136
2011-08-10 12:27:17,Attack,94,0,98,884956,9320,3114915,1447,637.394313622449,33,56,9,0,11,82,5,0,14,1,81
2011-08-10 12:27:18,Normal,93,0,93,933646,15957,3303805,45603,529.7821684838709,38,47,8,0,5,87,1,0,12,1,80
2011-08-10 12:27:19,Normal,109,2,111,1101438,16458,3927767,40217,540.4819828738738,44,64,3,0,9,99,1,2,6,0,105
2011-08-10 12:27:20,Attack,98,3,104,1385584,16550,3592617,37691,601.9967045673077,30,66,8,0,18,80,6,0,11,2,91
2011-08-10 12:27:21,Normal,91,0,91,1001546,3032,3452161,50448,671.5244365494506,41,44,6,0,18,72,1,0,15,2,74
2011-08-10 12:27:22,Normal,91,3,94,963290,17039,3081806,21819,512.3088737446808,48,41,5,0,4,85,5,0,10,2,82
2011-08-10 12:27:23,Normal,130,0,130,808456,5098,5109666,57606,440.5525128307693,37,86,7,0,18,91,20,1,37,1,91
2011-08-10 12:27:24,Attack,168,5,174,996253,8048,6562866,48471,359.4948706494253,36,133,5,0,19,136,19,0,34,2,138
2011-08-10 12:27:25,Normal,76,0,76,698209,2869,2734078,3035,559.4384246842106,44,27,5,0,2,71,1,2,7,0,67
2011-08-10 12:27:26,Normal,109,0,109,692091,16361,4156845,58666,341.2508534678898,34,72,3,0,2,104,2,1,20,1,87
2011-08-10 12:27:27,Normal,75,0,75,867053,15364,3042959,40905,557.86730324,36,28,11,0,2,71,2,0,6,1,68
2011-08-10 12:27:28,Attack,109,0,114,1047273,4915,4164335,50902,599.073453991228,39,69,6,0,7,102,4,1,15,1,97
2011-08-10 12:27:29,Attack,93,0,94,922037,16654,3561125,42437,459.1355393510639,31,50,13,0,3,89,2,0,10,2,81
2011-08-10 12:27:30,Normal,78,0,78,1006046,15755,2758515,51094,642.0092044230771,35,34,9,0,7,67,2,2,8,2,67
2011-08-10 12:27:31,Attack,112,0,114,1150419,6334,4138913,44997,469.204867491228,31,68,15,0,14,94,4,2,12,1,101
2011-08-10 12:27:32,Normal,140,3,143,1739409,18492,4486231,44732,644.7281383706293,30,104,9,0,37,98,8,0,21,0,121
2011-08-10 12:27:33,Attack,116,0,117,1093581,16979,4614771,4571,408.58069663247863,41,69,7,0,12,102,3,0,7,1,109
2011-08-10 12:27:34,Normal,121,0,121,1234390,45268,4617327,14985,472.09028819834714,34,82,5,0,18,98,5,0,15,2,104
2011-08-10 12:27:35,Normal,100,0,100,1138375,17613,3294709,50147,638.58136192,46,47,7,0,5,90,5,0,13,1,86
2011-08-10 12:27:36,Normal,160,0,160,1110879,24020,6243252,41904,356.71120550625,42,109,9,0,14,138,8,0,21,4,135
2011-08-10 12:27:37,Normal,80,0,80,1245906,15178,2687898,12481,936.8377037500001,31,42,7,0,14,64,2,0,6,2,72
2011-08-10 12:27:38,Attack,91,0,92,958590,15637,3144935,62883,421.8718966086957,40,46,6,0,5,86,1,0,5,1,86
2011-08-10 12:27:39,Attack,133,0,134,891708,18724,5169053,23259,402.67152017164176,36,85,13,0,11,121,2,0,14,2,118
2011-08-10 12:27:40,Normal,77,9,86,1057084,3207,2951040,54574,483.6704263837209,39,43,4,0,13,73,0,0,9,4,72
2011-08-10 12:27:41,Attack,77,4,83,564077,17414,3255113,31303,418.43391432530126,30,49,4,0,6,76,1,0,13,1,69
2011-08-10 12:27:42,Normal,105,3,108,988007,17447,3118372,29297,526.2481431944444,32,67,9,0,8,90,10,0,25,2,81
2011-08-10 12:27:43,Normal,112,23,135,1647830,17707,4783655,34294,576.1336047777778,50,81,4,0,33,96,6,0,26,2,107
2011-08-10 12:27:44,Normal,112,8,120,1105341,17610,4530539,11468,469.30302505833333,40,75,5,0,12,105,3,0,3,2,113
2011-08-10 12:27:45,Attack,93,2,97,1069523,2874,3505811,4078,705.4927576082474,34,56,7,0,14,79,4,0,8,0,89
2011-08-10 12:27:46,Normal,86,0,86,1078896352,15504,3124897,24543,630.4994510813954,34,42,10,0,4,77,5,0,7,2,74
2011-08-10 12:27:47,Normal,106,0,106,1299354,17125,4237993,48556,669.3636336792453,46,53,7,0,15,90,1,0,8,1,97
2011-08-10 12:27:48,Normal,111,0,111,1016044,18892,3704216,21846,648.1206757567567,40,65,6,0,22,85,4,0,24,1,86
2011-08-10 12:27:49,Attack,134,0,136,1471673,17515,5509590,50865,346.4581807352941,31,96,9,0,16,116,4,0,13,1,122
2011-08-10 12:27:50,Attack,73,18,92,861601,16237,3356863,37740,532.6451259891303,40,42,10,0,2,86,4,0,9,1,82
2011-08-10 12:27:51,Normal,78,93,171,707782,21576,7179626,1104,247.07457274853797,31,131,9,0,13,145,13,0,27,0,144
2011-08-10 12:27:52,Attack,87,36,124,940889,17681,4309304,42309,377.3751635645162,47,69,8,0,9,112,3,0,20,0,104
2011-08-10 12:27:53,Normal,143,61,204,1199113,21991,8312589,37041,420.40129824019607,48,154,2,0,25,167,12,0,28,0,176
2011-08-10 12:27:54,Attack,129,1,132,858585,19098,5617260,29437,280.8343946742424,47,81,4,0,33,97,2,0,42,1,89
2011-08-10 12:27:55,Normal,103,0,103,1048171,16692,3385758,20753,709.62972684466,42,55,6,0,14,86,3,0,15,1,87
2011-08-10 12:27:56,Normal,82,0,82,1023879,15868,3148904,5236,734.7967459390244,32,45,5,0,12,70,0,0,9,2,71
2011-08-10 12:27:57,Normal,86,3,89,913399,15974,3335798,64407,746.5585747977528,42,40,7,0,2,84,3,0,10,0,79
2011-08-10 12:27:58,Normal,89,3,92,870442,3266,3511511,49571,526.9999699782609,36,48,8,0,9,80,3,0,7,0,84
2011-08-10 12:27:59,Attack,107,0,108,909186,18294,3826465,26379,473.06502161111115,33,71,4,0,21,85,2,0,17,1,90
2011-08-10 12:28:00,Normal,80,0,80,1187059,3144,2881192,65472,792.3535887375,43,31,6,0,12,68,0,0,8,2,70
2011-08-10 12:28:01,Normal,92,0,92,959304,16275,3304103,10708,694.2660218913045,28,63,1,0,9,78,5,0,9,0,83
2011-08-10 12:28:02,Attack,85,3,90,678419,16893,3251260,9868,528.7252599444445,32,52,6,0,7,81,2,0,7,0,83
2011-08-10 12:28:03,Normal,110,0,110,1004469,61544,3685142,13363,714.0682804363637,41,63,6,0,19,90,1,0,15,0,95
2011-08-10 12:28:04,Normal,109,0,109,989192,16756,4117445,27862,615.2087417798166,41,61,7,0,7,101,1,0,7,0,102
2011-08-10 12:28:05,Attack,85,0,86,925725,15087,3013851,18779,536.6614841744185,34,46,6,0,8,75,3,0,4,0,82
2011-08-10 12:28:06,Attack,89,0,90,715373,18145,3542305,1825,426.5160732666666,35,46,9,0,3,87,0,0,7,1,82
2011-08-10 12:28:07,Normal,74,28,102,940634,16488,3800273,26983,489.4634191764705,35,56,11,0,8,87,7,0,12,1,89
2011-08-10 12:28:08,Normal,105,0,105,1204702,17354,3937748,54476,777.1437762190474,38,59,8,0,8,93,4,0,6,0,99
2011-08-10 12:28:09,Normal,96,0,96,1197477,15326,3212167,44036,740.9386254166666,28,58,10,0,13,80,3,0,5,0,91
2011-08-10 12:28:10,Attack,94,0,95,834708,17000,3771434,29064,430.14105868421046,36,51,8,0,9,83,3,0,13,0,82
2011-08-10 12:28:11,Attack,216,4,221,740952,26999,8874955,31377,216.8180730135747,38,174,9,0,24,190,7,0,31,0,190
2011-08-10 12:28:12,Normal,131,5,136,743570,8729,4846064,35119,405.6210363161765,33,98,5,0,65,66,5,0,65,2,69
2011-08-10 12:28:13,Attack,130,0,131,546634,20166,5695611,10193,237.6325673053435,33,92,6,0,11,100,20,0,36,0,95
2011-08-10 12:28:14,Attack,143,0,144,1506203,13277,5782235,54883,573.1105171041668,32,103,9,0,17,120,7,0,14,1,129
2011-08-10 12:28:15,Attack,88,6,97,1164133,16935,3527210,25936,581.9189078865979,37,53,7,0,13,80,4,0,11,0,86
2011-08-10 12:28:16,Normal,119,0,119,1406185,16195,4405682,60685,752.995226857143,36,73,10,0,24,92,3,0,10,2,107
2011-08-10 12:28:17,Normal,83,0,83,721376,16282,3263563,14066,703.6873891566266,31,42,10,0,5,77,1,0,7,0,76
2011-08-10 12:28:18,Normal,95,24,119,892731,17285,4775460,3559,525.5607866722689,49,64,6,0,3,105,11,0,17,0,102
2011-08-10 12:28:19,Normal,96,70,166,1068023,21784,6511424,31921,353.6338364879518,43,113,10,0,26,129,11,0,35,1,129
2011-08-10 12:28:20,Normal,106,3,109,788508,5876,4015325,62879,407.7182681009175,41,60,8,0,16,89,4,0,22,1,86
2011-08-10 12:28:21,Normal,124,0,124,873614,5842,3895049,4451,590.2128078629032,41,71,12,0,35,88,1,0,34,2,88
2011-08-10 12:28:22,Normal,102,3,105,962876,16143,3296628,57874,625.848348304762,47,51,7,0,12,91,2,0,12,2,91
2011-08-10 12:28:23,Attack,100,0,103,842352,3113,3682792,-1,418.6679230679613,40,48,15,0,6,94,2,1,18,0,84
2011-08-10 12:28:24,Attack,129,0,132,1137879,52793,4182512,14983,420.4703661893939,46,73,13,0,13,115,2,2,21,2,107
2011-08-10 12:28:25,Normal,84,0,84,769030,16311,3053183,16493,599.1977004761904,44,36,4,0,4,76,3,1,7,0,76
2011-08-10 12:28:26,Attack,102,0,104,1055472,17108,3477464,13752,373.37500551923074,45,54,5,0,17,84,3,0,16,2,85
2011-08-10 12:28:27,Normal,124,0,124,736726,5359,5470130,58050,256.41782977419354,33,83,8,0,7,114,2,1,10,2,111
2011-08-10 12:28:28,Normal,103,0,103,945182,17123,3109542,39360,491.68624781553405,47,52,4,0,20,79,4,0,30,1,72
2011-08-10 12:28:29,Normal,82,0,82,543450,16476,3167253,33016,565.9803990853658,28,50,4,0,5,77,0,0,4,0,78
2011-08-10 12:28:30,Normal,157,0,157,1777539,19007,5942075,10740,441.9621142484076,47,107,3,0,20,133,4,0,7,2,148
2011-08-10 12:28:31,Normal,100,0,100,1024760,4474,3314912,37120,657.7129617100001,37,57,6,0,13,86,1,0,10,3,86
2011-08-10 12:28:32,Attack,89,3,93,633379,17814,3197975,46599,546.734321860215,35,51,7,0,5,85,3,0,12,2,79
2011-08-10 12:28:33,Attack,175,0,176,1099420,8520,6837603,3739,328.6789519375,46,122,8,0,56,106,14,0,72,5,99
2011-08-10 12:28:34,Normal,157,0,157,1018641,14326,4970673,6855,254.050764910828,36,109,12,0,6,149,2,0,37,6,114
2011-08-10 12:28:35,Attack,120,0,123,863114,3866,4173456,2817,535.4481611300812,46,69,8,0,12,110,1,0,28,3,92
2011-08-10 12:28:36,Attack,117,0,119,831499,16096,3818470,6096,433.08643006722696,33,78,8,0,9,107,3,0,27,1,91
2011-08-10 12:28:37,Normal,105,0,105,996651,2845,3228689,2820,452.94541983809523,36,63,6,0,12,91,2,0,26,1,78
2011-08-10 12:28:38,Normal,85,0,85,725355,25121,3147866,17216,691.0605962941177,32,48,5,0,7,78,0,0,11,1,73
2011-08-10 12:28:39,Normal,60,0,60,639572,1773,2084786,1414,803.5065930999998,30,28,2,0,5,55,0,0,9,0,51
2011-08-10 12:28:40,Normal,136,0,136,835722,13752,5320411,4686,388.0342778235294,34,98,4,0,16,112,8,0,22,3,111
2011-08-10 12:28:41,Normal,154,0,154,1063106,23990,6003668,37877,498.17030216233763,41,97,16,0,17,122,15,0,33,2,119
2011-08-10 12:28:42,Normal,108,3,111,1442766,3738,3497173,2162,687.2618453783783,33,61,17,0,18,79,14,0,7,1,102
2011-08-10 12:28:43,Normal,139,0,139,892232,64674,5513636,771,427.1961418992806,42,92,5,0,20,115,4,0,24,1,114
2011-08-10 12:28:44,Attack,151,0,156,1898357,17964,6213804,51347,472.4449540064102,58,91,7,0,39,112,5,0,50,2,104
2011-08-10 12:28:45,Attack,126,0,127,1021485,17413,4735676,12937,482.6298262283464,37,80,10,0,21,102,4,0,20,3,104
2011-08-10 12:28:46,Normal,101,0,101,838875,16461,4062493,24371,426.18525043564347,41,56,4,0,7,92,2,0,13,0,88
2011-08-10 12:28:47,Attack,104,0,106,995955,16177,4008465,56649,362.12421972641516,37,61,8,0,17,89,0,0,14,3,89
2011-08-10 12:28:48,Normal,99,0,99,1316706,16691,3370040,3961,584.6492503737373,40,51,8,0,20,76,3,0,19,3,77
2011-08-10 12:28:49,Normal,85,2,87,1137880,15159,2752314,35913,711.1884000114942,37,44,6,0,9,76,2,0,8,3,76
2011-08-10 12:28:50,Normal,83,3,86,523912,17418,3416119,25252,327.1664872325581,33,48,5,0,1,84,1,0,9,2,75
2011-08-10 12:28:51,Normal,118,52,170,911999,21661,6456673,55381,413.8340288529411,43,119,8,0,25,143,2,0,30,2,138
2011-08-10 12:28:52,Attack,107,3,111,1021977,3537,4007227,56065,610.3894632342342,48,49,14,0,15,94,2,0,16,1,94
2011-08-10 12:28:53,Normal,102,0,102,1353057,2063,3046899,58548,800.9587463921567,34,57,11,0,16,81,5,0,8,1,93
2011-08-10 12:28:54,Attack,101,0,102,1192541,16967,3341261,38493,373.23675374509804,42,50,10,0,8,93,1,0,6,1,95
2011-08-10 12:28:55,Attack,105,0,108,848493,17611,4016640,28488,351.02489387962964,37,63,8,0,15,89,4,0,18,0,90
2011-08-10 12:28:56,Attack,101,0,105,1161197,18397,3750400,4831,498.1832822380953,40,57,8,0,13,85,7,0,16,3,86
2011-08-10 12:28:57,Attack,99,0,100,792199,3385,3477177,6225,551.7688551900001,34,57,9,0,17,78,5,0,20,3,77
2011-08-10 12:28:58,Normal,131,0,131,879863,6863,4089791,62273,299.48236980916033,34,92,5,0,31,91,9,0,45,4,82
2011-08-10 12:28:59,Normal,121,17,138,860856,5572,5400601,64685,319.3278536086957,35,92,11,0,20,107,11,0,33,1,103
2011-08-10 12:29:00,Normal,128,0,128,1010483,12196,3499693,37577,412.8670904218749,36,82,10,0,33,93,2,0,38,3,86
2011-08-10 12:29:01,Normal,266,9,275,1182831,25517,11533930,44494,237.04523833454545,39,227,9,0,38,231,6,0,54,3,218
2011-08-10 12:29:02,Normal,86,3,89,822064,17088,3337970,43850,569.8664857303371,28,50,11,0,9,78,2,0,10,3,76
2011-08-10 12:29:03,Normal,102,0,102,563929,5954,3764434,1553,294.88432925490196,31,61,10,0,14,88,0,0,19,2,81
2011-08-10 12:29:04,Normal,115,0,115,940293,4295,3803195,43833,527.2173406434782,41,65,9,0,19,94,2,0,25,3,87
2011-08-10 12:29:05,Attack,105,21,230,1216488,23685,4886260,61192,355.0258285304348,49,178,3,0,17,110,103,0,19,3,207
2011-08-10 12:29:06,Attack,79,64,261,946367,12750,6189741,57659,144.90169875095785,38,215,8,0,57,128,76,0,28,2,231
2011-08-10 12:29:07,Attack,95,22,118,805600,18625,4212006,8925,483.2145983135593,35,79,4,0,21,94,3,0,23,1,94
2011-08-10 12:29:08,Attack,75,0,76,717136,16475,2113584,42678,367.60117868421054,29,36,11,0,15,60,1,0,13,1,62
2011-08-10 12:29:09,Attack,118,0,127,1265268,6162,4024371,59803,585.1657962677166,36,85,6,0,24,94,9,0,20,1,106
2011-08-10 12:29:10,Attack,83,0,106,913199,16776,2783225,3820,513.9121114150944,35,63,8,0,14,81,11,0,7,0,99
2011-08-10 12:29:11,Attack,118,0,119,1103884,5584,4300830,5245,448.85691837815125,33,79,7,0,14,102,3,0,10,2,107
2011-08-10 12:29:12,Attack,80,3,92,940693,17047,2597013,44807,609.1930214456521,42,44,6,0,16,70,6,0,12,2,78
2011-08-10 12:29:13,Attack,91,0,97,806344,17267,3286018,55068,701.0150889175258,40,54,3,0,15,82,0,0,12,3,82
2011-08-10 12:29:14,Attack,86,0,101,910974,15909,2932532,41954,489.7891059504951,33,60,8,0,12,80,9,0,7,1,93
2011-08-10 12:29:15,Attack,104,0,105,1241475,18372,3889789,49767,442.9992765142857,38,59,8,0,25,79,1,0,27,2,76
2011-08-10 12:29:16,Attack,165,0,169,897545,21436,6419532,46074,370.6043962781065,33,125,11,0,24,137,8,0,32,1,136
2011-08-10 12:29:17,Attack,119,0,121,1118787,17414,4510093,36092,414.44716746280983,39,75,7,0,17,101,3,0,14,2,105
2011-08-10 12:29:18,Attack,83,0,85,940421,15707,2756319,30559,512.3552476588236,37,38,10,0,8,76,1,0,9,1,75
2011-08-10 12:29:19,Attack,94,0,99,888299,16619,3175807,15960,392.75880580808075,30,60,9,0,11,82,6,0,11,1,87
2011-08-10 12:29:20,Attack,111,3,115,781616,4498,3511039,1625,537.2570513304348,36,76,3,0,13,98,4,0,20,0,95
2011-08-10 12:29:21,Attack,84,0,86,855571,16682,3185126,17363,483.5962287093023,40,39,7,0,3,81,2,0,10,2,73
2011-08-10 12:29:22,Attack,136,3,140,2630186,16559,3635731,24779,550.8348727428571,39,92,9,0,40,91,9,0,13,6,121
2011-08-10 12:29:23,Normal,100,0,100,1408051,18114,3485664,41898,619.36515322,35,57,8,0,14,80,5,1,13,3,83
2011-08-10 12:29:24,Normal,109,0,109,725167,17595,4012415,50763,399.2060529266054,23,74,12,0,12,93,3,1,26,0,82
2011-08-10 12:29:25,Attack,264,0,266,1091585,11320,11317202,35953,176.50993101503755,30,228,8,0,18,246,2,0,11,1,254
2011-08-10 12:29:26,Attack,101,0,104,980248,2410,3847558,769,553.2591361249999,42,59,3,0,9,90,4,1,6,1,95
2011-08-10 12:29:27,Attack,114,0,116,1247807,3686,3990574,62339,382.58697745689653,45,66,5,0,10,103,3,0,16,3,97
2011-08-10 12:29:28,Attack,102,9,112,796429,7645,3918851,50055,427.9117942857143,33,71,8,0,13,93,6,0,28,1,83
2011-08-10 12:29:29,Attack,91,0,94,1275525,15909,2620842,57719,734.8627360319148,41,39,14,0,15,76,1,2,11,4,77
2011-08-10 12:29:30,Attack,108,0,109,1076959,11987,2841001,9965,390.9870282568808,29,69,11,0,28,79,2,0,31,4,74
2011-08-10 12:29:31,Normal,117,0,117,1100062,17791,4080912,8507,462.4661104786325,45,65,7,0,12,102,2,1,12,2,103
2011-08-10 12:29:32,Attack,91,3,95,1162458,16227,2888608,40478,666.4365016947369,36,53,6,0,24,65,6,0,21,1,73
2011-08-10 12:29:33,Attack,144,0,145,1136637,9974,4877589,60670,582.5809819103447,47,92,6,0,26,107,12,0,46,0,97
2011-08-10 12:29:34,Normal,108,6,114,1073525,17495,4684553,14482,610.8376833859649,54,55,5,0,8,103,2,1,7,0,107
2011-08-10 12:29:35,Normal,108,0,108,864556,4233,4203713,60374,387.7548359722222,21,81,6,0,11,96,1,0,14,0,93
2011-08-10 12:29:36,Normal,70,0,70,791978,52304,2187535,14134,669.1478421,31,33,6,0,5,64,1,0,5,1,64
2011-08-10 12:29:37,Attack,92,0,93,780444,16608,3256061,35808,664.787279688172,34,54,5,0,8,84,1,0,7,0,86
2011-08-10 12:29:38,Attack,88,0,89,1042343,60844,3193847,14905,444.65995380898875,36,48,5,0,10,77,2,0,6,2,81
2011-08-10 12:29:39,Attack,84,0,86,722883,16450,2942301,41270,494.9657350232559,29,51,6,0,14,71,1,0,9,1,76
2011-08-10 12:29:40,Normal,127,0,127,958610,19126,3699295,48654,401.6248311811023,42,78,7,0,12,101,14,0,27,1,99
2011-08-10 12:29:41,Normal,155,0,155,1062335,19605,4149433,65687,499.01987513548386,39,105,11,0,46,107,2,0,47,1,107
2011-08-10 12:29:42,Attack,115,3,119,1207318,17116,4125143,31621,367.6689249831933,33,73,13,0,20,98,1,0,13,5,101
2011-08-10 12:29:43,Normal,133,0,133,1220431,18116,4897888,26213,455.7938826165414,43,85,5,0,20,113,0,0,13,0,120
2011-08-10 12:29:44,Normal,94,0,94,875842,16581,3494349,61428,518.7720018085106,47,42,5,0,5,88,1,0,5,2,87
2011-08-10 12:29:45,Attack,91,0,92,1189720,14763,2882396,60837,918.0090592499998,43,40,9,0,12,79,1,0,9,1,81
2011-08-10 12:29:46,Normal,118,0,118,917706,3307,4142302,54389,425.4365270169493,35,72,11,0,4,114,0,0,9,2,106
2011-08-10 12:29:47,Attack,88,0,91,774531,16892,2768180,12578,562.5934434835165,38,45,8,0,9,79,3,0,21,0,69
2011-08-10 12:29:48,Attack,106,0,110,1422806,4768,3350788,39924,635.3363993818183,34,69,7,0,21,86,3,0,12,5,93
2011-08-10 12:29:49,Normal,84,0,84,682449,16654,3127833,47430,526.6219603452382,33,42,9,0,4,76,4,0,8,2,73
2011-08-10 12:29:50,Attack,88,3,93,814256,18922,2998784,53239,448.1794102043011,31,56,6,0,6,72,15,0,21,2,69
2011-08-10 12:29:51,Attack,120,0,121,950772,18170,4618603,23746,405.9193674297521,45,71,5,0,16,102,3,0,19,1,101
2011-08-10 12:29:52,Normal,125,3,128,1290013,4743,5058091,57009,560.473202484375,50,68,10,0,11,110,7,0,13,1,112
2011-08-10 12:29:53,Normal,97,0,97,858413,17204,3322775,25472,632.762286484536,31,51,15,0,7,88,2,0,15,1,81
2011-08-10 12:29:54,Normal,92,0,92,832513,16426,3243615,53348,779.4137818913044,40,48,4,0,10,79,3,0,10,1,81
2011-08-10 12:29:55,Normal,89,0,89,1058083,1595,2985671,67961,640.7914400786517,44,34,11,0,6,77,6,0,13,4,72
2011-08-10 12:29:56,Normal,94,2,96,874373,18587,3618593,11045,435.56345728125,39,51,6,0,8,88,0,0,14,2,80
2011-08-10 12:29:57,Normal,100,0,100,805788,16514,3480722,64194,587.22924729,40,52,8,0,9,89,2,0,14,1,85
2011-08-10 12:29:58,Attack,125,0,126,995165,17642,4746033,61456,329.1667274523809,41,78,7,0,17,96,13,0,30,1,95
2011-08-10 12:29:59,Attack,131,0,134,1141524,5579,5168811,54467,528.5631057537313,35,91,8,0,47,83,4,0,47,1,86
2011-08-10 12:30:00,Attack,108,0,110,947479,3937,4198163,53723,370.71040397272725,41,62,7,0,14,95,1,0,17,1,92
2011-08-10 12:30:01,Attack,140,3,144,820010,8766,5908815,52006,380.25611888888886,41,97,6,0,17,115,12,0,36,0,107
2011-08-10 12:30:02,Normal,252,3,255,1300064,28506,11237277,42594,235.42728385882356,51,199,5,0,46,179,30,0,85,0,170
2011-08-10 12:30:03,Attack,110,0,112,849223,19231,4741008,8976,523.5017367232142,31,74,7,0,14,95,3,0,20,1,91
2011-08-10 12:30:04,Normal,154,0,154,1029220,20677,6008580,56662,260.7170719090909,42,105,7,0,23,124,7,0,25,2,127
2011-08-10 12:30:05,Normal,132,0,132,775951,20677,5594298,29976,495.041627909091,37,90,5,0,19,106,7,0,34,0,98
2011-08-10 12:30:06,Attack,167,0,188,1251912,8447,6706368,37942,400.7155579148936,46,138,4,0,27,137,24,0,38,2,148
2011-08-10 12:30:07,Normal,131,0,131,985406,6610,5012236,50356,353.78173464122136,29,85,17,0,27,99,5,0,35,2,94
2011-08-10 12:30:08,Attack,108,0,109,973870,18592,4148400,40600,527.5285311467891,36,65,8,0,18,85,6,0,28,0,81
2011-08-10 12:30:09,Attack,113,0,117,1141470,17023,3810292,8728,342.4633846752137,41,71,5,0,18,93,6,0,28,4,85
2011-08-10 12:30:10,Attack,100,2,104,877078,3896,3750174,5303,442.3978040192308,47,53,4,0,18,83,3,0,23,1,80
2011-08-10 12:30:11,Attack,105,0,109,864033,5346,3739098,51861,284.0480604862385,37,67,5,0,14,88,7,0,23,3,83
2011-08-10 12:30:12,Normal,145,3,148,1421260,5424,5780198,60633,467.570049472973,38,104,6,0,13,125,10,0,18,4,126
2011-08-10 12:30:13,Normal,106,0,106,1111554,4577,3866999,48254,430.9477396886793,49,49,8,0,5,96,5,0,10,4,92
2011-08-10 12:30:14,Normal,99,0,99,1074578,15866,3660491,49748,691.8769043434344,38,48,13,0,9,90,0,0,5,1,93
2011-08-10 12:30:15,Attack,85,0,86,846353,16026,2812917,34258,673.7306254767443,31,48,7,0,12,72,2,0,6,1,79
2011-08-10 12:30:16,Normal,75,0,75,699331,15504,2716628,11694,393.35064785333327,34,35,6,0,5,69,1,0,6,0,69
2011-08-10 12:30:17,Normal,101,0,101,927066,10261,3890065,51935,573.5484442970297,40,55,6,0,12,88,1,0,7,2,92
2011-08-10 12:30:18,Normal,96,0,96,1177610,60008,3240286,48302,525.271256125,52,37,7,0,10,80,6,0,13,3,80
2011-08-10 12:30:19,Attack,92,0,94,1094140,15689,3261893,46146,464.9644438936171,37,50,7,0,14,80,0,0,6,1,87
2011-08-10 12:30:20,Normal,88,0,88,782008,16842,3380092,35195,546.0692245681818,39,47,2,0,11,76,1,0,9,1,78
2011-08-10 12:30:21,Attack,113,6,125,765288,18282,5119025,52544,305.286502808,41,78,6,0,14,107,4,0,22,0,102
2011-08-10 12:30:22,Attack,99,5,105,862203,17479,3682906,56098,452.1440725809523,39,61,5,0,10,92,3,0,11,2,92
2011-08-10 12:30:23,Normal,124,3,127,775535,5766,3811685,4609,422.56242780314966,33,86,8,0,28,95,1,3,34,1,89
2011-08-10 12:30:24,Attack,61,45,107,555522,18177,4373892,2415,244.163897953271,27,75,5,0,4,96,7,0,14,0,92
2011-08-10 12:30:25,Attack,95,15,111,766244,4835,4248947,65346,353.4068744144144,36,67,8,0,8,98,4,1,23,1,86
2011-08-10 12:30:26,Normal,120,4,124,1016914,5121,4674868,43940,635.4879540483872,42,76,6,0,10,112,2,0,27,0,97
2011-08-10 12:30:27,Normal,96,0,96,1223639,15842,2921413,12823,340.6559286041666,41,46,9,0,11,83,2,0,8,2,86
2011-08-10 12:30:28,Normal,112,0,112,853651,17504,4314776,20513,462.14061873214285,39,67,6,0,12,98,2,0,22,2,87
2011-08-10 12:30:29,Attack,128,0,129,909631,18912,5520063,60524,429.09197804651166,41,84,4,0,13,114,2,0,22,1,106
2011-08-10 12:30:30,Attack,141,0,147,1388205,17952,5649799,21535,400.990745462585,48,93,6,0,26,114,6,1,24,2,120
2011-08-10 12:30:31,Attack,137,0,139,833254,19058,5798794,60754,387.34097392086323,40,93,6,0,20,114,5,0,30,0,108
2011-08-10 12:30:32,Attack,98,3,105,1014526,18623,3466607,21851,538.5314547904762,51,49,5,0,21,81,3,0,28,3,73
2011-08-10 12:30:33,Normal,108,0,108,1323814,17163,3732196,7505,441.79812089814806,36,67,5,0,21,86,1,0,11,5,92
2011-08-10 12:30:34,Normal,92,0,92,867979,15140,3413307,35136,530.8879627173912,41,44,7,0,4,87,1,0,5,0,87
2011-08-10 12:30:35,Normal,103,0,103,1044327,4066,3795225,54617,427.5685630582524,37,59,7,0,18,82,3,0,18,0,85
2011-08-10 12:30:36,Normal,104,0,104,1054687,5303,3879902,25388,498.24502599038465,49,46,9,0,4,98,2,0,9,1,93
2011-08-10 12:30:37,Attack,94,0,95,859990,17027,3455823,44514,510.7835384631579,33,59,3,0,9,85,1,0,7,2,86
2011-08-10 12:30:38,Normal,121,87,208,986965,8733,9177758,60831,288.4456981298077,51,154,3,0,12,193,3,0,15,0,193
2011-08-10 12:30:39,Normal,82,0,82,556809,17028,3287702,28803,442.5151585121951,24,46,12,0,3,77,2,0,13,0,69
2011-08-10 12:30:40,Normal,100,0,100,978504,16826,3576864,7499,627.43556084,38,53,9,0,15,82,3,0,16,2,82
2011-08-10 12:30:41,Normal,120,4,124,810679,12463,4276773,2328,396.9539094758064,37,79,8,0,23,98,3,0,30,1,93
2011-08-10 12:30:42,Attack,123,3,131,955147,5878,4589879,47161,471.21486645038175,43,78,10,0,13,110,8,0,27,2,102
2011-08-10 12:30:43,Attack,142,0,144,1169361,18946,5257990,56100,365.2125791875,56,76,12,0,30,111,3,0,37,2,105
2011-08-10 12:30:44,Normal,115,0,115,796907,5414,4311477,51544,498.99774540869555,36,72,7,0,17,93,5,0,27,2,86
2011-08-10 12:30:45,Normal,120,0,120,1177771,19677,4012389,62871,595.1542499499999,40,74,6,0,21,96,3,0,19,1,100
2011-08-10 12:30:46,Normal,234,0,234,1543260,33569,9574976,20462,268.34061164102565,38,188,8,0,58,160,16,0,73,9,152
2011-08-10 12:30:47,Normal,128,0,128,1219374,20218,5004725,55695,454.630859296875,29,92,7,0,19,96,13,0,26,6,96
2011-08-10 12:30:48,Normal,125,0,125,898643,23326,5420361,7216,322.68983812,39,80,6,0,25,96,4,0,25,0,100
2011-08-10 12:30:49,Normal,111,0,111,1000377,17703,4100737,54897,586.4227411261261,44,61,6,0,14,87,9,1,17,1,92
2011-08-10 12:30:50,Attack,105,0,107,1226885,18025,3442864,39601,527.1609685794393,31,65,11,0,21,85,1,0,13,3,91
2011-08-10 12:30:51,Attack,104,3,110,1182028,5097,3671772,67842,426.4641902181818,35,66,9,0,18,91,1,0,19,3,88
2011-08-10 12:30:52,Attack,91,3,95,1026393,18230,3081991,14158,518.337687536842,41,49,5,0,16,72,7,0,23,1,71
2011-08-10 12:30:53,Attack,175,0,178,1424415,21236,6747788,28474,300.1695397696629,33,136,9,0,29,137,12,0,29,2,147
2011-08-10 12:30:54,Normal,104,0,104,1239201,5059,3528180,14945,754.0274185769231,30,68,6,0,23,81,0,0,11,2,91
2011-08-10 12:30:55,Normal,96,0,96,876882,3356,3395778,5003,625.7823480416666,43,51,2,0,10,84,2,0,10,2,84
2011-08-10 12:30:56,Normal,131,0,131,801050,18884,5236040,3384,320.9749711068702,36,90,5,0,26,95,10,0,34,0,97
2011-08-10 12:30:57,Normal,145,0,145,1332574,6017,5699370,5830,568.5649899517241,40,93,12,0,17,124,4,0,10,2,133
2011-08-10 12:30:58,Normal,123,0,123,773946,18624,5239723,8367,512.6878799349595,38,76,9,0,5,104,14,0,24,0,99
2011-08-10 12:30:59,Attack,97,0,98,933754,15405,3396136,57207,497.4252064489797,36,54,8,0,4,91,3,0,4,2,91
2011-08-10 12:31:00,Normal,248,6,254,1181146,11321,11701062,49451,257.9187671968504,31,219,4,0,30,208,16,0,27,1,226
2011-08-10 12:31:01,Normal,141,3,144,846294,7853,5756571,60221,339.1332955555556,44,96,4,0,19,112,13,0,35,0,109
2011-08-10 12:31:02,Attack,139,3,144,901532,13481,5612457,7652,440.6216992013889,44,92,8,0,13,123,8,0,25,1,118
2011-08-10 12:31:03,Attack,132,0,134,1232070,4130,5129146,50563,604.1289634104478,44,81,9,0,20,114,0,0,10,0,124
2011-08-10 12:31:04,Attack,102,0,103,1045170,5700,3571813,57595,556.5620086019417,35,64,4,0,10,90,3,0,11,2,87
2011-08-10 12:31:05,Attack,113,0,115,1241142,21546,3534012,60545,531.6301660695652,53,56,6,0,12,100,3,0,27,1,86
2011-08-10 12:31:06,Attack,111,0,121,1490829,20860,3594867,2021,601.6870842809917,43,75,3,0,19,96,6,0,20,1,98
2011-08-10 12:31:07,Normal,81,0,81,827992,61984,3077351,34453,299.9760814938271,28,50,3,0,10,71,0,0,8,2,71
2011-08-10 12:31:08,Normal,106,2,108,847500,21092,3777367,60895,455.65569693518523,43,63,2,0,8,97,3,0,17,0,91
2011-08-10 12:31:09,Normal,139,0,139,802551,6778,5714251,-2,264.6793767769784,43,89,7,0,14,124,1,0,24,0,113
2011-08-10 12:31:10,Attack,123,0,126,1141835,4648,4518777,5161,399.4274311349206,38,73,15,0,12,113,1,0,21,4,101
2011-08-10 12:31:11,Attack,136,0,137,903203,9407,5539581,37569,241.52591178102193,30,102,5,0,19,114,4,0,36,3,98
2011-08-10 12:31:12,Attack,112,3,116,917157,38533,4450445,14395,484.41423771551723,37,71,8,0,13,102,1,0,29,2,85
2011-08-10 12:31:13,Attack,123,0,124,814161,5295,4790369,2903,318.6929922258065,31,84,9,0,10,113,1,0,26,1,97
2011-08-10 12:31:14,Attack,139,0,144,965837,5115,5530039,41176,446.8469875208333,41,92,11,0,6,136,2,0,30,0,114
2011-08-10 12:31:15,Normal,135,0,135,1166138,4789,5094470,59729,399.4958202,35,94,6,0,10,124,1,0,27,0,108
2011-08-10 12:31:16,Attack,126,0,127,1343285,4108,4442439,42121,457.5305107401575,31,88,8,0,16,107,4,0,20,3,104
2011-08-10 12:31:17,Attack,129,0,324,1203961,16448,5138247,66636,210.57379434259263,45,271,8,0,30,123,171,0,27,2,295
2011-08-10 12:31:18,Attack,140,0,234,1569596,9614,4985649,4392,355.6792412435898,35,192,7,0,44,125,65,0,32,3,199
2011-08-10 12:31:19,Normal,176,0,176,1005519,58066,7377707,14134,295.26615244886364,29,139,8,0,10,163,3,0,40,1,135
2011-08-10 12:31:20,Normal,205,0,205,1324057,9602,8156982,30740,330.7395017317073,39,159,7,0,18,183,4,0,24,1,177
2011-08-10 12:31:21,Attack,124,3,149,1238661,18255,4758887,63363,481.74131216107384,54,85,10,0,24,119,6,0,15,1,132
2011-08-10 12:31:22,Attack,126,3,131,980487,19674,4758710,27878,450.47480585496186,43,81,7,0,25,99,7,0,37,1,93
2011-08-10 12:31:23,Attack,127,0,165,950297,20651,5228803,11895,445.6148347999999,40,119,6,0,31,116,17,1,22,0,142
2011-08-10 12:31:24,Attack,122,0,124,959735,21188,4496161,37445,496.17982195161295,30,86,8,0,16,91,15,2,30,0,92
2011-08-10 12:31:25,Attack,131,0,147,1138408,6275,5025013,53755,319.7213695170068,30,109,8,0,23,106,18,0,22,3,122
2011-08-10 12:31:26,Attack,138,0,154,1658073,5105,5128850,57235,596.0580689415584,34,114,6,0,28,111,15,0,14,2,134
2011-08-10 12:31:27,Attack,121,0,122,876627,4800,4451520,57484,482.03812629508195,47,66,9,0,7,111,4,0,18,0,104
2011-08-10 12:31:28,Normal,155,0,155,951991,19778,5847952,3461,359.116287916129,34,114,7,0,20,114,21,0,50,0,103
2011-08-10 12:31:29,Attack,116,0,117,1093320,16494,4397529,62544,590.5205316410256,27,82,8,0,17,91,8,1,16,1,99
2011-08-10 12:31:30,Attack,130,0,133,1340341,17125,4654543,25460,392.6712146240601,40,87,6,0,18,112,3,0,13,2,116
2011-08-10 12:31:31,Attack,125,0,127,1618803,6737,3886689,4911,687.70491988189,42,77,8,0,26,99,2,0,14,2,110
2011-08-10 12:31:32,Attack,88,3,93,970054,27224,3185087,259,603.8732435483871,30,56,7,0,9,76,8,0,13,1,79
2011-08-10 12:31:33,Attack,104,0,108,1231038,2545,3717532,49633,815.4516051203703,32,66,10,0,19,86,3,0,8,2,98
2011-08-10 12:31:34,Attack,114,0,117,1093382,4367,4601249,53975,343.7764696410257,36,74,7,0,16,94,7,0,22,2,92
2011-08-10 12:31:35,Attack,133,0,137,1347659,17230,4873864,16967,491.21396065693426,48,75,14,0,11,121,5,0,9,2,125
2011-08-10 12:31:36,Attack,99,0,101,1175370,17598,3399400,63023,563.2378515247525,33,56,12,0,12,83,6,0,13,2,86
2011-08-10 12:31:37,Attack,109,0,110,1110779,17167,3935298,53385,619.9258919545455,45,57,8,0,9,97,3,1,8,4,97
2011-08-10 12:31:38,Attack,107,0,111,1640093,15639,3902547,37586,538.7299736936938,48,56,7,0,12,94,5,0,7,5,98
2011-08-10 12:31:39,Attack,116,20,137,1212763,18765,4264617,13235,444.14336637956205,27,106,4,0,25,94,18,0,28,1,108
2011-08-10 12:31:40,Normal,99,85,184,1215963,14555,7457248,25825,335.25295358695655,29,148,7,0,14,165,5,0,10,2,172
2011-08-10 12:31:41,Attack,90,0,91,1010833,15530,3199187,59479,770.6958423186813,41,43,7,0,8,82,1,0,6,1,84
2011-08-10 12:31:42,Normal,120,3,123,1022574,5575,4300194,5631,252.95472507317075,27,75,21,0,20,89,14,0,27,11,85
2011-08-10 12:31:43,Normal,103,0,103,1277015,16366,3356363,52894,690.6019831941749,39,53,11,0,15,86,2,0,14,1,88
2011-08-10 12:31:44,Attack,94,0,95,1074069,15382,3207458,37276,443.2972230631578,36,52,7,0,12,83,0,0,7,2,86
2011-08-10 12:31:45,Attack,125,0,131,902172,5954,4182870,59094,406.05088687022896,32,92,7,0,32,93,6,0,33,5,93
2011-08-10 12:31:46,Attack,109,0,110,944486,5540,3540956,2849,345.10775913636365,30,68,12,0,23,82,5,0,24,2,84
2011-08-10 12:31:47,Attack,69,0,71,443203,3063,2566894,51623,317.84323471830993,16,49,6,0,8,62,1,0,8,2,61
2011-08-10 12:31:48,Attack,88,0,89,927670,16765,3083566,35415,372.0505645617978,25,53,11,0,12,75,2,0,10,3,76
2011-08-10 12:31:49,Normal,92,4,96,1061835,16107,3525513,8196,732.2386461874999,40,51,5,0,12,83,1,0,12,1,83
2011-08-10 12:31:50,Attack,105,0,106,1398599,38054,3447192,20275,873.7881122547171,31,70,5,0,18,83,5,0,5,3,95
2011-08-10 12:31:51,Normal,82,0,82,702503,15825,3158203,63598,510.1034566219512,35,40,7,0,6,75,1,0,8,0,74
2011-08-10 12:31:52,Attack,111,6,120,1163724,19847,4704882,17538,276.7107608333333,38,71,11,0,12,101,7,0,16,3,101
2011-08-10 12:31:53,Normal,193,0,193,1274412,21592,8020810,41906,341.0322280621761,42,145,6,0,23,154,16,0,49,2,142
2011-08-10 12:31:54,Attack,71,0,76,974039,15645,2533803,59280,835.1531617894736,35,38,3,0,12,61,3,0,8,2,63
2011-08-10 12:31:55,Attack,94,33,128,853109,18456,5342147,16962,396.50683982812495,26,95,7,0,27,98,3,0,26,1,101
2011-08-10 12:31:56,Attack,107,0,115,1072249,16617,3928323,50587,534.9772704260869,53,61,1,0,16,98,1,0,19,3,91
2011-08-10 12:31:57,Attack,101,0,102,669579,16705,4212769,8436,488.1332256666667,37,55,10,0,5,96,0,1,13,1,88
2011-08-10 12:31:58,Attack,121,0,122,1010105,64092,4258221,19221,431.9693958770491,38,80,4,0,25,91,6,0,22,3,97
2011-08-10 12:31:59,Attack,65,0,66,700126,14572,2251141,32124,580.1669694242424,33,23,10,0,1,64,1,0,4,2,60
2011-08-10 12:32:00,Normal,97,0,97,726456,10231,3476834,13027,594.9347184742268,27,64,6,0,8,87,2,0,5,1,86
2011-08-10 12:32:01,Normal,108,0,108,1279223,18041,4279319,12768,347.0734471574073,37,64,7,0,27,77,4,0,30,1,77
2011-08-10 12:32:02,Attack,101,11,113,984433,10193,4160295,44437,540.2410885929204,34,69,10,0,7,95,11,0,15,1,97
2011-08-10 12:32:03,Attack,110,0,111,1044631,17370,4136135,51539,577.2242131621622,44,59,8,0,8,101,2,0,9,1,101
2011-08-10 12:32:04,Attack,71,0,72,836655,64791,2316951,14658,576.5834253055556,36,28,8,0,5,66,1,0,5,1,66
2011-08-10 12:32:05,Attack,106,0,108,1260042,16423,3625450,32612,519.4076202499999,38,65,5,0,18,87,3,0,12,2,94
2011-08-10 12:32:06,Attack,99,0,101,1241411,17304,3531691,50186,460.0964988316832,27,66,8,0,12,84,5,0,7,3,91
2011-08-10 12:32:07,Normal,105,0,105,1774840,15604,2947594,24488,804.9707740380952,41,56,8,0,22,81,2,0,11,4,89
2011-08-10 12:32:08,Attack,107,0,108,914318,17100,3556628,10024,472.3877736666666,36,60,12,0,16,88,4,0,18,2,88
2011-08-10 12:32:09,Normal,82,18,100,828000,17302,3756400,45060,488.10695455,34,64,2,0,6,89,5,0,13,2,85
2011-08-10 12:32:10,Normal,99,0,99,1088216,16411,2941786,53525,388.4003921111111,33,61,5,0,18,76,5,0,20,4,75
2011-08-10 12:32:11,Normal,103,0,103,939087,4596,3842620,61847,438.5140510388349,33,65,5,0,16,85,2,0,13,3,87
2011-08-10 12:32:12,Attack,70,3,74,676760,15267,2571573,52284,608.3321676621622,33,38,3,0,4,69,1,0,4,2,68
2011-08-10 12:32:13,Attack,104,0,109,944989,16227,3673641,61551,495.20140002752294,40,62,6,0,14,86,8,0,17,1,90
2011-08-10 12:32:14,Normal,79,0,79,1207366,15674,2581336,4515,919.3067928101264,31,38,10,0,16,59,4,0,5,1,71
2011-08-10 12:32:15,Normal,95,0,95,1007918,16213,3566111,51083,373.3215812000001,43,46,6,0,5,88,2,0,12,2,81
2011-08-10 12:32:16,Attack,88,0,90,700363,15457,3183142,1628,447.9680677222222,35,50,5,0,4,85,1,0,5,2,82
2011-08-10 12:32:17,Attack,92,0,145,1376656,17956,3274947,37293,351.22077150344825,44,92,9,0,24,86,35,0,11,5,128
2011-08-10 12:32:18,Attack,107,0,109,1410723,16496,3563135,38866,521.5395810550458,50,49,10,0,15,89,3,2,8,2,99
2011-08-10 12:32:19,Normal,80,0,80,1203915,4794,2607294,1824,645.027427125,31,40,9,0,10,64,6,0,8,2,70
2011-08-10 12:32:20,Normal,103,0,103,1360889,16739,3704794,23443,254.58570239805826,37,61,5,0,16,82,5,0,8,5,90
2011-08-10 12:32:21,Attack,116,0,120,1674717,10598,3872329,7654,357.1087888083333,34,77,9,0,22,93,5,0,6,3,111
2011-08-10 12:32:22,Normal,118,3,121,2065402,1778,4244113,62779,651.0677790165289,44,70,7,0,35,84,2,0,31,3,86
2011-08-10 12:32:23,Attack,84,3,88,919170,16547,3464224,33187,473.20362290909094,28,54,6,0,5,78,2,3,12,1,72
2011-08-10 12:32:24,Attack,92,0,93,1334866,15809,3163293,42110,520.2591462258064,35,46,12,0,13,76,4,0,14,2,77
2011-08-10 12:32:25,Attack,92,0,93,1022194,16051,3322164,50958,465.25481074193544,35,51,7,0,11,80,1,1,9,0,83
2011-08-10 12:32:26,Attack,108,0,110,1662954,16064,3979049,60274,581.4811193999999,32,71,7,0,27,74,9,0,22,2,86
2011-08-10 12:32:27,Attack,89,0,93,678097,5277,3208961,40316,390.13499331182794,26,56,11,0,13,72,6,2,18,1,74
2011-08-10 12:32:28,Attack,93,0,95,1215084,15347,3001059,24399,654.4024893368421,40,48,7,0,17,73,5,0,14,2,79
2011-08-10 12:32:29,Attack,94,0,96,896452,3038,3414474,38425,548.1256698020834,32,57,7,0,8,84,3,1,10,0,85
2011-08-10 12:32:30,Normal,85,0,85,1344395,3774,2901442,60300,417.7174244,32,47,6,0,13,68,4,0,11,2,72
2011-08-10 12:32:31,Attack,173,0,174,1522808,18823,5027437,12579,343.7936481034483,47,112,15,0,24,141,9,0,45,7,122
2011-08-10 12:32:32,Normal,115,3,118,1679563,16312,4117353,15402,510.80460763559313,42,69,7,0,25,90,3,0,12,4,101
2011-08-10 12:32:33,Attack,122,0,123,1899924,16875,4061238,31118,474.57143589430893,40,74,9,0,25,95,3,0,9,9,105
2011-08-10 12:32:34,Attack,106,0,107,1551220,16385,3466296,67142,634.6482372897196,46,49,12,0,18,88,1,0,12,7,87
2011-08-10 12:32:35,Normal,124,0,124,1623206,16932,4735853,70878,591.9710060000001,40,75,9,0,18,105,1,0,7,8,109
2011-08-10 12:32:36,Attack,116,0,118,1544788,17851,4172019,53544,389.07459644915264,46,62,10,0,16,97,5,0,10,5,103
2011-08-10 12:32:37,Attack,93,0,96,1180666,37114,3404209,47905,602.7286501562501,35,52,9,0,9,84,3,0,7,5,84
2011-08-10 12:32:38,Attack,109,0,114,1540322,16651,4190036,63234,690.535597763158,41,63,10,0,22,83,9,0,15,7,91
2011-08-10 12:32:39,Normal,101,0,101,1376223,16581,3315589,13570,525.346955990099,41,48,12,0,10,89,2,0,2,6,93
2011-08-10 12:32:40,Attack,116,0,117,1676711,10630,4207352,5504,464.770222008547,35,69,13,0,39,75,3,0,22,3,92
2011-08-10 12:32:41,Attack,131,0,133,1545141,16932,3829377,39801,778.3755916390977,58,65,10,0,19,108,6,0,18,7,107
2011-08-10 12:32:42,Attack,116,3,120,1649679,17833,4492436,12978,465.03289201666666,44,67,9,0,21,94,5,0,20,2,98
2011-08-10 12:32:43,Normal,118,0,118,1181673,19105,4504000,50412,495.6754339237288,44,71,3,0,12,101,5,0,19,2,97
2011-08-10 12:32:44,Normal,110,0,110,928967,19193,4437887,23936,203.71683942727273,28,78,4,0,49,55,6,0,46,2,62
2011-08-10 12:32:45,Attack,127,0,128,1679953,4569,4887898,51530,575.9735297109374,40,78,10,0,16,105,7,0,16,6,106
2011-08-10 12:32:46,Attack,99,0,102,1350791,15350,3680071,7222,392.932243754902,35,63,4,0,10,87,5,0,11,3,88
2011-08-10 12:32:47,Attack,79,0,82,858437,16907,2932299,45138,320.18321270731707,40,38,4,0,8,72,1,1,11,4,67
2011-08-10 12:32:48,Attack,129,0,133,1286711,18509,4677662,24659,404.2411965413534,30,91,12,0,23,94,16,0,30,1,102
2011-08-10 12:32:49,Attack,113,0,114,1466862,15691,3499538,55081,665.542452385965,50,54,10,0,7,101,6,0,13,4,97
2011-08-10 12:32:50,Attack,218,0,219,970842,26082,9389393,52045,159.95792156621005,37,178,4,0,15,196,8,0,77,2,140
2011-08-10 12:32:51,Normal,203,0,203,726001,22253,9048177,58142,229.88791663054187,32,169,2,0,9,190,4,0,22,1,180
2011-08-10 12:32:52,Attack,95,3,99,1352161,16822,3479720,51960,438.077779979798,45,46,8,0,13,83,3,0,9,4,86
2011-08-10 12:32:53,Normal,94,3,97,842779,17233,3657070,44462,527.3610063402061,37,56,4,0,5,90,2,0,10,2,85
2011-08-10 12:32:54,Attack,97,0,99,1139946,15876,3778457,27568,778.5725448484848,31,65,3,0,14,82,3,0,8,2,88
2011-08-10 12:32:55,Attack,68,0,69,809018,15162,2195407,7630,742.8094964492753,26,38,5,0,13,54,2,0,9,1,58
2011-08-10 12:32:56,Normal,106,0,106,964393,17135,4070173,54497,454.84678165094334,44,56,6,0,11,94,1,0,10,2,94
2011-08-10 12:32:57,Normal,98,0,98,1093978,16852,2991747,65554,388.98300067346935,37,56,5,0,14,83,1,0,15,4,79
2011-08-10 12:32:58,Attack,108,0,111,1174079,11700,3395534,43069,442.95322563963964,41,63,7,0,21,86,4,0,28,4,79
2011-08-10 12:32:59,Attack,81,0,88,775164,3369,3026335,40415,442.5357466136363,36,47,5,0,5,81,2,0,13,3,71
2011-08-10 12:33:00,Normal,231,0,231,1478489,10323,10648219,16553,213.4108902943723,29,199,3,0,17,212,2,0,4,3,224
2011-08-10 12:33:01,Attack,103,0,109,829530,5170,3773334,54415,297.0755325963303,36,69,4,0,17,87,5,0,21,3,85
2011-08-10 12:33:02,Normal,147,3,150,1068194,23205,5379193,3852,217.12698747333334,34,110,6,0,50,96,4,0,59,1,90
2011-08-10 12:33:03,Attack,103,0,104,1309809,3559,3714382,47375,539.3251525865385,39,62,3,0,14,89,1,0,12,3,89
2011-08-10 12:33:04,Normal,109,0,109,1374225,19516,4235825,13110,375.2296951009174,38,65,6,0,18,90,1,0,15,2,92
2011-08-10 12:33:05,Attack,79,2,83,728982,17658,2779274,28811,421.26078213253,34,44,5,0,5,77,1,0,13,0,70
2011-08-10 12:33:06,Normal,115,0,115,1188295,17198,4899560,50472,304.67558645217395,36,73,6,0,13,98,4,0,16,3,96
2011-08-10 12:33:07,Attack,114,0,115,1289103,18814,3352285,60913,690.2550717391305,43,63,9,0,14,90,11,0,19,3,93
2011-08-10 12:33:08,Attack,88,0,89,1301635,15368,3140510,14952,357.759002752809,22,59,8,0,16,67,6,0,8,4,77
2011-08-10 12:33:09,Attack,164,0,167,979248,42899,6845988,46561,211.52290601796406,34,128,5,0,19,138,10,0,31,2,134
2011-08-10 12:33:10,Attack,88,0,89,1193715,15557,3194060,34164,345.7679274831461,29,55,5,0,15,72,2,0,11,1,77
2011-08-10 12:33:11,Normal,117,5,122,955514,19619,5143108,63857,286.79459235245906,35,81,6,0,16,102,4,0,10,1,111
2011-08-10 12:33:12,Attack,145,13,160,1805128,8586,6258011,58683,400.2068117,43,105,12,0,25,126,9,0,22,7,131
2011-08-10 12:33:13,Attack,96,0,97,1024917,15690,3421704,30743,655.2742409690723,39,44,14,0,8,89,0,0,7,2,88
2011-08-10 12:33:14,Attack,128,22,151,1402388,26595,6056241,9300,212.64548754304636,39,106,6,0,31,109,11,0,38,3,109
2011-08-10 12:33:15,Attack,270,64,335,767324,19782,14991958,50868,149.14634113731344,42,285,8,0,43,277,15,0,64,0,271
2011-08-10 12:33:16,Normal,105,0,105,1252633,52086,3911295,14905,343.70458491428565,27,66,12,0,21,80,4,0,11,2,92
2011-08-10 12:33:17,Attack,102,0,111,1176308,18097,3710808,27584,496.5110562702703,33,66,12,0,10,96,5,0,8,3,100
2011-08-10 12:33:18,Normal,109,0,109,1533818,17668,3694222,12562,574.6564683394496,48,54,7,0,20,86,3,0,7,3,99
2011-08-10 12:33:19,Attack,86,0,91,673400,25755,3027360,36705,501.5966328901099,29,54,8,0,11,76,4,0,18,3,70
2011-08-10 12:33:20,Attack,98,0,101,1165492,16424,3520766,12966,458.02531988118807,25,71,5,0,17,82,2,0,10,4,87
2011-08-10 12:33:21,Attack,88,0,90,1165964,3390,3343130,52302,451.7838919222222,37,47,6,0,15,72,3,0,12,1,77
2011-08-10 12:33:22,Attack,132,3,138,1134258,17585,5450814,30173,316.3312561376811,37,94,7,0,15,118,5,0,24,2,112
2011-08-10 12:33:23,Normal,116,0,116,1206153,11254,4188652,41607,478.5334127155172,39,67,10,0,10,99,4,3,16,1,96
2011-08-10 12:33:24,Normal,104,3,107,1289857,16184,3972480,23918,437.5363488878505,34,63,10,0,17,85,4,1,18,0,88
2011-08-10 12:33:25,Normal,154,0,154,1478242,38497,5418278,36958,437.82191068181817,43,103,8,0,20,130,4,0,27,3,124
2011-08-10 12:33:26,Attack,117,0,119,2200948,17082,3246498,4392,730.3091931932773,41,73,5,0,36,75,8,0,10,1,108
2011-08-10 12:33:27,Normal,90,0,90,934139,17245,3201009,4184,429.65987873333336,32,58,0,0,18,70,2,0,18,1,71
2011-08-10 12:33:28,Attack,124,0,125,1944170,15086,4285606,49363,596.7715326240001,44,69,12,0,29,92,3,1,8,1,114
2011-08-10 12:33:29,Attack,96,0,99,1261029,10411,3425183,12136,511.94671997979805,37,51,11,0,6,87,6,0,15,2,82
2011-08-10 12:33:30,Attack,95,3,100,930332,18300,3752120,55839,463.25054813,30,62,8,0,7,85,8,0,13,1,85
2011-08-10 12:33:31,Normal,84,0,84,1007301,15789,2898851,2619,326.2258790714286,39,40,5,0,5,77,2,0,11,2,71
2011-08-10 12:33:32,Attack,131,3,135,1274341,20500,5270753,11056,255.5405450962963,40,93,2,0,24,103,8,0,26,2,107
2011-08-10 12:33:33,Attack,117,0,121,1412585,5769,4109124,59937,331.78085586776854,41,69,11,0,16,100,5,0,16,1,104
2011-08-10 12:33:34,Attack,82,0,83,1103686,15525,2917153,24324,589.3332229277108,35,35,13,0,8,72,3,0,7,3,73
2011-08-10 12:33:35,Attack,112,0,113,1138129,16905,3932643,7338,357.9774617168141,34,71,8,0,21,89,3,0,18,2,93
2011-08-10 12:33:36,Normal,112,27,139,1357962,27224,5276587,2421,293.5959472302158,35,99,5,0,27,106,6,0,18,3,118
2011-08-10 12:33:37,Normal,94,22,116,797213,5409,4874755,41544,595.9065885603447,38,72,6,0,5,109,2,0,3,1,112
2011-08-10 12:33:38,Normal,158,0,158,1979164,9708,6111788,56497,337.9479101329114,37,106,15,0,30,111,16,1,28,4,125
2011-08-10 12:33:39,Attack,153,0,155,1165562,6977,6584075,53562,433.12453598709686,35,113,7,0,35,109,11,0,41,3,111
2011-08-10 12:33:40,Attack,163,0,166,964826,7180,7143132,56938,248.36523915662644,37,119,10,0,47,116,3,0,50,3,113
2011-08-10 12:33:41,Attack,198,0,201,967399,21191,9185730,54301,349.7494266666667,34,158,9,0,35,151,15,0,49,4,148
2011-08-10 12:33:42,Attack,117,23,143,786105,25570,5379964,2931,514.3619767272727,32,104,7,0,26,108,9,0,31,3,109
2011-08-10 12:33:43,Attack,169,7,178,1248249,21559,4736969,10008,268.08189108426967,41,126,11,0,21,154,3,0,70,2,106
2011-08-10 12:33:44,Attack,131,0,134,990574,18911,5526007,56823,250.07432407462682,35,93,6,0,14,117,3,0,22,2,110
2011-08-10 12:33:45,Normal,88,0,88,791796,16847,2959765,49028,648.9413930568181,36,42,10,0,10,78,0,0,13,0,75
2011-08-10 12:33:46,Normal,130,0,130,2188729,35578,5670712,2616,539.9405025538462,36,84,10,0,36,90,4,0,14,2,114
2011-08-10 12:33:47,Normal,120,0,120,1175781,65251,4136547,16469,526.6625569916666,29,77,14,0,26,89,5,0,20,4,96
2011-08-10 12:33:48,Attack,121,3,126,1210126,6284,4870770,43892,376.2893093015873,47,75,4,0,9,114,3,0,17,1,108
2011-08-10 12:33:49,Normal,122,0,122,1256874,17797,4636494,8342,323.596763557377,47,71,4,0,12,107,3,0,15,2,105
2011-08-10 12:33:50,Normal,121,11,132,1631293,18125,5211649,64864,698.4577716439394,34,90,8,0,26,97,9,0,17,2,112
2011-08-10 12:33:51,Attack,94,6,104,723067,4981,3270872,57236,290.2374540480769,30,69,5,0,13,88,3,0,22,1,81
2011-08-10 12:33:52,Normal,109,7,116,1152669,17142,3895286,24982,415.0817515,39,64,13,0,12,99,5,0,16,2,98
2011-08-10 12:33:53,Attack,130,3,134,786770,4936,5486283,55299,399.49876879850746,34,95,5,0,13,120,1,0,18,1,115
2011-08-10 12:33:54,Attack,100,2,103,733796,19589,3548665,11348,404.31511359223305,31,63,9,0,11,87,5,0,22,0,81
2011-08-10 12:33:55,Attack,102,3,107,1099565,17234,3261022,43564,717.9464947009345,39,57,11,0,12,90,5,0,11,3,92
2011-08-10 12:33:56,Normal,153,0,153,988697,7780,5403136,60582,324.4204755555556,31,114,8,0,10,117,26,0,45,0,108
2011-08-10 12:33:57,Attack,127,0,128,1020750,18934,4346899,31555,352.940499484375,46,73,9,0,20,106,2,0,25,3,100
2011-08-10 12:33:58,Normal,106,0,106,746374,18170,4148957,46436,366.96970038679245,36,62,8,0,4,101,1,0,17,2,87
2011-08-10 12:33:59,Normal,89,0,89,780359,15753,3205362,61181,382.0237115393258,37,46,6,0,7,82,0,0,12,0,77
2011-08-10 12:34:00,Attack,117,0,118,1128304,3837,3762621,45212,456.7394178728814,39,69,10,0,14,101,3,0,20,3,95
2011-08-10 12:34:01,Attack,83,0,88,762469,16578,3018153,28644,253.88750688636364,38,39,11,0,5,80,3,0,9,2,77
2011-08-10 12:34:02,Attack,88,3,95,918716,17973,3371244,19326,353.59937149473683,39,52,4,0,9,84,2,0,9,3,83
2011-08-10 12:34:03,Attack,122,0,126,955976,19111,4631872,34473,295.6064303571428,32,86,8,0,9,116,1,0,17,4,105
2011-08-10 12:34:04,Attack,124,0,125,1186397,4237,4494824,6246,420.64762252800006,38,77,10,0,17,99,9,0,23,5,97
2011-08-10 12:34:05,Attack,98,0,99,1097812,15643,3581070,14544,590.6546344848484,45,49,5,0,13,83,2,1,19,3,76
2011-08-10 12:34:06,Attack,85,0,87,739504,15646,3399099,38397,432.32040898850585,24,54,9,0,7,79,1,0,9,2,76
2011-08-10 12:34:07,Normal,86,0,86,943533,2696,3218986,39696,539.7735363488372,26,56,4,0,13,72,1,0,14,3,68
2011-08-10 12:34:08,Attack,128,0,129,1035993,4243,5058589,44640,459.1897517131783,38,79,12,0,18,110,1,0,24,2,103
2011-08-10 12:34:09,Attack,119,0,120,967406,19107,5053103,62507,304.42961879166666,33,82,5,0,11,80,29,0,42,2,76
2011-08-10 12:34:10,Normal,179,0,179,1052942,22198,7655999,41105,336.3538289776536,49,125,5,0,7,116,56,0,63,4,112
2011-08-10 12:34:11,Normal,79,0,79,736086,25312,2502099,32510,323.0407370632912,28,45,6,0,14,62,3,0,15,5,59
2011-08-10 12:34:12,Attack,138,3,142,904076,6729,5102473,50740,289.63124978169014,36,101,5,0,13,108,21,0,31,2,109
2011-08-10 12:34:13,Attack,256,0,258,1227221,11015,12275576,60157,225.1019135736434,43,207,8,0,13,245,0,0,10,4,244
2011-08-10 12:34:14,Normal,94,0,94,964519,14720,3572682,16773,487.91833181914905,27,62,5,0,12,77,5,0,12,6,76
2011-08-10 12:34:15,Attack,108,0,111,997378,30434,4029174,14134,644.6451828738739,32,71,8,0,10,97,4,0,7,1,103
2011-08-10 12:34:16,Normal,94,0,94,846717,2407,3251734,61353,487.1039159787235,43,43,8,0,3,90,1,0,12,0,81
2011-08-10 12:34:17,Normal,81,0,81,936323,19395,3086758,15676,359.2129244567901,36,41,4,0,10,70,1,0,8,3,70
2011-08-10 12:34:18,Attack,108,0,109,1203245,62087,3785854,15676,517.0920953211009,35,60,14,0,11,92,6,0,15,3,91
2011-08-10 12:34:19,Normal,91,2,93,874139,4125,3362893,57477,542.6422634516128,49,41,3,0,3,89,1,0,11,1,81
2011-08-10 12:34:20,Normal,105,0,105,1154736,6139,3702950,42556,512.5431118666667,36,60,9,0,13,89,2,1,14,1,90
2011-08-10 12:34:21,Attack,149,0,150,973115,23928,4509658,53707,269.6411930466666,43,99,8,0,9,111,30,0,42,1,107
2011-08-10 12:34:22,Attack,120,3,126,1155418,17107,4322176,49371,420.7265051666667,41,77,8,0,25,93,8,0,32,0,93
2011-08-10 12:34:23,Attack,189,0,190,1000255,57996,7262158,14212,348.6377611,37,146,7,0,13,152,23,2,50,1,136
2011-08-10 12:34:24,Attack,100,0,105,906961,16535,3494097,53647,398.31274419047617,36,65,4,0,9,92,3,1,16,1,87
2011-08-10 12:34:25,Attack,87,0,89,870189,3354,3133342,45617,533.0166575056179,26,58,5,0,15,71,2,1,16,2,70
2011-08-10 12:34:26,Attack,95,3,99,1167379,26211,3577995,14133,518.713213111111,41,50,8,0,12,80,6,1,13,1,84
2011-08-10 12:34:27,Attack,95,4,100,983761,17831,3568850,34713,548.4707242299999,37,58,5,0,17,78,5,0,26,1,72
2011-08-10 12:34:28,Attack,89,0,90,986268,16114,3361560,30281,437.5366696888889,32,54,4,0,5,81,4,0,15,1,74
2011-08-10 12:34:29,Normal,92,0,92,961334,5223,3476276,2729,554.2621055000001,41,43,8,0,13,78,0,1,15,2,75
2011-08-10 12:34:30,Attack,109,0,111,1607695,3425,3646863,44292,493.1753667027027,41,62,8,0,16,91,4,0,15,4,91
2011-08-10 12:34:31,Normal,109,0,109,824734,4608,4232014,3201,453.30194299082564,38,66,5,0,21,88,0,0,22,2,85
2011-08-10 12:34:32,Normal,129,3,132,949593,21401,5318681,60513,406.4077735909091,35,91,6,0,30,95,7,0,35,4,93
2011-08-10 12:34:33,Attack,136,0,137,875803,5622,5500560,2128,283.6870961970803,40,88,9,0,3,134,0,0,13,1,123
2011-08-10 12:34:34,Attack,83,3,87,1036704,15631,2936455,55618,779.4726805172413,36,42,9,0,5,78,4,0,8,1,78
2011-08-10 12:34:35,Attack,82,0,84,785589,3106,3098847,60688,662.2446947380952,35,44,5,0,5,77,2,0,8,1,74
2011-08-10 12:34:36,Attack,97,0,99,760805,18572,3988567,50420,368.7716063535353,38,56,5,0,4,94,1,0,13,0,86
2011-08-10 12:34:37,Normal,98,0,98,1221912,16623,3376048,40532,761.9556417959184,48,45,5,0,9,86,3,0,9,2,87
2011-08-10 12:34:38,Normal,145,0,145,1092112,20065,4871410,47716,258.3708220896551,43,95,7,0,6,122,17,0,32,5,108
2011-08-10 12:34:39,Attack,169,0,170,1172770,21805,4735185,24567,268.432285882353,34,131,5,0,11,112,47,0,70,4,96
2011-08-10 12:34:40,Attack,81,0,83,686822,4863,2810633,59574,369.5314766144578,34,40,9,0,3,78,2,0,11,3,69
2011-08-10 12:34:41,Normal,69,0,69,1049552,14486,2462977,63274,458.916013115942,35,28,6,0,6,60,3,0,6,2,61
2011-08-10 12:34:42,Attack,103,3,107,807283,18857,4239454,9079,573.7022115420561,32,57,18,0,5,91,11,0,9,0,98
2011-08-10 12:34:43,Attack,104,0,107,1216650,6412,3580018,36327,524.174777728972,43,57,7,0,13,87,7,0,13,4,90
2011-08-10 12:34:44,Attack,150,0,152,875489,6514,5252651,35476,400.93059342105266,45,99,8,0,7,138,7,0,42,0,109
2011-08-10 12:34:45,Attack,82,0,84,903422,1511,2860944,53530,631.4734107857142,34,45,5,0,10,74,0,0,9,3,72
2011-08-10 12:34:46,Attack,114,0,118,1498203,16892,3901963,39439,801.7276794237287,47,63,8,0,19,96,3,0,16,4,98
2011-08-10 12:34:47,Attack,72,0,75,762069,14921,2827400,37095,470.3499978133333,34,30,11,0,6,69,0,0,11,1,63
2011-08-10 12:34:48,Attack,97,0,98,1002929,17081,3576650,35532,342.0242180408163,29,61,8,0,14,81,3,0,17,3,78
2011-08-10 12:34:49,Normal,108,0,108,1022550,16751,3945442,8008,450.918120962963,30,67,11,0,10,97,1,0,10,4,93
2011-08-10 12:34:50,Normal,107,0,107,1190702,18844,3690108,27957,529.1341730841121,43,62,2,0,19,82,6,0,20,1,86
2011-08-10 12:34:51,Normal,98,2,100,1220055,16772,3597510,66182,349.1288020500001,49,41,10,0,9,87,4,0,12,2,86
2011-08-10 12:34:52,Attack,157,3,162,831420,20698,7008519,2875,254.07968664197531,35,125,2,0,12,145,5,0,23,1,138
2011-08-10 12:34:53,Normal,140,6,146,1046659,20863,5646030,61331,326.8745324589041,29,108,9,0,24,117,5,0,34,2,110
2011-08-10 12:34:54,Normal,121,1,122,1282566,10814,4314875,10053,439.04328967213115,47,69,6,0,14,104,4,0,17,5,100
2011-08-10 12:34:55,Normal,242,0,242,1004916,12381,9707580,40881,258.084349838843,38,198,6,0,51,184,7,0,60,2,180
2011-08-10 12:34:56,Attack,90,15,106,908176,18343,3775723,13033,436.13914866981133,43,53,10,0,22,83,1,0,24,1,81
2011-08-10 12:34:57,Attack,124,0,126,1011785,27702,4758962,2586,357.43530316666664,35,86,5,0,12,112,2,0,28,2,96
2011-08-10 12:34:58,Normal,81,37,118,906658,17485,4491362,4737,567.0503947457629,34,76,8,0,29,87,2,0,30,1,87
2011-08-10 12:34:59,Attack,87,55,143,980305,19395,5734508,29428,414.4285326993007,42,91,10,0,17,126,0,0,17,3,123
2011-08-10 12:35:00,Attack,209,43,253,933867,12025,12310194,56204,181.29054669565218,29,211,13,0,12,234,7,0,21,1,231
2011-08-10 12:35:01,Normal,473,22,495,1046632,30540,21708234,60838,107.46232564848485,45,439,11,0,51,408,36,0,205,3,287
2011-08-10 12:35:02,Normal,305,3,308,1866966,16043,11610399,49342,401.03542956818177,48,250,10,0,49,251,8,0,57,0,250
2011-08-10 12:35:03,Normal,108,0,108,996793,4844,3883401,50704,553.0667702962963,36,61,11,0,11,93,4,0,15,1,92
2011-08-10 12:35:04,Attack,110,0,114,830007,19599,4419985,50905,387.5664672280701,30,76,8,0,2,106,6,0,13,1,100
2011-08-10 12:35:05,Attack,94,0,97,892177,4655,3269214,4392,345.319112443299,33,57,7,0,13,82,2,0,12,3,82
2011-08-10 12:35:06,Attack,110,0,115,939591,17128,3546670,13443,438.1573936782609,37,74,4,0,14,98,3,0,27,0,88
2011-08-10 12:35:07,Attack,86,0,99,1061447,2587,3061698,2850,453.51910828282826,35,56,8,0,10,81,8,0,7,1,91
2011-08-10 12:35:08,Attack,106,0,107,1380863,5017,3749334,46787,404.98293956074764,41,63,3,0,19,86,2,0,12,6,89
2011-08-10 12:35:09,Normal,108,0,108,1514774,2545,3298251,3993,675.9820103425925,35,63,10,0,28,78,2,0,14,3,91
2011-08-10 12:35:10,Attack,134,0,137,1763314,17635,4716205,26573,543.8386488540147,45,86,6,0,23,112,2,0,13,5,119
2011-08-10 12:35:11,Normal,132,4,136,921066,19363,5220981,37551,313.95032665441175,40,90,6,0,10,126,0,0,17,1,118
2011-08-10 12:35:12,Attack,117,3,121,781318,4984,4686243,51575,280.60557,41,72,8,0,15,101,5,0,23,1,97
2011-08-10 12:35:13,Normal,95,1,96,1065581,15973,3353505,60230,658.9111516145832,41,47,8,0,11,85,0,0,4,1,91
2011-08-10 12:35:14,Normal,115,2,117,1318906,17834,4325040,65850,596.5275813675214,48,59,10,0,3,109,5,0,8,1,107
2011-08-10 12:35:15,Attack,118,4,124,957773,6818,4957109,5243,413.22974014516126,43,78,3,0,9,102,13,0,28,4,92
2011-08-10 12:35:16,Attack,116,0,117,985305,20483,4599326,25273,457.64905742735044,41,71,5,0,16,99,2,0,18,0,99
2011-08-10 12:35:17,Normal,99,0,99,1305591,8978,3138495,5085,716.3093065454544,40,50,9,0,13,85,1,0,10,4,85
2011-08-10 12:35:18,Attack,117,0,123,1119465,4048,4101553,4388,389.90827595121954,48,62,13,0,21,95,7,0,30,0,93
2011-08-10 12:35:19,Attack,79,0,82,755148,16425,2995160,38900,447.23636400000004,28,48,6,0,11,70,1,0,9,2,71
2011-08-10 12:35:20,Normal,112,0,112,1241408,17726,4075058,64741,706.1365922589285,46,61,5,0,13,98,1,0,13,2,97
2011-08-10 12:35:21,Normal,98,0,98,984510,24642,3635564,14658,517.1516885306122,39,52,7,0,4,91,3,0,7,1,90
2011-08-10 12:35:22,Normal,100,3,103,1266141,3516,3030898,52363,634.2731660873787,26,73,4,0,19,79,5,0,8,4,91
2011-08-10 12:35:23,Attack,95,2,98,1071917,4123,3593720,2337,448.4679616938775,36,54,8,0,10,81,6,1,13,1,83
2011-08-10 12:35:24,Attack,118,0,119,762312,6089,3634556,51538,346.37042163025205,37,73,9,0,14,90,13,2,28,0,89
2011-08-10 12:35:25,Attack,132,0,134,890714,17789,5559897,45535,280.14501528358204,36,95,3,0,11,114,9,0,15,2,117
2011-08-10 12:35:26,Attack,112,0,115,1576103,5100,4069789,57288,576.0275383565216,41,67,7,0,22,86,6,1,23,3,88
2011-08-10 12:35:27,Attack,126,3,132,1555584,65177,4977214,62612,408.03125607575754,41,82,9,0,22,91,18,1,29,2,101
2011-08-10 12:35:28,Attack,102,0,105,1542981,15843,3844666,54383,457.7701939523809,46,52,7,0,13,83,9,0,20,4,81
2011-08-10 12:35:29,Attack,89,0,93,1020332,16671,3057167,45244,589.8696084838709,37,49,7,0,10,79,3,1,13,3,76
2011-08-10 12:35:30,Normal,116,0,116,1288886,3590,4175034,48900,515.3367769051724,29,74,13,0,11,102,3,0,6,2,108
2011-08-10 12:35:31,Normal,106,0,106,1128057,3193,4051696,54619,490.1901825188679,42,57,7,0,9,95,2,0,9,2,95
2011-08-10 12:35:32,Attack,83,3,88,895026,17366,3099627,64769,493.6833965340909,33,49,6,0,7,77,4,0,15,2,71
2011-08-10 12:35:33,Normal,151,4,155,711917,24283,6283534,32387,270.09757556774196,41,108,6,0,5,135,15,0,30,2,123
2011-08-10 12:35:34,Normal,121,89,210,1270374,8743,9011914,56631,302.74328006666667,50,156,4,0,39,169,2,0,30,3,177
2011-08-10 12:35:35,Normal,117,0,117,1022835,4455,3976391,55301,331.9864003418804,30,82,5,0,17,93,7,0,30,1,86
2011-08-10 12:35:36,Normal,95,3,98,1303920,2456,3760206,5473,469.0342577040816,31,60,7,0,17,78,3,0,13,2,83
2011-08-10 12:35:37,Normal,109,0,109,1061905,19486,4565345,50974,454.7883627706421,28,70,11,0,15,86,8,0,18,0,91
2011-08-10 12:35:38,Attack,281,0,282,1416324,79352,11727406,13363,192.98729972340425,42,239,1,0,27,250,5,0,104,0,177
2011-08-10 12:35:39,Attack,78,0,82,1155550,16938,2745310,19297,477.877835195122,24,51,7,0,13,65,4,0,13,0,69
2011-08-10 12:35:40,Normal,130,0,130,1181087,6735,5447073,56441,261.23454974615385,37,90,3,0,15,114,1,0,14,2,113
2011-08-10 12:35:41,Normal,142,0,142,1348245,20791,5999192,3095,358.07581661971835,39,96,7,0,13,126,3,0,8,5,129
2011-08-10 12:35:42,Normal,89,3,92,1057780,16447,3541932,31038,523.5995789782609,40,42,10,0,10,79,3,0,12,1,79
2011-08-10 12:35:43,Attack,107,7,115,1201563,4622,4158594,4200,339.93547567826084,38,71,6,0,10,97,8,0,13,4,98
2011-08-10 12:35:44,Normal,83,9,92,1015792,16841,3536661,4618,394.01562796739125,30,59,3,0,5,80,7,0,7,4,81
2011-08-10 12:35:45,Normal,148,0,148,1219998,6556,6251566,59024,276.71493466216214,36,102,10,0,29,107,12,0,28,6,114
2011-08-10 12:35:46,Attack,172,0,177,1426042,7734,6847747,65535,321.6557230056497,31,136,10,0,23,136,18,0,29,4,144
2011-08-10 12:35:47,Attack,91,0,95,746417,16039,3898097,12562,493.0350969263159,25,63,7,0,11,82,2,0,9,1,85
2011-08-10 12:35:48,Attack,115,0,118,1106535,5215,4596851,58441,297.2456672542373,33,77,8,0,16,102,0,0,12,3,103
2011-08-10 12:35:49,Attack,100,0,101,1357464,4776,4007126,45021,500.62318244554456,31,62,8,0,19,75,7,0,14,0,87
2011-08-10 12:35:50,Attack,100,0,102,984735,35220,3763551,65134,408.3978209705882,32,64,6,0,14,84,4,0,15,1,86
2011-08-10 12:35:51,Attack,118,0,119,1417699,16900,4694028,6525,440.17309840336134,42,69,8,0,9,107,3,0,10,4,105
2011-08-10 12:35:52,Normal,78,3,81,1304971,14691,3126748,65358,400.77054629629635,34,39,8,0,15,64,2,0,11,4,66
2011-08-10 12:35:53,Normal,90,3,93,735005,17396,3535893,47028,384.63514659139787,37,51,5,0,8,78,7,0,15,0,78
2011-08-10 12:35:54,Attack,82,0,83,1209426,9068,3099376,52357,461.6459991566265,31,47,5,0,20,59,4,0,13,1,69
2011-08-10 12:35:55,Normal,111,0,111,1043505,18187,3969101,26470,392.7074193243244,42,66,3,0,15,92,4,0,13,2,96
2011-08-10 12:35:56,Attack,131,0,132,1699931,16886,4517615,26727,511.28560574999995,49,76,7,0,19,112,1,0,17,0,115
2011-08-10 12:35:57,Attack,101,3,105,1437558,35851,4197791,14134,484.89932729523815,39,62,4,0,23,80,2,0,9,1,93
2011-08-10 12:35:58,Normal,96,3,99,1687348,15063,3424600,18189,578.573879050505,40,52,7,0,18,77,4,0,9,5,85
2011-08-10 12:35:59,Attack,115,0,116,1531385,19942,4116931,4996,392.0871530258621,49,59,8,0,16,97,3,0,9,4,102
2011-08-10 12:36:00,Attack,97,0,100,1262123,17150,3747545,51210,561.3674874000001,31,62,7,0,17,80,3,0,11,5,83
2011-08-10 12:36:01,Attack,99,0,100,1278785,18897,3648791,59651,455.75928769,45,50,5,0,18,78,4,0,14,2,83
2011-08-10 12:36:02,Normal,136,3,139,1413370,46899,5345397,61324,333.9402175035971,33,92,14,0,29,104,6,0,21,6,112
2011-08-10 12:36:03,Normal,216,3,219,997678,12038,9392148,41035,213.68525308219176,41,167,11,0,41,160,18,0,55,0,164
2011-08-10 12:36:04,Normal,101,4,105,1000868,17396,4230582,29043,368.3656815142857,29,69,7,0,16,75,14,0,25,2,78
2011-08-10 12:36:05,Attack,129,2,133,1194229,18608,5480924,9952,344.047508481203,40,84,9,0,14,116,3,0,13,3,116
2011-08-10 12:36:06,Attack,107,0,108,1552346,65861,4026394,16194,509.8353021759259,34,66,8,0,19,86,3,0,6,5,97
2011-08-10 12:36:07,Attack,109,0,112,1018979,16974,4732425,30527,351.83405824999994,29,74,9,0,11,92,9,0,19,2,91
2011-08-10 12:36:08,Attack,99,0,100,1006976,17484,3891823,3437,313.46861989,43,54,3,0,6,88,6,0,13,2,85
2011-08-10 12:36:09,Attack,135,0,137,1196004,4639,5632625,56951,367.28530675912407,33,99,5,0,29,107,1,0,24,2,110
2011-08-10 12:36:10,Attack,102,3,107,1195449,16610,3822500,65950,631.9613434018692,39,61,7,0,18,88,1,0,13,4,90
2011-08-10 12:36:11,Attack,145,4,152,1415343,21680,5894300,65332,383.95202455263166,42,104,6,0,24,125,3,0,21,3,128
2011-08-10 12:36:12,Attack,104,61,166,1145222,27636,6819075,59953,245.18564942168675,37,117,12,0,47,114,5,0,55,2,109
2011-08-10 12:36:13,Normal,90,28,118,993021,4749,4952717,57090,344.4104318559322,32,80,6,0,12,104,2,0,8,1,108
2011-08-10 12:36:14,Attack,101,49,151,1377890,6876,6097630,49382,308.76088639735104,31,110,10,0,23,112,16,0,33,2,116
2011-08-10 12:36:15,Attack,119,34,154,1487701,21127,6133772,10571,347.2105623636364,39,107,8,0,22,127,5,0,25,5,124
2011-08-10 12:36:16,Attack,108,6,115,990789,63216,4570731,60482,317.90062105217396,40,69,6,0,13,98,4,0,15,2,97
2011-08-10 12:36:17,Normal,91,0,91,1095720,17547,3489537,51719,350.1240544835165,46,40,5,0,9,81,1,0,20,1,70
2011-08-10 12:36:18,Normal,96,0,96,1180484,16788,3439237,58877,262.9814869375,33,54,9,0,9,84,3,0,12,3,81
2011-08-10 12:36:19,Normal,99,0,99,843126,3274,3700772,55906,587.4987707777777,36,54,9,0,6,91,2,0,10,1,88
2011-08-10 12:36:20,Attack,119,0,121,1157278,17943,4473881,20413,255.66124438842974,30,79,12,0,23,90,8,0,25,2,94
2011-08-10 12:36:21,Attack,125,0,128,1029591,19784,4577898,60826,344.47720905468753,34,91,3,0,26,94,8,0,35,2,91
2011-08-10 12:36:22,Normal,221,3,224,1027316,24166,10283351,59986,207.12627521428573,31,187,6,0,22,196,6,0,25,2,197
2011-08-10 12:36:23,Normal,98,0,98,900671,16744,3768359,58891,524.3490016326531,39,56,3,0,6,87,4,1,12,1,84
2011-08-10 12:36:24,Attack,114,2,117,1135646,17667,4196207,60497,395.1443665726495,46,65,6,0,8,107,2,0,14,3,99
2011-08-10 12:36:25,Normal,213,0,213,1133251,22998,8669501,56360,367.4484159436619,39,167,7,0,37,168,5,3,35,0,175
2011-08-10 12:36:26,Normal,155,0,155,913536,8709,5346811,42660,300.93827647096776,44,103,8,0,34,117,4,0,44,2,109
2011-08-10 12:36:27,Attack,128,0,129,1023409,4925,5588668,51149,383.1874860930232,43,76,10,0,7,120,2,0,11,1,117
2011-08-10 12:36:28,Attack,75,3,80,944663,15475,2792822,50003,445.6532387125,27,49,4,0,15,63,2,0,9,2,69
2011-08-10 12:36:29,Attack,88,0,89,879637,2858,3640561,33036,364.8264227191011,31,50,8,0,17,71,1,0,18,0,71
2011-08-10 12:36:30,Attack,163,0,166,929837,21580,6507399,11572,457.7948739518072,32,125,9,0,54,98,13,1,67,2,96
2011-08-10 12:36:31,Attack,113,0,116,1324736,17493,3971638,52204,563.7226613793104,36,70,10,0,18,95,3,0,17,1,98
2011-08-10 12:36:32,Attack,174,3,178,1117432,24538,6367011,42792,356.351454758427,21,149,8,0,65,101,12,0,68,0,110
2011-08-10 12:36:33,Attack,154,0,157,1495550,7085,5906235,53170,351.72906122292994,39,110,8,0,30,108,19,0,38,3,116
2011-08-10 12:36:34,Attack,121,0,122,1211742,30183,4510083,13363,688.1877909180329,36,83,3,0,26,84,12,0,28,0,94
2011-08-10 12:36:35,Normal,107,24,131,1102928,17781,4886179,65902,327.1686519160305,53,72,6,0,10,118,3,0,12,2,117
2011-08-10 12:36:36,Attack,118,0,119,926273,3530,4166081,4071,362.57335053781503,39,71,8,0,9,102,7,0,20,1,96
2011-08-10 12:36:37,Normal,110,0,110,1062490,37071,3995365,14134,386.69255228181817,35,67,8,0,18,88,4,0,25,1,84
2011-08-10 12:36:38,Attack,96,5,102,784927,18585,2912073,32113,677.052611117647,34,59,9,0,24,70,7,1,29,0,72
2011-08-10 12:36:39,Normal,117,0,117,1136352,3751,4206405,42803,552.8980512307693,31,77,9,0,12,99,6,0,10,3,104
2011-08-10 12:36:40,Normal,111,3,114,1320208,21468,4494143,45854,387.4798751140351,32,67,15,0,19,91,2,2,12,3,99
2011-08-10 12:36:41,Attack,93,0,94,658673,16822,3643262,63075,353.9064832659574,34,54,6,0,5,89,0,0,13,0,81
2011-08-10 12:36:42,Attack,97,3,104,891252,3275,3617488,53036,414.5617319807692,30,67,7,0,11,88,5,0,27,1,76
2011-08-10 12:36:43,Normal,151,3,154,1199862,19063,6014183,48263,402.0291132337662,48,101,5,0,29,123,2,0,41,4,109
2011-08-10 12:36:44,Attack,140,0,143,1053596,10950,5536654,46123,335.61076076923075,38,99,6,0,35,97,10,1,41,4,98
2011-08-10 12:36:45,Attack,108,4,113,1272121,18662,3921321,32816,577.3118044247788,49,60,4,0,12,99,2,0,9,2,102
2011-08-10 12:36:46,Normal,115,1,116,1186183,16541,4539898,23223,463.6900673189655,40,70,6,0,11,99,6,0,12,4,100
2011-08-10 12:36:47,Normal,116,3,119,877252,5022,4626497,60490,350.2290771092437,34,76,9,0,19,92,8,0,22,3,93
2011-08-10 12:36:48,Attack,94,1,96,840427,3791,3591896,56813,667.3115671562499,32,52,12,0,9,84,3,0,11,1,84
2011-08-10 12:36:49,Attack,94,3,103,1158272,3216,3818509,58972,381.7374622038835,34,61,8,0,18,78,7,0,18,1,84
2011-08-10 12:36:50,Attack,169,0,170,1342964,7934,7541680,52688,358.106718917647,35,130,5,0,45,121,4,0,40,2,128
2011-08-10 12:36:51,Attack,158,0,161,1246250,6075,6826427,51861,248.25640817391303,36,121,4,0,30,126,5,0,22,1,138
2011-08-10 12:36:52,Attack,137,3,141,1303275,18445,5658616,44277,436.4051778865248,41,93,7,0,20,118,3,0,32,1,108
2011-08-10 12:36:53,Attack,118,0,120,1153897,17798,4812557,15971,524.8012665833334,48,65,7,0,15,102,3,0,19,1,99
2011-08-10 12:36:54,Attack,110,0,112,1125949,3857,4451252,46182,414.0380949196429,24,84,4,0,24,85,3,0,14,2,95
2011-08-10 12:36:55,Attack,118,0,126,1210949,54329,3934546,851,427.9301748730158,34,84,8,0,35,84,7,0,39,1,86
2011-08-10 12:36:56,Normal,111,0,111,904266,17418,4244749,11673,283.92283985585584,35,73,3,0,9,91,11,0,20,2,89
2011-08-10 12:36:57,Attack,112,0,114,1618177,16169,4505622,27310,483.4619100964913,39,69,6,0,26,86,2,0,18,2,94
2011-08-10 12:36:58,Normal,121,0,121,1460778,16299,4477819,20215,372.7881068429752,46,62,13,0,9,111,1,0,6,1,114
2011-08-10 12:36:59,Normal,147,3,150,1858154,5110,5870263,45394,517.0260238733334,45,98,7,0,37,109,4,0,26,1,123
2011-08-10 12:37:00,Normal,250,0,250,1280422,10200,11988884,59639,221.83659717199998,37,203,10,0,8,240,2,0,15,2,233
2011-08-10 12:37:01,Normal,129,0,129,1001730,7303,4231111,60622,281.8646456899225,24,95,10,0,16,103,10,0,37,0,92
2011-08-10 12:37:02,Attack,139,3,143,1837839,56132,6283078,59186,552.7438645384615,24,109,10,0,29,106,8,0,9,1,133
2011-08-10 12:37:03,Attack,77,0,80,977442,1430,2844790,2160,396.3828356125,40,34,6,0,11,68,1,0,7,1,72
2011-08-10 12:37:04,Normal,100,0,100,1082852,5710,3814872,40465,338.42941959999996,36,61,3,0,15,81,4,0,10,3,87
2011-08-10 12:37:05,Attack,94,0,95,1197686,16361,3765195,46259,542.2260778,36,55,4,0,11,78,6,0,5,3,87
2011-08-10 12:37:06,Normal,95,3,98,1080804,17042,3594322,14240,588.0434492142857,34,57,7,0,10,82,5,1,9,2,87
2011-08-10 12:37:07,Attack,96,0,97,1251665,16832,3696384,60477,599.4001676907217,32,54,11,0,10,83,4,0,6,4,87
2011-08-10 12:37:08,Attack,85,0,86,568729,16798,2741281,5990,300.67741469767446,29,51,6,0,10,76,0,0,12,1,73
2011-08-10 12:37:09,Normal,184,0,184,1967240,20394,6455927,34226,484.8095492717392,49,128,7,0,41,133,10,0,31,2,151
2011-08-10 12:37:10,Attack,110,3,116,1319968,54212,4580932,59695,305.81344906896555,24,85,7,0,27,84,5,0,19,1,96
2011-08-10 12:37:11,Attack,109,0,110,983223,4478,4022365,49738,294.15568329090905,35,71,4,0,18,87,5,0,18,0,92
2011-08-10 12:37:12,Attack,118,3,122,1241239,3830,5148437,50264,490.89405213114753,45,72,5,0,19,99,4,0,16,0,106
2011-08-10 12:37:13,Attack,197,0,199,718369,19577,9460904,4267,198.9288308643216,41,147,11,0,51,142,6,0,65,0,134
2011-08-10 12:37:14,Attack,100,0,101,1154097,3585,4032286,51342,553.5414327326732,44,55,2,0,12,83,6,0,18,2,81
2011-08-10 12:37:15,Attack,84,1,86,803079,3547,3157261,56322,469.8402454767442,35,44,7,0,4,78,4,0,13,2,71
2011-08-10 12:37:16,Attack,108,1,110,913274,17558,3583790,16266,443.79018213636374,37,70,3,0,9,93,8,0,19,5,86
2011-08-10 12:37:17,Attack,94,0,95,779120,17657,3361834,18895,339.36562362105263,38,55,2,0,13,81,1,0,16,3,76
2011-08-10 12:37:18,Attack,103,3,109,1030137,16902,4023288,59335,498.99115494495413,36,63,10,0,11,93,5,0,16,2,91
2011-08-10 12:37:19,Normal,144,0,144,923784,20575,5885109,32442,271.3874454236111,34,98,12,0,44,91,9,0,56,3,84
2011-08-10 12:37:20,Attack,115,0,116,1317657,5195,4070693,3299,482.5270402155173,37,70,9,0,24,91,1,0,18,2,96
2011-08-10 12:37:21,Normal,110,5,115,922220,4701,4149433,61194,481.8162010782609,38,71,6,0,14,97,4,0,17,2,95
2011-08-10 12:37:22,Normal,103,3,106,765427,17956,4480121,24190,328.1353223773585,26,72,8,0,11,90,5,0,12,1,93
2011-08-10 12:37:23,Normal,114,0,114,660187,18432,4606495,3475,253.93246465789468,34,74,6,0,8,98,6,2,16,1,95
2011-08-10 12:37:24,Attack,121,0,122,800171,4783,5173500,51914,394.8110291065573,29,84,9,0,6,115,1,0,6,2,114
2011-08-10 12:37:25,Normal,94,0,94,602422,17218,3679478,7394,542.5827052765957,24,63,7,0,7,83,3,1,6,0,86
2011-08-10 12:37:26,Attack,93,1,95,754991,2939,3686119,46034,532.3133017157895,38,50,7,0,6,86,2,1,12,1,81
2011-08-10 12:37:27,Normal,99,3,102,681011,17665,4164005,61563,491.56919695098026,35,58,9,0,4,92,6,0,12,1,89
2011-08-10 12:37:28,Normal,119,0,119,1002421,17299,4595710,2540,267.1501384033613,42,70,7,0,7,108,4,0,8,2,109
2011-08-10 12:37:29,Normal,169,5,174,896669,8262,6632195,62760,167.0225603333334,40,123,11,0,19,138,17,0,44,1,129
2011-08-10 12:37:30,Normal,131,0,131,765244,6161,5314686,33223,337.81507341221374,28,95,8,0,12,112,7,0,16,2,113
2011-08-10 12:37:31,Attack,212,0,214,686727,12104,10241894,40651,221.5620794906542,40,168,6,0,7,198,9,0,23,2,189
2011-08-10 12:37:32,Attack,109,3,113,718449,5665,4370477,4881,277.4465919115044,32,75,6,0,7,101,4,1,14,1,97
2011-08-10 12:37:33,Attack,76,0,79,724816,16027,2756039,59269,244.67182102531646,23,50,6,0,8,67,4,0,14,2,63
2011-08-10 12:37:34,Attack,91,0,92,1110028,15637,3211725,21902,518.9969221413045,33,51,8,0,11,79,2,0,10,1,81
2011-08-10 12:37:35,Attack,143,0,146,1219902,21544,5850667,41897,313.557753,44,95,7,0,14,120,12,0,29,3,113
2011-08-10 12:37:36,Attack,93,0,96,781378,3593,3883869,50739,452.18395209374995,29,61,6,0,10,82,4,0,14,2,80
2011-08-10 12:37:37,Normal,93,0,93,971015,2893,3408500,54319,462.43772459139785,20,65,8,0,6,83,4,0,8,2,82
2011-08-10 12:37:38,Normal,96,0,96,1089335,16187,3410962,61344,505.0035923020834,26,62,8,0,14,80,2,0,9,1,84
2011-08-10 12:37:39,Attack,83,2,86,995947,2096,3100273,34026,538.2450343953489,29,54,3,0,11,69,6,0,11,1,73
2011-08-10 12:37:40,Normal,111,31,142,963995,19872,5196254,2367,338.76713515492963,29,110,3,0,19,114,9,0,34,1,107
2011-08-10 12:37:41,Normal,96,4,100,909632,4458,3387839,3473,395.47818805,47,47,6,0,9,91,0,0,22,3,75
2011-08-10 12:37:42,Normal,97,3,100,901683,4375,4051283,2733,447.30250909999995,33,53,14,0,6,84,10,0,11,2,85
2011-08-10 12:37:43,Normal,94,0,94,830044,17103,3462542,2068,509.96851245744676,42,43,9,0,1,90,3,0,8,1,84
2011-08-10 12:37:44,Normal,77,0,77,1011891,1737,2315783,3652,588.3072774285714,40,26,11,0,7,69,1,0,5,4,68
2011-08-10 12:37:45,Attack,107,0,108,1125039,17446,4027799,20070,526.8239630740741,33,68,7,0,11,94,3,0,20,0,87
2011-08-10 12:37:46,Normal,104,0,104,909082,3605,3887938,49909,394.79072968269236,39,56,9,0,9,92,3,0,20,2,82
2011-08-10 12:37:47,Attack,140,0,142,1309725,19027,4617924,25388,509.8245281056338,45,89,8,0,12,127,3,0,19,2,121
2011-08-10 12:37:48,Normal,103,0,103,1281397,6747,3555536,3604,752.8090501165049,44,56,3,0,19,79,5,0,11,2,88
2011-08-10 12:37:49,Normal,117,0,117,1815632,25314,3547630,14472,826.1185100598292,38,70,9,0,23,87,7,0,9,3,103
2011-08-10 12:37:50,Normal,119,0,119,1334971,17546,4500868,58804,546.2736765966387,40,73,6,0,36,82,1,0,30,2,87
2011-08-10 12:37:51,Normal,120,0,120,1343783,4078,4329581,53685,656.9783536499999,37,76,6,1,31,84,4,1,22,2,95
2011-08-10 12:37:52,Attack,80,3,88,979442,1864,2769900,21853,591.8891997954546,34,46,6,0,14,70,2,0,16,5,65
2011-08-10 12:37:53,Attack,139,0,140,906147,18894,4950463,41776,355.9918042285714,32,93,15,0,13,111,16,0,31,0,108
2011-08-10 12:37:54,Attack,104,1,107,1284584,3638,3674627,56597,488.3416595794393,38,57,12,0,21,82,4,0,21,2,83
2011-08-10 12:37:55,Attack,91,0,93,734906,16869,3634235,53699,500.75600593548376,32,52,9,0,10,80,3,0,23,0,70
2011-08-10 12:37:56,Attack,119,0,120,1351487,18327,4143650,18052,666.8494193666666,43,65,12,0,12,105,3,0,8,4,106
2011-08-10 12:37:57,Normal,86,1,87,872553,16976,3096522,37597,439.0278500574712,32,52,3,0,13,71,3,0,18,1,67
2011-08-10 12:37:58,Normal,105,0,105,1407460,52579,3902100,14912,476.1790575523809,42,55,8,0,12,93,0,0,14,4,86
2011-08-10 12:37:59,Normal,119,0,119,1384688,3355,4407775,47995,520.3572308235294,39,70,10,0,22,94,3,0,17,2,100
2011-08-10 12:38:00,Attack,105,5,111,1069428,36139,4165144,61276,288.6242344054054,35,69,7,0,22,84,5,0,23,2,85
2011-08-10 12:38:01,Normal,102,1,103,1018816,3881,3956637,32904,656.523881631068,38,59,6,0,15,86,2,0,14,3,86
2011-08-10 12:38:02,Normal,114,3,117,753425,19030,4705156,46233,445.8094296068376,41,68,8,0,5,110,2,0,12,1,104
2011-08-10 12:38:03,Normal,147,0,147,588904,5783,6881271,52160,288.315936462585,36,108,3,0,7,139,1,0,12,1,134
2011-08-10 12:38:04,Attack,155,0,157,884441,20697,6772898,23172,241.17393815923563,42,111,4,0,28,128,1,0,33,3,121
2011-08-10 12:38:05,Normal,96,0,96,704611,56744,4274935,13363,452.2834174375001,34,58,4,0,5,88,3,0,13,0,83
2011-08-10 12:38:06,Attack,117,0,119,744543,18076,4773829,46718,268.98716865546214,28,84,7,0,10,108,1,0,14,1,104
2011-08-10 12:38:07,Normal,117,0,117,998379,4133,4470824,59400,520.3408084017094,34,81,2,0,17,96,4,0,17,2,96
2011-08-10 12:38:08,Attack,128,0,129,763987,5915,5279954,1867,246.82904937984497,26,94,9,0,5,121,3,0,13,1,114
2011-08-10 12:38:09,Normal,156,0,156,736230,21888,6887178,32799,283.8265532307692,38,115,3,0,32,119,5,0,40,1,115
2011-08-10 12:38:10,Normal,133,0,133,981431,19124,5513218,13088,356.98041050375946,35,92,6,0,14,115,4,0,16,3,113
2011-08-10 12:38:11,Normal,109,3,112,713924,20362,4463394,29387,350.90553260714285,28,78,6,0,7,101,4,0,16,1,95
2011-08-10 12:38:12,Normal,116,9,125,830347,5862,4879208,58549,333.751786512,34,82,9,0,17,102,6,0,28,1,94
2011-08-10 12:38:13,Attack,118,0,120,1160282,5169,4527696,52946,359.7683965666667,52,65,3,0,12,106,2,0,23,5,91
2011-08-10 12:38:14,Attack,96,0,97,1016701,5277,3692042,56475,464.7461814226805,31,61,5,0,14,78,5,0,18,2,77
2011-08-10 12:38:15,Attack,96,0,98,996619,2928,3108829,5394,508.1713317959184,43,50,5,0,10,85,3,0,13,2,83
2011-08-10 12:38:16,Attack,150,3,154,963349,8731,6010240,5564,327.7356346168831,32,117,5,0,24,91,39,0,63,1,89
2011-08-10 12:38:17,Attack,113,0,119,1099496,17992,4334980,10370,290.9284757058824,40,71,8,0,18,97,4,0,21,0,97
2011-08-10 12:38:18,Attack,82,0,103,726045,4334,3129867,5501,430.85427453398046,28,72,3,0,6,75,22,0,13,2,88
2011-08-10 12:38:19,Attack,116,0,117,1082698,20419,4474356,50470,581.8109792905982,31,75,11,0,18,91,8,0,18,1,98
2011-08-10 12:38:20,Normal,110,3,113,1303460,5056,4568062,64754,270.46751525663717,42,67,4,0,20,86,7,0,19,2,92
2011-08-10 12:38:21,Attack,100,0,102,667073,4309,4142528,52438,349.96379522549023,36,59,7,0,5,93,4,0,18,0,83
2011-08-10 12:38:22,Normal,129,3,132,904064,19229,4888709,34277,418.8634089545455,50,77,5,0,15,103,14,0,33,0,98
2011-08-10 12:38:23,Normal,194,0,194,938544,9481,8784283,51928,163.08296986082473,43,142,9,0,18,169,5,2,24,1,167
2011-08-10 12:38:24,Normal,104,0,104,981305,3141,3688243,53452,533.7626872980769,39,55,10,0,11,92,0,1,15,1,87
2011-08-10 12:38:25,Attack,99,0,100,909948,17690,3287132,6947,567.3805064100001,51,45,4,0,11,83,5,1,18,1,78
2011-08-10 12:38:26,Normal,92,3,95,780295,7413,3565369,1839,617.9651785157895,36,48,11,0,8,85,1,1,14,1,79
2011-08-10 12:38:27,Attack,173,0,175,1217398,22809,6512424,46681,309.0977646,48,121,6,0,45,111,19,0,57,2,116
2011-08-10 12:38:28,Normal,90,0,90,842481,16707,3264761,62598,420.1019174000001,33,54,3,0,6,82,2,0,11,1,78
2011-08-10 12:38:29,Attack,64,0,65,661601,14898,2005360,28347,558.7611059384616,34,25,6,0,2,61,2,0,9,1,55
2011-08-10 12:38:30,Normal,114,4,118,893426,17969,4836085,43792,433.2744899999999,35,70,13,0,25,92,1,0,27,2,89
2011-08-10 12:38:31,Normal,82,3,85,967143,15523,2652136,11491,541.3386649764706,38,37,10,0,8,74,2,1,7,2,76
2011-08-10 12:38:32,Normal,108,3,111,999732,19684,4085287,38405,367.01589820720716,40,64,7,0,21,89,1,0,24,3,84
2011-08-10 12:38:33,Normal,115,5,120,1265456,3334,4462638,38665,594.76240405,45,70,5,0,16,102,2,0,9,2,108
2011-08-10 12:38:34,Attack,88,0,89,927765,3524,2822778,48506,540.1150611123595,37,47,5,0,14,74,1,0,18,1,68
2011-08-10 12:38:35,Attack,87,0,88,1083861,63531,2825540,13442,706.213665340909,28,54,6,0,17,69,2,0,11,1,76
2011-08-10 12:38:36,Attack,84,0,87,835521,2294,2637753,33568,574.8539016551725,37,41,9,0,15,71,1,0,16,1,70
2011-08-10 12:38:37,Attack,81,0,82,863099,15652,2838070,63417,489.8623022560975,34,41,7,0,8,74,0,0,6,2,74
2011-08-10 12:38:38,Normal,112,0,112,771981,18689,4425435,52131,276.60144320535716,35,71,6,0,7,105,0,0,15,0,96
2011-08-10 12:38:39,Normal,96,0,96,900532,18397,3618151,4080,572.8920154270834,43,47,6,0,5,86,5,0,15,0,81
2011-08-10 12:38:40,Attack,91,7,100,837057,18746,3868247,51111,376.98040513,31,59,10,0,10,83,7,0,17,1,82
2011-08-10 12:38:41,Normal,82,6,88,781227,38701,3157197,14134,383.85205376136366,31,51,6,0,9,73,5,1,11,1,76
2011-08-10 12:38:42,Attack,73,3,80,884701,14905,2838282,11740,388.62764004999997,35,36,9,0,10,68,2,0,10,2,68
2011-08-10 12:38:43,Normal,104,0,104,697297,17572,4023714,23539,454.1675832788462,34,64,6,0,2,101,1,0,8,2,94
2011-08-10 12:38:44,Normal,113,3,116,1039219,4891,3689894,40011,472.7279476810345,42,66,8,0,13,89,14,0,26,4,86
2011-08-10 12:38:45,Normal,98,0,98,938948,19478,3422237,42559,633.0257099693878,44,41,13,0,6,85,7,0,14,1,83
2011-08-10 12:38:46,Attack,94,0,95,933201,16215,3104240,24537,703.7185489052634,37,52,6,0,9,84,2,0,7,2,85
2011-08-10 12:38:47,Normal,67,0,67,995446,14921,2180650,35244,669.7361244626867,27,35,5,0,12,54,1,0,10,1,56
2011-08-10 12:38:48,Attack,87,0,88,899378,17842,3124341,46749,569.5259531250001,32,45,11,0,7,80,1,0,9,1,78
2011-08-10 12:38:49,Normal,96,0,96,944920,16423,3515566,63624,455.86794296874996,32,55,9,0,9,85,2,0,8,2,86
2011-08-10 12:38:50,Attack,86,0,87,1093220,15947,3011459,18019,649.0258185517241,38,46,3,0,14,69,4,0,12,2,72
2011-08-10 12:38:51,Attack,88,0,89,518686,5677,3335398,-1,442.0517046966292,27,55,7,0,12,75,2,0,16,1,72
2011-08-10 12:38:52,Normal,79,21,100,931702,2496,3706348,61593,441.24522235999996,30,60,10,0,9,88,3,0,9,2,89
2011-08-10 12:38:53,Normal,148,0,148,1182440,21100,3824798,19046,226.43335494594598,46,97,5,0,13,134,1,0,60,5,83
2011-08-10 12:38:54,Normal,89,3,92,1222060,5930,2867954,1541,578.5261742826087,37,48,7,0,18,74,0,0,14,3,74
2011-08-10 12:38:55,Attack,102,0,106,869881,17831,3355798,30025,413.2060811415094,38,66,2,0,13,90,3,0,15,3,88
2011-08-10 12:38:56,Attack,120,0,121,1099459,6172,4147546,3414,430.48602515702476,47,66,8,0,14,103,4,0,21,2,98
2011-08-10 12:38:57,Attack,148,0,149,749402,21598,6218950,35779,219.48206199328857,31,113,5,0,50,98,1,0,55,0,94
2011-08-10 12:38:58,Attack,103,1,108,987290,16847,3959125,27646,443.4437522222222,37,68,3,0,13,87,8,0,18,0,89
2011-08-10 12:38:59,Normal,88,3,91,1162543,2114,3181458,40538,465.5830807252747,39,47,5,0,12,78,1,0,11,3,77
2011-08-10 12:39:00,Normal,78,1,79,722713,15936,2605040,16208,587.9652954177216,32,41,6,0,4,75,0,0,9,1,69
2011-08-10 12:39:01,Attack,218,3,223,767539,10847,10968951,49007,207.41054014798203,35,182,6,0,11,210,2,0,13,0,210
2011-08-10 12:39:02,Normal,87,3,90,835170,16770,3540412,24836,408.2694623555556,29,53,8,0,9,79,2,0,12,1,77
2011-08-10 12:39:03,Attack,100,2,103,782402,11259,4075462,62831,381.4029013592234,33,65,5,0,9,91,3,0,11,2,90
2011-08-10 12:39:04,Normal,163,0,163,1369878,21118,6436110,29803,386.66999060736197,55,104,4,0,20,141,2,0,19,4,140
2011-08-10 12:39:05,Normal,93,0,93,880691,16175,3400966,51286,655.4330022688173,36,50,7,0,21,68,4,0,19,3,71
2011-08-10 12:39:06,Normal,152,0,152,740270,22404,6619464,11751,318.6972375592105,24,117,11,0,35,106,11,0,49,1,102
2011-08-10 12:39:07,Normal,112,0,112,1052216,16303,4687617,42354,404.6762417142857,41,59,12,0,7,105,0,0,10,2,100
2011-08-10 12:39:08,Normal,78,4,82,893064,2145,3047622,51262,555.286126304878,36,37,9,0,11,70,1,0,15,2,64
2011-08-10 12:39:09,Attack,110,0,111,831239,3991,4383539,50869,525.7820597297299,39,66,6,0,8,100,3,0,12,0,99
2011-08-10 12:39:10,Normal,108,0,108,783488,11027,3669164,3526,393.89458999074077,42,60,6,0,12,93,3,0,19,2,87
2011-08-10 12:39:11,Attack,140,0,142,1270791,19492,5667814,2901,713.9818192746477,34,99,9,0,19,117,6,0,24,2,116
2011-08-10 12:39:12,Attack,106,3,113,1246333,16044,4089925,46292,755.9508568495576,38,70,5,0,18,88,6,1,17,3,93
2011-08-10 12:39:13,Normal,192,0,192,1284631,21692,8228478,57147,274.288389796875,38,145,9,0,17,170,4,1,47,2,142
2011-08-10 12:39:14,Normal,120,0,120,961037,17454,4732470,20336,430.84892286666667,42,71,7,0,6,112,2,0,23,2,94
2011-08-10 12:39:15,Normal,91,0,91,1133559,15946,3031684,55284,491.8139055714286,37,50,4,0,9,79,3,0,7,2,82
2011-08-10 12:39:16,Attack,110,3,114,1009593,5547,4430811,22285,421.2834776842106,38,66,10,0,7,106,1,0,11,2,101
2011-08-10 12:39:17,Normal,139,0,139,1259586,24183,5675539,56137,407.10454473381293,47,79,13,0,24,110,5,0,40,1,98
2011-08-10 12:39:18,Attack,95,0,97,905109,16542,3288015,49235,398.78055315463916,28,62,7,0,17,75,5,0,23,0,74
2011-08-10 12:39:19,Attack,78,3,82,917634,15861,2534276,40086,273.39437273170734,20,55,7,0,27,54,1,0,24,0,58
2011-08-10 12:39:20,Normal,142,0,142,1086733,8649,5336647,3652,333.07373824647885,33,102,7,0,50,91,1,0,46,4,92
2011-08-10 12:39:21,Normal,100,0,100,1009936,2926,3465157,21325,318.86912853,28,71,1,0,25,75,0,0,20,5,75
2011-08-10 12:39:22,Attack,145,3,150,1696682,5955,4859236,63352,350.98468667333333,32,110,8,0,43,101,6,0,33,6,111
2011-08-10 12:39:23,Normal,126,3,129,1298751,17573,4136855,53989,348.40583989922476,44,72,13,0,25,99,3,2,26,7,94
2011-08-10 12:39:24,Attack,93,0,96,927788,4519,2948840,45833,254.68142642708335,23,69,4,0,21,70,5,0,25,5,66
2011-08-10 12:39:25,Normal,131,0,131,1146236,18038,4352383,32111,521.6372889618322,49,73,9,0,12,108,10,1,18,0,112
2011-08-10 12:39:26,Normal,109,0,109,837311,3238,4393950,55094,511.3738852110091,32,72,5,0,11,95,2,1,14,0,93
2011-08-10 12:39:27,Normal,163,0,163,1322954,7745,6259104,35143,420.3888408282209,48,104,11,0,20,136,7,0,24,2,136
2011-08-10 12:39:28,Normal,78,0,78,905397,16297,2463370,49299,539.5158669871795,38,36,4,0,11,62,5,0,12,1,65
2011-08-10 12:39:29,Normal,97,0,97,984493,16446,3398112,36160,475.3688489690722,34,55,8,0,10,82,5,0,13,3,81
2011-08-10 12:39:30,Attack,89,16,106,743487,7104,3622763,1857,358.1535950849056,31,67,8,0,11,89,5,1,26,3,75
2011-08-10 12:39:31,Attack,96,3,100,867819,17144,3742965,20953,516.8691664700001,39,56,5,0,7,84,9,0,20,1,79
2011-08-10 12:39:32,Attack,94,3,98,999670,16541,3460156,44238,518.3649784897959,36,52,10,0,10,81,6,1,10,2,86
2011-08-10 12:39:33,Attack,97,0,100,902829,3305,3664778,6348,606.10418575,38,52,10,0,11,85,4,0,18,2,80
2011-08-10 12:39:34,Normal,72,3,75,823937,3100,2719225,42146,632.1488525733333,35,30,10,0,7,68,0,0,13,1,60
2011-08-10 12:39:35,Attack,150,0,151,1142303,19136,4879306,47887,420.5247372384106,54,94,3,0,9,142,0,0,30,1,119
2011-08-10 12:39:36,Normal,106,0,106,939834,68803,3485197,46472,434.1305343867925,35,66,5,0,7,96,1,2,29,0,77
2011-08-10 12:39:37,Normal,97,0,97,1043325,3010,3541348,42516,627.2572098041237,46,41,10,0,8,88,1,0,13,1,83
2011-08-10 12:39:38,Normal,101,0,101,1105769,2194,3804408,51431,316.90040464356434,41,51,9,0,5,93,3,0,14,1,86
2011-08-10 12:39:39,Attack,89,2,93,1135128,17719,3230144,22910,521.3424661290322,40,45,8,0,15,71,7,0,23,1,69
2011-08-10 12:39:40,Attack,95,0,96,951359,42996,3745023,61855,615.181635625,38,54,4,0,7,86,3,0,12,1,82
2011-08-10 12:39:41,Normal,84,4,88,927812,2700,3048927,60817,582.1534882045454,33,47,8,0,10,78,0,0,11,2,75
2011-08-10 12:39:42,Normal,91,3,94,822521,4704,3103117,38196,410.6664183404254,33,57,4,0,13,79,2,0,18,2,74
2011-08-10 12:39:43,Attack,100,0,102,803146,4239,3590154,2043,381.6430739803921,41,55,6,0,10,92,0,0,14,0,88
2011-08-10 12:39:44,Normal,109,6,115,1269985,3649,4251607,47919,677.0231641130435,47,62,6,0,17,95,3,0,18,0,97
2011-08-10 12:39:45,Attack,176,0,177,697031,8617,7966086,64802,90.71343737288136,35,138,4,0,32,143,2,0,40,0,136
2011-08-10 12:39:46,Normal,155,0,155,977950,8303,6831502,52406,379.9127031935484,35,110,10,0,42,108,5,0,44,4,107
2011-08-10 12:39:47,Normal,223,0,223,909826,11406,10677145,54506,168.65552691928252,37,180,6,0,46,174,3,0,56,2,165
2011-08-10 12:39:48,Normal,113,2,115,1365739,4662,3954497,51569,575.9282848869567,43,63,9,0,23,88,4,0,21,2,92
2011-08-10 12:39:49,Normal,140,9,149,1504398,33534,5988666,11665,379.8300484966443,40,102,7,0,39,103,7,0,39,2,108
2011-08-10 12:39:50,Normal,117,0,117,1566808,31856,3916949,10775,605.9325033589744,51,59,7,0,11,99,7,0,15,1,101
2011-08-10 12:39:51,Attack,101,0,103,1056893,3683,3163954,50029,355.24871947572825,47,49,7,0,11,85,7,0,15,5,83
2011-08-10 12:39:52,Attack,124,3,128,902196,12634,3614226,28267,355.1644541015625,38,86,4,0,24,92,12,0,38,4,86
2011-08-10 12:39:53,Attack,159,0,161,1355522,22929,6139349,27566,487.5798355403726,37,111,13,0,52,103,6,0,47,2,112
2011-08-10 12:39:54,Attack,95,18,115,887672,4528,4240908,56207,412.8458389043478,43,61,11,0,11,103,1,0,15,0,100
2011-08-10 12:39:55,Normal,151,0,151,938065,21278,6365578,63869,333.2280290397351,40,107,4,0,28,119,4,0,27,1,123
2011-08-10 12:39:56,Attack,174,0,175,1042850,61841,7631774,15332,314.41255510285714,31,142,2,0,27,144,4,0,27,2,146
2011-08-10 12:39:57,Attack,129,0,130,1630708,4414,4374437,58093,516.2127364692308,34,93,3,0,27,99,4,0,16,2,112
2011-08-10 12:39:58,Normal,88,0,88,779674,4234,3453891,65356,670.3330359772727,34,48,6,0,13,72,3,0,16,0,72
2011-08-10 12:39:59,Normal,105,0,105,1074807,62565,4044551,66694,507.39757711428564,37,57,11,0,2,99,4,0,7,4,94
2011-08-10 12:40:00,Attack,101,0,102,1388341,15592,3322702,27255,791.4246850784317,49,42,11,0,16,82,4,0,12,0,90
2011-08-10 12:40:01,Attack,167,3,171,2142754,67462,6134391,49024,449.45316923976605,50,115,6,0,32,131,8,0,18,2,151
2011-08-10 12:40:02,Normal,101,3,104,1168409,18545,3713916,47937,664.3197818269231,35,57,12,0,12,87,5,0,14,1,89
2011-08-10 12:40:03,Normal,93,0,93,1245468,2166,3432572,55759,616.5805215376344,36,54,3,0,7,83,3,0,5,3,85
2011-08-10 12:40:04,Attack,95,0,97,1122271,16156,3416601,57157,500.1970665463917,42,49,6,0,7,88,2,0,6,2,89
2011-08-10 12:40:05,Normal,136,3,139,749534,18826,5319943,40749,298.6104703021583,36,95,8,0,10,124,5,0,14,2,123
2011-08-10 12:40:06,Attack,117,0,120,844691,4304,4364927,47567,340.0456518416667,30,79,11,0,8,108,4,0,16,1,103
2011-08-10 12:40:07,Attack,84,0,85,914455,15159,2883373,3624,653.6785833764707,43,35,7,0,8,75,2,0,8,1,76
2011-08-10 12:40:08,Normal,83,0,83,863344,3860,2811391,59383,390.41523328915656,38,39,6,0,9,71,3,0,11,3,69
2011-08-10 12:40:09,Normal,75,3,78,597199,15746,2694732,65872,394.05718525641026,27,44,7,0,5,73,0,0,10,1,66
2011-08-10 12:40:10,Normal,117,0,117,908106,19029,4907657,22435,330.65667541025647,38,73,6,0,33,76,8,0,38,3,76
2011-08-10 12:40:11,Normal,131,3,134,1432999,18069,4919714,28869,566.5697881716418,28,104,2,0,25,103,6,0,7,4,123
2011-08-10 12:40:12,Attack,153,3,157,1545569,18998,4779978,24555,362.64633932484077,49,97,11,0,26,122,9,0,34,4,118
2011-08-10 12:40:13,Normal,147,0,147,1176712,22583,5429521,44380,532.387722537415,49,91,7,0,24,119,4,0,30,1,116
2011-08-10 12:40:14,Attack,127,0,128,824943,5523,5266372,2954,254.26950139843748,39,82,7,0,18,105,5,0,22,0,106
2011-08-10 12:40:15,Attack,111,9,121,864928,5974,4634850,55720,379.20382427272733,36,75,10,0,14,104,3,0,19,1,101
2011-08-10 12:40:16,Normal,129,47,176,1106720,21899,7155552,32712,239.88950048295453,37,131,8,0,51,118,7,0,50,4,122
2011-08-10 12:40:17,Attack,129,34,167,941197,7657,6472084,55788,297.868854251497,37,124,6,0,41,117,9,0,48,1,118
2011-08-10 12:40:18,Attack,101,5,107,857521,18643,3526070,17170,376.82958489719624,33,63,11,0,25,80,2,0,31,2,74
2011-08-10 12:40:19,Normal,84,0,84,949308,1903,2798362,61464,686.8883570952381,42,32,10,0,8,76,0,0,6,1,77
2011-08-10 12:40:20,Normal,99,0,99,1067033,16737,3647359,54468,535.9809796969698,40,49,10,0,9,89,1,0,9,2,87
2011-08-10 12:40:21,Attack,137,0,138,2473607,16027,4373622,47068,554.8415282463768,59,70,9,0,23,109,6,0,15,5,117
2011-08-10 12:40:22,Normal,110,5,115,862998,18143,4449747,55166,476.79691497391303,34,75,6,0,14,96,5,0,19,1,95
2011-08-10 12:40:23,Normal,82,0,82,984658,1377,3087034,48168,530.3097960243902,41,37,4,0,4,73,3,2,6,3,71
2011-08-10 12:40:24,Normal,88,0,88,1034886,16281,3193069,6684,479.21175137499995,30,54,4,0,11,76,0,1,9,0,78
2011-08-10 12:40:25,Attack,93,0,94,899961,53547,3466127,49291,407.3283587765958,38,49,7,0,3,89,2,0,9,0,85
2011-08-10 12:40:26,Attack,91,0,92,1141753,61696,3088134,12047,641.4711220326087,32,55,5,0,14,73,3,2,9,2,79
2011-08-10 12:40:27,Attack,82,15,102,938352,3092,3794044,48983,369.1801611372549,35,60,7,0,7,90,5,0,10,1,91
2011-08-10 12:40:28,Attack,87,6,95,868441,16059,3147581,21323,302.5490940210526,37,47,11,0,6,88,1,0,8,0,87
2011-08-10 12:40:29,Normal,65,10,75,860394,16019,2440581,27058,622.1748737333331,31,37,7,0,10,64,1,0,8,2,65
2011-08-10 12:40:30,Normal,88,0,88,760611,14807,3195086,851,594.0887013636363,34,46,8,0,3,84,1,0,14,1,73
2011-08-10 12:40:31,Normal,153,0,153,1028927,8061,6154056,57191,300.2327604052288,40,104,9,0,6,147,0,0,41,1,111
2011-08-10 12:40:32,Normal,177,16,193,665309,23844,8605920,26574,168.47601098445597,27,164,2,0,10,178,5,0,26,1,165
2011-08-10 12:40:33,Normal,88,2,90,877904,15704,3438787,57842,349.06057157777775,38,41,11,0,4,86,0,0,18,1,70
2011-08-10 12:40:34,Normal,90,0,90,669986,17348,3496220,46031,283.8813075222222,28,53,9,0,6,84,0,0,18,0,72
2011-08-10 12:40:35,Attack,69,0,70,753851,15751,2426950,35386,652.3802790285715,39,27,4,0,6,64,0,0,7,1,61
2011-08-10 12:40:36,Attack,80,0,81,845818,2139,2940904,5593,487.5060826419753,33,44,4,0,6,74,1,0,7,1,73
2011-08-10 12:40:37,Normal,109,0,109,864200,5760,4394688,8092,395.9240704587156,33,67,9,0,6,102,1,0,11,3,94
2011-08-10 12:40:38,Attack,116,0,120,1160075,4734,4477914,46074,408.5340790333333,41,69,10,0,9,106,5,0,12,3,105
2011-08-10 12:40:39,Attack,114,0,117,879125,17846,4426782,52583,180.93426999999997,46,66,5,0,11,102,4,0,20,0,96
2011-08-10 12:40:40,Normal,100,0,100,985426,2890,4008641,51375,572.1047945099999,37,56,7,0,10,86,4,0,19,2,79
2011-08-10 12:40:41,Normal,103,0,103,781533,4756,3857782,61333,347.08452980582535,28,66,9,0,8,93,2,0,9,3,90
2011-08-10 12:40:42,Attack,132,3,136,1085112,34406,5681342,8090,396.9099971985294,37,83,16,0,19,101,16,0,24,0,112
2011-08-10 12:40:43,Normal,84,8,92,950600,18043,3153656,24469,436.43050096739137,34,47,11,0,8,82,2,0,8,2,82
2011-08-10 12:40:44,Normal,134,0,134,1259525,4847,4788396,51689,342.9687235746269,44,81,9,0,8,124,2,0,57,1,76
2011-08-10 12:40:45,Normal,95,0,95,917702,17865,3535141,41306,388.48865248421055,31,54,10,0,16,77,2,0,21,1,73
2011-08-10 12:40:46,Normal,94,0,94,830391,4521,3751499,48886,317.29299039361695,30,60,4,0,14,74,6,0,19,1,74
2011-08-10 12:40:47,Attack,117,0,118,976978,17653,4880818,60968,334.2222278305084,29,82,7,0,15,98,5,0,21,1,96
2011-08-10 12:40:48,Attack,92,0,94,1399017,16690,2649403,61229,670.1157513936171,34,51,9,0,20,70,4,0,11,0,83
2011-08-10 12:40:49,Attack,107,0,108,1113919,16921,4312601,22286,407.4510246759259,50,52,6,0,9,99,0,0,12,2,94
2011-08-10 12:40:50,Normal,83,0,83,1106061,15503,2822796,23939,604.5002379277108,44,30,9,0,11,71,1,0,11,0,72
2011-08-10 12:40:51,Normal,109,4,113,1297949,14866,3974633,1801,492.30816986725665,31,72,10,0,18,92,3,0,12,0,101
2011-08-10 12:40:52,Normal,134,3,137,2049755,10307,4407764,57526,396.13753364963503,40,93,4,0,43,89,5,0,26,6,105
2011-08-10 12:40:53,Normal,114,0,114,1058854,4364,4006231,42576,535.6878961929825,40,61,13,0,18,95,1,0,25,0,89
2011-08-10 12:40:54,Normal,101,0,101,826644,3779,3300292,53536,572.3362675940594,45,51,5,0,17,83,1,0,24,2,73
2011-08-10 12:40:55,Normal,95,0,95,935541,16885,3082549,13453,489.38674187368423,48,43,4,0,19,76,0,0,24,4,67
2011-08-10 12:40:56,Attack,153,0,159,1551384,5761,5408047,47866,644.0256063584907,46,99,14,0,34,115,10,0,35,2,121
2011-08-10 12:40:57,Attack,123,0,125,844084,5626,4795019,52026,521.701267904,44,66,15,0,15,109,1,0,26,1,98
2011-08-10 12:40:58,Normal,87,0,87,1003260,14988,3242484,54292,449.7656626091955,46,31,10,0,6,81,0,0,6,2,79
2011-08-10 12:40:59,Attack,116,0,122,802833,4704,5056443,55361,409.96886337704916,32,77,13,0,44,77,1,0,51,1,70
2011-08-10 12:41:00,Attack,232,0,233,1064624,24114,11229249,30361,208.5293334334764,33,197,3,0,17,213,3,0,19,1,213
2011-08-10 12:41:01,Normal,104,0,104,1071267,17093,3411315,64601,366.5426521634615,34,60,10,0,9,87,8,0,15,3,86
2011-08-10 12:41:02,Normal,144,8,152,1894642,7126,5271659,4544,375.0706127368421,39,107,6,0,28,112,12,0,43,2,107
2011-08-10 12:41:03,Normal,115,0,115,1337360,17060,4050271,65800,269.8564677565218,38,71,6,0,13,99,3,0,9,3,103
2011-08-10 12:41:04,Normal,102,0,102,883996,17609,3634905,1837,401.4514849019608,36,60,6,0,11,84,7,0,15,1,85
2011-08-10 12:41:05,Normal,105,0,105,1169597,15663,3725192,26488,643.5192110285716,53,37,15,0,3,101,1,0,7,1,97
2011-08-10 12:41:06,Normal,76,0,76,844300,15397,2874326,11508,564.8474881710526,37,34,5,0,2,73,1,0,4,1,71
2011-08-10 12:41:07,Attack,88,0,89,888005,16130,3108424,3035,459.8500193820224,34,47,8,0,5,80,4,0,9,2,78
2011-08-10 12:41:08,Attack,106,0,107,1257403,19956,3918877,58723,727.5943748317757,40,59,8,0,19,84,4,0,18,1,88
2011-08-10 12:41:09,Attack,78,0,82,604853,14809,2878216,32587,444.9841092195122,31,47,4,0,10,70,2,0,15,0,67
2011-08-10 12:41:10,Normal,100,0,100,854251,18100,3755992,65131,544.16230655,42,53,5,0,8,91,1,0,11,1,88
2011-08-10 12:41:11,Normal,117,0,117,904309,5916,3999742,50020,392.60529394017095,35,74,8,0,15,99,3,0,20,1,96
2011-08-10 12:41:12,Normal,128,3,131,884738,18925,5298502,3356,402.7818697099236,34,88,9,0,27,102,2,0,28,0,103
2011-08-10 12:41:13,Normal,118,4,122,902121,18174,4490251,34387,324.9405009672131,49,66,7,0,10,110,2,0,12,3,107
2011-08-10 12:41:14,Normal,104,0,104,1434910,15991,3297097,10370,648.4737741442308,40,52,12,0,15,87,2,0,10,3,91
2011-08-10 12:41:15,Normal,77,0,77,794860,15656,2351479,7548,504.97688327272726,31,37,9,0,13,61,3,0,17,4,55
2011-08-10 12:41:16,Normal,85,0,85,807625,16036,3309610,61990,455.9683934235294,32,46,7,0,11,74,0,0,9,1,74
2011-08-10 12:41:17,Attack,88,0,90,786156,16612,3102650,2488,642.932524411111,32,52,6,0,17,70,3,0,20,0,70
2011-08-10 12:41:18,Attack,91,0,96,816519,15702,3640829,49184,372.41179268749994,25,64,7,0,18,75,3,0,20,0,76
2011-08-10 12:41:19,Normal,107,0,107,949252,17791,3836052,56296,629.8226655794391,42,57,8,0,16,91,0,0,17,2,87
2011-08-10 12:41:20,Attack,111,4,116,999511,16471,4537304,64401,448.8175289137932,40,70,6,0,14,96,6,0,24,2,90
2011-08-10 12:41:21,Attack,102,7,110,965753,18063,4361838,39693,354.7979116363636,38,67,5,0,18,91,1,0,20,2,88
2011-08-10 12:41:22,Normal,106,5,111,791104,19248,4260927,7772,264.19962692792797,26,78,7,0,17,91,3,0,53,0,58
2011-08-10 12:41:23,Normal,121,0,121,1177900,39231,4590798,2495,415.112543768595,47,68,6,0,15,99,6,1,24,1,95
2011-08-10 12:41:24,Normal,87,2,89,833563,15727,3529713,38272,454.08991713483147,37,49,3,0,12,75,2,0,11,1,77
2011-08-10 12:41:25,Normal,99,0,99,1392373,15765,3404639,41053,710.0785979696971,39,48,12,0,18,76,3,2,9,2,85
2011-08-10 12:41:26,Normal,96,0,96,920667,16585,3633083,2938,465.0422194375,41,50,5,0,14,80,1,1,14,1,79
2011-08-10 12:41:27,Attack,114,0,115,1297248,3095,4354748,58512,502.3199870869565,60,46,9,0,18,95,2,0,21,3,91
2011-08-10 12:41:28,Attack,99,0,100,991577,17160,3644244,65228,510.05066186999994,39,53,8,0,18,81,1,0,16,2,82
2011-08-10 12:41:29,Attack,121,0,122,1138232,18737,4403334,12857,618.2886645655739,43,70,9,0,18,102,2,0,19,1,102
2011-08-10 12:41:30,Attack,81,0,82,1166341,14505,2787827,18515,624.0127990609756,43,32,7,0,8,72,2,0,10,0,72
2011-08-10 12:41:31,Normal,114,0,114,1316788,16612,4277740,23742,785.724722631579,40,65,9,0,23,88,2,1,13,0,100
2011-08-10 12:41:32,Normal,108,6,114,933859,17514,4391488,2703,480.1761968245614,37,67,10,0,11,99,4,0,19,2,93
2011-08-10 12:41:33,Attack,99,0,100,709563,14766,3779508,6635,644.29187212,47,51,2,0,2,98,0,0,5,1,94
2011-08-10 12:41:34,Normal,133,0,133,1063609,6422,5037988,37790,431.46295827819546,35,90,8,0,22,102,9,0,32,4,97
2011-08-10 12:41:35,Normal,140,0,140,1071422,19458,5571733,13787,513.0704264785714,35,100,5,0,17,114,8,1,19,1,120
2011-08-10 12:41:36,Normal,75,0,75,590588,15504,2908526,35795,737.4223758,32,37,6,0,5,69,1,0,5,0,70
2011-08-10 12:41:37,Attack,116,1,121,746302,19865,4616268,30676,451.90065055371906,30,87,4,0,41,78,2,0,43,2,76
2011-08-10 12:41:38,Attack,107,0,111,750794,17592,4034921,46819,611.1320786396398,35,69,7,0,7,102,2,0,23,0,88
2011-08-10 12:41:39,Attack,140,0,145,1742711,5849,4040295,54559,699.3322682068965,38,98,9,0,36,102,7,0,26,2,117
2011-08-10 12:41:40,Normal,58,2,60,742701,16480,2083656,21797,828.6601132500001,27,28,5,0,6,54,0,0,6,0,53
2011-08-10 12:41:41,Normal,87,0,87,865621,15412,3685114,60879,621.6404192873564,37,45,5,0,7,78,2,0,9,1,76
2011-08-10 12:41:42,Attack,113,5,120,1272039,17667,4345473,54728,585.3240978749999,34,77,8,0,21,90,7,1,22,1,96
2011-08-10 12:41:43,Attack,111,3,115,1236418,17372,4519745,43373,359.33844319130435,47,65,3,0,20,90,3,2,22,1,92
2011-08-10 12:41:44,Normal,80,0,80,846662,2770,3028503,40531,471.12471786250006,21,55,4,0,6,71,3,0,7,1,72
2011-08-10 12:41:45,Normal,95,13,108,864043,16512,4055516,32886,293.27510495370376,36,63,9,0,7,99,2,0,10,2,95
2011-08-10 12:41:46,Attack,72,2,75,813438,16612,2537725,4661,659.9812665200001,34,31,10,0,6,66,3,0,7,2,66
2011-08-10 12:41:47,Normal,105,2,107,870394,17293,4305184,59180,435.2129838317757,43,55,9,0,7,98,2,0,15,2,90
2011-08-10 12:41:48,Attack,85,0,93,885610,4379,3223979,51845,466.81896160215064,41,46,6,0,7,81,5,0,16,1,76
2011-08-10 12:41:49,Attack,123,0,124,1022373,16996,4648348,19313,436.7568850483872,38,80,6,0,12,109,1,2,7,4,112
2011-08-10 12:41:50,Normal,102,0,102,1555895,45228,3386145,15074,532.141587117647,41,51,10,0,19,79,4,0,13,3,86
2011-08-10 12:41:51,Attack,70,0,74,850164,14395,2592111,9750,680.1282545270271,35,33,6,0,6,67,1,0,8,0,65
2011-08-10 12:41:52,Normal,117,3,120,1368311,17870,4444744,39169,580.9792937000001,41,74,5,0,30,87,3,0,16,1,103
2011-08-10 12:41:53,Normal,116,0,116,1329147,62713,4008216,17218,419.96008760344836,36,70,10,0,14,96,6,0,11,5,99
2011-08-10 12:41:54,Normal,111,0,111,1191855,29781,3666927,12012,532.8670087207207,42,63,6,0,14,90,7,0,13,5,93
2011-08-10 12:41:55,Attack,108,0,109,918230,3386,3849212,58124,383.7100410825688,31,74,4,0,9,95,5,0,11,2,96
2011-08-10 12:41:56,Normal,79,0,79,1088621,15248,2756835,49164,643.9623587974684,38,30,11,0,11,66,2,0,7,1,71
2011-08-10 12:41:57,Normal,82,0,82,713407,32678,2937561,13362,609.7641023902439,40,35,7,0,3,76,2,1,5,0,76
2011-08-10 12:41:58,Attack,99,0,100,918182,16053,3727967,64566,663.07703114,43,44,13,0,9,91,0,0,9,0,91
2011-08-10 12:41:59,Attack,136,0,139,853777,19139,5495962,41310,532.2744839064749,41,86,12,0,22,110,7,0,45,1,93
2011-08-10 12:42:00,Attack,79,0,81,669793,15272,3284243,10785,824.8589824320986,29,47,5,0,12,64,3,2,13,0,67
2011-08-10 12:42:01,Normal,117,0,117,1136167,17520,4410319,52845,389.1550610940171,48,59,10,0,10,104,1,2,25,1,91
2011-08-10 12:42:02,Normal,118,12,130,1134063,26693,4883439,14985,434.92585295384623,40,86,4,0,15,104,11,0,30,2,98
2011-08-10 12:42:03,Attack,89,0,90,1131961,16593,3149013,3163,606.4205262999999,39,46,5,0,10,77,3,0,13,0,77
2011-08-10 12:42:04,Normal,111,0,111,1253823,3048,4158927,58961,578.3500468738739,36,68,7,0,11,98,2,0,8,2,101
2011-08-10 12:42:05,Normal,105,0,105,1266755,15086,3490097,25673,562.0423035809524,40,55,10,0,12,92,1,0,21,1,83
2011-08-10 12:42:06,Normal,77,0,77,1035400,16932,2702085,18588,499.56893283116887,36,39,2,0,12,62,3,0,12,0,65
2011-08-10 12:42:07,Attack,102,0,104,1010042,18946,3445494,52608,343.4192155576923,32,64,8,0,15,87,2,0,17,3,84
2011-08-10 12:42:08,Normal,83,0,83,1201637,14787,2938821,51740,747.1396698192771,46,33,4,0,5,75,3,0,10,2,71
2011-08-10 12:42:09,Attack,88,0,90,822935,16141,3091575,24120,391.4769414222222,27,51,12,0,7,81,2,0,10,2,78
2011-08-10 12:42:10,Normal,81,0,81,852388,14848,2876575,43147,488.75659271604934,36,37,8,0,6,75,0,0,7,1,73
2011-08-10 12:42:11,Normal,89,0,89,1042221,5068,3577389,8667,539.0759371460674,34,45,10,0,10,76,3,0,14,2,73
2011-08-10 12:42:12,Attack,91,3,100,986084,3403,3418193,55303,417.42416469000005,30,66,4,0,14,81,5,0,19,3,77
2011-08-10 12:42:13,Attack,100,0,101,1217523,15504,3506655,42872,596.4544838712872,38,55,8,0,12,87,2,0,7,2,92
2011-08-10 12:42:14,Normal,119,0,119,938906,17498,4338961,21860,418.45144447899156,34,79,6,0,21,98,0,0,17,3,99
2011-08-10 12:42:15,Normal,88,2,90,900134,20169,3360805,60589,402.2924739666667,28,57,5,0,21,64,5,0,23,3,63
2011-08-10 12:42:16,Attack,86,0,87,609532,7936,3016711,53591,291.93239724137925,26,54,7,0,10,73,3,1,20,2,65
2011-08-10 12:42:17,Normal,96,0,96,1113464,2327,3250236,43537,549.9011068750001,29,56,11,0,15,79,2,0,13,1,82
2011-08-10 12:42:18,Normal,92,0,92,930775,3481,3194616,51759,690.8572845217392,30,51,11,0,7,81,4,0,11,1,80
2011-08-10 12:42:19,Normal,85,0,85,947285,2442,3394291,53957,468.0885166705883,47,33,5,0,5,80,0,0,4,0,81
2011-08-10 12:42:20,Attack,101,0,107,894470,4916,3917126,58470,507.4670304485982,36,62,9,0,10,93,4,0,13,1,93
2011-08-10 12:42:21,Attack,94,0,95,994355,16923,3480974,35837,469.4272862315788,28,56,11,0,9,74,12,0,23,1,70
2011-08-10 12:42:22,Normal,107,3,110,864737,17190,4756256,36917,406.37507994545456,33,71,6,0,25,81,4,0,29,0,81
2011-08-10 12:42:23,Attack,94,0,95,1271022,16176,3558436,51969,608.4954639157894,43,46,6,0,12,81,1,1,13,1,78
2011-08-10 12:42:24,Attack,87,0,88,859019,2259,2876178,45448,454.455496125,33,47,8,0,10,74,4,0,13,2,73
2011-08-10 12:42:25,Normal,101,0,101,1148110,17359,3981668,9799,484.7036278613862,31,62,8,0,13,85,1,2,8,1,90
2011-08-10 12:42:26,Normal,104,0,104,1241217,9191,3619870,15674,403.30511783653844,36,63,5,0,17,83,4,0,13,5,86
2011-08-10 12:42:27,Normal,98,0,98,918375,18147,3398719,57725,422.5622153163265,39,53,6,0,18,76,3,1,19,2,76
2011-08-10 12:42:28,Attack,105,0,106,1401249,16896,3711925,51835,819.1130069433962,34,64,8,0,16,84,6,0,12,3,91
2011-08-10 12:42:29,Normal,151,0,151,1235481,9766,3866062,47933,274.2328335827815,37,109,5,0,76,71,4,0,79,4,68
2011-08-10 12:42:30,Normal,100,0,100,929418,17701,3504317,56440,422.85154670000003,43,47,10,0,5,92,2,1,11,2,85
2011-08-10 12:42:31,Normal,120,0,120,930368,17984,3048952,62135,445.6887954916666,37,71,12,0,10,100,10,0,20,2,98
2011-08-10 12:42:32,Normal,126,3,129,1724843,3971,3899350,46079,738.907152,41,82,6,0,33,88,8,0,25,2,102
2011-08-10 12:42:33,Attack,138,3,144,1074943,5570,4719102,2009,439.7041078958333,45,90,9,0,26,112,6,0,36,1,107
2011-08-10 12:42:34,Attack,99,0,101,856074,3523,3181155,1939,462.71256859405946,29,63,9,0,16,83,2,0,24,1,76
2011-08-10 12:42:35,Normal,125,0,125,991665,18761,5047315,56227,391.24715732000004,43,68,14,0,9,113,3,0,11,0,113
2011-08-10 12:42:36,Normal,1353,0,1353,34376187,16364,18503407,56467,2098.91904810643,1276,70,7,0,35,1317,1,0,1245,24,80
2011-08-10 12:42:37,Attack,97,0,98,1042273,16841,3588106,15704,441.9906906734694,33,56,9,0,17,79,2,0,13,3,82
2011-08-10 12:42:38,Normal,91,0,91,869694,17127,3282615,7914,405.8605557802197,33,49,9,0,6,84,1,0,10,3,78
2011-08-10 12:42:39,Normal,105,0,105,915530,16299,3961195,59957,655.0049520476191,37,61,7,0,9,96,0,0,6,2,97
2011-08-10 12:42:40,Normal,107,0,107,1018860,16434,3498633,60295,428.6939183925234,36,65,6,0,6,97,4,0,5,4,98
2011-08-10 12:42:41,Attack,80,0,84,1024506,2671,2921155,2801,621.1493460119048,35,42,7,0,12,69,3,0,20,2,62
2011-08-10 12:42:42,Attack,100,3,105,1260955,16874,3843403,65806,335.6147039238095,37,58,10,0,22,82,1,0,15,2,88
2011-08-10 12:42:43,Normal,98,0,98,877207,17313,3406519,8349,498.34490883673476,28,60,10,0,12,83,3,0,15,1,82
2011-08-10 12:42:44,Attack,112,0,114,1458118,18330,3741029,35139,576.4290472982455,44,65,5,0,14,95,5,0,14,3,97
2011-08-10 12:42:45,Attack,112,0,114,926113,17716,4562457,55009,427.32652543859655,40,66,8,0,12,99,3,0,18,0,95
2011-08-10 12:42:46,Attack,172,0,173,1259915,20392,6742265,52737,408.28043780924855,34,134,5,0,12,157,4,0,8,1,164
2011-08-10 12:42:47,Normal,125,0,125,1130418,19896,4566507,52264,554.256203552,50,72,3,0,8,112,5,0,27,1,97
2011-08-10 12:42:48,Normal,95,0,95,634370,19509,3975186,12267,384.0781078526315,33,55,7,0,12,83,0,0,20,0,75
2011-08-10 12:42:49,Attack,98,0,99,1014015,15737,3728119,59564,760.7740126060605,36,42,21,0,9,90,0,0,12,0,87
2011-08-10 12:42:50,Normal,106,0,106,879865,16939,4025168,41101,611.7315129245284,31,70,5,0,4,99,3,0,11,2,93
2011-08-10 12:42:51,Normal,72,2,74,653963,14744,2427784,24258,500.31195528378396,37,34,3,0,3,71,0,0,5,1,68
2011-08-10 12:42:52,Normal,95,3,98,896168,17581,3270535,58848,486.98737874489797,38,54,6,0,16,79,3,0,17,1,80
2011-08-10 12:42:53,Normal,70,0,70,812935,3695,1997093,19639,642.9843257,27,37,6,0,9,60,1,0,10,2,58
2011-08-10 12:42:54,Attack,99,0,105,1036243,16900,3598510,61296,562.7693679238096,32,64,9,0,10,90,5,0,14,1,90
2011-08-10 12:42:55,Attack,109,0,110,1577734,15945,3707104,29800,714.6075190363634,39,70,1,0,25,85,0,0,9,2,99
2011-08-10 12:42:56,Normal,107,0,107,1139683,16717,3743423,60761,380.62335189719624,34,68,5,0,13,90,4,0,13,3,91
2011-08-10 12:42:57,Normal,86,0,86,866548,16106,3064759,50777,588.2229619651165,34,47,5,0,8,78,0,0,10,3,72
2011-08-10 12:42:58,Attack,93,0,94,1225611,15602,3533354,37467,600.7910273404256,44,43,7,0,11,81,2,0,9,2,83
2011-08-10 12:42:59,Normal,91,0,91,792118,16000,3135816,58272,431.5407746373627,38,43,10,0,7,83,1,0,7,1,83
2011-08-10 12:43:00,Normal,75,0,75,913391,14690,2596237,16329,580.9883836666667,33,38,4,0,6,66,3,0,5,2,68
2011-08-10 12:43:01,Normal,236,6,242,644648,24575,11588610,53554,175.99696810330576,35,201,6,0,16,225,1,0,20,0,221
2011-08-10 12:43:02,Attack,111,3,117,1168675,17681,3476797,1819,598.154138068376,33,83,1,0,23,88,6,0,32,1,84
2011-08-10 12:43:03,Attack,171,3,175,1000752,8064,6248939,39215,365.6197747142857,38,127,10,0,33,126,16,0,59,1,115
2011-08-10 12:43:04,Normal,113,0,113,1423528,3510,3618498,1121,692.7451325044248,46,54,13,0,23,87,3,0,27,0,85
2011-08-10 12:43:05,Attack,122,0,125,1268692,16669,4054814,61863,426.09284339199996,38,83,4,0,18,107,0,0,23,3,99
2011-08-10 12:43:06,Attack,129,0,132,1345226,18719,4693348,36979,484.5182286818182,32,91,9,0,15,114,3,0,20,1,111
2011-08-10 12:43:07,Normal,79,0,79,1240533,15231,2570114,12805,400.626143050633,39,30,10,0,7,71,1,0,7,3,68
2011-08-10 12:43:08,Normal,98,0,98,1209154,9720,3394521,4193,682.3920665612245,39,53,6,0,14,82,2,0,9,3,85
2011-08-10 12:43:09,Normal,117,0,117,1337374,4014,3625520,46290,431.4778691880343,42,58,17,0,11,99,7,0,29,3,84
2011-08-10 12:43:10,Attack,97,0,98,1058124,18039,3507935,12210,618.9452413163266,39,54,5,0,2,91,5,0,8,2,88
2011-08-10 12:43:11,Normal,96,5,101,775743,17897,4003095,19406,509.7784266138613,34,62,5,0,9,90,2,0,9,1,89
2011-08-10 12:43:12,Normal,98,8,106,943039,17993,4219302,62559,485.1488992830188,34,63,9,0,8,89,9,0,13,3,90
2011-08-10 12:43:13,Normal,85,0,85,813644,3169,3254079,35949,466.44901191764706,31,49,5,0,5,79,1,0,10,1,74
2011-08-10 12:43:14,Normal,148,0,148,731519,21174,3705252,9659,352.5457853378378,37,105,6,0,55,85,8,0,71,1,76
2011-08-10 12:43:15,Attack,134,0,138,1500971,18366,4706337,22847,641.5110794710147,34,94,10,0,18,117,3,0,29,2,105
2011-08-10 12:43:16,Attack,114,0,117,1066429,18539,4243343,10384,418.4589020940171,40,66,11,0,12,104,1,0,16,1,100
2011-08-10 12:43:17,Normal,81,0,81,995031,4500,2468063,3821,691.4884459259259,41,34,6,0,7,73,1,0,14,1,65
2011-08-10 12:43:18,Normal,101,0,101,1098800,15247,3736247,25131,579.7822167227723,44,50,7,0,11,89,1,0,6,2,92
2011-08-10 12:43:19,Attack,95,0,96,799321,17108,3729862,51904,460.03143709374996,42,47,7,0,7,88,1,0,15,1,79
2011-08-10 12:43:20,Normal,76,0,76,896228,16571,2521570,17416,473.23449882894744,30,37,9,0,6,67,3,0,8,2,65
2011-08-10 12:43:21,Normal,94,0,94,1025945,15893,3415179,24356,618.3255505106383,43,42,9,0,3,90,1,0,7,2,84
2011-08-10 12:43:22,Normal,90,3,93,896658,6902,3505283,60838,619.4999512043009,31,49,13,0,9,79,5,0,13,1,79
2011-08-10 12:43:23,Attack,178,5,186,958165,23778,7542207,13650,258.88139621505377,40,136,10,0,8,171,6,1,56,0,129
2011-08-10 12:43:24,Attack,135,9,146,1254206,7806,5324887,4374,419.8930617739726,45,96,5,0,17,117,9,3,34,0,108
2011-08-10 12:43:25,Normal,82,0,82,904144,17305,2833203,58282,337.1896136707317,38,37,7,0,6,76,0,0,14,2,66
2011-08-10 12:43:26,Attack,133,0,135,1343143,17676,4937507,51516,458.92756253333334,60,61,14,0,10,121,4,0,19,2,114
2011-08-10 12:43:27,Attack,89,0,91,931897,15955,3285528,9551,850.5596346703296,34,50,7,0,7,82,2,0,9,1,81
2011-08-10 12:43:28,Normal,96,7,103,1434890,15870,3536881,24386,939.4311237961165,44,48,11,0,13,83,7,0,13,2,86
2011-08-10 12:43:29,Normal,141,0,141,714988,19555,5902432,62700,196.7448509574468,32,103,6,0,7,131,3,0,17,1,123
2011-08-10 12:43:30,Normal,103,0,103,966213,17582,3868675,11181,408.3109086504855,50,46,7,0,5,98,0,0,25,1,77
2011-08-10 12:43:31,Attack,94,0,95,1185883,17379,3166345,10886,746.272258631579,38,53,4,0,11,81,2,1,10,0,83
2011-08-10 12:43:32,Normal,107,3,110,749989,18300,4425188,34328,278.16220881818185,33,72,5,0,8,100,2,0,11,0,99
2011-08-10 12:43:33,Normal,109,0,109,975403,17967,4043549,61451,592.9863557889907,49,49,11,0,6,102,1,0,16,0,92
2011-08-10 12:43:34,Normal,99,5,104,1317524,33320,3942689,13363,621.0928886538461,38,58,8,0,10,89,5,0,11,0,93
2011-08-10 12:43:35,Normal,104,0,104,1168943,16482,3721531,55535,394.3414356153846,42,54,8,0,9,91,4,0,19,2,83
2011-08-10 12:43:36,Attack,133,0,135,991744,5299,5464341,54180,311.7835232814815,34,89,12,0,44,89,2,0,43,3,89
2011-08-10 12:43:37,Attack,91,0,92,1182706,1644,3083520,4804,627.86547025,31,51,10,0,10,79,3,0,7,1,84
2011-08-10 12:43:38,Normal,75,0,75,645068,1779,3108989,54987,583.6048846266667,29,41,5,0,4,71,0,0,4,1,70
2011-08-10 12:43:39,Normal,111,0,111,1426147,18482,3918971,12578,601.332335063063,37,68,6,0,15,91,5,0,9,1,100
2011-08-10 12:43:40,Attack,82,0,85,1177753,14552,2654417,13564,797.2283766588234,37,40,8,0,11,70,4,0,8,1,75
2011-08-10 12:43:41,Normal,95,0,95,1005853,17180,3460388,34146,585.5279914842105,33,54,8,0,5,84,6,0,5,0,89
2011-08-10 12:43:42,Normal,109,3,112,838906,17796,4467157,65984,345.6853831964285,34,64,14,0,8,96,8,0,7,1,104
2011-08-10 12:43:43,Normal,76,0,76,871314,15364,2728867,56150,742.9820191052631,39,27,10,0,4,72,0,0,8,2,66
2011-08-10 12:43:44,Attack,93,0,97,875215,16288,3671931,19600,383.1097313298969,36,58,3,0,7,86,4,0,13,1,82
2011-08-10 12:43:45,Attack,82,0,83,1008483,15388,2889232,30598,742.8253180963854,36,40,7,0,10,72,1,0,11,1,71
2011-08-10 12:43:46,Normal,86,1,87,642663,5210,3471963,56853,416.6187325057472,30,50,7,0,9,77,1,0,13,0,74
2011-08-10 12:43:47,Attack,95,0,96,870541,15670,3490021,19195,645.4779920520833,35,55,6,0,7,87,2,0,9,0,87
2011-08-10 12:43:48,Attack,82,3,87,1357626,67373,2641364,1622,621.4377986551724,32,48,7,0,19,66,2,0,14,2,71
2011-08-10 12:43:49,Normal,75,0,75,741448,17151,2857588,38324,752.3374283200001,20,52,3,0,12,61,2,0,7,0,68
2011-08-10 12:43:50,Normal,85,0,85,1477887,15178,2626598,36056,1074.3375041764707,34,47,4,0,26,56,3,0,8,2,74
2011-08-10 12:43:51,Normal,97,0,97,770632,25125,3675384,13363,355.91607291752575,32,58,7,0,11,85,1,0,21,0,76
2011-08-10 12:43:52,Attack,96,3,100,874707,15502,3136148,24384,577.60192686,33,60,7,0,8,89,3,0,25,0,75
2011-08-10 12:43:53,Normal,90,0,90,976026,39749,3445025,13363,455.7315319111112,35,49,6,0,6,82,2,0,7,0,82
2011-08-10 12:43:54,Normal,82,0,82,780654,15197,3468918,52592,480.07942497560975,39,34,9,0,9,71,2,0,15,0,67
2011-08-10 12:43:55,Normal,198,0,198,732718,23145,8643280,65333,256.29963448484847,32,161,5,0,33,162,3,0,39,0,159
2011-08-10 12:43:56,Normal,108,0,108,942733,4806,3888827,48526,574.4537202685185,37,65,6,0,6,99,3,0,10,0,98
2011-08-10 12:43:57,Attack,78,0,81,785647,15660,2958794,62072,514.8136052345678,27,42,11,0,5,71,4,0,9,2,69
2011-08-10 12:43:58,Attack,99,0,100,1297107,2953,3440754,48200,680.8417179099998,27,67,6,0,17,77,6,0,8,1,91
2011-08-10 12:43:59,Normal,130,0,130,1878256,17567,4615319,64166,996.416823946154,41,79,10,0,36,94,0,0,10,2,116
2011-08-10 12:44:00,Normal,118,42,160,1066545,47295,6920722,13363,267.2816981125,41,105,14,0,26,122,12,0,44,0,116
2011-08-10 12:44:01,Attack,102,31,135,1005525,5696,5382463,49201,392.63864973333335,50,77,8,0,3,126,6,0,9,4,122
2011-08-10 12:44:02,Normal,126,3,129,972113,9047,4869132,1287,441.99425555813957,39,84,6,0,17,105,7,0,19,5,105
2011-08-10 12:44:03,Normal,134,11,145,870281,9179,3985236,158,263.2261974758621,38,104,3,0,9,135,1,0,58,2,85
2011-08-10 12:44:04,Normal,84,41,125,643238,6401,4772215,46489,317.84368063200003,29,93,3,0,25,96,4,0,33,3,89
2011-08-10 12:44:05,Attack,88,24,115,862229,3833,4102141,768,553.1539726782609,28,78,9,0,10,103,2,0,18,4,93
2011-08-10 12:44:06,Attack,100,0,101,826228,16801,3834570,13362,497.26493331683173,38,55,8,0,7,93,1,0,18,1,82
2011-08-10 12:44:07,Normal,66,0,66,791414,14787,2433258,36689,560.0116563939395,30,33,3,0,7,59,0,0,6,2,56
2011-08-10 12:44:08,Attack,100,3,104,935980,17394,3810417,15891,444.68923852884615,43,50,11,0,12,90,2,0,16,1,87
2011-08-10 12:44:09,Attack,81,6,88,1065865,17197,3108477,59223,705.3027178863637,35,48,5,0,16,68,4,0,15,1,72
2011-08-10 12:44:10,Normal,94,0,94,1149504,15840,3352340,45563,663.2209497765957,34,53,7,0,12,81,1,0,6,0,87
2011-08-10 12:44:11,Normal,91,38,129,836609,19696,5288061,62075,389.79310190697674,47,74,8,0,13,110,6,0,23,1,105
2011-08-10 12:44:12,Normal,196,4,200,1511087,22309,8410083,25714,364.931138185,44,146,10,0,53,129,18,0,69,0,130
2011-08-10 12:44:13,Attack,118,4,124,887630,5917,4794068,20695,293.94189679838706,30,90,4,0,15,104,5,0,21,2,100
2011-08-10 12:44:14,Normal,106,0,106,1230476,3009,3512404,50442,389.9554140849057,37,63,6,0,9,95,2,0,18,1,85
2011-08-10 12:44:15,Normal,94,0,94,847456,16399,3248494,36386,452.40592703191487,38,48,8,0,7,84,3,0,14,2,78
2011-08-10 12:44:16,Normal,113,0,113,649724,6065,4908770,1909,281.6372512654867,30,78,5,0,23,90,0,0,22,1,90
2011-08-10 12:44:17,Normal,94,0,94,1075513,17358,3278418,56813,498.806123606383,41,44,9,0,12,81,1,0,17,1,76
2011-08-10 12:44:18,Attack,109,0,113,770325,3898,4591292,42097,290.8500318584071,30,72,11,0,9,100,4,0,22,0,91
2011-08-10 12:44:19,Attack,60,0,61,632064,15391,2002933,11294,607.8981331967215,27,28,6,0,6,52,3,0,9,0,51
2011-08-10 12:44:20,Normal,135,0,135,1354320,17780,5029948,31160,485.5130592444445,44,82,9,0,16,113,6,0,21,2,112
2011-08-10 12:44:21,Normal,136,4,140,1037610,20076,5237037,46355,382.09400901428575,32,98,10,0,47,90,3,0,47,5,88
2011-08-10 12:44:22,Attack,98,3,102,788768,18875,3673121,24265,435.68820119607835,44,52,6,0,6,95,1,0,16,2,84
2011-08-10 12:44:23,Normal,87,0,87,711533,3586,3200852,35717,300.74937973563215,31,48,8,0,7,79,0,1,16,2,68
2011-08-10 12:44:24,Normal,113,0,113,880672,18475,4003781,58953,379.2189149557522,35,69,9,0,19,90,1,3,23,2,85
2011-08-10 12:44:25,Normal,119,0,119,1004208,17474,4141331,32182,357.1652824453781,37,72,10,0,13,98,7,1,25,1,92
2011-08-10 12:44:26,Attack,102,0,104,1250163,17336,3496257,12582,458.557166375,37,63,4,0,15,83,6,0,17,1,86
2011-08-10 12:44:27,Attack,80,0,82,780833,2212,2886846,50333,590.1842244512194,42,34,6,0,7,75,0,0,10,1,71
2011-08-10 12:44:28,Normal,103,0,103,949393,4172,3527516,1745,447.6600060291262,38,59,6,0,7,93,3,0,17,3,80
2011-08-10 12:44:29,Attack,107,0,108,1089611,19406,3093071,47022,622.0893621759259,37,63,8,0,36,71,0,1,31,2,74
2011-08-10 12:44:30,Attack,136,0,137,1074038,20343,5379861,7929,493.58799712408756,43,81,13,0,15,105,17,0,36,3,98
2011-08-10 12:44:31,Attack,112,0,113,1040581,29598,4091005,10100,502.9615204159293,41,65,7,0,9,94,10,0,17,2,93
2011-08-10 12:44:32,Normal,91,3,94,1267965,15989,3277612,59241,786.5918774361704,42,45,7,0,11,77,6,0,9,4,81
2011-08-10 12:44:33,Normal,106,0,106,1198939,16674,3649785,40942,504.76719842452826,34,64,8,0,10,93,3,0,9,5,92
2011-08-10 12:44:34,Attack,123,3,127,974327,16981,3374464,39139,386.7647340629921,33,86,8,0,9,118,0,0,42,5,80
2011-08-10 12:44:35,Normal,117,3,120,1173945,16928,4658005,58380,505.4239206,37,74,9,0,13,98,9,0,23,1,96
2011-08-10 12:44:36,Normal,87,0,87,1010661,15788,3173891,22965,583.6163330574711,36,44,7,0,7,79,1,0,5,2,80
2011-08-10 12:44:37,Normal,75,0,75,1087137,14895,2427756,62397,734.9053607866667,36,34,5,0,12,62,1,0,10,1,64
2011-08-10 12:44:38,Normal,93,0,93,1013223,38517,3282315,48838,470.4061254731182,36,46,11,0,10,83,0,0,11,1,81
2011-08-10 12:44:39,Attack,74,0,78,1036573,15075,2481724,22311,378.76978432051277,29,40,9,0,11,64,3,0,11,0,67
2011-08-10 12:44:40,Normal,95,0,95,1373764,2920,2850347,36994,427.93300318947365,30,52,13,0,13,80,2,0,15,1,79
2011-08-10 12:44:41,Normal,86,0,86,804551,19478,3249865,56635,520.4332432906975,36,47,3,0,5,79,2,0,8,0,78
2011-08-10 12:44:42,Normal,101,3,104,912539,28334,3783583,14972,568.7882246730769,41,52,11,0,7,94,3,0,14,0,90
2011-08-10 12:44:43,Attack,86,0,88,1234884,15564,2720489,65922,639.6237388863636,45,35,8,0,12,75,1,0,5,1,82
2011-08-10 12:44:44,Normal,117,0,117,817585,17424,4264097,54563,350.05009511111103,31,80,6,0,5,109,3,0,10,2,105
2011-08-10 12:44:45,Normal,91,0,91,941873,29956,3509964,22881,515.4112926043956,41,42,8,0,4,84,3,0,7,0,84
2011-08-10 12:44:46,Normal,94,0,94,1024804,16079,3533079,58551,453.8052672446808,45,41,8,0,5,87,2,0,8,0,86
2011-08-10 12:44:47,Attack,110,0,112,1059957,6803,4165459,36496,340.34886319642857,33,77,2,0,13,82,17,0,27,2,83
2011-08-10 12:44:48,Attack,107,0,108,1140349,18332,3727205,64784,403.78936897222223,33,65,10,0,17,89,2,0,15,4,89
2011-08-10 12:44:49,Normal,133,0,133,1179720,5187,4621093,58520,206.24969931578948,35,87,11,0,20,110,3,0,21,2,110
2011-08-10 12:44:50,Attack,128,0,129,871807,21453,5196046,29044,359.08376375968993,37,82,10,0,9,109,11,0,22,1,106
2011-08-10 12:44:51,Normal,97,0,97,1091564,17427,3422969,61997,814.9257249587629,44,47,6,0,9,83,5,0,13,1,83
2011-08-10 12:44:52,Attack,91,3,97,919778,17928,3146833,16481,447.77665546391756,37,53,7,0,4,87,6,0,13,2,82
2011-08-10 12:44:53,Normal,100,0,100,1167761,16754,3999098,63319,570.0383620399999,36,46,18,0,12,84,4,0,17,1,82
2011-08-10 12:44:54,Normal,192,0,192,1280800,23559,7357624,57660,434.04332692708334,45,140,7,0,44,140,8,0,53,2,137
2011-08-10 12:44:55,Attack,133,0,134,1175571,5553,4904398,53228,345.73192930597014,45,86,3,0,25,103,6,0,29,1,104
2011-08-10 12:44:56,Normal,90,1,91,854641,16777,3298973,21100,490.269183945055,31,52,8,0,8,82,1,0,5,1,85
2011-08-10 12:44:57,Normal,94,0,94,992981,15503,3747414,61353,498.9838334042554,41,43,10,0,3,90,1,0,13,1,80
2011-08-10 12:44:58,Attack,81,0,82,1016844,4070,3052627,13363,564.9750864512196,40,38,4,0,8,72,2,0,6,0,76
2011-08-10 12:44:59,Normal,96,0,96,1029426,2770,3757158,38146,679.7603812604167,33,51,12,0,8,86,2,0,15,0,79
2011-08-10 12:45:00,Attack,102,0,105,908283,16470,3564987,42114,327.8861312857143,38,58,9,0,11,86,6,2,21,0,84
2011-08-10 12:45:01,Normal,256,0,256,1238560,26559,12059429,29492,189.14272820703124,50,202,4,0,9,241,6,0,16,2,238
2011-08-10 12:45:02,Normal,82,3,85,791844,18091,3253091,61537,485.6604147529411,32,51,2,0,4,76,5,0,15,2,68
2011-08-10 12:45:03,Normal,107,0,107,1276695,16993,3719496,36367,583.8169933831776,46,53,8,0,9,94,4,0,4,1,101
2011-08-10 12:45:04,Attack,124,0,126,1108999,5746,4663472,55895,515.2381162936507,42,74,10,0,10,111,5,0,20,0,106
2011-08-10 12:45:05,Normal,199,5,204,1196406,22228,7324576,48628,300.8002604558823,47,149,8,0,37,161,6,0,48,2,154
2011-08-10 12:45:06,Normal,147,0,147,1240180,18545,5775978,17655,348.49517214285714,38,102,7,0,18,127,2,0,9,0,138
2011-08-10 12:45:07,Normal,72,0,72,966897,15635,2568267,7386,610.6558661527778,31,37,4,0,10,61,1,0,11,2,59
2011-08-10 12:45:08,Attack,141,6,150,1230520,20727,5604425,64001,341.8647888066667,26,114,10,0,34,108,8,0,32,2,116
2011-08-10 12:45:09,Attack,117,0,118,973820,20138,3152903,20659,547.9671165762712,30,77,11,0,36,75,7,0,45,1,72
2011-08-10 12:45:10,Normal,116,0,116,1090821,17085,4595510,18566,315.98207562068967,38,69,9,0,11,104,1,0,14,2,100
2011-08-10 12:45:11,Attack,92,0,93,1047714,16753,3324327,44628,730.5731720967741,38,43,12,0,9,80,4,0,11,3,78
2011-08-10 12:45:12,Normal,72,6,78,867051,16730,2401798,12664,553.5834538076922,37,38,3,0,8,59,11,0,16,2,60
2011-08-10 12:45:13,Attack,170,2,175,1383558,7609,6370768,38453,430.5544365542857,36,134,5,0,55,113,7,0,49,1,125
2011-08-10 12:45:14,Normal,103,9,112,1032491,17044,4303501,31913,461.7078778035715,35,71,6,0,16,95,1,0,11,0,101
2011-08-10 12:45:15,Normal,117,0,117,900063,17271,4723254,58015,311.4243073418804,32,74,11,0,6,107,4,0,12,0,105
2011-08-10 12:45:16,Normal,86,0,86,986050,16026,2977646,53004,433.9367233953488,35,42,9,0,6,79,1,0,9,2,74
2011-08-10 12:45:17,Normal,123,0,123,1291061,18091,4141313,35616,480.5557236097561,36,83,4,0,25,98,0,0,20,1,102
2011-08-10 12:45:18,Normal,117,3,120,1104774,20013,4980918,13363,353.79831828333334,39,73,8,0,18,98,4,0,16,1,103
2011-08-10 12:45:19,Normal,146,0,146,1255050,5490,6340441,66705,258.34258023972603,41,100,5,0,22,112,12,0,29,3,114
2011-08-10 12:45:20,Normal,208,0,208,1605162,8150,8639037,54951,324.8447954134615,32,168,8,0,30,165,13,0,48,7,153
2011-08-10 12:45:21,Attack,117,0,121,786390,60877,4518265,13363,422.1809657190083,38,77,6,0,16,100,5,0,35,0,86
2011-08-10 12:45:22,Normal,141,3,144,1552219,10169,5580763,14905,513.6555374444445,34,103,7,0,32,99,13,0,35,2,107
2011-08-10 12:45:23,Normal,104,44,148,1058234,6255,5594250,2865,386.6649417297298,34,105,9,0,41,104,2,1,35,3,109
2011-08-10 12:45:24,Normal,99,10,109,1120004,16796,3844750,27941,491.77740298165133,36,69,4,0,14,92,2,1,6,1,101
2011-08-10 12:45:25,Attack,117,0,118,1197596,4212,4140338,-2,601.0371672881356,48,61,9,0,20,94,2,2,18,0,98
2011-08-10 12:45:26,Normal,100,0,100,764613,3258,4002790,46173,501.1474611800001,41,52,7,0,11,86,3,0,16,0,83
2011-08-10 12:45:27,Normal,129,0,129,1022010,4474,4368397,19389,499.1350719302325,38,84,7,0,28,97,2,2,36,0,92
2011-08-10 12:45:28,Normal,109,0,109,1075075,16522,3319231,58171,537.1560852935779,36,65,8,0,31,76,2,0,34,2,73
2011-08-10 12:45:29,Attack,134,0,137,1283115,4587,5258480,52424,430.90929936496354,35,95,7,0,20,111,6,0,19,1,117
2011-08-10 12:45:30,Attack,110,0,111,1198927,2439,4016591,34702,430.4751292792794,40,59,12,0,8,102,1,0,8,4,98
2011-08-10 12:45:31,Normal,85,4,89,755616,15460,3418188,44785,394.5665559101123,31,48,10,0,8,81,0,0,7,1,81
2011-08-10 12:45:32,Attack,94,3,98,892749,3932,3694664,43516,588.8240525510203,35,57,6,0,15,82,1,0,17,2,79
2011-08-10 12:45:33,Normal,125,0,125,1868276,16550,3599382,12962,587.7774160639999,40,79,6,0,29,90,6,0,20,1,104
2011-08-10 12:45:34,Attack,91,0,98,1432035,15546,2804669,13394,691.7518440510205,40,49,9,0,12,83,3,0,10,2,86
2011-08-10 12:45:35,Normal,104,3,107,871180,50364,3804469,13806,416.3320375046729,46,55,6,0,8,97,2,0,14,0,93
2011-08-10 12:45:36,Normal,92,0,92,788141,16060,3676290,43519,493.62170002173906,34,53,5,0,7,85,0,0,9,1,82
2011-08-10 12:45:37,Normal,108,0,108,1166765,16302,4029387,5974,606.6472334444445,35,61,12,0,15,92,1,0,10,1,97
2011-08-10 12:45:38,Normal,89,0,89,1009839,16755,2998845,16589,501.9480404382022,38,47,4,0,8,80,1,0,7,2,80
2011-08-10 12:45:39,Normal,89,0,89,1145368,16259,3245562,33528,403.410544483146,42,43,4,0,14,73,2,0,11,3,75
2011-08-10 12:45:40,Normal,104,0,104,893801,4599,4262087,58268,431.954512951923,34,64,6,0,7,97,0,0,10,2,92
2011-08-10 12:45:41,Normal,111,0,111,1421196,3923,3504115,2838,514.8224988828829,43,64,4,0,18,89,4,0,19,1,91
2011-08-10 12:45:42,Attack,119,3,124,1406512,17217,3777951,37556,492.82113549999997,37,77,10,0,23,96,5,0,29,1,94
2011-08-10 12:45:43,Normal,101,0,101,1098557,16517,2652942,2444,486.447627079208,34,61,6,0,9,78,14,0,23,2,76
2011-08-10 12:45:44,Normal,97,0,97,1359253,15689,3281834,60952,383.26119898969074,38,52,7,0,11,84,2,0,7,3,87
2011-08-10 12:45:45,Normal,74,0,74,929230,30885,2644086,29673,759.645753945946,37,31,6,0,5,67,2,0,4,1,69
2011-08-10 12:45:46,Attack,353,0,357,996854,40237,15811563,62942,108.0665721792717,38,314,5,0,44,301,12,0,56,2,299
2011-08-10 12:45:47,Normal,103,0,103,966899,17229,3666375,41638,474.55752487378635,35,62,6,0,13,90,0,0,14,3,86
2011-08-10 12:45:48,Normal,82,0,82,911069,18058,2810303,43944,407.97916760975613,35,39,7,0,12,67,2,0,14,1,66
2011-08-10 12:45:49,Normal,96,0,96,874939,19537,3359064,49368,457.43818776041667,42,49,5,0,8,87,1,0,17,1,78
2011-08-10 12:45:50,Attack,97,0,101,1026519,17886,3316155,65640,402.50093427722766,46,52,3,0,13,87,1,0,19,3,79
2011-08-10 12:45:51,Attack,107,0,110,803338,18901,4348447,45655,343.53460573636363,32,67,11,0,8,98,4,0,18,1,91
2011-08-10 12:45:52,Normal,126,3,129,1517125,11674,4485178,64180,559.473911379845,37,86,6,0,34,92,3,0,29,5,95
2011-08-10 12:45:53,Attack,96,0,99,885137,69377,3415882,4686,325.82476235353533,38,54,7,0,12,83,4,0,20,0,79
2011-08-10 12:45:54,Normal,95,3,98,1128658,16666,3265926,63387,673.6362051734694,36,59,3,0,21,74,3,0,17,0,81
2011-08-10 12:45:55,Attack,126,4,132,1128739,18604,4800740,50214,481.9277189848484,40,89,3,0,22,103,7,0,32,2,97
2011-08-10 12:45:56,Normal,135,0,135,1059156,18252,5433745,54163,398.6405017407408,37,92,6,0,12,118,5,0,5,1,129
2011-08-10 12:45:57,Normal,122,3,125,1719095,16414,4237185,48901,697.472404728,41,73,11,0,16,101,8,0,12,2,111
2011-08-10 12:45:58,Normal,76,6,82,1213008,14824,2721671,11147,919.1082997804878,27,45,10,0,17,59,6,0,12,0,70
2011-08-10 12:45:59,Normal,96,0,96,947121,13233,3404294,1622,557.0196293541668,41,47,8,0,11,85,0,0,6,2,88
2011-08-10 12:46:00,Normal,83,0,83,791960,16127,2532276,42181,666.3048546746987,26,50,7,0,9,71,3,0,16,2,65
2011-08-10 12:46:01,Normal,128,0,128,1021521,19334,4714124,12073,325.92908917187503,28,91,9,0,17,106,5,0,26,0,102
2011-08-10 12:46:02,Normal,141,3,144,889101,6954,5383208,20241,438.0129519652777,33,98,13,0,29,110,5,0,33,1,110
2011-08-10 12:46:03,Attack,103,0,108,1115762,17815,3586954,36875,580.9578602222223,41,59,8,0,11,90,7,0,13,0,95
2011-08-10 12:46:04,Normal,96,0,96,1114060,3392,3703599,3607,555.6851155729167,46,42,8,0,9,82,5,0,14,2,80
2011-08-10 12:46:05,Normal,105,3,108,1447250,15432,3516526,40199,430.002094462963,43,57,8,0,8,95,5,0,8,3,97
2011-08-10 12:46:06,Normal,94,1,95,1042423,36555,3556057,15934,716.256063,31,57,7,0,10,78,7,0,7,1,87
2011-08-10 12:46:07,Attack,106,0,107,913006,11480,4383022,61168,593.6421198691588,45,58,4,0,7,97,2,1,11,1,95
2011-08-10 12:46:08,Normal,86,0,86,877520,16212,3333590,30994,454.7485358139535,36,43,7,0,7,77,2,0,7,1,78
2011-08-10 12:46:09,Normal,101,0,101,944645,17559,3824843,15153,451.3484470891089,30,65,6,0,16,83,2,0,16,0,84
2011-08-10 12:46:10,Normal,82,0,82,1169579,14505,2660486,27737,652.1310813048781,31,44,7,0,10,70,2,0,8,0,74
2011-08-10 12:46:11,Attack,93,2,97,1062786,4948,3673900,51808,536.8816238453608,25,63,9,0,17,76,4,0,11,1,85
2011-08-10 12:46:12,Attack,130,3,134,873153,8015,5678825,15556,363.0549702835821,35,94,5,0,29,100,5,0,33,1,100
2011-08-10 12:46:13,Normal,111,2,113,1217800,50415,4197262,15164,514.636609681416,39,67,7,0,14,96,3,0,13,3,97
2011-08-10 12:46:14,Attack,140,0,142,907341,18314,6053135,26396,334.26638048591553,43,93,6,0,7,125,10,0,23,0,119
2011-08-10 12:46:15,Normal,150,0,150,835220,7811,6326547,42741,256.87416812,30,113,7,0,40,107,3,0,48,1,101
2011-08-10 12:46:16,Attack,88,0,90,905231,15234,3329438,30950,559.5039492222223,43,35,12,0,4,86,0,0,3,0,87
2011-08-10 12:46:17,Normal,84,0,84,896928,14592,3040372,10071,712.9728467142858,37,36,11,0,5,78,1,0,8,1,75
2011-08-10 12:46:18,Normal,93,0,93,822006,16177,3749786,46877,538.3707019032258,26,63,4,0,9,80,4,0,13,0,80
2011-08-10 12:46:19,Normal,87,0,87,629851,15590,3311246,58393,556.9399161839079,29,46,12,0,1,85,1,0,5,0,82
2011-08-10 12:46:20,Normal,70,0,70,804785,16384,2443085,17320,466.86585325714293,31,38,1,0,8,61,1,0,7,0,63
2011-08-10 12:46:21,Normal,100,0,100,1197642,16336,3576994,61838,442.17179803,42,50,8,0,6,93,1,0,8,3,89
2011-08-10 12:46:22,Normal,111,3,114,1210696,6697,4195353,54548,527.4196469561405,38,71,5,0,18,87,9,0,22,2,89
2011-08-10 12:46:23,Normal,102,0,102,1277959,2504,3198609,48907,492.39094364705886,46,47,9,0,11,87,3,1,12,2,86
2011-08-10 12:46:24,Attack,87,0,89,918005,2672,3049761,59927,273.75434995505617,29,57,3,0,10,75,3,1,10,1,77
2011-08-10 12:46:25,Attack,119,0,120,1106651,17945,4207248,28770,581.3553746666668,40,70,10,0,14,99,6,1,13,0,106
2011-08-10 12:46:26,Normal,116,0,116,1158157,17509,4445816,25685,460.50547676724136,38,65,13,0,13,99,3,1,18,1,96
2011-08-10 12:46:27,Normal,93,0,93,647693,4589,3409247,65399,386.3403023870967,31,54,8,0,17,76,0,0,21,0,72
2011-08-10 12:46:28,Attack,95,0,96,1010280,16909,3713332,36394,594.5102836666666,39,50,7,0,9,83,3,1,10,0,85
2011-08-10 12:46:29,Normal,97,0,97,1152404,3137,3179413,14854,720.1651027938145,34,57,6,0,20,74,3,0,15,1,81
2011-08-10 12:46:30,Normal,107,0,107,1261311,2045,3641236,39307,711.8828520280374,42,59,6,0,19,87,1,0,12,1,94
2011-08-10 12:46:31,Normal,81,6,87,889190,9786,3064113,60587,503.88062018390804,37,45,5,0,8,73,6,0,12,0,75
2011-08-10 12:46:32,Attack,208,3,215,1379959,24692,8631806,25298,352.81981009302325,42,165,8,0,27,180,8,0,31,2,182
2011-08-10 12:46:33,Attack,136,0,137,1196234,18653,5166191,39175,520.986783810219,44,82,11,0,21,113,3,0,24,0,113
2011-08-10 12:46:34,Normal,86,0,86,975907,1485,2880103,2835,619.2555269302326,42,38,5,1,6,78,1,1,10,1,74
2011-08-10 12:46:35,Attack,102,3,107,997067,23263,3762433,51880,307.3121129626169,42,50,13,0,3,98,4,0,18,0,87
2011-08-10 12:46:36,Normal,88,0,88,978579,37781,2943202,29753,691.004085125,22,52,14,0,12,74,2,0,7,1,80
2011-08-10 12:46:37,Attack,93,0,95,1005110,16836,3723359,17294,575.8382456315788,29,59,7,0,8,84,3,0,7,0,88
2011-08-10 12:46:38,Normal,76,0,76,856641,15397,2649769,40950,531.8296149078948,25,42,9,0,7,69,0,0,7,2,67
2011-08-10 12:46:39,Normal,93,0,93,1026729,2743,3326784,41084,495.016742827957,44,41,8,0,5,85,3,0,5,2,86
2011-08-10 12:46:40,Normal,106,0,106,978785,3391,4168974,50228,338.9972302075471,42,60,4,0,17,88,1,0,17,2,87
2011-08-10 12:46:41,Normal,90,4,94,773085,5065,3627456,34324,380.5475695212766,34,52,8,0,8,78,8,0,17,1,76
2011-08-10 12:46:42,Normal,106,3,109,833697,19308,4388927,61144,501.0949366880734,32,62,15,0,8,90,11,0,15,0,94
2011-08-10 12:46:43,Normal,98,0,98,987689,4093,3584015,53760,568.4779106734694,32,56,10,0,12,83,3,0,9,0,89
2011-08-10 12:46:44,Normal,127,0,127,647683,19220,5535209,33439,456.6349740393701,29,93,5,0,28,99,0,0,32,1,94
2011-08-10 12:46:45,Attack,73,0,75,753934,6181,2877587,41913,332.25425750666665,25,44,6,0,11,63,1,0,9,1,65
2011-08-10 12:46:46,Normal,116,0,116,1108164,3794,3487990,21135,452.32154340517246,29,82,5,0,31,81,4,0,25,2,89
2011-08-10 12:46:47,Normal,109,0,109,1346869,16173,3596458,64076,672.8959986697247,42,62,5,0,16,90,3,0,18,2,89
2011-08-10 12:46:48,Normal,177,0,177,964396,11149,7130052,44862,319.8549405593221,34,140,3,0,18,144,13,2,35,4,138
2011-08-10 12:46:49,Attack,85,0,86,1042322,15768,3189816,19471,488.76621886046513,21,59,6,0,16,69,1,0,11,1,74
2011-08-10 12:46:50,Normal,83,0,83,1026415,15018,3087452,9296,620.3135059397589,48,28,7,0,6,76,1,0,6,1,75
2011-08-10 12:46:51,Normal,105,1,106,902328,18218,3748945,30560,530.8357658396227,36,63,7,0,9,85,12,0,21,2,83
2011-08-10 12:46:52,Normal,92,3,95,1080512,16749,3506268,60435,627.4156560631579,44,42,9,0,10,83,1,1,13,2,80
2011-08-10 12:46:53,Attack,161,0,164,848542,8186,6547573,36249,286.98324476219517,36,122,6,0,41,113,10,0,49,0,115
2011-08-10 12:46:54,Attack,251,0,252,812969,24202,11019532,18804,178.45832324206344,33,206,13,0,2,248,2,0,9,0,242
2011-08-10 12:46:55,Normal,77,0,77,1033183,15818,2406885,65330,595.330017025974,33,37,7,0,11,64,2,0,12,0,65
2011-08-10 12:46:56,Attack,103,0,105,1245414,5502,3773769,38692,743.8761190476191,45,54,6,0,17,86,2,0,14,1,89
2011-08-10 12:46:57,Normal,105,1,106,920104,18485,3898620,64404,605.4430390754717,34,63,9,0,12,94,0,0,11,1,94
2011-08-10 12:46:58,Attack,210,0,215,873092,22767,8977950,52628,297.35595166511627,37,174,4,0,31,181,2,1,34,2,178
2011-08-10 12:46:59,Normal,118,0,118,1189696,18623,4095364,39824,786.8296170338986,45,63,10,0,20,96,2,0,15,1,102
2011-08-10 12:47:00,Normal,101,0,101,1297310,53089,3251657,16189,742.6219707128713,46,50,5,0,15,83,3,0,15,3,82
2011-08-10 12:47:01,Normal,243,0,243,1171409,28188,11601477,48502,332.9988923580247,35,197,10,1,19,214,9,1,21,5,216
2011-08-10 12:47:02,Normal,129,3,132,1406534,56579,4817244,14132,597.310356939394,42,76,14,0,23,103,6,0,26,4,102
2011-08-10 12:47:03,Normal,118,0,118,1415961,15719,4730295,12079,591.6926402288135,46,65,7,0,12,101,5,0,12,1,105
2011-08-10 12:47:04,Normal,109,16,125,867842,5709,5079440,41813,347.66355810400006,33,83,9,0,8,110,7,0,19,1,105
2011-08-10 12:47:05,Normal,84,3,87,1315398,14451,2904752,41737,503.34834282758624,45,37,5,0,13,72,2,0,6,2,79
2011-08-10 12:47:06,Attack,116,0,117,1345610,18008,3788232,47106,716.7217658803419,48,58,11,0,11,102,4,0,13,1,102
2011-08-10 12:47:07,Normal,64,0,64,730727,14938,2242221,38726,569.385983265625,38,20,6,0,3,60,1,0,6,0,58
2011-08-10 12:47:08,Normal,113,0,113,1483965,17175,3753508,3867,883.6645227345134,31,68,14,0,16,93,2,2,17,2,93
2011-08-10 12:47:09,Normal,139,0,139,958228,19228,5133090,12470,453.0530269496403,30,103,6,0,22,111,6,0,43,0,96
2011-08-10 12:47:10,Attack,142,0,144,1317241,18419,6035874,48190,473.68323535416675,37,93,14,0,23,109,12,0,31,1,112
2011-08-10 12:47:11,Normal,118,0,118,836698,6425,4651320,60690,468.9937343135593,33,78,7,0,9,107,2,0,13,0,105
2011-08-10 12:47:12,Normal,74,3,77,773793,16816,3044183,40513,655.7041172987012,31,44,2,0,8,68,1,0,16,0,61
2011-08-10 12:47:13,Normal,100,2,102,950436,4458,4007824,52932,486.621209,39,53,10,0,7,94,1,0,16,2,84
2011-08-10 12:47:14,Attack,95,0,99,818657,16710,3667874,10545,417.4791041919193,34,57,8,0,7,89,3,0,12,0,87
2011-08-10 12:47:15,Attack,89,0,90,958415,15518,3618183,60731,648.1162567666668,39,40,10,1,6,79,4,1,14,2,74
2011-08-10 12:47:16,Normal,109,0,109,1243321,16852,3982983,59635,459.1805596513762,48,55,6,0,4,95,10,0,15,2,92
2011-08-10 12:47:17,Attack,120,0,122,1420037,18278,4337152,55996,384.51464791803284,29,86,7,0,17,100,5,0,32,1,89
2011-08-10 12:47:18,Normal,83,0,83,1077927,2357,2562627,52043,634.2972865542168,30,47,6,0,9,71,3,0,15,2,66
2011-08-10 12:47:19,Attack,127,0,133,1186739,17388,4441357,54166,458.0032241353382,42,86,5,0,21,110,2,0,20,2,111
2011-08-10 12:47:20,Normal,133,0,133,757383,21490,5398105,25511,323.7613123984963,26,99,8,0,22,107,4,0,36,0,97
2011-08-10 12:47:21,Normal,97,0,97,1164981,3673,3766871,54642,623.9285896494845,42,46,9,0,7,88,2,0,13,1,83
2011-08-10 12:47:22,Normal,106,3,109,1202582,3426,3728304,57848,556.9720192752294,52,51,6,0,12,94,3,0,17,2,90
2011-08-10 12:47:23,Normal,70,0,70,669319,17027,2160183,10915,548.4399169857141,32,36,2,0,4,59,5,2,11,2,55
2011-08-10 12:47:24,Normal,104,0,104,949841,18494,4107536,62339,688.5421388076921,40,63,1,0,6,94,4,0,18,0,86
2011-08-10 12:47:25,Normal,86,0,86,1142307,15575,2939875,62734,602.0974002093025,31,43,12,0,12,69,3,2,9,1,74
2011-08-10 12:47:26,Normal,111,0,111,1306689,18061,3819914,34465,606.4137793783784,31,74,6,0,12,92,7,0,20,4,87
2011-08-10 12:47:27,Attack,136,0,138,958394,5841,5151994,60855,448.78556270289863,39,91,8,0,19,113,5,1,29,1,107
2011-08-10 12:47:28,Normal,80,0,80,889793,16544,2747476,61886,772.4691093499998,41,33,6,0,5,70,5,0,14,0,65
2011-08-10 12:47:29,Normal,104,0,104,1613449,16230,3333547,49561,720.2767415576923,43,57,4,0,21,80,3,0,12,1,91
2011-08-10 12:47:30,Normal,98,0,98,1017853,4071,3350763,32914,451.98144804081636,35,55,8,0,10,88,0,0,11,1,86
2011-08-10 12:47:31,Attack,74,1,76,886617,5655,2554332,58209,722.5279384473685,30,41,5,0,11,64,1,0,11,2,63
2011-08-10 12:47:32,Normal,108,3,111,843917,20609,3683345,11607,376.58817431531526,35,65,11,0,9,93,9,0,33,0,78
2011-08-10 12:47:33,Normal,125,0,125,959814,6646,3605891,3173,578.880885184,38,79,8,0,10,98,17,0,35,2,88
2011-08-10 12:47:34,Normal,98,0,98,957775,16515,3591012,46296,481.086184622449,30,61,7,0,8,82,8,0,19,0,79
2011-08-10 12:47:35,Attack,137,0,139,937112,6591,5820471,51352,301.3885745179856,33,97,9,0,9,121,9,0,17,2,120
2011-08-10 12:47:36,Attack,100,3,105,828153,17343,3640511,1036,591.9626264000001,43,56,6,0,6,95,4,0,14,2,89
2011-08-10 12:47:37,Normal,88,0,88,899191,16119,2801705,20980,547.0832621022727,33,44,11,0,6,81,1,0,13,5,68
2011-08-10 12:47:38,Attack,100,0,104,1075568,3569,3822864,60542,486.46937759615383,39,55,10,0,12,91,1,0,15,4,84
2011-08-10 12:47:39,Normal,104,0,104,1277152,16541,3348714,35786,759.8740934134615,37,55,12,0,10,89,5,0,13,4,87
2011-08-10 12:47:40,Attack,1046,6,1056,57582483,17593,4440672,118985,81.43704462878787,949,98,9,0,26,1025,5,0,925,18,107
2011-08-10 12:47:41,Normal,146,4,150,4337415,24338,2717423,45649,304.74795309999996,88,56,6,0,8,124,18,0,85,1,64
2011-08-10 12:47:42,Normal,90,3,93,885799,17102,3359448,56424,642.136042688172,33,47,13,0,7,83,3,0,17,1,75
2011-08-10 12:47:43,Normal,98,0,98,1111262,17810,3599383,30232,712.3112387448981,30,58,10,0,11,82,4,1,15,1,82
2011-08-10 12:47:44,Normal,80,0,80,850425,16542,2610466,1217,683.7573684749999,31,44,5,0,6,74,0,0,15,0,65
2011-08-10 12:47:45,Normal,119,0,119,848604,23652,4368057,63845,493.68490537815126,32,82,5,0,13,93,13,0,27,0,92
2011-08-10 12:47:46,Normal,99,1,100,835565,18803,3346826,7140,372.12887221,39,54,7,0,3,90,7,0,19,1,80
2011-08-10 12:47:47,Normal,71,0,71,697587,18315,2181603,10245,810.5444087887324,30,36,5,0,5,59,7,0,13,1,57
2011-08-10 12:47:48,Attack,176,0,177,969510,25214,7678101,60460,335.2302897909604,31,137,9,0,12,162,3,0,96,2,79
2011-08-10 12:47:49,Normal,106,0,106,949531,19998,3736092,12245,492.1399438867925,45,53,8,0,3,96,7,0,23,1,82
2011-08-10 12:47:50,Normal,156,0,156,881328,19943,6421124,46575,377.95480113461537,38,112,6,0,5,146,5,0,13,2,141
2011-08-10 12:47:51,Normal,169,0,169,1089920,24100,7006968,8184,459.2104890355029,34,125,10,0,16,147,6,0,68,1,100
2011-08-10 12:47:52,Attack,77,3,82,633170,11515,2946355,13365,668.0053561585366,38,35,9,0,4,73,5,0,16,2,64
2011-08-10 12:47:53,Attack,97,0,99,877575,58285,3772152,13993,583.4642063131314,31,53,15,0,8,86,5,0,17,1,81
2011-08-10 12:47:54,Normal,74,0,74,870939,3102,2267092,48001,614.1427261891891,34,33,7,0,9,64,1,0,13,2,59
2011-08-10 12:47:55,Normal,125,0,125,1299520,18417,4516978,2228,673.61209044,41,74,10,0,16,108,1,0,10,1,114
2011-08-10 12:47:56,Attack,93,0,94,1185402,17214,3392944,61179,683.0278161914894,40,47,7,0,9,83,2,0,19,2,73
2011-08-10 12:47:57,Attack,115,0,116,1098304,18715,4367721,62096,400.3416686724138,44,63,9,0,6,106,4,0,13,3,100
2011-08-10 12:47:58,Normal,123,0,123,1247734,15999,4293715,64929,573.3471030406504,46,59,18,0,11,109,3,0,8,2,113
2011-08-10 12:47:59,Attack,94,0,96,780610,17122,3498897,57838,537.47103434375,44,45,7,0,2,90,4,0,10,0,85
2011-08-10 12:48:00,Normal,108,0,108,1100241,4551,3890170,39500,695.1482979722224,39,61,8,0,8,98,2,0,14,2,92
2011-08-10 12:48:01,Attack,111,1,116,1305544,15661,3906694,34011,876.5118502068965,54,54,8,0,13,100,3,0,12,1,103
2011-08-10 12:48:02,Normal,160,3,163,948735,75149,5361239,858,418.6866994601226,26,129,8,0,15,110,38,0,65,3,94
2011-08-10 12:48:03,Normal,86,0,86,1026997,16100,3054357,5312,610.8308196627905,42,39,5,0,12,74,0,0,15,3,68
2011-08-10 12:48:04,Normal,109,0,109,925720,21793,3838822,28929,597.7935147981651,39,61,9,0,4,90,14,1,25,1,83
2011-08-10 12:48:05,Normal,132,0,132,1210125,21582,4626049,5107,685.6414006590909,38,89,5,0,16,114,2,0,16,2,114
2011-08-10 12:48:06,Normal,124,1,125,1213620,21930,4827926,22617,552.829176064,39,76,10,0,22,95,8,0,26,2,97
2011-08-10 12:48:07,Normal,108,3,111,1003736,17143,3980067,4622,544.9913517117117,30,72,9,0,10,98,3,0,16,1,94
2011-08-10 12:48:08,Normal,94,0,94,900534,16999,3480999,37949,564.6763447978724,31,53,10,0,11,79,3,1,11,2,81
2011-08-10 12:48:09,Attack,89,0,90,977822,2442,3191945,42259,294.2313072222222,26,58,6,0,13,73,4,0,20,2,68
2011-08-10 12:48:10,Normal,120,1,121,1178584,5460,4489601,50990,719.9155871157025,42,69,10,0,6,113,2,0,13,3,105
2011-08-10 12:48:11,Normal,99,3,102,1048659,19636,3839561,55036,587.7318401960785,36,57,9,0,11,86,5,0,21,0,81
2011-08-10 12:48:12,Normal,119,6,125,1319195,46112,4878497,5222,623.2179865440002,36,81,8,0,19,100,6,0,19,0,105
2011-08-10 12:48:13,Attack,97,0,98,1193527,15601,3300755,61111,746.2376878775509,40,47,11,0,14,81,3,0,14,0,84
2011-08-10 12:48:14,Attack,83,0,85,1018567,16522,3001994,4143,565.9554111647059,36,46,3,0,10,72,3,0,13,2,69
2011-08-10 12:48:15,Normal,136,0,136,1482799,19179,4627363,45627,711.1537335294117,36,95,5,0,26,103,7,0,22,2,112
2011-08-10 12:48:16,Normal,113,0,113,1114317,7153,4215027,61534,572.930298141593,34,70,9,0,21,89,3,0,17,2,94
2011-08-10 12:48:17,Attack,95,2,98,1596797,15812,2896157,7544,848.0863371734695,34,57,7,0,20,76,2,0,9,6,83
2011-08-10 12:48:18,Attack,121,0,122,1379751,19030,4580859,53865,680.0035408360656,35,78,9,0,18,100,3,1,16,4,102
2011-08-10 12:48:19,Normal,78,0,78,856110,15142,2888909,45500,584.3369740769231,26,43,9,0,8,67,3,0,14,2,62
2011-08-10 12:48:20,Attack,94,0,96,918832,2731,3209793,33642,724.6843115833334,33,58,5,0,13,79,4,0,15,2,79
2011-08-10 12:48:21,Normal,88,0,88,1081206,2090,3426254,44221,444.36047360227263,34,47,7,0,12,76,0,0,9,3,75
2011-08-10 12:48:22,Attack,98,3,104,756769,22491,3494558,48262,315.1844751057692,34,63,7,0,15,79,10,0,30,2,72
2011-08-10 12:48:23,Normal,109,0,109,1038384,27717,3736829,53888,588.2352649816514,48,56,5,0,7,91,10,1,19,2,87
2011-08-10 12:48:24,Normal,105,0,105,776235,18168,2818153,10392,470.11412740000003,39,62,4,0,23,74,6,2,33,1,68
2011-08-10 12:48:25,Normal,90,0,90,847350,15943,3226902,35813,394.88144668888884,28,51,11,0,9,79,2,0,5,0,85
2011-08-10 12:48:26,Normal,121,1,122,1196350,17870,4594631,13129,537.6289257540984,44,62,16,0,18,100,3,1,36,2,83
2011-08-10 12:48:27,Normal,115,0,115,922858,17453,4330631,52713,561.0031018,44,57,14,0,12,103,0,0,21,1,93
2011-08-10 12:48:28,Normal,66,0,66,645631,16003,2191378,51491,657.6011211969698,29,30,7,0,4,59,2,1,18,1,46
2011-08-10 12:48:29,Normal,87,0,87,723074,3098,3256595,59229,449.6946713793103,27,52,8,0,12,75,0,0,18,3,66
2011-08-10 12:48:30,Attack,92,0,93,805788,17097,3023582,5015,721.553521591398,28,54,11,0,15,77,1,0,22,3,68
2011-08-10 12:48:31,Normal,116,0,116,835966,18108,4297107,46845,366.3289902758621,35,65,16,0,6,108,2,0,23,0,93
2011-08-10 12:48:32,Normal,112,3,115,1192732,18769,3741563,61276,676.7488806695652,43,59,13,0,17,95,3,0,30,1,84
2011-08-10 12:48:33,Normal,96,0,96,1055005,15795,3373869,49125,511.65310627083335,32,53,11,0,6,88,2,0,12,0,84
2011-08-10 12:48:34,Attack,74,0,76,687463,5596,2760808,49557,680.8878933157894,37,33,6,0,2,70,4,0,20,0,55
2011-08-10 12:48:35,Normal,108,0,108,1010979,13439,3559623,56140,552.6954392314815,38,53,17,0,7,101,0,0,28,0,80
2011-08-10 12:48:36,Normal,106,0,106,954692,17540,4139530,47175,635.3036913584906,48,49,9,0,5,101,0,0,17,0,89
2011-08-10 12:48:37,Normal,186,0,186,835756,20442,7925133,15456,227.98132919354833,36,138,12,0,5,179,2,0,16,0,170
2011-08-10 12:48:38,Attack,230,3,235,1258317,22438,9374313,6747,377.1244115829787,43,175,17,0,19,215,1,0,32,0,203
2011-08-10 12:48:39,Attack,100,0,101,1016052,16442,3441893,11407,491.39857651485147,43,48,10,0,5,94,2,0,12,0,89
2011-08-10 12:48:40,Normal,107,0,107,1231718,17631,3634194,35810,814.8259069626168,48,46,13,0,8,92,7,0,22,0,85
2011-08-10 12:48:41,Attack,86,0,89,644450,70825,3448778,4686,397.1979918089887,29,54,6,0,4,77,8,0,14,0,75
2011-08-10 12:48:42,Normal,75,3,78,924441,15560,2966354,47133,569.3424337692308,29,45,4,0,11,64,2,1,10,1,66
2011-08-10 12:48:43,Attack,95,0,99,1139920,16203,3366695,21750,732.5735655353534,46,45,8,0,10,85,4,0,24,1,74
2011-08-10 12:48:44,Normal,102,0,102,986166,17288,3786034,50072,517.4912127058824,31,58,13,0,12,90,0,0,14,0,88
2011-08-10 12:48:45,Normal,78,0,78,976753,16048,2696177,16168,1029.588298320513,25,42,11,0,16,59,3,0,16,1,61
2011-08-10 12:48:46,Normal,143,0,143,1058723,19123,6008982,35547,332.3572779370629,38,92,13,0,15,126,2,0,23,1,119
2011-08-10 12:48:47,Normal,92,1,93,877769,3119,3499063,44901,459.07343484946244,38,44,11,0,7,86,0,0,18,0,75
2011-08-10 12:48:48,Normal,111,0,111,846339,4845,4421637,59880,426.5881217207208,34,66,11,0,5,101,5,0,17,0,94
2011-08-10 12:48:49,Normal,90,0,90,1058119,17605,2846988,6857,595.0651242555556,38,40,12,0,7,74,9,0,21,2,67
2011-08-10 12:48:50,Normal,87,5,92,889962,2742,3523451,57002,583.845653097826,36,48,8,0,5,86,1,0,13,0,78
2011-08-10 12:48:51,Attack,96,17,114,650802,18556,4437375,42900,379.9247464473685,31,75,8,0,9,104,1,0,17,0,97
2011-08-10 12:48:52,Normal,98,3,101,1115656,15824,3636692,43371,685.2507547524751,41,48,12,0,5,93,3,0,15,1,85
2011-08-10 12:48:53,Normal,99,0,99,1038299,16821,3752286,64962,573.3890363838384,34,56,9,0,9,84,6,0,12,3,83
2011-08-10 12:48:54,Normal,83,0,83,952214,16117,2841116,44982,728.2017183253012,49,30,4,0,7,75,1,0,11,0,72
2011-08-10 12:48:55,Attack,108,0,109,899386,27994,3884161,14393,487.789525678899,39,65,5,0,12,95,2,0,21,2,86
2011-08-10 12:48:56,Attack,97,0,98,885939,17429,3551302,26756,704.227757867347,41,48,9,0,3,90,5,0,13,0,85
2011-08-10 12:48:57,Normal,78,0,78,1041767,15073,2661563,4519,908.2593357051283,39,34,5,0,7,70,1,0,7,2,67
2011-08-10 12:48:58,Normal,149,0,149,727467,19178,6187513,30405,433.3970584362416,35,108,6,0,9,118,22,0,33,1,113
2011-08-10 12:48:59,Attack,138,0,139,878197,61059,5910263,13363,523.4374220647481,40,93,6,0,20,108,11,0,36,0,103
2011-08-10 12:49:00,Attack,132,0,133,994440,18701,4898050,33014,439.14242332330815,44,78,11,0,28,103,2,0,31,1,101
2011-08-10 12:49:01,Normal,271,4,275,784602,50002,12883647,49489,196.72005813818186,35,232,8,0,29,239,7,0,39,1,235
2011-08-10 12:49:02,Attack,70,3,75,654429,3487,2713837,56739,599.7322438533333,34,32,9,0,9,64,2,0,11,1,63
2011-08-10 12:49:03,Normal,128,0,128,1200381,38369,4500475,15756,628.6707583984374,43,73,12,0,13,110,5,0,26,3,97
2011-08-10 12:49:04,Attack,78,0,81,921394,66302,2806787,79,594.3718087283951,30,46,5,0,13,63,5,0,21,1,58
2011-08-10 12:49:05,Normal,96,0,96,967774,3451,2959062,48878,783.4640460208334,43,44,9,0,8,87,1,0,8,3,84
2011-08-10 12:49:06,Attack,107,0,108,1040194,16972,3612814,10013,581.0806896111112,37,65,6,0,11,94,3,0,8,1,98
2011-08-10 12:49:07,Normal,87,0,87,862571,17697,3110620,10567,812.7811367356323,41,41,5,0,6,81,0,0,21,1,65
2011-08-10 12:49:08,Attack,104,3,114,1090723,3718,3880685,53045,704.742615991228,39,67,8,0,13,92,9,0,12,2,100
2011-08-10 12:49:09,Normal,122,0,122,996574,17660,4495931,12192,485.5692243278689,34,69,19,0,11,105,6,0,17,2,103
2011-08-10 12:49:10,Normal,101,0,101,1099918,17481,3613316,56895,1045.7880233960398,41,48,12,0,9,89,3,0,11,1,89
2011-08-10 12:49:11,Normal,151,0,151,700329,9049,6382579,5094,225.22588319867555,22,119,10,0,45,106,0,0,46,2,103
2011-08-10 12:49:12,Normal,136,3,139,937266,20495,5461236,15611,424.634365942446,31,103,5,0,39,82,18,0,53,2,83
2011-08-10 12:49:13,Normal,147,0,147,969367,8361,4812027,51973,274.1973780204082,37,101,9,0,8,123,16,0,50,2,95
2011-08-10 12:49:14,Normal,123,0,123,882480,8462,3594671,4602,483.34774257723575,34,81,8,0,8,109,6,0,53,1,68
2011-08-10 12:49:15,Normal,147,0,147,1351841,21179,5500848,16195,644.2236123265305,52,84,11,0,22,113,12,0,42,2,103
2011-08-10 12:49:16,Attack,134,0,135,1191253,18402,5191933,62510,589.2785296666667,55,69,11,0,11,118,6,0,27,2,105
2011-08-10 12:49:17,Attack,166,0,167,833013,27525,6436308,13363,458.34304704790424,40,122,5,0,13,121,33,0,52,0,115
2011-08-10 12:49:18,Normal,151,0,151,924158,19316,5706203,35947,535.136854933775,39,98,14,0,14,136,1,0,23,0,128
2011-08-10 12:49:19,Attack,77,0,83,708589,18324,2897638,42799,443.3084663614459,38,37,8,0,11,62,10,0,20,1,62
2011-08-10 12:49:20,Attack,85,0,86,868830,3505,3081963,55350,515.3927969302325,23,58,5,0,12,74,0,0,14,0,72
2011-08-10 12:49:21,Attack,103,2,106,781668,18388,3688841,25925,511.34260312264155,36,64,6,0,6,96,4,0,19,1,86
2011-08-10 12:49:22,Normal,70,3,73,814873,15405,2522907,62743,847.9909740684932,31,34,8,0,6,66,1,0,11,0,62
2011-08-10 12:49:23,Attack,103,0,105,1365241,16406,3573623,10112,703.1796687809523,32,67,6,0,14,83,7,1,12,1,90
2011-08-10 12:49:24,Normal,118,0,118,1058568,5596,3665626,60667,659.0492617711865,45,62,11,0,14,100,2,2,29,1,84
2011-08-10 12:49:25,Attack,86,0,90,632141,37632,3317989,1771,621.9831294666666,27,58,5,0,10,69,10,1,27,1,61
2011-08-10 12:49:26,Normal,95,0,95,1083473,15520,3109813,29226,937.4558512736841,31,53,11,0,10,82,3,0,9,2,81
2011-08-10 12:49:27,Attack,90,0,91,808496,2875,3304683,56837,717.2022179560439,42,43,6,0,6,82,3,0,16,0,75
2011-08-10 12:49:28,Normal,91,0,91,913333,2769,3277490,54898,645.7070922747251,37,48,6,0,10,79,1,1,10,1,79
2011-08-10 12:49:29,Normal,81,0,81,775863,15370,3256100,49275,528.0199665925926,37,40,4,0,7,74,0,0,8,0,73
2011-08-10 12:49:30,Normal,76,0,76,1079765,14656,2782481,13537,736.6302241578948,39,31,6,0,8,67,1,0,7,1,66
2011-08-10 12:49:31,Normal,107,0,107,1098256,10934,3558680,4763,690.2072448504673,34,66,7,0,10,93,4,0,9,6,92
2011-08-10 12:49:32,Normal,82,3,85,912293,61033,2964014,2229,627.6977008588235,33,44,8,0,8,73,4,0,15,1,69
2011-08-10 12:49:33,Normal,92,0,92,986817,2621,3306978,59880,552.5107908913043,30,55,7,0,9,82,1,0,9,2,81
2011-08-10 12:49:34,Normal,117,3,120,1056283,19954,4430862,19078,577.44554455,43,67,10,0,18,99,3,0,27,1,92
2011-08-10 12:49:35,Normal,83,0,83,780246,15576,2945681,6407,489.27472518072284,39,39,5,0,11,72,0,0,12,1,70
2011-08-10 12:49:36,Normal,114,0,114,1146559,18430,3958446,63872,619.6349256666667,43,60,11,0,11,98,4,1,18,1,95
2011-08-10 12:49:37,Attack,109,0,110,694816,4373,4486288,44214,396.15399602727274,29,74,7,0,16,93,1,0,22,0,88
2011-08-10 12:49:38,Attack,107,3,111,1429589,16290,3794815,1038,737.2402134324324,35,66,10,0,15,92,4,0,11,0,98
2011-08-10 12:49:39,Normal,122,0,122,1331880,31230,4142701,14359,723.8065259180328,38,70,14,0,16,101,5,0,16,2,104
2011-08-10 12:49:40,Normal,112,0,112,1368262,3943,3538342,56727,833.1978377232143,42,64,6,0,16,90,6,0,9,2,99
2011-08-10 12:49:41,Attack,125,0,126,1201199,6549,4492869,3987,483.69922997619045,42,69,15,0,11,108,7,0,22,4,100
2011-08-10 12:49:42,Attack,81,3,85,701366,17461,3217649,60293,595.1095793411765,27,46,12,0,7,70,8,0,10,2,71
2011-08-10 12:49:43,Normal,91,0,91,1005975,17211,3398309,58418,387.89244301098904,34,53,4,0,12,76,3,0,10,4,77
2011-08-10 12:49:44,Attack,93,0,96,1111363,16965,3271879,52285,575.59457234375,31,57,8,0,21,74,1,0,14,2,80
2011-08-10 12:49:45,Normal,87,0,87,845007,16898,3107705,8721,534.6813397816093,33,49,5,0,8,77,2,0,25,1,61
2011-08-10 12:49:46,Attack,76,0,80,738354,15178,2691094,24026,702.8697906374999,44,31,5,0,5,73,2,0,15,0,65
2011-08-10 12:49:47,Normal,125,0,125,2009940,16531,3751088,60346,593.0159968240001,39,77,9,0,35,87,3,0,8,1,116
2011-08-10 12:49:48,Attack,90,0,91,865614,20264,3405909,13363,514.7237536153847,28,54,9,0,11,75,5,0,13,0,78
2011-08-10 12:49:49,Normal,106,0,106,1172486,17124,3948422,2864,518.0842107358491,44,51,11,0,6,96,4,0,8,2,96
2011-08-10 12:49:50,Normal,104,0,104,1482873,56677,3597022,14409,805.8270937692309,45,45,14,0,12,88,4,0,14,4,86
2011-08-10 12:49:51,Normal,179,0,179,1177922,22936,6543469,54442,299.6100636592179,38,132,9,0,35,131,13,0,55,1,123
2011-08-10 12:49:52,Normal,115,3,118,1538347,3087,3892086,27458,607.0856008135594,46,70,2,0,24,92,2,0,10,1,107
2011-08-10 12:49:53,Normal,127,0,127,1522985,17591,4653977,8550,629.5960007322834,50,71,6,0,33,86,7,1,25,2,99
2011-08-10 12:49:54,Normal,126,0,126,1993879,17715,4343905,48257,710.1530115634921,47,75,4,0,24,97,5,0,15,5,106
2011-08-10 12:49:55,Normal,77,0,77,838730,15107,2661478,5219,617.1819240519482,37,34,6,0,7,68,2,0,10,1,66
2011-08-10 12:49:56,Normal,107,0,107,1348793,38708,3755668,6345,586.0943361214953,42,60,5,0,14,91,2,0,11,1,94
2011-08-10 12:49:57,Normal,138,0,138,995079,19567,5851014,36811,604.6110484782607,38,95,5,0,17,113,8,0,22,1,115
2011-08-10 12:49:58,Attack,86,0,89,1003053,15360,3356201,61710,763.4721722134832,41,35,13,0,6,79,4,0,16,2,71
2011-08-10 12:49:59,Attack,95,0,96,939931,15564,3613617,58097,673.4008588645833,39,48,9,0,4,90,2,0,11,0,85
2011-08-10 12:50:00,Normal,123,0,123,1111645,38966,4615719,47903,594.3884758617885,35,71,17,0,14,102,7,0,14,0,109
2011-08-10 12:50:01,Normal,136,0,136,1415427,20206,5062322,64787,483.193811125,44,82,10,0,17,116,3,0,17,1,118
2011-08-10 12:50:02,Attack,147,3,151,1621289,6532,5529380,41234,525.8218405562914,48,96,7,0,17,132,2,0,14,0,137
2011-08-10 12:50:03,Attack,139,0,142,996469,7490,5978508,4461,324.9521946901408,45,89,8,0,9,127,6,0,18,1,122
2011-08-10 12:50:04,Normal,102,0,102,873698,17000,3712353,61997,497.951037509804,41,53,8,0,5,96,1,0,12,0,90
2011-08-10 12:50:05,Attack,116,0,118,1060969,19333,3678752,3122,422.20500266101686,46,67,5,0,22,90,6,0,34,0,84
2011-08-10 12:50:06,Normal,214,0,214,1129116,11894,9624133,51847,246.48051540654203,39,171,4,0,9,196,9,0,21,1,191
2011-08-10 12:50:07,Attack,111,0,114,992405,18912,4104756,56754,639.2784644210527,46,61,7,0,11,101,2,0,16,2,96
2011-08-10 12:50:08,Attack,73,3,84,791425,16684,2740288,51112,553.8680988571429,34,45,5,0,4,67,13,0,12,0,72
2011-08-10 12:50:09,Attack,91,0,92,977048,17355,3168760,14351,629.8149423478261,25,58,9,0,15,75,2,0,17,3,70
2011-08-10 12:50:10,Normal,101,0,101,1064698,19653,3957818,25196,749.7513278415843,31,57,13,0,10,78,13,0,17,3,81
2011-08-10 12:50:11,Normal,113,0,113,979515,4588,4081986,59468,398.0658943451328,42,64,7,0,8,97,8,0,24,1,88
2011-08-10 12:50:12,Normal,126,3,129,1359000,4462,4855294,37502,358.991856503876,36,86,7,0,19,106,4,0,13,3,113
2011-08-10 12:50:13,Normal,100,0,100,1044488,16708,3598477,14298,594.29834438,36,54,10,0,8,90,2,0,11,2,87
2011-08-10 12:50:14,Normal,92,0,92,918503,16103,3410982,59563,680.7769393369565,34,56,2,0,11,80,1,0,5,0,87
2011-08-10 12:50:15,Normal,108,0,108,1077077,3903,3532007,5124,532.8297513333332,31,71,6,0,18,84,6,0,22,1,85
2011-08-10 12:50:16,Normal,130,0,130,1108915,18080,4858204,52645,600.5669628538462,43,79,8,0,11,112,7,0,21,1,108
2011-08-10 12:50:17,Attack,113,0,114,873953,18278,4286038,17529,464.2157725263158,27,78,9,0,11,88,15,0,24,2,88
2011-08-10 12:50:18,Normal,81,0,81,750233,2567,2970419,60526,586.8340711851852,32,46,3,0,8,67,6,0,12,1,68
2011-08-10 12:50:19,Attack,75,0,98,877517,37932,2645006,16929,634.3688227040816,36,57,5,0,9,68,21,0,11,0,87
2011-08-10 12:50:20,Attack,135,0,136,1046324,8663,5298733,39382,681.8118092058824,39,89,8,0,11,123,2,0,16,1,119
2011-08-10 12:50:21,Normal,92,0,92,863949,5481,3498358,38061,414.5288057173914,38,45,9,0,7,84,1,0,14,0,78
2011-08-10 12:50:22,Normal,158,3,161,983060,23612,6584438,7361,455.47367434161487,44,111,6,0,11,128,22,0,34,0,126
2011-08-10 12:50:23,Attack,228,0,230,979416,10698,9306103,37554,259.8684818521739,33,191,6,0,12,210,6,2,14,4,209
2011-08-10 12:50:24,Attack,107,0,109,1330275,3629,2926937,2702,760.7161484311926,44,57,8,0,22,82,4,1,17,1,90
2011-08-10 12:50:25,Normal,96,2,98,1260893,15946,3034635,25550,717.5844134081631,33,58,7,0,14,81,3,0,7,1,90
2011-08-10 12:50:26,Attack,135,0,137,1470133,19092,4810858,17157,554.3002558759124,41,89,7,0,16,111,9,1,20,0,116
2011-08-10 12:50:27,Normal,142,0,142,1263841,11417,4345756,49282,526.8393643309859,49,88,5,0,31,106,5,0,42,1,99
2011-08-10 12:50:28,Attack,101,1,107,1317909,15477,3282424,37508,728.9318544859813,47,49,11,0,13,90,3,1,19,1,86
2011-08-10 12:50:29,Normal,118,0,118,1118135,54650,4508402,1627,544.2506738898305,41,66,11,0,15,98,5,0,27,1,90
2011-08-10 12:50:30,Attack,114,0,115,842412,6335,4453068,5454,408.07325696521735,32,78,5,0,9,100,6,0,17,0,97
2011-08-10 12:50:31,Normal,81,1,82,871619,2451,2973027,2594,804.3352607439024,38,37,7,0,8,74,0,0,7,0,74
2011-08-10 12:50:32,Normal,122,3,125,1014211,6210,4712235,40116,354.90717959999995,44,61,20,0,13,111,1,0,28,0,96
2011-08-10 12:50:33,Normal,145,0,145,970730,5593,6024431,56591,368.27509064827586,35,104,6,0,9,134,2,0,20,1,124
2011-08-10 12:50:34,Normal,86,0,86,615788,37843,3575697,1454,370.20600054651163,29,51,6,0,1,82,3,0,7,0,78
2011-08-10 12:50:35,Normal,107,0,107,1112314,17726,3945410,60180,680.0485380654204,42,58,7,0,10,93,4,0,10,1,96
2011-08-10 12:50:36,Normal,102,0,102,1141341,19385,3156380,55640,666.3279571568627,41,55,6,0,12,76,14,0,19,1,82
2011-08-10 12:50:37,Normal,102,0,102,1133027,16575,3510492,35093,692.469019637255,41,53,8,0,11,89,2,0,7,0,94
2011-08-10 12:50:38,Normal,81,3,84,963604,15815,2866458,27448,588.7357240833333,38,42,4,0,12,69,3,0,7,1,75
2011-08-10 12:50:39,Normal,70,0,70,774533,15258,2462225,45246,855.1177570285714,30,31,9,0,5,64,1,0,8,0,61
2011-08-10 12:50:40,Attack,137,0,138,1366039,17649,5153421,13808,552.2418088913043,40,93,5,0,12,122,4,0,7,3,128
2011-08-10 12:50:41,Attack,103,0,104,1310307,16723,3838310,14258,648.0345536634615,41,58,5,0,11,91,2,0,11,1,92
2011-08-10 12:50:42,Normal,89,3,92,809094,54596,3410536,13622,456.8033924130434,35,50,7,0,5,84,3,0,12,1,78
2011-08-10 12:50:43,Normal,117,0,117,1117963,5495,4360268,56346,557.8119488717949,37,73,7,0,11,105,1,0,13,2,102
2011-08-10 12:50:44,Attack,110,0,111,986386,17988,4258988,27134,525.0992935765765,33,71,7,0,17,89,5,0,25,0,86
2011-08-10 12:50:45,Attack,132,0,133,1247862,5527,5011988,45396,730.9232714962405,39,84,10,0,11,114,8,0,15,1,117
2011-08-10 12:50:46,Normal,103,1,104,1270096,15490,3580532,6680,528.2775483365384,52,46,6,0,16,87,1,0,27,1,76
2011-08-10 12:50:47,Attack,108,0,111,1282845,16181,4081813,60763,702.9848924234233,44,59,8,0,14,90,7,0,10,1,100
2011-08-10 12:50:48,Normal,117,0,117,1231065,18388,4105505,2314,446.3837742735042,39,76,2,0,17,98,2,0,10,1,106
2011-08-10 12:50:49,Attack,97,0,100,859202,19383,4027003,15783,515.16726926,29,64,7,0,16,80,4,0,23,2,74
2011-08-10 12:50:50,Normal,111,0,111,1095426,6515,4493437,46290,537.3850228828829,38,64,9,0,12,89,10,0,21,0,90
2011-08-10 12:50:51,Attack,95,0,97,948857,16317,3567259,45726,726.4630470412371,43,47,7,0,5,89,3,0,11,1,85
2011-08-10 12:50:52,Normal,104,19,123,1553870,16463,4018146,34527,706.6527271463415,41,69,13,0,17,95,11,0,20,0,102
2011-08-10 12:50:53,Normal,113,0,113,1530042,17006,4537315,60715,623.9304516548673,43,63,7,0,16,93,4,0,9,1,102
2011-08-10 12:50:54,Normal,88,0,88,878835,17412,3441163,11249,541.111322534091,32,49,7,0,7,80,1,0,7,1,80
2011-08-10 12:50:55,Normal,98,0,98,979900,16894,3522775,19551,474.0319149183674,36,52,10,0,7,85,6,0,10,0,88
2011-08-10 12:50:56,Normal,87,0,87,970284,15631,3098473,42867,475.5380804252874,47,29,11,0,6,80,1,0,9,1,77
2011-08-10 12:50:57,Normal,98,0,98,1543941,43636,3570024,59661,825.5388164999998,28,61,9,0,19,77,2,0,5,1,92
2011-08-10 12:50:58,Attack,128,0,129,1458260,18116,4172394,37850,468.83608750387594,42,81,6,0,23,104,2,0,27,4,98
2011-08-10 12:50:59,Normal,99,0,99,972022,18559,3946382,26061,513.0874537878788,38,53,8,0,11,87,1,0,11,0,88
2011-08-10 12:51:00,Normal,83,0,83,1064101,58627,3094335,58931,557.2941117108434,30,46,7,0,17,61,5,0,10,1,72
2011-08-10 12:51:01,Attack,254,0,255,1413845,24836,11908160,6583,192.87790014901958,45,207,3,0,24,229,2,0,18,3,234
2011-08-10 12:51:02,Attack,145,3,149,1700859,19150,6237714,47020,417.7572102348993,47,93,9,0,27,119,3,0,22,2,125
2011-08-10 12:51:03,Normal,98,0,98,1362161,31280,3522727,14393,946.1499616326531,36,53,9,0,15,81,2,0,8,2,88
2011-08-10 12:51:04,Normal,134,0,134,1706318,4823,4748901,45892,539.9267542164179,35,85,14,0,21,106,7,0,13,2,119
2011-08-10 12:51:05,Attack,103,0,104,1449662,16379,3420099,59354,588.0039956153845,35,61,8,0,12,89,3,0,18,2,83
2011-08-10 12:51:06,Attack,94,0,95,1111162,50608,3649172,59861,461.1289145473683,32,55,8,0,14,79,2,0,10,3,82
2011-08-10 12:51:07,Normal,93,0,93,1158574,15830,3363195,3541,611.433346688172,31,54,8,0,14,77,2,0,13,2,78
2011-08-10 12:51:08,Attack,91,3,98,1097950,16226,3270742,26409,569.9459625204081,34,53,11,0,17,78,3,0,14,1,83
2011-08-10 12:51:09,Normal,137,0,137,1414574,31813,5115747,60000,558.3722252043796,44,85,8,0,23,110,4,0,12,2,123
2011-08-10 12:51:10,Attack,100,0,104,1112097,25792,3009084,60500,492.75122517307693,32,68,4,0,19,73,12,0,26,3,75
2011-08-10 12:51:11,Normal,152,0,152,1306890,6964,4933162,4336,444.0712692894737,32,113,7,0,32,103,17,0,38,0,114
2011-08-10 12:51:12,Attack,209,3,213,1496513,60150,9605920,13363,290.0903935774648,40,165,8,0,20,186,7,0,20,0,193
2011-08-10 12:51:13,Attack,150,0,151,2521826,18230,4894791,38563,409.44665579470194,34,107,10,0,40,104,7,0,14,3,134
2011-08-10 12:51:14,Normal,145,0,145,1342986,19542,5587895,54935,414.1330073310345,34,105,6,0,22,116,7,0,19,1,125
2011-08-10 12:51:15,Normal,96,0,96,1520920,15078,3410176,63566,572.6656101979166,37,48,11,0,15,80,1,0,7,1,87
2011-08-10 12:51:16,Normal,82,0,82,1202502,16958,2811688,36079,449.2030520731708,34,44,4,0,10,69,3,0,11,2,69
2011-08-10 12:51:17,Attack,144,0,145,1191841,19584,4607029,1855,454.41639686896553,39,101,5,0,41,100,4,0,34,1,109
2011-08-10 12:51:18,Normal,105,0,105,2080749,2550,3042800,16597,685.9571466095239,31,70,4,0,33,64,8,0,12,2,90
2011-08-10 12:51:19,Normal,91,0,91,730318,16305,3521470,53880,379.2355790989011,38,49,4,0,11,80,0,0,13,1,77
2011-08-10 12:51:20,Attack,90,0,159,1049334,7287,3485383,49236,328.0499550566037,31,122,6,0,27,84,48,0,8,1,150
2011-08-10 12:51:21,Attack,125,0,127,1429055,4651,4597231,42422,612.3462743307084,44,67,16,0,20,104,3,0,22,2,103
2011-08-10 12:51:22,Attack,117,3,122,1700684,17401,4696779,47515,564.1061634672132,37,77,8,0,22,94,6,0,18,2,102
2011-08-10 12:51:23,Attack,94,0,96,1161728,15608,3207011,10352,627.312242,28,58,10,0,15,75,5,1,8,2,84
2011-08-10 12:51:24,Attack,104,0,105,1099457,4938,3895091,3735,492.3371366190476,36,59,10,0,12,88,5,0,9,2,93
2011-08-10 12:51:25,Attack,120,0,124,1130555,4624,4588122,37514,456.4204431774194,30,90,4,0,23,97,3,1,12,2,109
2011-08-10 12:51:26,Attack,98,0,101,1032548,16489,3190163,2047,401.3577131980198,38,59,4,0,26,72,2,1,23,0,77
2011-08-10 12:51:27,Attack,114,0,115,1095703,18001,4680098,55242,386.06924113043476,35,76,4,0,16,94,4,1,16,1,97
2011-08-10 12:51:28,Normal,96,0,96,961166,6084,3437065,53521,510.58164190625,35,51,10,0,12,83,0,1,11,2,82
2011-08-10 12:51:29,Attack,109,0,111,1124816,4406,4508346,1550,492.66688008108105,34,72,5,0,15,90,6,0,11,3,97
2011-08-10 12:51:30,Normal,136,0,136,1299605,31991,4748043,61232,534.9943315882354,55,69,12,0,19,114,3,0,29,3,104
2011-08-10 12:51:31,Attack,110,0,115,927947,18564,4944304,30948,440.5536235826087,39,70,6,0,17,94,4,0,27,0,88
2011-08-10 12:51:32,Attack,152,3,156,1516435,21678,5935982,46252,622.036419423077,41,109,6,0,46,100,10,0,49,2,104
2011-08-10 12:51:33,Attack,121,2,124,1364681,3314,4580885,48906,387.5911245241935,45,68,11,0,14,108,2,0,8,1,115
2011-08-10 12:51:34,Normal,87,0,87,959545,25043,3260035,60738,351.83416386206886,30,50,7,0,7,77,2,1,8,3,76
2011-08-10 12:51:35,Attack,99,0,100,910667,17470,4010683,28756,626.04604464,41,55,4,0,8,91,1,0,6,0,94
2011-08-10 12:51:36,Normal,96,0,96,899859,15274,3196585,41194,520.9445784895834,40,49,7,0,5,89,2,0,20,0,76
2011-08-10 12:51:37,Normal,93,0,93,1337941,2293,3517713,60989,824.7254524838712,32,53,8,0,14,72,7,0,15,2,76
2011-08-10 12:51:38,Normal,110,3,113,815154,4375,4500361,2048,485.5387916991151,40,63,10,0,5,103,5,0,13,0,100
2011-08-10 12:51:39,Attack,110,0,111,1130580,17654,3643716,38351,746.4681636936938,41,60,10,0,17,90,4,0,22,2,87
2011-08-10 12:51:40,Attack,103,0,104,791790,17010,4088431,54645,629.3446245673077,39,57,8,0,7,94,3,0,12,1,91
2011-08-10 12:51:41,Normal,85,0,85,847266,16080,3063793,16592,453.6826091647058,36,42,7,0,8,75,2,0,10,1,74
2011-08-10 12:51:42,Normal,102,3,105,919080,17456,4157015,64771,564.374028447619,34,63,8,0,11,88,6,0,19,0,86
2011-08-10 12:51:43,Attack,102,0,103,1142096,16576,3506443,24804,500.1318687961166,44,50,9,0,9,90,4,0,21,3,79
2011-08-10 12:51:44,Attack,109,0,110,1082213,2252,3835168,56304,492.872057609091,44,61,5,0,8,100,2,0,20,1,89
2011-08-10 12:51:45,Attack,176,0,178,1563646,42217,6458097,14133,609.2137984550562,32,132,14,0,28,138,12,0,29,2,147
2011-08-10 12:51:46,Normal,127,0,127,1188718,18489,4599259,55702,567.036765566929,29,94,4,0,23,99,5,0,14,1,112
2011-08-10 12:51:47,Attack,109,0,112,1377647,18119,3406816,7046,828.8842416875001,33,68,11,0,26,82,4,0,19,1,91
2011-08-10 12:51:48,Attack,97,0,99,1391743,10973,2747755,4331,449.02694319191914,27,64,8,0,30,65,4,0,20,3,76
2011-08-10 12:51:49,Normal,109,0,109,1207820,18049,3959419,42842,476.75842798165144,47,54,8,0,12,95,2,0,16,5,88
2011-08-10 12:51:50,Attack,126,0,131,1129665,18093,5090597,2583,292.6117081221374,41,82,8,0,14,110,7,0,17,2,111
2011-08-10 12:51:51,Normal,97,0,97,1009778,16453,3879911,21842,399.69645688659796,39,51,7,0,14,79,4,0,11,3,82
2011-08-10 12:51:52,Attack,144,3,150,1384054,5982,4700168,52819,479.4884181933333,41,99,10,0,33,113,4,0,40,2,107
2011-08-10 12:51:53,Normal,105,0,105,1380572,17612,3679922,22703,467.4587958095239,33,64,8,0,27,72,6,0,21,1,83
2011-08-10 12:51:54,Attack,107,0,108,1084505,7278,4399962,51127,414.9943828333333,37,63,8,0,23,84,1,0,22,1,85
2011-08-10 12:51:55,Normal,93,0,93,878043,16264,3450564,7203,525.6011274408603,33,51,9,0,6,85,2,0,11,1,81
2011-08-10 12:51:56,Attack,102,0,103,1037304,15992,3428271,10925,417.2008104660194,37,60,6,0,17,82,4,0,16,0,86
2011-08-10 12:51:57,Attack,74,0,75,823002,15434,2672545,38696,469.85868756,29,43,3,0,13,58,3,1,13,0,62
2011-08-10 12:51:58,Normal,111,0,111,1550742,15857,4269468,23735,518.2643588738739,41,65,5,0,27,82,2,0,11,2,97
2011-08-10 12:51:59,Normal,87,0,87,1109558,1994,3218411,42763,595.0148840114941,39,43,5,0,9,77,1,0,11,2,74
2011-08-10 12:52:00,Normal,134,0,134,1069128,4879,4979425,13923,412.8294585373134,35,93,6,0,26,105,3,0,30,0,103
2011-08-10 12:52:01,Attack,145,0,146,1367326,20430,5889542,22838,393.0083282191781,44,93,9,0,16,122,8,0,18,1,127
2011-08-10 12:52:02,Normal,153,11,164,980793,11685,6700613,50220,253.6313571402439,31,126,7,0,32,121,11,0,35,1,128
2011-08-10 12:52:03,Normal,129,0,129,1391306,4231,4827436,54073,496.74594184496124,32,89,8,0,20,104,5,0,16,2,111
2011-08-10 12:52:04,Attack,92,0,94,825621,16558,3315330,24685,315.3156660744681,26,61,7,0,15,77,2,0,11,0,82
2011-08-10 12:52:05,Attack,106,0,107,1104877,17613,3822554,58292,502.02979706542055,33,64,10,0,23,78,6,0,20,1,86
2011-08-10 12:52:06,Normal,170,0,170,1913378,19351,6736040,35971,301.1298690705882,46,115,9,0,25,130,15,0,27,3,140
2011-08-10 12:52:07,Normal,160,0,160,1005910,20147,6966848,22514,522.7181552,37,114,9,0,13,129,18,0,36,1,123
2011-08-10 12:52:08,Attack,246,3,250,1469457,11860,11079638,41234,225.148521508,42,203,5,0,35,175,40,0,70,3,177
2011-08-10 12:52:09,Attack,204,0,205,715458,23323,9072363,21511,189.8287067317073,32,170,3,0,14,176,15,0,28,2,175
2011-08-10 12:52:10,Attack,237,0,239,1220727,10182,9987716,54566,187.1330151757322,41,185,13,0,22,207,10,0,34,0,204
2011-08-10 12:52:11,Attack,126,0,129,1149320,6126,4916908,50403,307.3705989534884,37,86,6,0,19,96,14,0,31,1,97
2011-08-10 12:52:12,Normal,157,3,160,1209417,10098,7114976,51521,343.6022440375,42,111,7,0,26,131,3,0,21,2,137
2011-08-10 12:52:13,Attack,118,0,121,1186638,18162,4612683,16020,483.7016890165289,43,67,11,0,23,90,8,0,30,0,91
2011-08-10 12:52:14,Attack,121,0,122,1459290,28643,4709336,1289,400.8363534262295,29,84,9,0,19,94,9,0,17,3,102
2011-08-10 12:52:15,Attack,156,0,157,1187589,18932,6737359,23044,466.584247910828,45,103,9,0,24,128,5,0,27,1,129
2011-08-10 12:52:16,Normal,147,0,147,906821,19356,6430219,2465,324.13740702040815,32,97,18,0,25,120,2,0,23,0,124
2011-08-10 12:52:17,Attack,149,0,150,1429224,5451,5917594,56341,399.94337856,42,99,9,0,32,113,5,0,35,1,113
2011-08-10 12:52:18,Normal,116,0,116,1612238,62120,3987008,60629,416.63664916379315,39,70,7,0,25,87,4,0,12,4,100
2011-08-10 12:52:19,Normal,103,0,103,1144705,59038,4174569,14134,590.6914090873786,34,60,9,0,13,86,4,0,10,1,92
2011-08-10 12:52:20,Attack,204,0,210,1245022,25476,9186368,46975,290.1592624857143,33,167,10,0,89,115,6,0,84,1,125
2011-08-10 12:52:21,Normal,178,0,178,1064869,9712,7881966,56419,178.69266033146067,30,143,5,0,76,96,6,0,79,0,99
2011-08-10 12:52:22,Normal,133,3,136,1123980,5386,5379032,33258,321.134849757353,36,95,5,0,19,108,9,0,30,1,104
2011-08-10 12:52:23,Attack,127,0,128,1154310,18102,4644241,27610,350.25611513281245,43,82,3,0,27,94,6,1,32,1,94
2011-08-10 12:52:24,Normal,279,0,279,2856460,36711,9871269,61151,299.49348698924734,45,228,6,0,78,189,11,1,42,7,229
2011-08-10 12:52:25,Normal,122,0,122,1425184,48281,4564054,16868,431.981749032787,44,72,6,0,16,106,0,0,7,4,111
2011-08-10 12:52:26,Attack,112,0,113,1081619,5658,4007418,40925,254.02700626548676,35,66,12,0,16,92,4,1,27,2,83
2011-08-10 12:52:27,Attack,124,0,125,1159304,18419,4314905,18500,246.93842999999998,31,88,6,0,29,89,7,0,22,6,97
2011-08-10 12:52:28,Normal,102,0,102,1094185,16689,3699510,59731,313.34053651960784,32,61,9,0,17,81,2,2,13,2,85
2011-08-10 12:52:29,Attack,88,0,90,1006759,17347,3239044,51784,432.08365224444447,42,42,6,0,11,77,2,0,13,2,75
2011-08-10 12:52:30,Attack,118,0,119,1208124,3847,4198080,43338,497.98490059663874,50,62,7,0,11,108,0,0,9,0,110
2011-08-10 12:52:31,Attack,103,1,105,1045586,51363,3855996,13363,596.0026970190477,42,53,10,0,11,93,1,0,10,0,95
2011-08-10 12:52:32,Attack,112,3,118,851599,41556,4865975,2707,481.11849473728813,37,74,7,0,13,97,8,0,17,0,101
2011-08-10 12:52:33,Normal,105,0,105,1011821,17166,3850727,59637,595.7453408666667,30,61,14,0,14,90,1,0,15,1,89
2011-08-10 12:52:34,Attack,123,0,126,840975,8088,5148565,58900,355.71875584126985,37,79,10,0,18,104,4,0,25,1,100
2011-08-10 12:52:35,Attack,89,0,90,892318,66274,3681486,13362,556.5900760444443,41,43,6,0,8,77,5,0,15,1,74
2011-08-10 12:52:36,Attack,128,0,129,1351370,6653,4286933,51960,597.859087744186,44,73,12,0,14,113,2,0,15,5,109
2011-08-10 12:52:37,Normal,90,2,92,826012,15718,3361865,30237,396.9515832934782,38,49,5,0,5,87,0,0,6,2,84
2011-08-10 12:52:38,Attack,97,3,101,964388,16666,3557143,66392,468.3194498415842,42,55,4,0,9,90,2,0,10,4,87
2011-08-10 12:52:39,Normal,80,0,80,714166,16686,2649644,39850,454.0140648625,32,37,11,0,5,73,2,0,18,2,60
2011-08-10 12:52:40,Normal,87,0,87,789210,17340,3540847,60175,514.0755036551724,39,40,8,0,12,74,1,0,11,1,75
2011-08-10 12:52:41,Attack,91,0,93,884440,4012,3383265,13363,437.5541611720431,36,46,11,0,10,80,3,0,13,0,80
2011-08-10 12:52:42,Normal,107,3,110,1019389,4041,4092135,51034,553.7792432545453,36,60,14,0,10,86,14,0,12,1,97
2011-08-10 12:52:43,Normal,90,0,90,1130564,52874,3138113,1038,773.7509353555556,38,44,8,0,11,76,3,0,16,3,70
2011-08-10 12:52:44,Attack,84,0,85,828202,15716,3393812,46465,711.9413722235294,34,47,4,0,6,75,3,1,6,0,79
2011-08-10 12:52:45,Normal,113,0,113,1054161,18448,4272768,36699,311.85674505309737,45,60,8,0,8,102,3,0,14,0,99
2011-08-10 12:52:46,Normal,85,0,85,650021,3435,3458818,58286,589.1725075294117,26,56,3,0,12,73,0,0,12,3,70
2011-08-10 12:52:47,Attack,133,0,135,663887,67324,5650379,13361,279.1579404148148,26,98,11,0,6,120,9,0,19,2,114
2011-08-10 12:52:48,Attack,101,0,102,889493,3948,3660396,58354,802.795845009804,36,55,11,0,12,87,3,0,13,2,87
2011-08-10 12:52:49,Normal,84,0,84,866607,3568,3064912,59889,497.8904870952382,41,38,5,0,9,74,1,0,9,3,72
2011-08-10 12:52:50,Attack,72,1,74,866982,17498,2557987,59600,465.40876182432424,36,34,4,0,6,62,6,0,9,4,61
2011-08-10 12:52:51,Attack,84,0,86,778400,15539,3263745,20829,268.409122755814,28,49,9,0,8,75,3,0,11,1,74
2011-08-10 12:52:52,Normal,114,3,117,1186285,17869,4112664,59688,572.2699503076923,43,67,7,0,16,100,1,0,15,1,101
2011-08-10 12:52:53,Attack,90,0,92,954666,16708,3354684,17096,437.3455945108696,44,37,11,0,6,86,0,0,15,2,74
2011-08-10 12:52:54,Normal,115,0,115,1030045,16859,4290753,25202,747.7757028782609,57,50,8,0,5,104,6,0,22,0,91
2011-08-10 12:52:55,Attack,97,0,102,1024374,15171,3791680,44700,580.793594647059,44,51,7,0,9,88,5,0,20,0,82
2011-08-10 12:52:56,Normal,74,0,74,1015203,14147,2694610,58862,694.4779422702702,25,43,6,0,11,59,4,0,8,3,63
2011-08-10 12:52:57,Attack,126,0,127,1617730,4140,5636503,57401,409.1256084330709,35,87,5,0,32,89,6,0,18,1,108
2011-08-10 12:52:58,Attack,116,0,117,977682,4826,4467682,62661,336.6169256666667,35,73,9,0,16,95,6,0,26,1,90
2011-08-10 12:52:59,Normal,94,0,94,857568,16800,3585865,62176,425.2320367872341,37,49,8,0,13,80,1,0,19,1,74
2011-08-10 12:53:00,Normal,364,0,364,4172857,13785,18679330,55115,569.5659382142857,47,309,8,0,92,263,9,0,19,2,343
2011-08-10 12:53:01,Normal,103,0,103,1261538,17836,4056210,15610,696.7050829417474,38,56,9,0,12,85,6,0,13,2,88
2011-08-10 12:53:02,Attack,121,3,125,1040783,6523,4776603,55231,510.3078665920001,34,84,7,0,14,108,2,1,12,4,109
2011-08-10 12:53:03,Normal,106,0,106,981228,18284,3853500,46751,543.0049629811322,33,61,12,0,12,92,2,0,15,4,87
2011-08-10 12:53:04,Attack,66,0,68,648436,17058,2213398,19073,655.092410735294,23,35,10,0,11,54,3,0,12,1,55
2011-08-10 12:53:05,Normal,92,0,92,1260367,2499,3217971,61295,494.26627594565207,26,58,8,0,10,80,2,0,12,2,78
2011-08-10 12:53:06,Normal,81,0,81,747297,2382,2986278,49335,566.168582111111,36,39,5,0,10,67,3,0,17,1,62
2011-08-10 12:53:07,Normal,96,0,96,1053306,2359,3893439,59731,531.6874236666666,30,64,2,0,11,84,1,0,11,1,84
2011-08-10 12:53:08,Attack,164,0,165,1007692,21151,5975133,58127,414.20459864242423,32,122,11,0,42,115,8,0,52,0,112
2011-08-10 12:53:09,Normal,86,3,89,971852,16595,2879953,52397,715.4305501123596,39,40,10,0,5,79,5,0,11,2,76
2011-08-10 12:53:10,Attack,148,0,149,1056375,22623,5861005,21555,431.66870175838926,43,100,6,0,18,128,3,0,20,3,126
2011-08-10 12:53:11,Attack,95,7,103,1237245,18325,3379828,3025,733.0574581553398,35,62,6,0,23,76,4,0,21,1,81
2011-08-10 12:53:12,Attack,140,8,150,1120883,26634,6743949,13225,498.6433629933333,33,108,9,0,42,101,7,0,41,1,108
2011-08-10 12:53:13,Normal,184,0,184,1033630,21473,7842722,60994,300.0005163695652,47,130,7,0,19,164,1,0,31,2,151
2011-08-10 12:53:14,Attack,255,0,256,818977,27693,12688016,14397,228.93252253125002,31,215,10,0,55,185,16,0,73,3,180
2011-08-10 12:53:15,Normal,111,0,111,1357805,17215,3747449,57530,416.7477913153154,35,65,11,0,17,84,10,0,17,2,92
2011-08-10 12:53:16,Attack,101,0,105,1183833,16581,3160638,38231,726.3655627809524,36,63,6,0,19,80,6,0,19,4,81
2011-08-10 12:53:17,Normal,99,0,99,712826,19658,4055249,30629,362.40275120202017,34,57,8,0,5,88,6,0,13,1,85
2011-08-10 12:53:18,Attack,115,0,116,851807,4332,4386169,53420,269.648754775862,36,72,8,0,4,112,0,0,12,2,102
2011-08-10 12:53:19,Attack,117,0,118,1117819,4716,4061034,53136,510.0773062627118,30,81,7,0,16,80,22,0,32,1,85
2011-08-10 12:53:20,Attack,120,0,128,1085254,17554,4712386,20343,409.205441484375,41,74,13,0,17,97,14,0,32,1,95
2011-08-10 12:53:21,Attack,99,0,100,928829,3463,3347042,63837,484.99582361000006,41,44,15,0,10,87,3,0,19,1,80
2011-08-10 12:53:22,Normal,76,3,79,621778,13995,2881442,14476,410.50127058227855,22,51,6,0,10,63,5,1,13,1,65
2011-08-10 12:53:23,Attack,157,0,158,1015129,10222,6177032,55637,290.98785686708857,40,113,5,0,20,128,9,1,29,0,128
2011-08-10 12:53:24,Normal,115,0,115,1207035,16781,4366519,47453,620.4564837130434,43,68,4,0,19,95,1,0,22,2,91
2011-08-10 12:53:25,Normal,103,0,103,1113939,20456,3574159,9231,512.5515293203883,38,57,8,0,18,81,3,1,19,3,80
2011-08-10 12:53:26,Attack,96,0,97,1200640,38746,3327988,2822,589.5369680206186,28,62,7,0,15,77,5,0,10,3,84
2011-08-10 12:53:27,Normal,83,0,83,1128697,55313,2431135,14983,830.8893694698797,41,37,5,0,10,69,3,1,8,3,71
2011-08-10 12:53:28,Attack,84,0,85,903110,15604,3289796,49795,391.5899456705882,33,47,5,0,2,79,4,0,6,1,78
2011-08-10 12:53:29,Attack,107,0,108,831195,6877,3571322,28776,430.0637823796297,41,54,13,0,7,94,5,2,23,1,84
2011-08-10 12:53:30,Normal,82,0,82,751071,16515,2915886,28818,673.6917372195122,36,43,3,0,6,76,0,0,7,3,72
2011-08-10 12:53:31,Normal,71,0,71,596692,2616,2718319,34443,539.6211126338027,32,31,8,0,11,60,0,0,15,2,54
2011-08-10 12:53:32,Attack,113,3,117,962882,3992,4371495,54651,523.5404375470085,44,66,7,0,16,95,4,2,24,2,87
2011-08-10 12:53:33,Attack,112,0,113,972552,4626,4365256,53350,333.5811044955752,33,72,8,0,9,99,5,0,10,4,99
2011-08-10 12:53:34,Normal,94,0,94,831005,18916,3498957,26177,540.449075851064,34,51,9,0,6,85,3,0,13,2,79
2011-08-10 12:53:35,Attack,67,0,71,801688,14731,2337105,19306,674.9981520422535,37,29,5,0,8,62,1,0,9,0,62
2011-08-10 12:53:36,Normal,87,0,87,854965,4362,3284021,2781,515.9334089310345,40,41,6,0,4,83,0,0,6,2,79
2011-08-10 12:53:37,Attack,77,0,81,1002497,15568,2788482,13300,592.1967638641975,21,55,5,0,14,64,3,0,9,2,70
2011-08-10 12:53:38,Normal,82,0,82,877434,15996,2731830,11131,439.7106705975609,34,41,7,0,7,72,3,0,5,1,76
2011-08-10 12:53:39,Attack,84,3,89,1120298,16564,2987314,52402,699.5813563146068,24,57,8,0,12,72,5,0,7,2,80
2011-08-10 12:53:40,Normal,111,0,111,913918,19741,4032863,52271,467.1748456126125,32,73,6,0,16,87,8,0,22,3,86
2011-08-10 12:53:41,Normal,102,0,102,1064936,4757,3576395,52418,604.686666,44,48,10,0,9,88,5,0,13,0,88
2011-08-10 12:53:42,Normal,132,3,135,858943,19185,4998188,10350,262.9962685185185,36,89,10,0,11,115,8,1,27,1,107
2011-08-10 12:53:43,Attack,129,0,130,922437,17587,4927107,1056,445.8098066538461,44,77,9,0,14,112,3,1,19,0,110
2011-08-10 12:53:44,Attack,94,0,96,1145395,32552,3609035,14561,601.7180831458334,40,49,7,0,10,83,3,0,10,1,85
2011-08-10 12:53:45,Normal,148,0,148,1144313,21545,5889255,13115,504.1939945202702,47,92,9,0,32,114,2,0,43,1,104
2011-08-10 12:53:46,Normal,104,0,104,866963,32216,4121185,16710,661.1554747403848,37,57,10,0,14,88,2,0,18,1,85
2011-08-10 12:53:47,Normal,102,0,102,765040,18760,3635123,42440,448.37451514705884,36,57,9,0,14,86,2,0,14,1,87
2011-08-10 12:53:48,Normal,91,0,91,894641,4651,3331292,60038,521.0275588791209,34,51,6,0,8,81,2,0,13,1,77
2011-08-10 12:53:49,Attack,108,0,109,968095,19524,4136006,79,347.5692899541285,44,62,3,0,12,94,3,0,19,1,89
2011-08-10 12:53:50,Attack,102,0,103,973902,22679,4086593,49280,615.5675319223302,41,56,6,0,20,80,3,0,23,4,76
2011-08-10 12:53:51,Attack,129,0,130,1096971,19019,5276926,11746,533.9996857615384,36,73,21,0,13,114,3,0,17,0,113
2011-08-10 12:53:52,Normal,99,3,102,1170119,16842,4156912,48528,477.33306974509804,33,55,14,0,14,85,3,0,11,0,90
2011-08-10 12:53:53,Attack,95,0,97,924123,5161,3379864,51934,407.85186973195874,42,51,4,0,6,88,3,0,10,1,86
2011-08-10 12:53:54,Attack,74,4,79,1000488,12438,2975742,14905,743.4771463417723,34,35,10,0,8,70,1,0,6,2,70
2011-08-10 12:53:55,Attack,93,0,94,1064701,18428,3202934,22706,518.5561966702129,38,46,10,0,4,85,5,0,13,2,79
2011-08-10 12:53:56,Attack,124,7,134,1528684,17226,5026073,25675,601.4968047537315,50,80,4,0,15,110,9,0,20,2,110
2011-08-10 12:53:57,Normal,184,60,244,3935803,5800,7308134,36991,245.4946423442623,33,204,7,0,73,155,15,1,12,1,230
2011-08-10 12:53:58,Attack,75,1,80,1062890,16813,2520131,29987,657.4561135624999,34,42,4,0,10,67,3,0,9,0,71
2011-08-10 12:53:59,Normal,102,49,151,1097753,21182,6121382,32625,306.8994959403973,34,103,14,0,24,123,2,2,25,0,126
2011-08-10 12:54:00,Attack,59,11,71,663042,14846,2821075,61753,366.7004071408451,28,37,6,0,4,67,0,0,5,2,63
2011-08-10 12:54:01,Normal,83,4,87,941788,16523,3225962,13891,590.1212188390806,36,46,5,0,8,79,0,0,3,3,81
2011-08-10 12:54:02,Normal,118,3,121,942095,19863,4786405,65034,410.8192571404959,37,72,12,0,7,110,4,0,15,1,105
2011-08-10 12:54:03,Attack,180,0,183,982091,24663,8351537,17850,290.9372296284153,26,147,10,0,59,118,6,0,63,2,118
2011-08-10 12:54:04,Normal,195,0,195,1036488,22926,7932972,3631,310.2528713282051,35,155,5,0,24,171,0,0,23,1,171
2011-08-10 12:54:05,Attack,99,0,100,1024605,17178,3917476,60637,339.8228720099999,31,61,8,0,16,81,3,0,20,2,77
2011-08-10 12:54:06,Normal,102,0,102,866215,17775,3963557,10805,468.08365762745086,30,69,3,0,14,83,3,2,23,2,77
2011-08-10 12:54:07,Normal,182,0,182,1084565,22064,7447231,47549,413.05953540659345,38,136,8,0,15,158,9,0,35,1,146
2011-08-10 12:54:08,Normal,132,0,132,924470,18588,5298548,50055,478.3547301136364,41,81,10,0,19,111,2,0,38,2,92
2011-08-10 12:54:09,Normal,144,3,147,988017,6901,5699898,61659,353.4213588163266,42,96,9,0,20,119,8,0,38,2,107
2011-08-10 12:54:10,Attack,74,0,77,724101,15622,2798887,54164,441.1696712077921,25,47,5,0,9,61,7,0,16,1,60
2011-08-10 12:54:11,Attack,120,0,121,1062401,5287,4864483,35997,387.543773661157,36,81,4,0,14,103,4,0,29,2,89
2011-08-10 12:54:12,Normal,99,6,105,1003396,68772,3427835,13363,542.9485356190477,36,62,7,0,18,84,3,0,17,0,88
2011-08-10 12:54:13,Normal,121,18,139,1117229,17867,5524906,40907,558.6299878201439,44,85,10,0,12,120,7,0,17,3,119
2011-08-10 12:54:14,Attack,130,23,156,1047215,21030,6305493,22022,338.78835874358975,37,113,6,0,14,134,8,0,34,0,122
2011-08-10 12:54:15,Attack,111,1,113,1094410,16992,4582028,31638,449.46233098230084,37,64,12,0,10,100,3,0,21,2,90
2011-08-10 12:54:16,Normal,104,0,104,827123,17678,4126070,17346,377.2100763076923,34,66,4,0,17,86,1,0,25,1,78
2011-08-10 12:54:17,Attack,140,0,142,955064,19779,5863832,65565,430.7745556690141,38,98,6,0,16,124,2,0,28,1,113
2011-08-10 12:54:18,Normal,183,0,183,974741,8697,7907563,57302,255.29036793989076,29,144,10,0,29,154,0,0,47,3,133
2011-08-10 12:54:19,Attack,115,0,118,1523396,16481,4031062,52879,632.1803584661018,37,72,9,0,17,94,7,0,13,0,104
2011-08-10 12:54:20,Normal,99,2,101,1861958,15355,3160841,30526,839.2927382673267,35,59,7,0,25,73,3,0,5,3,93
2011-08-10 12:54:21,Attack,142,4,147,743818,36746,6246070,13361,345.55650982312926,23,112,12,0,6,139,2,0,37,2,108
2011-08-10 12:54:22,Normal,177,3,180,1293002,9210,7339254,51601,387.9309417722221,40,138,2,0,18,158,4,0,54,2,123
2011-08-10 12:54:23,Attack,136,6,144,1120762,6231,3871537,50325,376.0334097638889,32,108,4,0,16,121,6,1,60,4,79
2011-08-10 12:54:24,Normal,114,0,114,1350038,3961,3736924,4935,581.7835701052632,32,72,10,0,14,97,2,1,11,4,97
2011-08-10 12:54:25,Normal,91,0,91,1054955,15317,2954534,37167,629.8730490659341,34,50,7,0,9,77,3,2,10,2,77
2011-08-10 12:54:26,Attack,95,0,96,1174307,31203,3356503,13363,696.8341625104167,45,48,3,0,16,75,4,1,15,0,81
2011-08-10 12:54:27,Normal,111,0,111,1359433,17246,3795345,56818,690.6074719729729,40,62,9,0,25,85,1,0,19,4,87
2011-08-10 12:54:28,Normal,97,0,97,1002734,3233,3642217,55571,525.523279628866,24,69,4,0,27,67,3,0,23,0,72
2011-08-10 12:54:29,Attack,109,0,110,1304033,16825,3615509,65883,879.8821044545454,32,72,6,0,24,86,0,0,8,3,99
2011-08-10 12:54:30,Attack,90,0,92,1151551,3220,3034725,53934,681.64664625,33,47,12,0,12,74,5,1,10,2,79
2011-08-10 12:54:31,Normal,100,0,100,1210181,2193,3310128,38067,774.5679906299998,41,54,5,0,11,86,3,0,9,0,89
2011-08-10 12:54:32,Attack,102,16,120,1124644,16804,4158595,61425,694.6102270833333,38,71,11,0,17,96,7,0,15,0,105
2011-08-10 12:54:33,Normal,88,0,88,739365,3319,3285751,41896,450.7093692840909,35,44,9,0,5,79,4,0,8,1,79
2011-08-10 12:54:34,Normal,112,35,147,948418,19104,5909861,34387,308.5787174965986,45,98,4,0,8,135,4,0,15,2,130
2011-08-10 12:54:35,Attack,108,0,109,1097589,16918,3943328,28822,574.5504952568807,47,57,5,0,10,99,0,0,13,0,95
2011-08-10 12:54:36,Attack,84,0,85,941260,16498,2565915,1120,545.864015482353,36,43,6,0,16,66,3,0,20,0,64
2011-08-10 12:54:37,Attack,88,0,89,944439,2353,3502709,40538,600.411439505618,38,41,10,0,4,84,1,0,6,0,83
2011-08-10 12:54:38,Attack,108,1,111,1264106,2939,3719568,48908,760.7361186036037,48,56,7,0,23,87,1,0,21,2,87
2011-08-10 12:54:39,Normal,114,3,117,1367184,16477,4303028,61210,717.980617931624,43,62,12,0,14,99,4,0,9,0,107
2011-08-10 12:54:40,Attack,100,57,161,751066,21736,6291809,16631,328.06208591304346,39,116,6,0,31,126,4,0,41,2,118
2011-08-10 12:54:41,Normal,94,7,101,1011803,16242,3401713,42659,643.1282757326733,52,44,5,0,11,89,1,0,9,1,91
2011-08-10 12:54:42,Attack,118,3,123,799370,4687,4671753,51383,535.8532599512196,39,75,9,0,13,103,7,0,18,1,103
2011-08-10 12:54:43,Normal,92,0,92,822751,16161,3565434,64493,680.9826673695652,28,58,6,0,14,74,4,0,11,1,79
2011-08-10 12:54:44,Normal,89,0,89,891321,15922,3210289,14582,612.7096019775281,39,44,6,0,4,83,2,0,7,2,79
2011-08-10 12:54:45,Attack,90,0,91,945705,16020,3370154,51819,531.9223192087911,38,48,5,0,9,79,3,0,11,1,78
2011-08-10 12:54:46,Normal,116,0,116,1118619,17718,4463068,19632,385.74552146551724,42,65,9,0,14,99,3,0,16,2,98
2011-08-10 12:54:47,Normal,137,0,137,1147532,17785,5698300,4677,329.22348505839415,40,93,4,0,7,123,7,0,18,1,118
2011-08-10 12:54:48,Normal,130,26,156,1341209,66584,6322114,13363,448.7897685576923,33,118,5,0,36,106,14,0,38,0,116
2011-08-10 12:54:49,Normal,112,0,112,951542,17435,4374443,65448,504.14554833035714,36,72,4,0,18,87,7,0,18,2,90
2011-08-10 12:54:50,Normal,91,0,91,1025855,16395,3221857,48533,581.0869293406593,37,48,6,0,9,75,7,0,12,3,76
2011-08-10 12:54:51,Attack,111,0,112,924483,20346,4241634,13394,494.13941485714287,33,72,7,0,12,88,12,0,25,2,85
2011-08-10 12:54:52,Normal,97,3,100,1024847,55557,3432302,769,692.77714872,37,56,7,0,7,87,6,0,13,3,82
2011-08-10 12:54:53,Attack,90,4,96,1119150,2978,2820917,35957,581.4871104166667,43,48,5,0,15,78,3,0,10,4,82
2011-08-10 12:54:54,Normal,110,0,110,1006488,4149,4254055,34426,415.493986209091,46,60,4,0,18,91,1,0,18,3,89
2011-08-10 12:54:55,Normal,95,0,95,984550,62622,3351445,13443,366.7886070947369,27,64,4,0,13,78,4,0,12,0,82
2011-08-10 12:54:56,Attack,95,0,96,817222,2121,3490044,35396,658.4214927708334,44,46,6,0,8,88,0,0,7,5,84
2011-08-10 12:54:57,Attack,93,0,95,803085,18013,3653103,3426,635.3091988210525,46,45,4,0,4,88,3,0,10,1,83
2011-08-10 12:54:58,Attack,98,0,101,811099,18427,3752686,35587,462.40413624752483,51,48,2,0,6,90,5,0,13,0,88
2011-08-10 12:54:59,Attack,90,0,94,909554,8512,3235851,5765,639.195294,39,48,7,0,12,79,3,0,16,1,77
2011-08-10 12:55:00,Normal,88,0,88,704129,16462,3073636,19646,506.1419265795455,27,57,4,0,15,71,2,0,16,0,72
2011-08-10 12:55:01,Attack,229,0,232,1063951,23054,10802481,12418,374.6680576767241,37,186,9,0,12,216,4,0,7,0,224
2011-08-10 12:55:02,Normal,104,3,107,1005670,27136,3877002,14395,558.3030082523364,37,63,7,0,17,85,5,0,16,2,87
2011-08-10 12:55:03,Attack,99,0,103,1107943,3209,3211323,47224,621.0602871747573,41,54,8,0,10,90,3,0,18,4,81
2011-08-10 12:55:04,Attack,112,0,113,1512255,8530,3277234,4294,790.769153557522,46,58,9,0,14,94,5,0,14,0,98
2011-08-10 12:55:05,Normal,129,2,131,1473538,18049,4530612,19761,656.0973826030535,47,68,16,0,16,109,3,3,14,5,112
2011-08-10 12:55:06,Normal,171,0,171,1022805,21916,6703536,50886,519.8856695730994,39,125,7,0,55,114,2,0,53,0,118
2011-08-10 12:55:07,Normal,91,0,91,816383,15958,3232009,7107,532.2462740879121,34,50,7,0,15,75,1,0,17,1,73
2011-08-10 12:55:08,Normal,108,0,108,1628406,37237,3284209,13363,785.9115252870371,35,69,4,0,31,75,2,0,12,0,96
2011-08-10 12:55:09,Normal,102,3,105,1378017,16828,3392372,8124,710.3591917809523,37,63,5,0,18,83,4,0,16,2,86
2011-08-10 12:55:10,Normal,105,0,105,1000076,18205,3896473,3462,585.8638973333333,29,70,6,0,20,77,8,0,19,2,84
2011-08-10 12:55:11,Attack,118,0,119,1068123,17565,4582090,40519,426.7600643613445,39,71,9,0,6,110,3,0,12,1,105
2011-08-10 12:55:12,Normal,85,3,88,913675,11254,3282104,14134,409.55383455681823,32,49,7,0,5,77,6,0,9,1,78
2011-08-10 12:55:13,Normal,72,0,72,720863,1716,2624157,34302,850.656475388889,30,36,6,0,8,63,1,0,9,0,62
2011-08-10 12:55:14,Attack,95,0,96,960219,16824,3369259,28735,433.71597359375,33,57,6,0,8,88,0,0,14,0,81
2011-08-10 12:55:15,Normal,126,0,126,1501906,16558,4102938,22169,543.8295618253969,49,72,5,0,25,96,5,0,19,1,106
2011-08-10 12:55:16,Normal,107,0,107,1136950,16921,4006067,39028,578.7878166261683,37,62,8,0,16,89,2,0,10,0,97
2011-08-10 12:55:17,Attack,96,0,97,938322,17914,3527383,15295,701.5018389793815,38,48,11,0,11,84,2,0,11,1,84
2011-08-10 12:55:18,Attack,106,0,107,1416151,16291,3680831,62933,557.4880197383178,37,62,8,0,17,87,3,0,11,0,96
2011-08-10 12:55:19,Normal,106,0,106,1154129,15919,3385300,15178,815.5478830566037,43,54,9,0,12,93,1,0,10,0,96
2011-08-10 12:55:20,Attack,118,0,122,996140,5075,4651209,5019,651.0653557868853,38,76,8,0,15,106,1,0,20,1,101
2011-08-10 12:55:21,Normal,77,0,77,950299,15061,2897247,22412,671.6438341948053,27,46,4,0,9,65,3,0,11,0,66
2011-08-10 12:55:22,Attack,108,3,116,1050610,21488,4144277,42010,528.1460499310346,43,60,13,0,12,101,3,0,17,1,97
2011-08-10 12:55:23,Normal,117,0,117,1553948,36068,4071044,14392,835.8004383760683,36,72,9,0,22,90,4,1,11,2,103
2011-08-10 12:55:24,Attack,167,0,169,858765,23429,4322904,41362,326.81638995857986,28,131,10,0,75,89,5,0,78,1,90
2011-08-10 12:55:25,Normal,116,4,120,1027409,37934,4679779,1031,561.7073707916667,42,71,7,0,13,106,1,0,15,3,102
2011-08-10 12:55:26,Normal,108,2,110,822289,4823,4384731,56354,584.0256715727273,42,62,6,0,11,97,1,1,15,0,94
2011-08-10 12:55:27,Attack,101,0,102,1216170,16753,3412831,20945,478.7922602156863,44,49,9,0,7,89,3,3,15,2,83
2011-08-10 12:55:28,Normal,98,0,98,1058639,17992,3390566,41038,567.3005354591836,40,54,4,0,11,84,3,0,14,4,80
2011-08-10 12:55:29,Normal,92,0,92,809768,17341,3339296,7393,437.00909878260865,32,56,4,0,13,77,2,0,22,1,69
2011-08-10 12:55:30,Normal,91,0,91,1116248,2586,2980270,54015,501.7942777582418,35,47,9,0,4,82,4,1,19,0,71
2011-08-10 12:55:31,Normal,103,3,106,918177,16069,3971905,35073,382.2508327547169,43,55,8,0,4,101,1,0,8,2,95
2011-08-10 12:55:32,Attack,111,3,115,1244641,4535,4129234,34682,561.538775426087,36,71,8,0,22,87,6,0,19,0,96
2011-08-10 12:55:33,Normal,129,0,129,2118486,55489,4129263,13103,633.9123020697674,42,82,5,0,34,93,2,0,9,3,117
2011-08-10 12:55:34,Normal,89,0,89,1037294,15582,3307974,63951,398.4066129213483,38,45,6,0,8,80,1,0,7,2,80
2011-08-10 12:55:35,Attack,79,0,80,862202,9698,3026699,1577,490.4198025375,47,30,3,0,6,71,3,0,10,0,70
2011-08-10 12:55:36,Attack,229,0,230,1475018,59463,9678532,339,244.15260979130437,40,178,12,0,33,189,8,0,35,1,194
2011-08-10 12:55:37,Normal,100,0,100,814205,16557,3584339,26823,453.91471327,39,51,10,0,2,97,1,0,10,0,90
2011-08-10 12:55:38,Attack,120,0,121,1937336,9099,3689623,45536,671.2498073636364,40,74,7,0,22,91,8,0,7,2,111
2011-08-10 12:55:39,Attack,100,21,122,1257113,4911,4673463,60600,458.2509895901639,38,77,7,0,17,98,7,0,12,1,109
2011-08-10 12:55:40,Normal,89,0,89,841385,46226,3250826,13443,443.0716634943821,32,51,6,0,8,80,1,0,15,0,74
2011-08-10 12:55:41,Attack,80,10,94,1026141,15767,3134741,30218,648.573046531915,44,49,1,0,5,80,9,0,17,0,76
2011-08-10 12:55:42,Normal,102,3,105,946750,17537,3879711,19639,563.2848272,31,58,16,0,12,84,9,0,8,1,96
2011-08-10 12:55:43,Attack,101,0,107,900770,16522,3830073,21091,582.3916568878506,34,61,12,0,11,93,3,0,20,2,85
2011-08-10 12:55:44,Normal,109,0,109,1267448,15652,3463749,54907,631.2375842844036,51,52,6,0,10,98,1,0,4,3,101
2011-08-10 12:55:45,Attack,91,0,94,1092477,18710,3356567,13622,823.0788291382978,40,47,7,0,11,79,4,0,5,1,88
2011-08-10 12:55:46,Normal,160,0,160,1284881,19200,6024602,4837,368.8994131875,41,110,9,0,32,128,0,0,27,2,131
2011-08-10 12:55:47,Attack,127,0,128,876994,9356,4543764,46780,412.4060940078125,33,87,8,0,37,89,2,0,39,2,87
2011-08-10 12:55:48,Normal,91,0,91,1036091,3580,3238569,50534,651.5820175934066,35,49,7,0,16,73,2,0,13,0,78
2011-08-10 12:55:49,Normal,111,0,111,967402,18121,4327660,15647,479.4211842252253,36,69,6,0,23,84,4,0,29,1,81
2011-08-10 12:55:50,Normal,105,0,105,1115937,16912,3769153,18982,622.9658829142858,44,52,9,0,10,91,4,0,14,2,88
2011-08-10 12:55:51,Attack,110,13,124,836877,19280,4989260,2871,288.6256558790322,37,81,6,0,27,95,2,0,30,2,92
2011-08-10 12:55:52,Normal,95,78,173,1141767,19223,6811983,13624,463.79691381502886,31,134,8,0,23,138,12,0,28,1,144
2011-08-10 12:55:53,Normal,97,3,100,1105647,15876,3824076,53895,647.3928445800001,38,51,11,0,7,90,3,0,8,1,91
2011-08-10 12:55:54,Normal,84,0,84,802245,4579,2935499,53265,421.99806689285714,33,46,5,0,9,73,2,0,11,1,72
2011-08-10 12:55:55,Attack,84,0,85,978242,3088,2788952,65818,732.1516306,39,41,5,0,10,71,4,0,12,0,73
2011-08-10 12:55:56,Attack,114,1,116,850693,18627,4595270,57619,458.85542665517244,41,72,3,0,8,101,7,0,12,1,103
2011-08-10 12:55:57,Normal,97,6,103,1212541,16159,3423917,5536,666.8031478932036,39,58,6,0,9,84,10,0,13,3,87
2011-08-10 12:55:58,Normal,102,0,102,1172057,15289,3695812,16414,714.6846924607844,41,53,8,0,10,90,2,0,6,3,93
2011-08-10 12:55:59,Attack,85,0,86,793150,16916,3013473,13440,651.6985901976744,35,46,5,0,11,72,3,0,16,0,70
2011-08-10 12:56:00,Attack,136,0,139,1155622,6945,5086344,4167,326.522939884892,37,92,10,0,44,89,6,0,47,3,89
2011-08-10 12:56:01,Normal,132,3,135,1132653,19134,5318363,14314,423.35169264444437,30,93,12,0,15,116,4,0,12,3,120
2011-08-10 12:56:02,Attack,101,12,115,785662,5143,4627069,3738,334.4242740695653,34,71,10,0,15,94,6,0,25,0,90
2011-08-10 12:56:03,Attack,106,3,110,696210,21263,4022025,1172,525.5067429181818,35,64,11,0,12,96,2,0,15,0,95
2011-08-10 12:56:04,Attack,112,0,117,798494,19656,4180060,20797,427.05212930769227,39,71,7,0,23,88,6,0,39,0,77
2011-08-10 12:56:05,Normal,94,0,94,742156,16486,3156004,53119,652.717934148936,35,54,5,0,10,84,0,0,14,1,78
2011-08-10 12:56:06,Attack,97,2,101,666435,18174,4121717,58428,463.7616896930691,36,61,4,0,10,86,5,0,14,0,87
2011-08-10 12:56:07,Normal,119,2,121,1425020,68441,4165557,14913,574.7203323801652,45,70,6,0,16,100,5,0,16,3,102
2011-08-10 12:56:08,Normal,112,7,119,763305,5205,4838864,34708,363.2008277142857,29,78,12,0,4,105,10,0,21,0,98
2011-08-10 12:56:09,Attack,126,5,326,1007951,29825,6130779,47616,149.0090157822086,32,287,7,0,38,154,134,0,28,0,298
2011-08-10 12:56:10,Attack,98,0,186,1033450,8055,3812470,2847,312.59752988709675,42,136,8,0,26,104,56,0,10,2,174
2011-08-10 12:56:11,Attack,131,0,132,1459135,19517,4617043,5370,573.8456751363636,42,80,10,0,25,102,5,0,19,4,109
2011-08-10 12:56:12,Attack,118,3,122,849241,7989,4960909,61946,337.1746853278688,26,86,10,0,34,82,6,0,43,0,78
2011-08-10 12:56:13,Attack,101,0,102,751010,18497,4196429,54232,334.1859936470588,30,69,3,0,15,79,6,2,15,0,87
2011-08-10 12:56:14,Normal,132,5,137,692376,5098,4964869,1324,447.9883740583942,34,94,9,0,15,113,9,0,27,0,108
2011-08-10 12:56:15,Attack,85,6,92,1030110,3498,3178747,55973,601.2029505,32,53,7,0,14,70,8,0,18,1,73
2011-08-10 12:56:16,Attack,111,0,112,1067648,3865,3797226,42230,623.5333116785714,35,69,8,0,29,83,0,0,17,0,94
2011-08-10 12:56:17,Attack,111,0,112,919005,17113,4038567,20566,567.6536820982143,33,72,7,0,11,96,5,0,13,0,99
2011-08-10 12:56:18,Attack,92,0,95,1141057,16029,3244060,43788,496.94480964210527,42,47,6,0,9,77,9,0,16,1,78
2011-08-10 12:56:19,Attack,82,0,86,755127,15497,3164802,1634,629.2941189767442,34,45,7,0,9,72,3,2,10,0,75
2011-08-10 12:56:20,Attack,194,0,195,986260,11780,8056792,47890,333.12763614358977,34,152,9,0,36,140,19,0,52,1,142
2011-08-10 12:56:21,Attack,113,0,115,1303392,17319,3909883,7494,558.1752694173912,43,63,9,0,12,93,10,0,16,5,94
2011-08-10 12:56:22,Normal,148,3,151,1466574,8683,5223769,15839,533.9380849006621,44,99,8,0,23,117,11,0,27,2,122
2011-08-10 12:56:23,Attack,166,0,168,991282,7438,6799214,52055,257.9672393690476,31,132,5,0,20,139,8,1,25,1,141
2011-08-10 12:56:24,Normal,96,0,96,1170106,2037,3531378,599,576.76748775,51,38,7,0,6,85,4,1,13,2,80
2011-08-10 12:56:25,Attack,88,0,94,998728,16540,3282160,23593,537.8566313617021,36,52,6,0,12,80,1,1,11,0,82
2011-08-10 12:56:26,Attack,100,0,101,1060551,15449,3262548,11459,790.3160043762375,44,47,10,0,8,91,1,1,3,1,95
2011-08-10 12:56:27,Attack,98,0,100,992967,18117,3836288,23061,363.3207983300001,35,61,4,0,21,77,1,1,14,2,83
2011-08-10 12:56:28,Normal,77,0,77,872779,14637,2632985,13978,600.7527721948052,39,31,7,0,2,73,2,0,9,0,68
2011-08-10 12:56:29,Normal,94,0,94,909696,16507,3461723,21760,485.028267180851,39,44,11,0,3,87,4,0,13,1,80
2011-08-10 12:56:30,Normal,109,0,109,1027601,13178,3434316,14393,429.5308817889909,35,69,5,0,26,78,3,2,29,2,78
2011-08-10 12:56:31,Normal,108,0,108,1170282,16481,4143820,27950,747.3512985648148,37,66,5,0,21,83,2,2,11,0,96
2011-08-10 12:56:32,Attack,94,4,99,1001147,5200,3664316,45040,540.7879185959597,27,64,8,0,15,79,4,1,9,1,89
2011-08-10 12:56:33,Attack,112,0,113,1240184,16867,3797105,38060,847.3537248141592,37,64,12,0,9,101,3,0,8,2,103
2011-08-10 12:56:34,Normal,106,0,106,821436,3828,4514985,57751,615.9930665943397,30,72,4,0,8,78,20,0,26,1,79
2011-08-10 12:56:35,Normal,138,0,138,1246243,18134,5539860,21162,469.97147697826085,43,87,8,0,12,124,2,0,16,4,118
2011-08-10 12:56:36,Normal,90,0,90,1168535,37769,2795810,24124,871.8690056777777,33,51,6,0,17,71,2,0,14,0,76
2011-08-10 12:56:37,Normal,139,0,139,973641,8771,5889666,50349,419.28797638848914,37,95,7,0,27,99,13,0,37,0,102
2011-08-10 12:56:38,Normal,90,0,90,864465,14859,3132788,50403,670.8491101000001,32,51,7,0,9,78,3,0,13,0,77
2011-08-10 12:56:39,Normal,79,3,82,1087714,3701,2931668,44994,546.5492913902439,20,49,13,0,13,66,3,0,16,0,66
2011-08-10 12:56:40,Attack,100,0,105,916336,6309,3943651,52371,410.66192329523807,43,52,10,0,11,92,2,0,18,1,86
2011-08-10 12:56:41,Attack,88,0,90,1155347,68286,3198472,4444,769.6594985444444,35,49,6,0,13,74,3,0,12,1,77
2011-08-10 12:56:42,Attack,107,3,111,1107870,18780,4336191,50418,601.3238306756758,34,72,5,0,10,99,2,0,10,2,99
2011-08-10 12:56:43,Normal,105,0,105,1276148,16239,3482506,3351,571.9008753047619,38,61,6,0,17,85,3,0,9,0,95
2011-08-10 12:56:44,Attack,106,0,110,1285980,16624,3495363,10623,855.5961515545454,34,67,9,0,20,88,2,0,13,1,96
2011-08-10 12:56:45,Normal,72,0,72,937441,15959,2370649,22493,744.7750965972223,30,38,4,0,9,60,3,0,8,3,61
2011-08-10 12:56:46,Attack,142,0,146,624600,5860,5845055,48508,329.8210465958904,33,105,8,0,26,118,2,0,28,2,116
2011-08-10 12:56:47,Attack,102,0,103,865832,3116,3811784,55032,493.1802772912622,44,52,7,0,5,97,1,0,5,2,95
2011-08-10 12:56:48,Attack,110,0,114,1029412,18356,3502640,13520,614.5974365789474,37,70,7,0,24,87,3,0,26,1,87
2011-08-10 12:56:49,Normal,86,0,86,1002615,17590,3029807,63703,680.7702726279069,49,32,5,0,10,73,2,1,7,1,78
2011-08-10 12:56:50,Normal,119,0,119,1481083,3558,4200021,35776,751.3903588655463,41,69,9,0,16,99,4,0,16,3,100
2011-08-10 12:56:51,Attack,98,0,100,1126400,16426,3788656,46023,596.5677451500001,35,52,13,0,7,91,2,0,9,1,90
2011-08-10 12:56:52,Normal,105,3,108,1133126,19312,3877409,58319,660.4537029907408,38,63,7,0,9,92,7,0,10,2,96
2011-08-10 12:56:53,Normal,78,0,78,1060969,3020,2593193,26333,640.3451726923076,31,45,2,0,16,60,2,0,9,3,66
2011-08-10 12:56:54,Normal,128,0,128,913246,18632,5078762,38911,317.2610072890625,37,86,5,0,18,103,7,0,26,1,101
2011-08-10 12:56:55,Normal,91,0,91,775672,3039,3443686,39881,617.5040406043956,35,47,9,0,13,70,8,0,23,0,68
2011-08-10 12:56:56,Normal,87,0,87,719166,16281,3302791,50176,466.89367271264365,35,47,5,0,4,83,0,0,7,1,79
2011-08-10 12:56:57,Attack,128,0,129,1222743,18789,4842791,4651,544.1701696821705,41,77,11,0,14,110,5,0,15,2,112
2011-08-10 12:56:58,Attack,96,0,97,984682,15887,3417224,58530,641.0748656288661,34,55,8,0,14,82,1,0,13,1,83
2011-08-10 12:56:59,Normal,93,0,93,992260,16955,3490006,37549,702.4182483870968,44,46,3,0,8,83,2,0,8,0,85
2011-08-10 12:57:00,Normal,68,0,68,602403,1979,2434158,54994,766.9522038382353,21,43,4,0,6,60,2,0,4,1,61
2011-08-10 12:57:01,Attack,238,0,239,1098768,24875,11504451,62564,203.70824264016733,47,187,5,0,14,222,3,0,12,1,225
2011-08-10 12:57:02,Attack,99,3,104,829548,4730,3848382,47876,531.786947125,29,67,8,0,12,85,7,0,17,0,87
2011-08-10 12:57:03,Attack,110,0,111,934292,17370,4152223,62162,561.5994901891892,40,67,4,0,14,92,4,1,15,1,95
2011-08-10 12:57:04,Normal,86,0,86,846741,17072,3256026,17283,497.0545367790697,31,45,10,0,8,76,2,0,6,0,80
2011-08-10 12:57:05,Attack,68,0,71,690626,2006,2174784,1211,523.3616212957746,31,35,5,0,9,58,4,0,17,0,54
2011-08-10 12:57:06,Normal,140,0,140,918327,6814,5702558,6234,323.78559363571424,27,104,9,0,31,101,7,1,38,2,99
2011-08-10 12:57:07,Attack,117,0,123,980734,18618,4530578,63424,445.24216289430893,41,74,8,0,20,94,9,0,30,2,91
2011-08-10 12:57:08,Normal,208,0,208,855440,12655,9026329,51350,300.42985139903845,39,162,7,0,19,150,38,1,61,1,146
2011-08-10 12:57:09,Attack,100,3,107,948981,3669,4123788,58883,591.1389131495329,30,72,5,0,16,88,3,0,14,1,92
2011-08-10 12:57:10,Attack,86,0,253,1164908,27017,3051779,57501,259.61494886956524,38,210,5,0,44,96,113,0,14,2,237
2011-08-10 12:57:11,Attack,162,0,171,975784,8261,7458911,20602,342.336375251462,35,129,7,0,20,145,6,0,21,1,149
2011-08-10 12:57:12,Attack,97,5,105,990082,39030,3185731,14294,639.0102655809524,45,56,4,0,10,81,14,0,25,1,79
2011-08-10 12:57:13,Normal,96,0,96,730204,3470,3695954,65744,561.3658884895833,27,62,7,0,7,84,4,1,9,1,86
2011-08-10 12:57:14,Attack,96,0,98,1005906,16387,3618141,38447,507.4639580714286,45,47,6,0,10,88,0,0,9,1,88
2011-08-10 12:57:15,Attack,61,0,63,694793,15203,2305415,20637,680.7149386507937,30,26,7,0,3,59,1,0,2,0,61
2011-08-10 12:57:16,Normal,147,0,147,992542,59880,5286139,2396,334.06473214285717,37,105,5,0,39,97,11,0,56,2,89
2011-08-10 12:57:17,Normal,197,0,197,649126,11114,7953301,33890,157.57961543147206,26,165,6,0,79,106,12,0,90,0,107
2011-08-10 12:57:18,Normal,159,0,159,1047855,20233,5465405,62874,507.2682793081761,45,107,7,0,33,115,11,0,41,1,117
2011-08-10 12:57:19,Normal,90,0,90,885394,3379,3405824,51124,543.6502008222222,43,41,6,0,13,75,2,0,15,0,75
2011-08-10 12:57:20,Attack,91,0,92,1020012,16391,3326314,13386,652.3958918043478,41,44,7,0,7,83,2,0,6,1,84
2011-08-10 12:57:21,Normal,106,0,106,958657,17255,4052749,35769,553.081757735849,39,58,9,0,7,97,2,0,11,0,95
2011-08-10 12:57:22,Attack,97,3,101,941840,3588,2982523,50835,555.4974608811881,38,53,10,0,8,77,16,0,22,2,76
2011-08-10 12:57:23,Attack,110,0,111,1324133,16785,3680314,32492,588.4958541801802,37,70,4,0,22,85,3,1,20,1,89
2011-08-10 12:57:24,Attack,79,0,80,775287,9609,2912536,46482,775.9108314499999,32,41,7,0,6,70,3,1,4,1,74
2011-08-10 12:57:25,Attack,79,0,80,994351,15258,2534512,10545,682.9575355124999,39,34,7,0,11,67,1,1,8,0,71
2011-08-10 12:57:26,Attack,91,0,93,956783,15686,3593001,47328,548.3371879032259,40,43,10,0,8,84,1,0,5,0,87
2011-08-10 12:57:27,Normal,137,0,137,1152323,18307,5210309,37249,326.0990149051095,33,92,12,0,12,118,6,1,14,1,121
2011-08-10 12:57:28,Attack,125,0,131,1335890,24434,3853504,24154,477.2340655648855,40,84,7,0,19,93,19,0,32,4,94
2011-08-10 12:57:29,Normal,119,0,119,1385480,18461,4113383,62350,375.92161893277313,45,68,6,0,18,98,3,0,12,1,105
2011-08-10 12:57:30,Attack,88,0,91,787884,2511,3430750,53919,602.6245466923076,30,53,8,0,11,77,3,0,12,1,78
2011-08-10 12:57:31,Normal,121,0,121,1380499,20846,4386654,37960,351.7320605206612,49,63,9,0,22,94,4,1,32,2,86
2011-08-10 12:57:32,Normal,100,3,103,1128610,45090,4129272,38035,330.1267501650486,35,62,6,0,11,87,5,0,17,0,86
2011-08-10 12:57:33,Normal,216,0,216,2105475,31130,8540618,24030,475.0042655231482,45,161,10,0,43,159,14,0,57,4,155
2011-08-10 12:57:34,Normal,146,0,146,1262627,5527,5915853,50488,501.28765914383564,45,96,5,0,20,116,10,0,36,0,110
2011-08-10 12:57:35,Normal,117,0,117,960009,20255,4697317,5780,363.35815058974356,30,74,13,0,14,90,13,0,26,1,90
2011-08-10 12:57:36,Attack,123,0,124,1180602,20067,4566050,44903,573.8586088225809,40,70,14,0,25,95,4,0,23,0,101
2011-08-10 12:57:37,Normal,96,0,96,790387,3141,3306419,37315,592.3939571562499,38,50,8,0,7,88,1,0,9,0,86
2011-08-10 12:57:38,Normal,113,0,113,890122,18124,4178359,40685,579.6868958495575,47,58,8,0,9,101,3,0,11,0,101
2011-08-10 12:57:39,Normal,81,0,81,834538,15949,2929825,3961,744.0574091851853,38,38,5,0,8,73,0,0,9,2,70
2011-08-10 12:57:40,Normal,85,9,94,998094,17727,3464195,59089,430.7313795744681,33,52,9,0,13,79,2,0,14,1,79
2011-08-10 12:57:41,Normal,110,4,114,1195805,5369,4107021,54287,597.9579463947368,41,65,8,0,21,92,1,0,27,0,86
2011-08-10 12:57:42,Normal,114,3,117,1009023,18391,4336970,10712,415.62268420512817,38,72,7,0,25,89,3,0,27,5,85
2011-08-10 12:57:43,Attack,129,0,132,903461,18988,4940386,4472,466.7737417272727,26,96,10,0,16,114,2,0,17,0,115
2011-08-10 12:57:44,Attack,190,0,192,1443879,21112,7388194,34491,464.8340142864583,45,135,12,0,16,166,10,0,21,1,169
2011-08-10 12:57:45,Attack,127,0,129,1462694,5036,4602990,54018,462.7575926511628,38,80,11,0,13,104,12,0,25,3,101
2011-08-10 12:57:46,Normal,124,0,124,952257,19425,5043607,66193,508.1369587580645,37,81,6,0,12,107,5,0,36,2,85
2011-08-10 12:57:47,Attack,266,10,280,622127,13827,13340578,54152,98.69073243928572,28,243,9,0,19,249,12,0,38,1,241
2011-08-10 12:57:48,Normal,143,5,148,738792,55414,6012188,60763,286.32828468243247,25,113,10,0,42,104,2,0,43,1,104
2011-08-10 12:57:49,Attack,111,0,115,719384,6144,4221448,58381,308.5595661217391,38,71,6,0,11,102,2,0,15,2,98
2011-08-10 12:57:50,Attack,76,0,77,762812,17091,2673204,27616,543.8243609220779,37,34,6,0,8,66,3,0,10,1,66
2011-08-10 12:57:51,Attack,119,0,122,928877,11433,4558120,62482,469.41412918032785,33,78,11,0,16,102,4,0,19,0,103
2011-08-10 12:57:52,Normal,109,3,112,1354594,17524,3926021,36137,652.1844378125,33,66,13,0,17,87,8,0,15,0,97
2011-08-10 12:57:53,Normal,88,0,88,903846,3654,3266851,54930,612.7911048750001,36,46,5,0,6,80,1,0,8,2,77
2011-08-10 12:57:54,Normal,92,0,92,928037,4701,3300905,47315,608.1962214891304,34,51,7,0,9,81,2,0,11,0,80
2011-08-10 12:57:55,Normal,105,0,105,1099696,18022,3753788,9408,515.2157868761906,35,63,7,0,17,81,7,0,22,2,81
2011-08-10 12:57:56,Attack,134,0,135,1094850,6374,5601705,59327,516.7115727555555,35,94,6,0,27,101,7,0,22,2,110
2011-08-10 12:57:57,Normal,120,0,120,1152423,17627,4268436,11517,538.0969612499999,39,73,8,0,14,102,4,0,15,2,102
2011-08-10 12:57:58,Normal,80,0,80,700965,16630,3079175,50446,631.6002779625,29,47,4,0,3,74,3,0,9,2,69
2011-08-10 12:57:59,Normal,123,0,123,1343230,17981,4105438,52012,731.8187373414635,34,84,5,0,22,97,4,0,16,3,103
2011-08-10 12:58:00,Normal,157,0,157,1330225,5680,5729736,2226,496.9005855541401,46,100,11,0,29,123,5,0,36,4,117
2011-08-10 12:58:01,Normal,113,0,113,820285,68433,4640918,13419,337.6496894247787,33,73,7,0,15,92,6,0,22,0,91
2011-08-10 12:58:02,Normal,103,3,106,1005712,4278,4173778,32491,514.0396951886792,45,58,3,0,10,90,6,0,16,0,90
2011-08-10 12:58:03,Normal,113,0,113,542596,6035,4469616,52292,179.73164011504423,28,83,2,0,45,60,8,0,56,0,56
2011-08-10 12:58:04,Attack,172,0,174,863842,58968,6867396,58502,358.54034350574716,29,135,10,0,32,118,24,0,50,1,123
2011-08-10 12:58:05,Attack,116,0,117,1008493,4567,4230750,4111,312.88849186324796,33,74,10,0,27,78,12,0,33,1,83
2011-08-10 12:58:06,Attack,140,0,142,957764,8610,4842545,2605,437.8678088521127,38,101,3,0,14,113,15,0,44,2,96
2011-08-10 12:58:07,Normal,103,0,103,973529,16657,3622288,21824,418.8570199126213,27,67,9,0,10,84,9,0,19,3,81
2011-08-10 12:58:08,Attack,164,0,167,1409881,21168,5741704,45646,242.81406182035926,39,119,9,0,26,131,10,0,30,3,134
2011-08-10 12:58:09,Attack,178,0,179,1892454,8391,6921468,36007,426.8666074022346,31,140,8,0,35,139,5,0,26,3,150
2011-08-10 12:58:10,Attack,167,3,328,1084222,16339,6447655,33382,248.37831442378052,33,292,3,0,45,158,125,0,46,2,280
2011-08-10 12:58:11,Attack,113,3,170,887492,10941,4505913,3050,286.9988822411765,39,127,4,0,37,95,38,0,24,2,144
2011-08-10 12:58:12,Attack,102,4,109,952617,19369,3699796,57455,586.7484013761466,41,64,4,0,13,81,15,0,28,1,80
2011-08-10 12:58:13,Attack,118,0,126,996346,5050,3944695,1584,545.7116478015873,36,84,6,0,22,90,14,0,27,1,98
2011-08-10 12:58:14,Attack,109,0,114,913273,17878,3800716,28792,514.9408246842105,32,75,7,0,13,99,2,0,12,2,99
2011-08-10 12:58:15,Attack,178,0,190,977913,21069,7889002,58547,307.91550505263154,49,134,7,0,21,161,8,0,22,0,168
2011-08-10 12:58:16,Attack,83,2,86,1094516,2501,2509630,2845,711.9937210930234,40,39,7,0,9,77,0,0,11,3,71
2011-08-10 12:58:17,Attack,126,0,134,1673365,20476,4393547,54449,639.9617246791046,56,69,9,0,15,113,6,0,14,3,117
2011-08-10 12:58:18,Attack,100,0,122,703439,5278,4094939,55209,356.19940101639344,28,89,5,0,25,84,13,0,24,2,96
2011-08-10 12:58:19,Attack,128,0,139,918902,19340,5351385,58788,358.5132698273381,34,98,7,0,36,98,5,0,31,3,105
2011-08-10 12:58:20,Normal,118,0,118,905139,5155,4760706,58086,380.8260083135593,31,82,5,0,10,99,9,0,18,5,95
2011-08-10 12:58:21,Attack,192,0,201,858802,8844,9081984,2927,154.5620430199005,35,158,8,0,15,174,12,0,17,2,182
2011-08-10 12:58:22,Attack,116,3,121,1317906,16996,4153746,51056,522.2018935041323,40,76,5,0,22,88,11,0,27,2,92
2011-08-10 12:58:23,Attack,112,0,115,1854611,15091,3434819,41751,945.3396797913043,47,61,7,0,28,78,8,1,15,2,97
2011-08-10 12:58:24,Attack,134,0,137,1605051,3939,4290580,4936,861.5215871167883,42,79,16,0,20,111,4,2,15,4,116
2011-08-10 12:58:25,Attack,99,0,103,669556,4719,3813876,3342,513.1315720679612,26,66,11,0,7,93,3,0,7,0,96
2011-08-10 12:58:26,Attack,86,0,89,1047998,17505,2867275,29131,793.0671266516855,34,48,7,0,11,70,8,0,18,5,66
2011-08-10 12:58:27,Attack,84,0,87,930370,15416,2885707,37287,531.0385608505748,31,53,3,0,10,72,4,1,9,1,76
2011-08-10 12:58:28,Attack,84,0,88,931405,16005,2794534,61103,808.9266554886364,42,39,7,0,12,72,4,0,10,1,77
2011-08-10 12:58:29,Attack,120,0,124,690179,19969,4379535,29395,516.2688523306451,31,87,6,0,18,103,3,0,27,1,96
2011-08-10 12:58:30,Attack,95,0,98,943041,2780,3527503,52394,681.2388638367347,38,52,8,0,12,84,2,0,9,2,86
2011-08-10 12:58:31,Attack,92,0,100,871290,17275,3178534,17523,428.96280781,39,50,11,0,8,85,7,0,16,2,82
2011-08-10 12:58:32,Attack,105,3,110,916511,17369,3998272,57549,488.72140136363635,37,67,6,0,7,96,7,0,10,2,97
2011-08-10 12:58:33,Attack,101,0,105,1084978,17322,3946167,12806,553.2440743142857,37,59,9,0,9,81,15,0,19,3,83
2011-08-10 12:58:34,Attack,133,0,135,976940,5444,5110672,33300,400.2945109925926,37,88,10,0,16,114,5,0,12,1,121
2011-08-10 12:58:35,Attack,100,0,105,782935,4689,4028528,59968,432.85786018095234,30,68,7,0,11,89,5,0,17,1,87
2011-08-10 12:58:36,Attack,93,19,114,1103464,17515,4219578,36599,350.27725128070176,31,78,5,0,18,86,10,0,19,2,93
2011-08-10 12:58:37,Attack,110,0,112,1177688,16597,3712683,30213,759.4156685089285,42,59,11,0,13,91,8,0,21,7,83
2011-08-10 12:58:38,Attack,103,0,105,902338,3567,3796595,60388,572.0165458476191,39,57,9,0,8,93,4,0,11,1,93
2011-08-10 12:58:39,Attack,97,0,99,907588,16196,3321104,39239,461.2179284444444,40,54,5,0,8,85,6,0,12,2,85
2011-08-10 12:58:40,Attack,112,0,114,1083439,6215,3912754,59043,716.2927034736841,36,69,9,0,6,96,12,0,12,2,100
2011-08-10 12:58:41,Attack,124,3,129,1564808,42867,4495941,13789,769.3108277829457,41,72,16,0,20,99,9,1,11,1,116
2011-08-10 12:58:42,Attack,116,3,122,1463732,17547,4810291,54158,638.5312225409835,43,59,20,0,14,94,14,0,16,2,104
2011-08-10 12:58:43,Attack,97,0,99,906237,17499,3413167,56714,647.3935727878787,37,58,4,0,10,85,4,0,17,1,81
2011-08-10 12:58:44,Attack,85,0,87,755813,3480,3153692,65424,610.9144308390806,35,48,4,0,8,76,3,0,7,1,78
2011-08-10 12:58:45,Attack,126,0,128,1407081,16150,4478905,35376,725.4825971796874,50,73,5,0,15,110,3,0,4,1,123
2011-08-10 12:58:46,Attack,91,0,96,1173373,43882,3394952,13441,490.23692709375,31,58,7,0,10,80,6,0,6,2,88
2011-08-10 12:58:47,Attack,139,0,142,918510,39072,5883496,63026,291.9047200211267,41,93,8,0,10,122,10,0,23,4,115
2011-08-10 12:58:48,Attack,140,0,143,1175751,24560,5267896,39580,430.07930441258736,51,85,7,0,23,110,10,0,38,3,102
2011-08-10 12:58:49,Attack,159,0,161,1089091,64419,6400855,14737,411.60341745962734,36,111,14,0,46,102,13,0,63,2,96
2011-08-10 12:58:50,Attack,143,0,150,897891,6872,6008785,60778,358.28926339333333,29,115,6,0,21,112,16,1,34,1,115
2011-08-10 12:58:51,Attack,113,0,116,721169,21774,4544165,5265,598.1615364827585,35,70,11,0,18,94,4,0,23,1,92
2011-08-10 12:58:52,Attack,92,3,101,793791,6245,3870569,33591,559.9806686138614,31,64,6,0,10,80,11,0,23,0,78
2011-08-10 12:58:53,Attack,93,0,95,869486,2763,3693137,38430,418.28963201052636,29,56,10,0,15,78,2,0,17,1,77
2011-08-10 12:58:54,Attack,104,0,107,1075444,17373,4027148,46589,425.37966669158874,42,58,7,0,29,75,3,0,35,2,70
2011-08-10 12:58:55,Attack,100,0,102,769023,16958,3470259,43251,495.92634927450985,39,54,9,0,6,96,0,0,11,0,90
2011-08-10 12:58:56,Attack,117,0,120,1555118,17038,4359816,31756,559.61296965,42,68,10,0,18,96,6,0,14,4,101
2011-08-10 12:58:57,Attack,94,0,97,1182377,3475,3187869,59756,493.990301443299,41,49,7,0,19,74,4,0,18,1,78
2011-08-10 12:58:58,Attack,85,0,87,634611,18276,3289535,16946,318.9358894137931,33,47,7,0,2,83,2,0,7,0,80
2011-08-10 12:58:59,Attack,120,0,122,1135344,16758,4705781,63180,720.5090259508196,52,60,10,0,9,111,2,0,7,0,115
2011-08-10 12:59:00,Attack,116,0,118,1147822,18127,3835111,36714,659.1619951864409,49,64,5,0,8,98,12,0,18,0,100
2011-08-10 12:59:01,Attack,227,0,229,1045860,41489,10738772,771,244.8951810218341,45,173,11,0,7,222,0,0,15,1,212
2011-08-10 12:59:02,Attack,97,3,102,772249,42598,3862911,13790,592.4202326274509,33,61,8,0,9,90,3,0,15,0,87
2011-08-10 12:59:03,Attack,106,0,108,1372703,44238,3826382,14988,649.8375582314816,46,55,7,0,12,90,6,0,18,1,89
2011-08-10 12:59:04,Attack,148,0,150,1052077,24311,5864783,22616,439.73721892000003,40,101,9,0,33,99,18,0,51,1,98
2011-08-10 12:59:05,Attack,178,2,183,917079,9898,5546774,41501,298.50169435519126,43,134,6,0,16,136,31,0,53,2,128
2011-08-10 12:59:06,Attack,126,6,134,1353196,4346,3694358,34602,454.297064238806,35,89,10,0,18,110,6,0,15,2,116
2011-08-10 12:59:07,Attack,94,0,97,802120,54902,2719688,14141,554.3078844226804,30,66,1,0,20,69,8,0,26,3,68
2011-08-10 12:59:08,Attack,81,0,84,1150647,16561,2489579,28276,980.7034915714287,36,43,5,0,10,74,0,0,11,2,71
2011-08-10 12:59:09,Attack,121,0,124,1867399,4353,4059150,53027,625.2945480080645,47,69,8,0,22,96,6,0,16,3,105
2011-08-10 12:59:10,Attack,120,0,122,1098902,18098,4298743,61586,601.5624803114753,47,63,12,0,9,111,2,0,15,0,107
2011-08-10 12:59:11,Attack,103,3,258,1303271,26028,4023470,27945,348.2021653372093,37,215,6,0,34,112,112,0,15,0,243
2011-08-10 12:59:12,Attack,140,3,227,1126594,11636,5450357,51376,312.83740493392065,47,173,7,0,27,149,51,0,17,3,207
2011-08-10 12:59:13,Attack,165,0,170,1024505,23576,5311646,49614,262.0412689117647,33,126,11,0,43,106,21,0,64,0,106
2011-08-10 12:59:14,Attack,107,0,108,945996,38702,3778789,14049,494.99670625925927,29,70,9,0,16,87,4,1,20,1,87
2011-08-10 12:59:15,Attack,112,0,114,810718,4402,4204069,42837,326.3481969912281,36,67,11,0,7,102,5,0,15,1,98
2011-08-10 12:59:16,Attack,112,0,115,846108,6828,3785427,3825,342.1895515043479,38,70,7,0,12,97,6,0,19,3,93
2011-08-10 12:59:17,Attack,99,2,106,1097189,3526,3475086,3014,676.1290713301887,52,51,3,0,12,87,6,1,19,1,86
2011-08-10 12:59:18,Attack,104,1,106,1042328,16370,3936109,20315,662.146605971698,38,57,11,0,7,95,4,0,8,1,97
2011-08-10 12:59:19,Attack,87,1,91,1135701,15814,2902669,45370,407.5760893296703,36,46,9,0,10,81,0,0,12,4,75
2011-08-10 12:59:20,Attack,98,0,108,1103682,16669,3559060,57557,633.7847723888889,34,66,8,0,14,88,6,0,5,0,103
2011-08-10 12:59:21,Attack,109,0,111,1009968,4274,4264188,45081,550.2833406846846,38,67,6,0,10,97,4,0,12,0,99
2011-08-10 12:59:22,Normal,96,3,99,836702,3745,3585563,58640,342.4718372222223,37,52,10,0,10,87,2,0,13,1,85
2011-08-10 12:59:23,Attack,96,0,97,819381,5367,3627742,50207,452.88858351546395,31,60,6,0,16,74,6,1,25,1,70
2011-08-10 12:59:24,Normal,112,0,112,1299885,9057,3553475,56913,567.5954674196429,35,70,7,0,16,85,10,1,23,0,88
2011-08-10 12:59:25,Attack,96,0,98,960770,19197,3394509,33850,656.9015280612246,21,68,9,0,12,78,5,3,21,2,72
2011-08-10 12:59:26,Normal,159,0,159,1473422,9003,3979570,50936,534.6411317610062,36,118,5,0,46,103,10,0,55,0,103
2011-08-10 12:59:27,Normal,99,0,99,932501,3996,3995157,38686,583.5579464949495,38,45,16,0,5,90,3,1,10,1,88
2011-08-10 12:59:28,Attack,77,0,78,972363,3168,2546449,60512,543.8359069230768,36,35,7,0,9,68,1,0,7,0,71
2011-08-10 12:59:29,Attack,86,0,87,867155,16883,3065993,58305,691.0119704137932,35,46,6,0,9,77,1,0,7,1,77
2011-08-10 12:59:30,Attack,82,0,84,1190770,14931,2626757,63232,513.8108855119048,34,44,6,0,15,67,2,0,13,1,69
2011-08-10 12:59:31,Attack,110,0,111,1324067,2806,3681556,50684,639.8519348648649,32,69,10,0,20,88,3,0,13,3,95
2011-08-10 12:59:32,Attack,107,3,112,1363449,17570,3855735,56739,782.2670555892857,41,64,7,0,20,91,1,0,15,3,92
2011-08-10 12:59:33,Normal,90,1,91,750071,17801,2990530,26304,691.4303745054946,35,49,7,0,11,80,0,0,28,1,62
2011-08-10 12:59:34,Attack,149,3,155,1393759,20317,4613041,38691,518.7619870967742,39,108,8,0,19,134,2,0,44,3,106
2011-08-10 12:59:35,Attack,94,0,95,1101445,16610,3717024,2377,559.7807886105263,33,56,6,0,9,83,3,0,8,2,85
2011-08-10 12:59:36,Attack,144,0,145,1509170,5968,5337683,67642,538.3249172689655,41,95,9,0,17,126,2,0,11,3,130
2011-08-10 12:59:37,Normal,108,0,108,1128564,19401,4041209,54500,636.3684241481482,27,71,10,0,16,86,6,0,18,1,89
2011-08-10 12:59:38,Attack,86,0,87,1159282,16061,2943380,36022,664.6773165747127,42,39,6,0,10,71,6,0,14,1,72
2011-08-10 12:59:39,Normal,71,0,71,768693,1803,2896956,53318,716.3826750000002,26,41,4,0,5,63,3,0,7,1,63
2011-08-10 12:59:40,Normal,79,0,79,980316,3462,3057306,53017,825.8029939240505,33,37,9,0,8,68,3,0,10,1,68
2011-08-10 12:59:41,Attack,98,3,102,912846,17160,3865745,34819,662.7409525882354,41,56,5,0,5,93,4,0,13,0,89
2011-08-10 12:59:42,Normal,82,3,85,748159,4983,2968162,44092,439.7412724588237,38,41,6,0,6,78,1,0,9,1,75
2011-08-10 12:59:43,Normal,89,0,89,1125310,15284,2906054,53212,629.0906236179776,42,38,9,0,9,76,4,0,14,0,75
2011-08-10 12:59:44,Normal,149,0,149,1876005,18980,5411716,6420,750.706529919463,45,92,12,0,43,101,5,0,37,2,109
2011-08-10 12:59:45,Normal,123,0,123,1168624,18195,4670242,20908,527.0165097154471,33,81,9,0,19,103,1,0,17,1,105
2011-08-10 12:59:46,Attack,141,0,142,1659450,16786,4810552,13493,861.9495155211267,39,91,12,0,24,116,2,0,11,1,129
2011-08-10 12:59:47,Normal,113,0,113,1133468,16717,3908817,56066,597.7123398495575,37,71,5,0,20,91,2,0,18,2,93
2011-08-10 12:59:48,Normal,120,0,120,1099299,27241,5001089,779,635.5470579083333,48,65,7,0,28,90,2,0,36,2,82
2011-08-10 12:59:49,Attack,108,0,109,1125526,19220,4195271,53801,852.7688156146789,40,51,18,0,26,79,4,0,31,1,77
2011-08-10 12:59:50,Attack,115,0,116,1428394,18305,3931980,40884,694.0813833706897,44,64,8,0,10,98,8,0,20,3,91
2011-08-10 12:59:51,Normal,94,0,94,829088,4306,3407785,47757,794.4679702446809,38,48,8,0,6,84,4,0,17,2,75
2011-08-10 12:59:52,Normal,100,3,103,996119,16765,3662261,14058,685.4146244563105,32,59,12,0,17,82,4,0,15,2,85
2011-08-10 12:59:53,Attack,104,0,107,1234172,3815,4004551,50807,833.0943245887851,31,64,12,0,16,85,6,0,16,1,90
2011-08-10 12:59:54,Attack,103,0,104,1315568,2505,3826002,5600,779.6351931057691,41,58,5,0,20,83,1,0,13,2,89
2011-08-10 12:59:55,Attack,85,0,90,799835,15817,3344044,5141,585.8593114555556,38,47,5,0,9,78,3,0,13,0,77
2011-08-10 12:59:56,Attack,113,0,114,1358562,16503,4035469,31645,599.987745719298,50,59,5,0,13,100,1,0,16,3,95
2011-08-10 12:59:57,Normal,124,0,124,1706176,16557,4117045,52464,710.2440415725806,41,71,12,0,20,103,1,0,10,3,110
2011-08-10 12:59:58,Normal,100,0,100,2028236,16560,2876947,34490,770.3706376500002,37,51,12,0,23,74,3,0,10,2,86
2011-08-10 12:59:59,Attack,133,0,134,1988029,5430,4469679,6467,696.8406003507464,43,86,5,0,26,105,3,0,14,5,113
2011-08-10 13:00:00,Normal,147,2,149,1157873,20554,5572913,60299,439.5680358456375,40,98,11,0,8,126,15,0,25,7,117
2011-08-10 13:00:01,Normal,164,0,164,1304875,50737,6631998,26670,395.70481132317076,37,120,7,0,22,140,2,0,17,6,140
2011-08-10 13:00:02,Attack,149,3,153,1153871,9618,6029738,64645,507.5187571568628,40,104,9,0,11,132,10,0,20,4,129
2011-08-10 13:00:03,Normal,125,2,127,768507,20484,5064238,4094,694.3950050078739,41,76,10,0,5,115,7,0,26,3,98
2011-08-10 13:00:04,Normal,107,0,107,1072384,3854,3939775,49186,509.61358487850464,41,61,5,0,9,96,2,0,16,3,88
2011-08-10 13:00:05,Normal,84,1,85,898387,18436,2890327,4021,710.0649074117646,32,46,7,0,9,74,2,0,18,2,65
2011-08-10 13:00:06,Normal,131,0,131,1511709,19514,5488274,63636,609.0726091221374,40,83,8,0,19,110,2,0,22,2,106
2011-08-10 13:00:07,Normal,132,0,132,1731035,5120,4997612,63856,589.5277286742423,34,90,8,0,20,103,9,0,15,2,112
2011-08-10 13:00:08,Normal,129,0,129,1590256,17507,4502622,51753,680.2040199069768,47,73,9,0,22,105,2,0,20,2,106
2011-08-10 13:00:09,Attack,109,2,112,1291042,45282,3897617,17369,568.1207471517857,32,66,14,0,10,98,4,0,10,6,96
2011-08-10 13:00:10,Attack,109,0,110,1002914,20140,4227161,7414,584.3696299909092,37,63,10,0,11,95,4,0,15,2,91
2011-08-10 13:00:11,Attack,126,3,220,956270,29031,5316655,32616,336.80453289999997,29,183,8,0,39,111,70,0,29,2,189
2011-08-10 13:00:12,Attack,93,3,99,858333,25379,3738943,407,431.2035606363637,39,57,3,0,5,85,9,0,10,4,85
2011-08-10 13:00:13,Attack,81,0,82,908986,15738,2818458,46606,854.0945779512194,37,37,8,0,6,72,4,0,7,3,72
2011-08-10 13:00:14,Attack,76,0,78,862488,2384,2789572,52847,554.7001524871794,38,35,5,0,2,72,4,0,7,0,71
2011-08-10 13:00:15,Attack,138,0,139,1197499,9242,5204657,1026,587.1916259496403,46,87,6,0,36,90,13,0,41,0,97
2011-08-10 13:00:16,Attack,84,0,87,862163,64965,3177548,13363,665.8273555172414,21,59,7,0,12,72,3,0,15,0,72
2011-08-10 13:00:17,Attack,126,0,128,1107461,73374,5136788,5777,414.25786803125004,34,83,11,0,11,102,14,1,23,0,105
2011-08-10 13:00:18,Attack,110,6,118,1375209,17361,4236044,43155,596.2573510847459,46,63,9,0,15,97,6,0,12,2,104
2011-08-10 13:00:19,Normal,96,0,96,993250,15292,3639416,15709,636.0976720520833,45,43,8,0,8,85,3,0,11,2,83
2011-08-10 13:00:20,Attack,101,0,103,1050805,17441,3889370,62177,482.488991446602,45,52,6,0,9,91,3,0,17,0,86
2011-08-10 13:00:21,Normal,125,0,125,782323,18451,5025628,13388,587.1652346559999,40,78,7,0,8,110,7,0,18,1,106
2011-08-10 13:00:22,Attack,104,5,110,776282,17753,4529998,1833,514.6292641454544,34,69,7,0,15,91,4,0,19,1,89
2011-08-10 13:00:23,Attack,83,0,84,625528,17780,3140925,24984,558.3818623333334,30,47,7,0,11,71,1,1,11,0,72
2011-08-10 13:00:24,Normal,127,0,127,1361666,16727,4726392,10426,653.0362874488188,49,64,14,0,16,101,10,0,22,1,104
2011-08-10 13:00:25,Normal,106,0,106,999854,10506,3946768,2926,412.3349654528302,45,54,7,0,6,99,0,1,7,0,98
2011-08-10 13:00:26,Normal,89,0,89,1283648,15364,3092759,28139,826.4092913370788,43,36,10,0,9,77,3,0,11,1,77
2011-08-10 13:00:27,Normal,131,0,131,1176593,17337,5396492,3963,537.4107605572519,50,71,10,0,15,108,7,1,19,0,111
2011-08-10 13:00:28,Normal,115,0,115,1387497,62413,4068385,59800,631.8400441130435,49,62,4,0,16,97,2,0,12,1,101
2011-08-10 13:00:29,Attack,59,0,60,598238,15336,1990667,28644,597.2125718833333,30,29,1,0,4,52,3,1,7,0,52
2011-08-10 13:00:30,Normal,79,0,79,1318847,15718,2533709,51536,683.7071124556962,41,31,7,0,11,65,2,1,7,3,65
2011-08-10 13:00:31,Attack,136,0,138,1344842,17266,5278619,56967,446.7044916304348,42,85,11,0,15,111,12,0,19,3,116
2011-08-10 13:00:32,Attack,99,3,104,927637,22251,3857015,29913,751.526760923077,36,60,8,0,11,90,3,0,15,2,87
2011-08-10 13:00:33,Attack,84,0,86,734140,45217,3064306,13363,661.3534747790696,34,40,12,0,6,77,3,0,9,0,77
2011-08-10 13:00:34,Normal,93,0,93,1150890,15397,3478621,4337,602.7271058924732,44,43,6,0,5,87,1,0,6,0,86
2011-08-10 13:00:35,Attack,110,0,112,1294699,17183,3650367,44289,710.1024027232141,52,51,9,0,10,98,4,0,15,1,96
2011-08-10 13:00:36,Normal,75,0,75,700808,2913,2690722,44108,634.3053200933332,35,25,15,0,3,71,1,0,11,0,64
2011-08-10 13:00:37,Attack,112,0,115,1024399,19329,3953814,63469,603.0696756260869,44,62,9,0,9,104,2,0,17,1,96
2011-08-10 13:00:38,Attack,93,0,95,926166,4004,3749829,40804,840.9679127894739,36,50,9,0,9,81,5,0,17,1,77
2011-08-10 13:00:39,Normal,120,0,120,919412,18633,4826131,27934,344.5025468416667,30,88,2,0,28,84,8,0,31,4,84
2011-08-10 13:00:40,Normal,82,0,82,1008556,15993,2682838,11865,830.1151961219512,39,36,7,0,6,76,0,0,8,1,73
2011-08-10 13:00:41,Attack,107,3,111,1046127,16624,4357843,51712,523.1651704504503,50,59,2,0,6,101,4,0,13,1,96
2011-08-10 13:00:42,Normal,113,3,116,1002937,20443,4867651,50563,461.92977172413805,40,73,3,0,20,89,7,0,25,1,90
2011-08-10 13:00:43,Normal,84,4,88,1026783,4923,3300054,38724,620.4726245681818,36,40,12,0,7,78,3,0,8,4,76
2011-08-10 13:00:44,Normal,98,2,100,1100919,16563,3224614,26328,484.38898591,30,58,12,0,9,79,12,0,18,2,80
2011-08-10 13:00:45,Attack,113,0,114,1092509,17031,3791299,55057,416.22570044736847,33,78,3,0,23,86,5,0,29,1,84
2011-08-10 13:00:46,Normal,106,0,106,999729,17516,3142439,35988,478.452949,44,54,8,0,18,78,10,0,33,0,72
2011-08-10 13:00:47,Normal,120,0,120,1380313,29125,4395087,14916,695.7380714833333,48,68,4,0,9,107,4,0,7,3,110
2011-08-10 13:00:48,Normal,92,0,92,582483,17259,2805723,55698,372.5554330434782,34,55,3,0,13,68,11,0,25,0,67
2011-08-10 13:00:49,Normal,110,0,110,825462,17718,4187927,44359,378.3807074636364,34,68,8,0,12,96,2,0,16,1,93
2011-08-10 13:00:50,Normal,81,0,81,932157,16004,2493989,60905,717.6944887407408,39,38,4,0,9,64,8,0,14,0,67
2011-08-10 13:00:51,Normal,158,0,158,1083955,20876,6158203,63290,440.78932241139245,32,113,13,0,40,110,8,0,42,1,115
2011-08-10 13:00:52,Attack,105,3,109,1166629,18609,3654571,41291,561.8184590550459,31,71,7,0,17,77,15,0,25,1,83
2011-08-10 13:00:53,Attack,150,0,151,1511032,22038,6585793,43772,466.4181479536424,26,117,8,0,27,112,12,0,27,1,122
2011-08-10 13:00:54,Attack,149,0,152,1184605,21902,6550339,35327,381.50850182236843,31,111,10,0,16,132,3,1,16,1,135
2011-08-10 13:00:55,Normal,137,0,137,1393387,4122,5616672,39642,377.8562209270073,37,86,14,0,23,110,4,0,15,0,122
2011-08-10 13:00:56,Attack,97,0,99,833813,16532,3876347,35070,697.9994391515152,28,63,8,0,12,85,2,0,10,0,89
2011-08-10 13:00:57,Attack,115,0,116,1463360,4321,4672243,53498,456.89545108620695,36,71,9,0,24,89,3,0,17,0,99
2011-08-10 13:00:58,Attack,84,0,86,797414,16283,3516426,58036,405.1706126860465,35,45,6,0,15,66,5,0,27,0,59
2011-08-10 13:00:59,Attack,102,0,106,691770,16469,3889861,24033,351.59120681132083,36,66,4,0,18,85,2,1,25,0,81
2011-08-10 13:01:00,Attack,103,0,104,885624,18549,3567660,29690,656.4290726153847,38,54,12,0,21,75,8,0,30,2,72
2011-08-10 13:01:01,Normal,242,0,242,993989,25289,11896060,43715,198.1399778966942,39,194,9,0,21,218,2,1,31,1,210
2011-08-10 13:01:02,Normal,132,3,135,1103945,8519,5378516,60539,411.27595547407407,50,78,7,0,21,106,8,0,30,0,104
2011-08-10 13:01:03,Normal,146,0,146,1329995,5832,5369242,53903,655.1793528150686,39,98,9,0,22,120,4,0,19,3,124
2011-08-10 13:01:04,Normal,105,0,105,1076098,18694,4094819,17574,396.9720526095238,39,61,5,0,14,88,3,0,16,2,86
2011-08-10 13:01:05,Normal,114,0,114,1313230,4146,4083622,53306,409.4395530350878,44,64,6,0,9,102,3,0,9,1,104
2011-08-10 13:01:06,Attack,116,0,117,1251911,18319,4683512,56809,602.4556047521369,47,60,10,0,13,103,1,0,11,0,106
2011-08-10 13:01:07,Normal,118,0,118,955736,5221,4506023,5148,553.6645092881356,49,63,6,0,11,106,1,0,19,2,96
2011-08-10 13:01:08,Normal,112,0,112,1241819,4963,4301983,46531,598.9783824553571,33,69,10,0,16,92,4,0,10,3,98
2011-08-10 13:01:09,Normal,87,0,87,957543,16399,2733802,9515,586.2538775747128,45,36,6,0,5,79,3,0,10,1,76
2011-08-10 13:01:10,Normal,107,0,107,1841167,16310,3249997,63114,875.122618411215,26,75,6,0,28,73,6,0,5,1,101
2011-08-10 13:01:11,Attack,114,0,176,1099118,22537,4318146,61477,269.6632151590909,43,124,9,0,23,109,43,1,14,2,160
2011-08-10 13:01:12,Attack,94,6,103,1088165,15927,3455130,49985,470.4772065436894,32,58,13,0,13,85,5,0,9,1,92
2011-08-10 13:01:13,Normal,107,0,107,908381,18194,4194967,46414,570.7797647757009,46,51,10,0,3,101,3,0,12,1,94
2011-08-10 13:01:14,Attack,139,0,141,1715778,6695,5126975,59665,559.8585083971631,47,87,7,0,27,110,4,0,20,2,118
2011-08-10 13:01:15,Attack,124,0,127,1369052,3307,4499627,58054,522.278398086614,40,81,6,0,25,101,1,0,18,1,108
2011-08-10 13:01:16,Attack,103,0,104,1436368,54846,3910658,44110,623.8922641442307,34,59,11,0,12,88,4,0,11,2,91
2011-08-10 13:01:17,Attack,120,0,122,1611796,16745,3717298,18625,561.2772552295082,34,69,19,0,21,97,4,0,8,4,110
2011-08-10 13:01:18,Normal,113,0,113,1433575,16361,4101681,63709,699.7407034070796,40,58,15,0,9,99,3,2,12,2,99
2011-08-10 13:01:19,Attack,100,0,102,1017283,3465,3734588,52986,567.4311710098038,36,56,10,0,12,86,4,0,9,0,91
2011-08-10 13:01:20,Attack,123,0,125,1361337,18020,4546484,10729,627.013814248,40,72,13,0,20,103,2,0,14,1,110
2011-08-10 13:01:21,Attack,111,0,113,898458,18654,4757990,46226,461.8613186637168,41,69,3,0,10,100,3,0,16,2,95
2011-08-10 13:01:22,Normal,93,3,96,803535,10962,4019475,4360,384.87631445833335,33,51,12,0,4,90,2,0,10,1,85
2011-08-10 13:01:23,Normal,111,0,111,806816,17192,4368800,57362,586.6091008018018,39,63,9,0,7,103,0,1,8,0,102
2011-08-10 13:01:24,Attack,110,0,111,835712,6380,4053450,15029,265.48952637837834,36,67,8,0,6,99,4,2,6,2,100
2011-08-10 13:01:25,Attack,118,0,300,1572194,34992,4121757,16927,336.0982700866667,36,258,6,0,33,106,161,0,3,4,293
2011-08-10 13:01:26,Attack,110,2,152,1114075,5756,4165868,3011,482.24200279605265,38,103,11,0,19,105,28,0,9,0,143
2011-08-10 13:01:27,Attack,124,0,145,870657,22551,5407765,60601,366.8222566758621,38,99,8,0,28,89,28,0,39,0,105
2011-08-10 13:01:28,Attack,121,0,137,1316461,4061,4451113,47234,556.0952945839416,38,92,7,0,19,99,18,1,22,3,111
2011-08-10 13:01:29,Attack,102,0,112,1398445,16637,3836579,17089,485.19983632142856,35,65,12,0,25,85,2,0,14,0,98
2011-08-10 13:01:30,Attack,114,0,129,947530,20081,3943404,18941,383.2134048449613,30,92,7,0,26,93,9,1,17,0,110
2011-08-10 13:01:31,Attack,108,0,109,1321560,15946,3888346,40186,745.8657572568808,46,55,8,0,10,96,3,0,9,2,97
2011-08-10 13:01:32,Attack,143,3,157,2252450,3645,4403863,3302,1077.0316279108279,53,101,3,0,36,108,13,0,11,1,144
2011-08-10 13:01:33,Attack,104,0,118,1477851,18067,3645496,46711,567.9083065762711,50,59,9,0,16,92,10,0,9,2,107
2011-08-10 13:01:34,Attack,131,0,142,1095998,5203,5079150,53305,332.94411033098584,31,102,9,0,21,115,6,0,19,1,122
2011-08-10 13:01:35,Attack,102,0,104,1039777,3674,3842957,2079,560.9226457211538,32,69,3,0,13,85,6,0,18,0,85
2011-08-10 13:01:36,Attack,156,0,160,2263502,4582,4693417,2520,837.7615144000001,37,105,18,0,38,108,14,0,21,0,139
2011-08-10 13:01:37,Attack,139,0,141,1352440,19285,5373863,32624,789.9166196382979,49,86,6,0,16,120,5,0,15,1,124
2011-08-10 13:01:38,Attack,136,0,139,1496703,19105,5013787,66467,481.248586028777,34,97,8,0,27,105,7,0,20,0,119
2011-08-10 13:01:39,Attack,157,0,158,1696585,22578,5870347,2875,527.2900436518987,26,122,10,0,42,110,6,0,18,2,138
2011-08-10 13:01:40,Attack,131,0,139,2416941,15324,4129157,38724,939.4924782661872,40,95,4,0,44,85,10,0,14,3,121
2011-08-10 13:01:41,Attack,104,0,107,1358036,2662,3498562,47401,535.1434510186916,35,62,10,0,18,87,2,0,14,3,90
2011-08-10 13:01:42,Attack,132,6,142,1119296,18897,5382384,64700,393.9826895985915,46,82,14,0,9,120,13,0,15,2,124
2011-08-10 13:01:43,Attack,104,0,106,1376529,3160,3547769,54559,755.3284910188679,38,58,10,0,22,80,4,0,13,0,93
2011-08-10 13:01:44,Normal,131,0,131,1278080,16729,4796978,51183,495.0061735648855,52,68,11,0,13,117,1,0,14,1,116
2011-08-10 13:01:45,Normal,84,0,84,858569,16391,2919112,12526,573.3536867857142,33,42,9,0,4,79,1,0,8,3,73
2011-08-10 13:01:46,Attack,124,0,129,1099496,6676,4253856,66843,485.71219251937987,39,81,9,0,13,115,1,0,23,5,100
2011-08-10 13:01:47,Attack,115,0,118,1107281,18017,3384691,18172,461.135247220339,40,65,13,0,8,107,3,0,26,5,87
2011-08-10 13:01:48,Normal,99,0,99,927925,16981,3752628,64864,626.0748413232322,38,53,8,0,4,93,2,0,14,1,84
2011-08-10 13:01:49,Attack,105,0,106,691498,18585,3932391,16321,291.49669142452825,30,69,7,0,6,97,3,0,17,0,89
2011-08-10 13:01:50,Attack,96,0,97,776413,2547,3659455,46276,544.9906006597938,31,58,8,0,3,92,2,0,9,1,87
2011-08-10 13:01:51,Attack,130,0,133,1346830,17114,5076282,34470,414.0927036541353,49,71,13,0,15,113,5,0,10,1,122
2011-08-10 13:01:52,Attack,182,3,187,1427130,23279,7385133,36244,470.9122346577541,46,131,10,0,15,154,18,0,26,3,158
2011-08-10 13:01:53,Attack,158,0,159,1140122,20968,6478619,19641,455.9688777861635,36,111,12,0,14,142,3,0,16,0,143
2011-08-10 13:01:54,Normal,137,0,137,1467037,17131,4929334,15639,702.4338614963503,49,78,10,0,13,115,9,0,8,1,128
2011-08-10 13:01:55,Attack,96,0,98,1350549,15265,2977878,47296,571.4773195,44,44,10,0,14,83,1,0,11,4,82
2011-08-10 13:01:56,Attack,92,0,95,1030954,16466,3327179,61511,755.7364693684211,36,51,8,0,6,84,5,0,9,3,82
2011-08-10 13:01:57,Attack,101,3,108,951155,16112,3829953,57416,572.8413681018519,51,47,10,0,3,100,4,1,10,1,97
2011-08-10 13:01:58,Attack,91,54,147,1187975,18655,5663465,48225,614.6698331156463,44,94,9,0,14,122,11,0,18,0,129
2011-08-10 13:01:59,Attack,153,20,179,1310910,20203,7043033,9116,359.694411273743,46,130,3,0,34,135,10,0,41,1,137
2011-08-10 13:02:00,Attack,114,0,115,1265524,17431,4368538,21334,504.3756419478261,46,59,10,0,13,100,1,1,16,1,98
2011-08-10 13:02:01,Attack,98,24,124,946077,18599,4242820,3000,492.60526035483866,42,72,10,0,14,106,4,0,19,1,104
2011-08-10 13:02:02,Attack,77,17,96,597984,20276,3655984,17712,318.25306246875,27,64,5,0,6,81,9,0,14,0,82
2011-08-10 13:02:03,Attack,102,0,105,774853,4166,4230793,48915,455.40701518095244,34,65,6,0,7,95,3,0,11,1,93
2011-08-10 13:02:04,Attack,130,0,134,1341147,17296,4787767,5912,700.8879364029851,43,80,11,0,18,112,4,0,17,1,116
2011-08-10 13:02:05,Attack,165,0,166,1248294,5736,6441968,47495,417.2154134879518,48,110,8,0,14,148,4,0,10,1,155
2011-08-10 13:02:06,Normal,137,0,137,1248260,20128,5587439,50011,570.1480992189781,48,84,5,0,23,112,2,0,24,1,112
2011-08-10 13:02:07,Attack,112,0,115,1435975,46198,3438626,14660,756.3802552956521,56,47,12,0,12,97,6,0,9,4,101
2011-08-10 13:02:08,Attack,87,0,88,1019848,14954,3239925,3819,507.26136009090914,44,41,3,0,7,78,3,0,11,0,77
2011-08-10 13:02:09,Attack,97,0,99,740614,3929,4057643,49159,441.6218066666667,34,54,11,0,7,90,2,0,11,0,88
2011-08-10 13:02:10,Attack,109,0,112,1367164,16760,3744197,5394,544.7035587946428,41,66,5,0,15,92,5,0,11,0,101
2011-08-10 13:02:11,Attack,85,0,126,1038171,18459,2924473,54972,373.55780138095247,43,75,8,0,11,73,42,0,10,1,115
2011-08-10 13:02:12,Attack,87,6,171,783028,11340,3468226,2156,359.77954653801174,25,141,5,0,35,97,39,0,20,1,150
2011-08-10 13:02:13,Attack,114,0,122,1207273,19060,4596108,57418,396.1559866311475,36,81,5,0,21,90,11,0,17,6,99
2011-08-10 13:02:14,Attack,87,0,90,960520,15741,2998805,12761,479.7935968222222,34,45,11,0,19,70,1,0,16,0,74
2011-08-10 13:02:15,Normal,184,0,184,1215231,9701,5726417,39692,364.2466696304348,42,138,4,0,59,120,5,0,48,1,135
2011-08-10 13:02:16,Attack,139,0,141,1387441,5535,3925945,54847,725.8004851560283,57,73,11,0,38,98,5,0,38,2,101
2011-08-10 13:02:17,Attack,91,0,95,933959,3475,3708119,48256,560.8100472526315,32,56,7,0,11,80,4,0,12,1,82
2011-08-10 13:02:18,Attack,98,0,111,1030884,4068,3384659,2077,613.3886358198198,28,75,8,0,25,82,4,0,13,0,98
2011-08-10 13:02:19,Attack,117,0,129,1044428,18393,4038956,63408,559.9271794186046,38,87,4,0,22,87,20,0,28,0,101
2011-08-10 13:02:20,Attack,167,0,180,990376,10349,5751925,2157,271.0478294611111,40,132,8,0,30,123,27,0,44,0,136
2011-08-10 13:02:21,Attack,103,0,104,1070567,17496,3941954,29607,593.5323903269232,42,58,4,0,14,88,2,0,12,1,91
2011-08-10 13:02:22,Attack,97,3,105,802772,18335,4118990,46632,394.0413365714286,39,58,8,0,9,90,6,0,18,1,86
2011-08-10 13:02:23,Attack,112,0,113,968712,18896,4064193,56274,471.2777175840708,32,72,9,0,17,86,9,1,22,1,89
2011-08-10 13:02:24,Attack,109,0,112,1320558,3928,4149188,426,442.0821534821429,29,76,7,0,21,84,6,1,17,0,94
2011-08-10 13:02:25,Attack,127,0,262,1181244,11652,4660172,5220,206.97833872137403,47,212,3,0,31,139,91,1,22,1,237
2011-08-10 13:02:26,Attack,125,0,127,1193788,3628,4671500,44549,539.5711948818897,50,69,8,0,17,107,3,0,15,3,109
2011-08-10 13:02:27,Attack,112,0,115,974381,17617,3991425,58733,589.7778288173913,46,57,12,0,12,99,4,0,17,1,97
2011-08-10 13:02:28,Attack,98,0,99,1173782,16105,3423327,37105,496.424577969697,39,50,10,0,10,86,3,0,7,2,90
2011-08-10 13:02:29,Attack,146,0,148,772293,6766,5652335,5445,344.228020527027,29,111,8,0,27,116,4,1,40,1,105
2011-08-10 13:02:30,Normal,161,2,163,1119104,42592,6878540,13624,434.84790607975464,38,115,10,0,18,145,0,0,18,1,144
2011-08-10 13:02:31,Attack,111,0,119,1377029,16502,4121585,45479,620.4830570420169,49,61,9,0,15,103,1,0,7,0,112
2011-08-10 13:02:32,Attack,94,3,100,832697,16609,3816216,36073,422.3511374000001,36,57,7,0,8,86,5,1,11,0,88
2011-08-10 13:02:33,Attack,105,0,107,785778,18618,4254782,30636,396.0114582336448,40,64,3,0,7,97,3,0,12,0,95
2011-08-10 13:02:34,Attack,129,0,130,999281,6897,3927059,4158,499.0623013461538,38,86,6,0,14,89,27,0,43,1,86
2011-08-10 13:02:35,Attack,122,0,123,752852,5133,5428481,40166,412.8270263089431,33,82,8,0,16,105,1,1,18,1,103
2011-08-10 13:02:36,Attack,134,0,138,1271644,17180,5310380,47038,401.36962076811596,40,88,10,0,11,123,4,0,5,2,131
2011-08-10 13:02:37,Attack,99,0,104,837636,17539,3657604,50656,680.3858903461539,36,58,10,0,14,86,4,0,13,1,90
2011-08-10 13:02:38,Attack,82,0,86,909967,2454,3045739,39232,638.8721317209302,42,38,6,0,7,76,3,0,9,0,77
2011-08-10 13:02:39,Attack,93,0,97,997986,19859,3424859,62687,559.8440328556701,33,58,6,0,9,81,7,0,18,1,78
2011-08-10 13:02:40,Attack,112,0,115,1222059,16272,4150756,22624,609.6446486608696,43,61,11,0,9,103,3,0,5,0,110
2011-08-10 13:02:41,Attack,110,0,114,1081411,5293,4330416,59613,561.8977865614036,30,74,10,0,25,83,5,1,23,2,89
2011-08-10 13:02:42,Attack,94,6,102,1196060,3226,3597443,26883,709.7596329215685,35,63,4,0,19,79,4,0,15,0,87
2011-08-10 13:02:43,Attack,107,0,111,1111650,18301,4240656,40444,652.2761312972973,29,74,8,0,19,81,11,0,18,3,90
2011-08-10 13:02:44,Attack,115,0,118,945617,18181,4821397,59908,427.6329249830508,28,82,8,0,27,85,6,0,23,1,94
2011-08-10 13:02:45,Attack,123,0,130,1463720,6992,4425586,21599,541.0301694999999,56,66,8,0,15,105,10,0,27,4,99
2011-08-10 13:02:46,Attack,130,0,133,966578,18981,4969841,45357,488.9530628045113,41,87,5,0,12,114,7,0,17,0,116
2011-08-10 13:02:47,Attack,101,0,103,848481,17963,3168427,38526,545.0819104174758,42,51,10,0,13,87,1,2,13,0,90
2011-08-10 13:02:48,Attack,100,0,101,1012942,17101,3691072,44740,617.4951576138615,44,54,3,0,13,85,3,0,15,0,86
2011-08-10 13:02:49,Attack,151,0,152,1517572,20388,5558524,23204,598.0394814407895,49,91,12,0,27,116,9,0,24,0,128
2011-08-10 13:02:50,Attack,98,5,107,1009214,18561,4045479,2380,694.876540411215,38,58,11,0,15,85,7,0,21,0,86
2011-08-10 13:02:51,Attack,110,4,115,1198685,16566,4374208,3153,725.0486596956523,42,67,6,0,13,99,3,0,15,2,98
2011-08-10 13:02:52,Attack,90,11,102,905596,16612,3622811,7124,588.066124254902,51,45,6,0,7,90,4,1,14,0,87
2011-08-10 13:02:53,Attack,76,0,78,1048026,2038,2382485,46861,938.5010663205127,30,44,4,0,16,59,3,0,11,3,64
2011-08-10 13:02:54,Attack,107,0,110,976904,19628,4048884,55263,438.3580940818181,35,67,8,0,10,92,8,0,13,0,97
2011-08-10 13:02:55,Attack,97,0,98,1028291,15982,3551696,13600,781.2982833469388,38,53,7,0,12,85,1,0,11,1,86
2011-08-10 13:02:56,Attack,78,0,81,870741,16312,2719820,18945,397.9664562222222,30,45,6,0,12,65,4,0,15,1,65
2011-08-10 13:02:57,Attack,87,25,114,870590,3652,4505202,64747,400.265390508772,35,70,9,0,6,105,3,0,7,1,106
2011-08-10 13:02:58,Attack,103,0,106,1116506,16883,3572104,34415,545.8680165754718,40,55,11,0,7,95,4,0,9,2,94
2011-08-10 13:02:59,Attack,107,0,108,1237611,17071,3852114,44765,1074.971666537037,38,65,5,0,15,88,5,0,5,2,101
2011-08-10 13:03:00,Attack,144,24,171,1206789,20104,7485066,42780,398.70235099999996,31,132,8,0,14,154,3,0,9,3,159
2011-08-10 13:03:01,Attack,183,0,184,1418183,6275,7929685,52707,312.4619661793478,45,135,4,0,12,166,6,0,9,0,174
2011-08-10 13:03:02,Attack,104,3,112,1346256,18970,4082551,35602,591.1518221160715,37,70,5,0,16,85,11,0,19,4,89
2011-08-10 13:03:03,Attack,155,0,157,1884879,5420,5348199,49760,798.9501052929936,49,104,4,0,34,115,8,0,19,1,137
2011-08-10 13:03:04,Attack,125,0,127,1323351,62935,4774237,14145,701.220673480315,33,88,6,0,27,98,2,0,16,2,109
2011-08-10 13:03:05,Attack,101,0,105,1163541,3430,3849829,43469,925.4510057142857,45,51,9,0,11,87,7,0,11,1,93
2011-08-10 13:03:06,Attack,108,9,121,913019,20104,4797562,40043,425.2057971157026,30,82,9,0,19,91,11,0,25,1,95
2011-08-10 13:03:07,Attack,107,0,111,957304,16431,4247961,56089,470.06087304504507,40,64,7,0,12,92,7,0,12,2,97
2011-08-10 13:03:08,Attack,94,0,96,885942,2777,3802748,55924,504.1491203125,36,52,8,0,5,88,3,0,7,0,89
2011-08-10 13:03:09,Attack,104,0,105,1028603,16506,3887980,20265,569.9918418476191,53,44,8,0,6,94,5,0,12,1,92
2011-08-10 13:03:10,Attack,82,0,85,1000228,16204,2805648,5777,659.2803272941177,35,44,6,0,7,71,7,0,13,0,72
2011-08-10 13:03:11,Normal,176,3,179,948099,10238,7795014,49847,367.13552525139664,39,127,13,0,24,138,17,0,41,0,138
2011-08-10 13:03:12,Attack,96,9,166,1444507,7279,3921969,2079,495.08903987349396,36,124,6,0,21,86,59,0,14,0,152
2011-08-10 13:03:13,Attack,107,0,187,1094764,8385,4118446,2077,428.15044713368985,36,147,4,0,25,127,35,0,17,0,170
2011-08-10 13:03:14,Attack,102,0,105,1172420,49481,3645702,2108,683.1684210571428,35,65,5,0,17,84,4,0,9,0,96
2011-08-10 13:03:15,Attack,126,0,128,2014660,17827,3590734,26562,660.6156021875,31,91,6,0,33,89,6,0,10,1,116
2011-08-10 13:03:16,Attack,181,0,184,1168138,22702,7645839,2212,462.8948618641304,39,140,5,0,49,131,4,0,43,1,140
2011-08-10 13:03:17,Attack,108,0,113,1005920,46374,4060656,14134,538.5347100265486,37,65,11,0,8,99,6,0,14,1,98
2011-08-10 13:03:18,Attack,153,0,154,1402063,48525,5876939,3478,552.0726846688311,37,108,9,0,22,127,5,0,16,1,137
2011-08-10 13:03:19,Attack,135,0,137,907578,6148,5805432,37117,472.9137733065694,35,94,8,0,15,116,6,0,18,0,119
2011-08-10 13:03:20,Attack,129,0,133,1176950,28358,5150243,13362,595.3429672932331,45,80,8,0,39,90,4,0,35,1,96
2011-08-10 13:03:21,Attack,107,0,111,830143,18428,4289526,28711,424.1623006666666,37,67,7,0,15,94,2,0,17,2,92
2011-08-10 13:03:22,Attack,97,3,105,1077041,17580,3306108,20617,454.06386300952386,37,60,8,0,13,87,5,0,11,2,90
2011-08-10 13:03:23,Attack,205,0,208,1374177,76266,6556216,4282,327.7171146442307,38,155,15,0,34,141,33,0,63,2,143
2011-08-10 13:03:24,Attack,129,0,130,1036403,62378,3902880,13702,361.0205404307692,32,86,12,0,19,107,3,1,22,2,105
2011-08-10 13:03:25,Attack,131,0,140,1254118,21356,4634449,32472,473.70749978571433,48,87,5,0,24,112,3,1,27,1,111
2011-08-10 13:03:26,Attack,120,0,275,1311173,26047,4413320,25045,333.6488643090909,44,222,9,0,33,132,109,1,15,1,258
2011-08-10 13:03:27,Attack,101,0,141,1350707,4996,3439075,3108,406.4694894397163,38,93,10,0,25,86,29,1,16,2,121
2011-08-10 13:03:28,Attack,112,0,114,1558119,3353,3588898,42788,639.6553521491228,38,70,6,0,15,94,5,0,8,1,105
2011-08-10 13:03:29,Attack,82,0,85,719395,3844,2972124,20394,351.4511845294118,37,41,7,0,4,73,8,0,12,0,73
2011-08-10 13:03:30,Attack,87,0,93,876931,18064,3212711,65775,471.2639616881721,31,54,8,0,12,75,5,1,9,2,81
2011-08-10 13:03:31,Attack,106,0,108,1271021,16277,3267512,41162,629.2436328518519,34,66,8,0,20,82,6,0,14,2,91
2011-08-10 13:03:32,Attack,100,5,106,811090,6773,3489173,39299,635.7176219716981,41,61,4,0,9,91,6,0,21,3,82
2011-08-10 13:03:33,Attack,95,3,100,922130,16509,3564013,30504,656.0513169300002,37,56,7,0,11,88,1,0,10,3,87
2011-08-10 13:03:34,Attack,98,0,107,964535,16275,3451863,64335,455.21124755140187,43,59,5,0,9,95,3,0,6,3,98
2011-08-10 13:03:35,Attack,104,0,110,1191815,2929,3777418,53782,674.703494372727,44,58,8,0,8,98,4,0,8,1,101
2011-08-10 13:03:36,Attack,101,3,107,1071312,4658,3709729,43180,695.8103614299064,40,59,8,0,15,87,5,0,24,1,82
2011-08-10 13:03:37,Attack,90,7,98,823229,3175,3956049,52335,522.0920858061226,27,63,8,0,7,91,0,0,11,0,86
2011-08-10 13:03:38,Attack,105,0,107,888414,15305,4115361,23295,530.700071271028,38,60,9,0,9,95,3,0,11,0,95
2011-08-10 13:03:39,Attack,108,0,112,1159711,5517,4125947,51390,571.4623111964286,42,63,7,0,17,88,7,0,14,0,98
2011-08-10 13:03:40,Attack,92,0,93,851356,17888,3472740,32088,529.6401642903227,34,50,9,0,7,84,2,0,12,0,81
2011-08-10 13:03:41,Attack,114,0,119,866195,18748,4614772,22377,413.26143478151255,39,74,6,0,6,112,1,0,48,2,69
2011-08-10 13:03:42,Attack,114,8,127,1096033,17887,4661960,30282,357.8831589999999,38,77,12,0,16,106,5,0,17,4,106
2011-08-10 13:03:43,Attack,150,15,170,1151053,21180,6832078,52191,315.8627251235294,42,114,14,0,21,146,3,0,23,2,143
2011-08-10 13:03:44,Attack,111,10,124,778158,18783,4871538,32482,324.9588142741935,34,86,4,0,11,105,8,0,47,0,77
2011-08-10 13:03:45,Attack,98,0,100,814959,5516,3688839,34846,453.47013382,38,58,4,0,10,88,2,0,15,0,85
2011-08-10 13:03:46,Attack,94,0,98,1049669,16911,3483526,2808,636.593096010204,43,50,5,0,7,84,7,0,12,0,85
2011-08-10 13:03:47,Attack,84,0,89,803125,16601,3348004,45620,467.8735481348314,38,43,8,0,6,83,0,0,10,0,79
2011-08-10 13:03:48,Attack,101,0,107,1080586,17297,3636193,18096,650.0643152149534,37,59,11,0,13,88,6,0,11,0,96
2011-08-10 13:03:49,Attack,109,0,112,1375174,4005,3684365,47563,720.7869526249999,39,62,11,0,14,90,8,0,12,3,97
2011-08-10 13:03:50,Attack,103,0,107,1215522,16327,3595880,25212,770.0940395981307,33,69,5,0,17,87,3,0,11,1,94
2011-08-10 13:03:51,Attack,115,0,118,1104822,5792,3930202,41395,691.4561199237289,35,76,7,0,18,98,2,0,19,2,97
2011-08-10 13:03:52,Attack,99,3,103,962434,4038,3994490,62331,474.41065028155344,33,65,5,0,9,91,3,0,14,1,88
2011-08-10 13:03:53,Attack,121,0,126,1648247,19244,3580848,58984,555.4439749444443,36,78,12,0,22,96,8,0,12,6,108
2011-08-10 13:03:54,Attack,106,0,110,992548,58918,3722736,2400,419.47516783636377,36,69,5,0,13,89,8,0,15,5,90
2011-08-10 13:03:55,Attack,95,0,99,1199373,17909,3030195,61878,742.5646082929292,39,51,9,0,20,77,2,0,16,0,83
2011-08-10 13:03:56,Attack,78,0,79,888644,1697,2943720,61169,502.1289491772153,28,44,7,0,4,72,3,0,8,1,70
2011-08-10 13:03:57,Attack,78,0,80,760302,15601,2906664,49653,447.89804795,41,33,6,0,4,74,2,0,5,0,75
2011-08-10 13:03:58,Attack,95,0,100,1114117,16089,3383051,56007,628.3334788600001,44,50,6,0,10,88,2,0,10,0,89
2011-08-10 13:03:59,Attack,102,0,104,1272152,15431,3282222,11230,437.8676601923077,40,58,6,0,8,91,5,0,9,1,94
2011-08-10 13:04:00,Attack,127,0,133,1181601,19469,5066594,17756,369.20457671428574,35,89,9,0,21,106,6,0,17,2,114
2011-08-10 13:04:01,Attack,105,0,108,784632,19354,4249172,36306,434.77457958333326,29,72,7,0,18,75,15,0,29,0,79
2011-08-10 13:04:02,Attack,89,3,98,788390,17194,3613673,28370,632.9254728469388,35,61,2,0,9,84,5,0,12,1,84
2011-08-10 13:04:03,Attack,106,0,109,872120,3684,4126004,47851,381.46636808256875,38,64,7,0,7,99,3,0,9,2,98
2011-08-10 13:04:04,Attack,112,3,118,1317566,3802,4215287,44473,646.5091696525423,41,69,8,0,17,98,3,0,13,1,104
2011-08-10 13:04:05,Attack,146,0,149,1101863,5742,5940771,5346,434.73997741610737,36,107,6,0,20,121,8,0,23,4,122
2011-08-10 13:04:06,Attack,88,0,91,1133970,16209,2749940,6968,685.7196244615385,38,41,12,0,15,73,3,0,13,1,76
2011-08-10 13:04:07,Attack,102,0,108,942796,52563,3950000,13362,811.3626112037038,33,69,6,0,18,84,6,0,14,1,93
2011-08-10 13:04:08,Attack,117,0,124,1160158,7941,4839285,42299,561.0798405483873,39,74,11,0,13,104,7,0,36,1,86
2011-08-10 13:04:09,Attack,142,0,147,1287862,4687,5658482,60478,510.1490357142858,48,89,10,0,13,123,11,0,18,1,128
2011-08-10 13:04:10,Normal,84,0,84,1032204,2087,3270413,63551,423.83008171428577,31,45,8,0,9,73,2,0,7,4,72
2011-08-10 13:04:11,Attack,142,0,145,937855,21474,5728981,37408,377.13470854482756,46,86,13,0,12,130,3,0,43,0,102
2011-08-10 13:04:12,Attack,103,6,146,824125,5989,3931346,51569,463.1547221780822,44,95,7,0,10,95,41,0,18,0,128
2011-08-10 13:04:13,Attack,114,0,214,1089404,9389,3677984,61292,250.7780365093458,37,166,11,0,38,111,65,0,33,3,178
2011-08-10 13:04:14,Normal,84,0,84,1153529,17797,3020014,27008,675.7547679761904,38,36,10,0,10,74,0,0,13,2,68
2011-08-10 13:04:15,Attack,108,0,109,1111703,3593,3796656,33749,662.2791697247708,34,66,9,0,12,92,5,0,11,0,98
2011-08-10 13:04:16,Attack,92,0,94,1091236,3268,3473384,60091,637.184492393617,41,48,5,0,10,80,4,0,14,1,79
2011-08-10 13:04:17,Attack,153,0,154,1073826,19150,6527118,36959,306.01604403246756,29,118,7,0,16,130,8,0,24,1,129
2011-08-10 13:04:18,Normal,86,0,86,1072436,15423,3163631,53864,815.8051592093024,34,47,5,0,9,76,1,0,4,0,82
2011-08-10 13:04:19,Attack,77,0,78,982881,2241,2766437,60939,640.3891,34,39,5,0,11,63,4,0,11,1,66
2011-08-10 13:04:20,Attack,123,0,124,1363144,5611,4493676,40330,471.5375091935483,46,70,8,0,15,105,4,0,17,3,104
2011-08-10 13:04:21,Attack,141,0,143,1144338,18316,6081857,12204,411.57605274825175,40,97,6,0,20,120,3,0,22,1,120
2011-08-10 13:04:22,Attack,138,3,143,943834,20713,4571745,13363,425.6473284755245,30,104,9,0,18,101,24,0,43,0,99
2011-08-10 13:04:23,Attack,137,0,139,1231507,71435,5134525,4542,506.12377942446057,38,96,5,0,17,117,5,0,19,2,118
2011-08-10 13:04:24,Attack,81,0,83,1521644,15470,2410909,67139,741.1625555180722,27,53,3,0,21,59,2,1,10,4,68
2011-08-10 13:04:25,Attack,103,0,106,1223977,15636,3336210,57461,560.2003926886792,36,60,10,0,14,89,2,1,11,1,93
2011-08-10 13:04:26,Attack,83,0,223,1179752,24033,2888003,30362,200.82468978026904,29,185,9,0,15,72,135,1,13,2,206
2011-08-10 13:04:27,Attack,88,0,315,788884,15488,3620083,2416,168.084872784127,28,279,8,0,65,138,111,1,9,2,302
2011-08-10 13:04:28,Attack,90,0,97,815744,18251,3067689,9483,534.8435044742268,32,54,11,0,12,83,2,0,16,1,80
2011-08-10 13:04:29,Attack,93,0,94,1431784,15242,2890594,31769,624.6213668829787,31,55,8,0,20,71,3,0,9,4,81
2011-08-10 13:04:30,Attack,95,0,98,873448,41692,3553982,6857,734.3961591938777,33,58,7,0,8,88,2,0,7,1,90
2011-08-10 13:04:31,Attack,99,0,102,927754,17613,3673836,60955,628.1740947745097,42,51,9,0,12,88,2,0,16,1,85
2011-08-10 13:04:32,Attack,136,3,151,1131014,8025,4758164,43316,518.8132319536423,35,113,3,0,44,101,5,1,31,1,117
2011-08-10 13:04:33,Attack,112,0,132,1129543,6045,4265848,3879,343.4484690681818,28,94,10,0,38,88,5,1,20,3,108
2011-08-10 13:04:34,Attack,93,3,102,786619,4247,3818144,2085,543.3266200686276,34,66,2,0,13,85,4,0,10,1,91
2011-08-10 13:04:35,Attack,109,1,112,673056,5194,4271037,58006,383.9007022678572,25,78,9,0,13,94,5,0,18,0,94
2011-08-10 13:04:36,Normal,117,0,117,1189814,17276,4333408,49077,554.9776141025641,34,72,11,0,19,98,0,0,19,0,98
2011-08-10 13:04:37,Attack,178,2,182,1288789,10915,7427331,57829,395.1013674395604,36,135,11,0,16,146,20,0,34,4,144
2011-08-10 13:04:38,Normal,102,0,102,1094743,5273,4011495,50524,548.0136319509805,36,56,10,0,14,88,0,0,16,1,85
2011-08-10 13:04:39,Attack,128,0,137,868523,6596,5132610,27786,465.6026328321168,40,90,7,0,13,119,5,0,22,2,112
2011-08-10 13:04:40,Attack,89,0,91,974303,15957,3014068,20890,579.367967,33,54,4,0,17,71,3,0,12,0,79
2011-08-10 13:04:41,Normal,99,0,99,1007201,16204,3707195,22508,849.5912516060606,36,53,10,0,8,89,2,0,9,2,87
2011-08-10 13:04:42,Normal,129,3,132,912190,18674,5341616,58594,536.7661983787879,37,82,13,0,10,109,13,0,11,1,120
2011-08-10 13:04:43,Attack,93,3,99,820365,16701,3327278,6529,531.8516832727273,31,64,4,0,9,82,8,0,12,1,84
2011-08-10 13:04:44,Attack,137,0,138,1033794,6910,3301513,4824,454.8169766739131,38,95,5,0,13,124,1,0,52,3,82
2011-08-10 13:04:45,Attack,97,0,101,822133,3275,3711462,9,546.2178775841585,44,52,5,0,3,93,5,0,11,3,86
2011-08-10 13:04:46,Attack,104,0,108,1341769,15825,3948801,28317,760.5213163333333,36,61,11,0,16,82,10,0,18,1,88
2011-08-10 13:04:47,Attack,206,0,208,830025,23762,8989708,29760,139.4410618221154,44,158,6,0,7,193,8,0,27,2,179
2011-08-10 13:04:48,Attack,105,0,107,712736,5036,4075167,51950,605.8518561962616,37,65,5,0,8,94,5,0,19,0,88
2011-08-10 13:04:49,Attack,131,0,134,876435,21486,5392767,23707,421.4485446268657,37,91,6,0,13,114,7,0,20,0,114
2011-08-10 13:04:50,Attack,130,0,131,1120544,18543,5144243,58350,558.398136961832,36,88,7,0,10,113,8,0,16,0,115
2011-08-10 13:04:51,Attack,86,0,89,772301,17088,3111254,3340,646.6349371797753,41,41,7,0,3,80,6,0,10,0,79
2011-08-10 13:04:52,Attack,86,3,90,883757,6794,3245909,14134,699.1429461111112,34,50,6,0,5,81,4,0,10,1,79
2011-08-10 13:04:53,Attack,86,0,88,831206,55821,3153228,13363,579.0330853068182,32,45,11,0,9,77,2,0,12,0,76
2011-08-10 13:04:54,Attack,80,0,82,780246,8249,2903520,13863,698.0463412073171,26,47,9,0,8,72,2,0,5,0,77
2011-08-10 13:04:55,Attack,90,0,91,984516,18128,3669267,7863,463.2253253956044,38,44,9,0,9,71,11,0,17,0,74
2011-08-10 13:04:56,Normal,91,0,91,975330,15947,3174068,33169,719.3178332747252,46,36,9,0,6,85,0,0,8,2,80
2011-08-10 13:04:57,Attack,104,0,105,875397,17468,3986872,15075,437.425759247619,38,58,9,0,8,91,6,0,11,1,93
2011-08-10 13:04:58,Attack,128,0,129,1420597,16476,4515594,13537,746.5866266511629,54,63,12,0,9,120,0,0,9,1,119
2011-08-10 13:04:59,Attack,147,0,150,1568266,28921,4571997,49505,715.8780089400001,44,100,6,0,23,98,29,0,32,0,118
2011-08-10 13:05:00,Attack,87,0,88,820521,2186,3286660,44914,615.7259114090909,37,40,11,0,8,76,4,0,10,0,78
2011-08-10 13:05:01,Attack,235,0,236,986967,11803,11448282,64271,263.562561,36,195,5,0,6,228,2,0,9,0,227
2011-08-10 13:05:02,Attack,101,3,106,694857,21826,4132563,33882,493.67489066981125,26,71,9,0,15,84,7,0,21,1,84
2011-08-10 13:05:03,Normal,124,2,126,1135406,5463,5002359,50722,392.2357380634921,40,79,7,0,19,102,5,0,26,2,98
2011-08-10 13:05:04,Attack,133,0,134,985899,20926,4013248,52141,406.2185575298508,30,98,5,1,43,83,7,1,52,0,80
2011-08-10 13:05:05,Attack,111,0,112,932050,4930,4635758,42754,349.4378834285714,43,63,6,0,7,102,3,0,15,0,97
2011-08-10 13:05:06,Attack,106,0,112,1103443,16800,4230015,18456,626.8855670714286,44,60,8,0,10,99,3,0,18,3,90
2011-08-10 13:05:07,Normal,89,0,89,813461,2852,3361517,51560,536.2206041011236,38,46,5,0,8,80,1,0,12,1,75
2011-08-10 13:05:08,Attack,91,0,97,655609,18043,3198644,12371,490.91321506185574,35,58,4,0,7,87,3,0,9,1,86
2011-08-10 13:05:09,Normal,103,0,103,785496,24993,4047525,13522,385.84202893203883,35,64,4,0,3,98,2,0,7,2,94
2011-08-10 13:05:10,Attack,91,0,97,1235648,2317,3063015,6512,912.8842526288659,45,47,5,0,13,80,4,0,13,6,77
2011-08-10 13:05:11,Attack,120,0,121,903924,7827,4871488,35835,400.4184402809917,35,78,8,0,16,101,4,0,21,2,97
2011-08-10 13:05:12,Attack,154,3,160,821864,22117,6761674,43815,301.82079568125,35,115,10,0,5,150,5,0,14,2,144
2011-08-10 13:05:13,Attack,97,3,101,968911,2647,3503777,39509,535.3642626930693,49,50,2,0,6,92,3,0,6,3,92
2011-08-10 13:05:14,Attack,107,0,108,1057948,17425,3890089,9271,519.8842241203704,39,64,5,0,8,98,2,0,8,2,97
2011-08-10 13:05:15,Attack,122,0,123,890951,19432,4867425,38654,522.4489470325203,39,76,8,0,8,114,1,0,16,1,106
2011-08-10 13:05:16,Attack,85,0,86,987666,16647,3236810,66375,589.6528824883721,37,42,7,0,12,73,1,0,14,2,70
2011-08-10 13:05:17,Attack,137,0,138,1069732,19984,5365771,13815,564.7435956956522,46,81,11,0,11,124,3,0,16,1,121
2011-08-10 13:05:18,Attack,114,0,117,992512,18918,4576166,40916,336.0250899230769,33,76,8,0,17,89,11,0,24,1,92
2011-08-10 13:05:19,Attack,103,0,104,1168555,16086,3689722,63148,607.2409962596154,34,61,9,0,6,96,2,0,4,3,97
2011-08-10 13:05:20,Normal,97,0,97,956498,16006,3599770,60732,665.5966950206185,37,55,5,0,5,91,1,0,5,2,90
2011-08-10 13:05:21,Attack,92,0,94,750753,16689,3543541,43445,396.8804389148936,34,54,6,0,8,86,0,0,9,2,83
2011-08-10 13:05:22,Attack,92,3,96,824200,5259,3756504,58258,579.5315456874999,34,54,8,0,7,88,1,0,6,0,90
2011-08-10 13:05:23,Attack,91,0,93,869992,17000,3372932,44967,638.5868182365592,43,41,9,0,5,82,6,0,11,1,81
2011-08-10 13:05:24,Attack,96,0,98,827782,18461,3536598,64139,393.29239231632647,35,56,7,0,6,87,3,2,5,1,89
2011-08-10 13:05:25,Normal,125,0,125,1361249,17561,4497145,18345,387.224639624,38,79,8,0,9,109,6,1,15,1,106
2011-08-10 13:05:26,Attack,89,0,90,843079,16883,3118082,53859,626.1252107000001,32,49,9,0,6,82,0,2,14,1,73
2011-08-10 13:05:27,Attack,104,0,218,1366853,9080,3695331,54364,262.5932308990825,36,171,11,0,28,99,90,1,15,2,201
2011-08-10 13:05:28,Attack,87,0,175,722170,7433,3342422,2077,184.19001901714282,30,137,8,0,26,102,46,1,6,1,167
2011-08-10 13:05:29,Attack,95,0,103,878085,16377,3707321,23935,695.1082856407766,35,62,6,0,8,87,8,0,10,2,90
2011-08-10 13:05:30,Attack,83,0,85,1062136,16209,2475026,30970,689.9735486352942,39,39,7,0,6,75,4,0,6,6,73
2011-08-10 13:05:31,Attack,91,0,96,621365,16793,3978031,62497,440.53440903124994,37,54,5,0,5,91,0,0,6,0,90
2011-08-10 13:05:32,Attack,107,3,113,929257,4866,4362987,60420,543.5063882920354,43,66,4,0,8,102,3,0,12,2,98
2011-08-10 13:05:33,Attack,84,0,86,615989,16354,2989848,3912,640.5795401279071,29,51,6,0,7,72,7,0,14,0,72
2011-08-10 13:05:34,Attack,166,0,168,862159,7792,6230747,44080,347.2047579047619,38,123,7,0,31,135,2,0,35,1,130
2011-08-10 13:05:35,Attack,100,0,105,621612,5141,4249078,51558,280.21302096190476,26,72,7,0,5,96,4,0,8,1,96
2011-08-10 13:05:36,Attack,88,0,90,1154447,58437,3099814,59655,782.6828830222222,42,38,10,0,9,79,2,0,5,1,84
2011-08-10 13:05:37,Attack,96,0,97,1014976,15866,3370070,36579,506.12781517525775,47,38,12,0,5,90,2,0,5,3,89
2011-08-10 13:05:38,Attack,98,0,101,1057537,15831,3582958,46019,699.518955722772,40,54,7,0,8,86,7,0,11,1,89
2011-08-10 13:05:39,Attack,87,0,89,876380,18090,3289630,18281,727.5003303707865,38,48,3,0,6,82,1,0,5,2,82
2011-08-10 13:05:40,Attack,96,0,97,1302860,16135,2863962,52807,716.7462792577321,36,55,6,0,18,75,4,0,17,1,79
2011-08-10 13:05:41,Attack,116,2,120,1627330,17028,4715605,31602,550.8462631666666,47,61,12,0,15,97,8,0,18,1,100
2011-08-10 13:05:42,Attack,112,3,120,906817,18370,4579455,44184,508.8038639416666,42,72,6,0,5,112,3,0,11,1,108
2011-08-10 13:05:43,Attack,80,3,86,880947,16374,3216104,51827,590.5040512093022,37,45,4,0,11,69,6,0,11,1,74
2011-08-10 13:05:44,Attack,95,0,97,786658,16795,3948260,51671,419.8868976494846,36,55,6,0,5,88,4,0,8,0,89
2011-08-10 13:05:45,Normal,117,0,117,1076742,18481,4333013,32912,321.78721902564104,26,88,3,0,14,97,6,0,19,1,97
2011-08-10 13:05:46,Normal,109,0,109,986389,3911,4145958,56448,450.38604027522933,36,67,6,0,15,94,0,0,14,1,94
2011-08-10 13:05:47,Attack,95,0,99,976490,17391,3478595,49795,578.317141888889,37,55,7,0,17,80,2,0,18,0,81
2011-08-10 13:05:48,Attack,163,3,169,1089953,21497,6652412,53371,363.98689142603547,41,120,8,0,20,142,7,0,33,0,136
2011-08-10 13:05:49,Attack,124,0,126,1491654,18687,4425956,39635,818.5158899126984,57,58,11,0,16,104,6,0,24,1,99
2011-08-10 13:05:50,Attack,125,0,131,1291638,38723,4838842,63157,431.67590217557256,46,80,5,0,12,107,12,0,18,2,111
2011-08-10 13:05:51,Attack,65,0,67,622414,15765,2342095,36935,551.4467258208956,30,33,4,0,6,61,0,0,9,0,58
2011-08-10 13:05:52,Attack,100,3,106,915194,16818,3978741,13284,579.8036758867925,40,61,5,0,8,95,3,0,8,0,98
2011-08-10 13:05:53,Attack,92,0,93,794683,17994,3624292,59387,481.007382376344,24,60,9,0,12,76,5,0,14,2,76
2011-08-10 13:05:54,Attack,84,0,88,552508,6100,3273260,1051,423.98803861363643,26,58,4,0,12,73,3,0,18,0,70
2011-08-10 13:05:55,Attack,111,0,112,800736,19661,4402084,22554,591.9681130982143,34,71,7,0,18,91,3,0,22,0,90
2011-08-10 13:05:56,Attack,114,0,117,921640,22629,4759195,3181,303.7158394273503,31,76,10,0,20,78,19,0,40,2,75
2011-08-10 13:05:57,Attack,123,0,127,1019296,18870,3590187,11593,492.46956568503936,44,71,12,0,33,85,9,0,41,0,86
2011-08-10 13:05:58,Normal,118,0,118,742201,18026,4506448,33981,401.0857256779661,38,76,4,0,19,94,5,0,28,0,89
2011-08-10 13:05:59,Attack,94,0,95,950101,17695,3495533,31821,885.4475583894738,46,42,7,0,17,78,0,0,14,0,81
2011-08-10 13:06:00,Normal,97,0,97,890759,3686,3158478,35640,596.376360628866,37,51,9,0,18,77,2,0,17,2,77
2011-08-10 13:06:01,Attack,110,0,113,646973,19821,4124746,16392,436.51392051327434,23,82,8,0,17,93,3,0,24,0,88
2011-08-10 13:06:02,Attack,160,3,165,1070796,9056,5602824,35124,494.57339506060606,34,126,5,0,48,106,11,0,67,1,95
2011-08-10 13:06:03,Attack,97,0,99,1091668,15624,3106002,8184,705.8221290505049,35,57,7,0,10,86,3,0,6,1,92
2011-08-10 13:06:04,Attack,104,0,106,969830,2568,3603651,40411,732.4198348584905,54,44,8,0,8,97,1,0,14,0,92
2011-08-10 13:06:05,Attack,104,0,105,974320,17030,3970941,59218,470.0667189238095,31,62,12,0,7,92,6,0,9,1,95
2011-08-10 13:06:06,Normal,110,0,110,1144365,4524,4276325,53788,524.360625718182,38,62,10,0,7,97,6,0,14,1,94
2011-08-10 13:06:07,Attack,84,0,85,773209,15662,2958071,43174,522.3325509294117,31,49,5,0,13,72,0,0,10,0,75
2011-08-10 13:06:08,Attack,117,0,119,1116304,17852,4315065,34697,451.0231420420168,37,73,9,0,18,98,3,0,21,1,97
2011-08-10 13:06:09,Attack,122,0,126,971371,6460,4295288,4920,413.99909306349207,43,78,5,0,19,97,10,0,25,2,98
2011-08-10 13:06:10,Attack,76,0,77,791138,17542,2689189,22423,598.983061116883,25,50,2,0,10,67,0,0,6,1,70
2011-08-10 13:06:11,Attack,108,0,109,1097719,6155,4001284,50804,652.0854359082568,33,71,5,0,16,90,3,0,14,1,94
2011-08-10 13:06:12,Attack,86,3,90,1104161,15643,3094113,49382,625.7633421777779,40,46,4,0,9,75,6,0,15,0,75
2011-08-10 13:06:13,Attack,112,3,119,768829,18526,4461843,17898,248.98343326890756,37,72,10,0,6,106,7,0,15,1,103
2011-08-10 13:06:14,Normal,130,0,130,1394384,18994,4556223,3179,709.101481076923,49,73,8,0,16,110,4,0,18,1,111
2011-08-10 13:06:15,Attack,85,0,88,715974,3415,3160922,39030,431.1047156249999,31,45,12,0,10,76,2,0,13,0,74
2011-08-10 13:06:16,Attack,92,0,95,963053,15768,3542587,9522,636.6024863473684,35,51,9,0,9,85,1,0,4,0,91
2011-08-10 13:06:17,Attack,110,0,112,806448,19277,4788676,56492,462.8548443392857,32,72,8,0,13,90,9,0,25,0,87
2011-08-10 13:06:18,Attack,109,0,111,828308,3664,4707902,48441,386.1515464774774,38,70,3,0,11,94,6,0,17,0,94
2011-08-10 13:06:19,Attack,83,0,85,758763,16133,3171393,51764,462.1973225764706,31,52,2,0,11,72,2,0,9,0,76
2011-08-10 13:06:20,Attack,89,0,91,807512,16424,3606348,59895,419.60443785714284,37,50,4,0,8,79,4,0,8,1,82
2011-08-10 13:06:21,Attack,98,0,99,913615,17669,3879622,7167,680.0837954141415,31,57,11,0,5,88,6,0,6,3,90
2011-08-10 13:06:22,Normal,113,3,116,1124229,7126,4302113,44207,341.8962061465517,26,78,12,0,14,93,9,0,17,4,95
2011-08-10 13:06:23,Attack,94,0,96,1100076,4843,3237958,55441,419.2536326458333,35,51,10,0,8,86,2,0,11,3,82
2011-08-10 13:06:24,Attack,97,0,98,955030,40318,3348441,13361,636.5205125714286,37,53,8,0,10,85,2,1,12,0,84
2011-08-10 13:06:25,Attack,102,0,104,1106527,2981,3468338,52224,701.460455923077,39,59,6,0,12,89,2,1,11,0,92
2011-08-10 13:06:26,Attack,103,0,104,1221429,17527,4075126,60800,491.57052102884614,39,60,5,0,20,80,4,0,20,1,83
2011-08-10 13:06:27,Attack,115,0,210,1005048,22123,4456611,23726,280.82042819047615,45,159,6,0,20,109,79,2,15,0,193
2011-08-10 13:06:28,Attack,150,0,228,1386094,9639,6237292,4475,332.9108196578947,37,181,10,0,49,145,34,0,27,2,197
2011-08-10 13:06:29,Attack,128,0,137,1071855,5577,5166788,4048,353.54938321897805,34,97,6,0,13,114,10,0,11,2,124
2011-08-10 13:06:30,Attack,148,0,151,1103918,20743,5532530,12630,518.0450265430463,43,103,5,0,6,133,11,1,19,2,129
2011-08-10 13:06:31,Attack,116,0,118,1002339,4504,4184772,58134,393.39837891525417,23,86,9,0,10,98,10,0,17,1,100
2011-08-10 13:06:32,Attack,146,3,150,1111367,19566,5984568,7949,452.9795460466667,43,101,6,0,18,131,1,0,18,0,132
2011-08-10 13:06:33,Attack,122,0,124,1789787,15806,3542150,57499,511.42479683870965,34,79,11,0,34,86,4,0,18,5,101
2011-08-10 13:06:34,Attack,125,0,131,1191668,61065,3935249,16446,497.8424233511451,30,91,10,0,27,97,7,0,21,1,109
2011-08-10 13:06:35,Attack,94,0,97,1144364,16017,3422215,37365,875.3934338041236,44,46,7,0,12,83,2,0,11,1,85
2011-08-10 13:06:36,Attack,124,0,128,1375971,39510,4618556,15199,523.6041978203125,37,87,3,0,19,100,8,0,20,3,103
2011-08-10 13:06:37,Attack,108,16,125,1133948,17810,4760169,24406,546.3220155600001,38,76,11,0,11,107,7,0,22,0,103
2011-08-10 13:06:38,Attack,190,1,193,893502,22903,7841773,32122,307.39134500000006,41,144,8,0,28,155,10,0,36,0,156
2011-08-10 13:06:39,Attack,114,0,117,978459,4442,4210919,3268,437.36177128205134,25,78,14,0,10,101,6,0,13,2,102
2011-08-10 13:06:40,Normal,119,0,119,902717,5650,4803018,57771,436.7807279579832,37,76,6,0,6,112,1,0,16,1,101
2011-08-10 13:06:41,Normal,112,0,112,725485,17765,4117451,8839,372.8116316875,34,72,6,0,13,97,2,0,22,0,90
2011-08-10 13:06:42,Attack,95,3,102,549413,18007,3863716,51021,309.14885068627444,27,71,4,0,8,93,1,0,8,0,94
2011-08-10 13:06:43,Attack,131,3,139,896474,19481,5203573,46307,411.3332157769784,42,92,5,0,18,106,15,0,34,0,104
2011-08-10 13:06:44,Attack,108,0,110,884578,17856,4347139,19443,627.401338409091,35,64,11,0,14,87,9,0,22,1,87
2011-08-10 13:06:45,Attack,126,0,127,939328,19783,3732268,32404,454.0019073149606,33,86,8,0,11,90,26,0,42,2,83
2011-08-10 13:06:46,Attack,165,2,170,1140977,6858,6664800,2766,415.3731907117646,35,128,7,0,20,146,4,0,22,1,147
2011-08-10 13:06:47,Normal,108,0,108,803957,3655,4284427,53154,421.50726389814815,35,66,7,0,9,97,2,0,9,1,98
2011-08-10 13:06:48,Attack,116,0,117,1083316,4064,4447148,35843,589.8803943076923,43,66,8,0,12,96,9,0,17,2,98
2011-08-10 13:06:49,Attack,166,0,169,1919766,19564,6249418,30382,612.9010356213017,36,127,6,0,31,133,5,0,39,3,127
2011-08-10 13:06:50,Attack,82,0,87,1249206,44068,2697589,14134,638.1589855632184,30,46,11,0,10,71,6,0,8,1,77
2011-08-10 13:06:51,Attack,101,0,103,1095057,3233,3815719,5574,701.2376938543688,30,67,6,0,19,78,6,0,14,2,86
2011-08-10 13:06:52,Attack,127,3,131,814500,7796,5601644,56280,343.91361896946563,38,85,8,0,11,109,11,0,28,2,100
2011-08-10 13:06:53,Normal,108,0,108,1020348,37697,4213468,32400,407.7247452314815,40,60,8,0,15,88,5,0,21,1,86
2011-08-10 13:06:54,Attack,108,0,109,1192906,18382,3961318,2734,744.8094779816512,38,63,7,0,15,90,3,0,11,1,95
2011-08-10 13:06:55,Attack,110,0,117,799314,18054,4450569,18647,598.7903130854701,36,74,7,0,7,105,5,0,11,0,106
2011-08-10 13:06:56,Attack,123,0,126,1076004,20250,4880509,65430,546.1252796190477,38,80,8,0,8,106,12,0,19,1,106
2011-08-10 13:06:57,Attack,114,0,117,1347981,16443,4273726,63657,555.4824264700854,34,76,7,0,16,85,16,0,18,3,95
2011-08-10 13:06:58,Attack,118,0,119,977297,4641,4324205,38091,387.7855327899159,30,83,6,0,13,89,17,0,28,0,91
2011-08-10 13:06:59,Normal,144,0,144,1352352,18888,5448083,64667,563.6306121111112,44,91,9,0,20,111,13,0,31,2,111
2011-08-10 13:07:00,Attack,170,0,174,1564780,19788,6233915,54966,493.8918948505747,46,116,12,0,20,142,12,0,44,1,129
2011-08-10 13:07:01,Normal,226,0,226,993157,11906,10809906,62175,288.368137539823,33,185,8,0,11,210,5,0,13,2,211
2011-08-10 13:07:02,Attack,155,3,160,1112287,7110,6484607,51474,550.2186267875,33,114,13,0,18,132,10,0,21,0,139
2011-08-10 13:07:03,Attack,105,0,108,781325,16924,3511132,4966,404.68973446296303,37,67,4,0,14,85,9,0,20,2,85
2011-08-10 13:07:04,Normal,100,0,100,1043182,19695,3105848,29753,416.02554194,37,57,6,0,20,72,8,0,20,2,78
2011-08-10 13:07:05,Attack,130,0,134,1112903,4559,4529014,58594,523.8961570820895,39,88,7,0,21,108,5,0,22,2,108
2011-08-10 13:07:06,Attack,90,0,91,750813,17551,3398060,39916,512.0688184615385,35,51,5,0,12,76,3,0,9,0,82
2011-08-10 13:07:07,Attack,142,0,144,1186922,7229,5663506,49148,478.5586432361111,34,100,10,0,19,103,22,0,30,1,113
2011-08-10 13:07:08,Attack,166,0,167,1333312,7303,6837430,40738,443.10238723952097,29,134,4,0,29,122,16,0,39,2,126
2011-08-10 13:07:09,Attack,162,0,163,2810209,4428,4848915,59021,936.3160005521473,48,107,8,0,47,105,11,0,21,2,140
2011-08-10 13:07:10,Attack,124,0,125,1775855,62787,4830784,59117,505.59020770399997,31,89,5,0,28,85,12,0,21,1,103
2011-08-10 13:07:11,Attack,175,0,177,839530,10597,8289519,50809,312.0388444350283,33,138,6,0,17,113,46,1,78,1,98
2011-08-10 13:07:12,Attack,164,3,172,1352709,22004,7190865,63835,312.75796047093024,48,114,10,0,9,112,51,0,67,3,102
2011-08-10 13:07:13,Attack,136,3,140,1266846,64679,5719127,59669,369.3489246857143,42,93,5,0,25,99,16,0,31,2,107
2011-08-10 13:07:14,Attack,124,0,127,1457125,17905,4527933,26565,478.04797507874014,40,78,9,0,24,98,5,0,14,1,112
2011-08-10 13:07:15,Attack,133,0,135,1254133,17185,5436196,51716,489.4335929333334,39,89,7,0,24,106,5,0,16,1,118
2011-08-10 13:07:16,Attack,88,0,93,986075,16239,3178091,56268,702.8358203010753,33,49,11,0,15,76,2,0,12,0,81
2011-08-10 13:07:17,Attack,119,0,120,1031435,19458,5168714,38488,348.3856472333333,35,80,5,0,15,84,21,0,31,0,89
2011-08-10 13:07:18,Attack,158,0,163,1851212,22668,6201197,50620,458.52219726380366,35,117,11,0,46,105,12,0,49,3,111
2011-08-10 13:07:19,Attack,125,0,126,1809441,4485,4314960,20071,704.610564293651,34,82,10,0,29,86,11,0,24,1,101
2011-08-10 13:07:20,Attack,117,0,120,1273114,6451,4540347,56356,599.2410536416667,34,80,6,0,18,91,11,0,21,2,97
2011-08-10 13:07:21,Attack,109,0,110,1454456,16321,3755049,33235,588.7564856636363,35,68,7,0,19,84,7,0,17,3,90
2011-08-10 13:07:22,Normal,150,3,153,1010818,9705,6435244,43763,253.93043783006536,35,112,6,0,15,135,3,0,21,2,130
2011-08-10 13:07:23,Normal,108,0,108,1205671,43023,4015231,14047,578.1432832407407,41,63,4,0,14,89,5,0,16,3,89
2011-08-10 13:07:24,Attack,105,0,109,1329982,19339,3770067,46294,460.2260950091743,28,72,9,0,15,83,9,2,13,3,91
2011-08-10 13:07:25,Attack,102,0,107,876275,18124,4210677,55154,352.79940377570097,29,68,10,0,7,97,3,0,8,1,98
2011-08-10 13:07:26,Attack,99,0,100,1052480,3833,3975417,33547,629.64499961,30,65,5,0,9,83,8,0,13,1,86
2011-08-10 13:07:27,Attack,140,0,141,1198200,30575,5808003,59588,602.9787182978723,54,79,8,0,18,115,8,0,22,2,117
2011-08-10 13:07:28,Attack,105,0,171,1136206,8744,3841188,40259,247.07570088304092,27,140,4,0,29,89,52,1,13,2,155
2011-08-10 13:07:29,Attack,111,0,145,1702702,5740,4470767,3621,439.27066539310346,29,110,6,0,30,89,26,0,16,2,127
2011-08-10 13:07:30,Attack,139,0,140,2198277,5188,4415277,4620,767.706882507143,43,91,6,0,35,97,8,0,16,4,120
2011-08-10 13:07:31,Attack,103,0,106,1274907,7303,3519903,2900,392.27487961320753,34,56,16,0,15,84,7,0,21,1,84
2011-08-10 13:07:32,Attack,124,3,129,1126838,8973,4677859,59931,501.71355810852714,46,77,6,0,14,107,7,1,27,1,100
2011-08-10 13:07:33,Attack,120,0,125,1348783,68999,4469762,61607,549.406044144,38,76,11,0,19,99,5,2,19,3,101
2011-08-10 13:07:34,Normal,128,0,128,1565823,10744,4583569,5189,498.1735708046876,28,93,7,0,34,89,5,0,22,2,104
2011-08-10 13:07:35,Attack,138,0,139,1007932,21298,5778108,46026,505.7233286546763,37,92,10,0,13,111,15,0,19,2,118
2011-08-10 13:07:36,Attack,100,0,102,1113574,17967,3852762,43736,527.1444042941176,35,63,4,0,11,84,7,0,13,1,88
2011-08-10 13:07:37,Attack,102,0,103,1098564,17664,3970297,51403,623.1204191553398,30,68,5,0,14,85,4,0,9,1,93
2011-08-10 13:07:38,Attack,146,0,151,2155978,18911,6322603,64040,592.5670351059603,33,114,4,0,35,103,12,1,8,2,141
2011-08-10 13:07:39,Attack,90,0,91,825944,17645,3926213,47529,419.450981,30,54,7,0,9,79,3,0,12,1,78
2011-08-10 13:07:40,Attack,119,6,126,1957604,15086,4208145,60397,684.2771051904762,38,79,9,0,32,88,6,0,16,2,108
2011-08-10 13:07:41,Attack,119,4,126,1728608,5355,4801920,57547,495.25388015079363,36,83,7,0,36,84,6,0,15,0,110
2011-08-10 13:07:42,Attack,173,3,178,2100900,13217,6525069,53376,630.4890949101125,37,124,17,0,45,118,15,0,26,2,150
2011-08-10 13:07:43,Normal,123,3,126,1127327,6606,4900552,38638,409.7141763253968,37,87,2,0,18,101,7,0,29,1,96
2011-08-10 13:07:44,Attack,110,0,111,1138043,17876,4108703,53739,516.4702805765767,38,64,9,0,15,92,4,0,15,1,95
2011-08-10 13:07:45,Attack,128,0,130,1880857,3797,5046260,62485,549.8451250538461,41,84,5,0,27,93,10,0,18,1,111
2011-08-10 13:07:46,Attack,87,0,88,1303570,15240,2986408,43004,751.2476220568183,35,48,5,0,16,69,3,0,10,2,75
2011-08-10 13:07:47,Attack,101,0,103,1001955,16681,3604782,2566,626.6175020679611,43,49,11,0,5,94,4,0,6,2,95
2011-08-10 13:07:48,Attack,108,0,109,666467,6688,4330143,2079,324.0943622293578,25,80,4,0,10,92,7,0,16,0,93
2011-08-10 13:07:49,Attack,191,0,192,3124966,7630,5610870,2872,464.0837553958333,37,147,8,0,72,91,29,0,57,1,133
2011-08-10 13:07:50,Attack,128,2,133,1497642,6517,4837207,2850,560.3467599849624,38,88,7,0,27,95,11,0,27,1,105
2011-08-10 13:07:51,Attack,115,0,117,1260157,4681,4408800,4472,458.59760864957263,40,72,5,0,11,98,8,0,13,3,101
2011-08-10 13:07:52,Attack,109,3,113,1267110,4056,4167871,51597,397.73213826548675,45,63,5,0,11,97,5,0,21,3,89
2011-08-10 13:07:53,Attack,141,0,143,1455020,5729,5219047,3715,532.0876122027972,36,102,5,0,22,110,11,0,26,2,115
2011-08-10 13:07:54,Attack,119,0,121,1007659,18984,4677566,19346,450.0094864710744,38,80,3,0,20,92,9,0,27,1,93
2011-08-10 13:07:55,Attack,167,0,168,1196146,8139,6737931,50617,383.4245586071429,40,124,4,0,39,122,7,0,35,0,133
2011-08-10 13:07:56,Attack,214,0,219,1643482,22416,9414741,36371,218.09445747031964,36,170,13,0,25,184,10,0,19,8,192
2011-08-10 13:07:57,Attack,112,0,115,1267383,5408,4103144,2101,647.4190350086956,38,68,9,0,16,93,6,0,16,0,99
2011-08-10 13:07:58,Attack,168,0,170,1163797,24159,6852104,32015,548.447414117647,30,131,9,0,40,119,11,0,41,1,128
2011-08-10 13:07:59,Attack,123,0,126,1479532,17602,4214829,62965,603.1969670396824,47,71,8,0,19,103,4,0,14,3,109
2011-08-10 13:08:00,Attack,116,0,118,1644871,3984,3953397,6450,759.4019001101694,37,76,5,0,24,89,5,0,18,2,98
2011-08-10 13:08:01,Attack,132,0,133,1484785,19440,4624516,50461,778.4776369172932,47,80,6,0,14,110,9,0,15,3,115
2011-08-10 13:08:02,Attack,102,3,108,942931,19371,3747724,61161,431.7119733703704,31,69,8,0,7,95,6,0,14,2,92
2011-08-10 13:08:03,Normal,103,0,103,1129539,62132,3787451,13523,588.4454952815535,38,58,7,0,13,85,5,0,17,0,86
2011-08-10 13:08:04,Attack,114,0,118,1059952,6013,3991373,55271,370.4666256271187,40,69,9,0,13,103,2,0,17,1,100
2011-08-10 13:08:05,Attack,104,0,105,1193945,18319,3634689,62570,500.2985865523809,32,67,6,0,20,83,2,0,13,2,89
2011-08-10 13:08:06,Attack,108,0,110,1227003,17188,3807840,43105,422.69330529090917,28,73,9,0,13,91,6,0,8,2,100
2011-08-10 13:08:07,Normal,86,0,86,1053032,2681,3193940,60767,534.3763634651164,34,41,11,0,7,76,3,0,6,3,77
2011-08-10 13:08:08,Attack,118,0,120,672034,4261,4513389,43898,440.70176120833327,33,81,6,0,6,112,2,0,1,3,116
2011-08-10 13:08:09,Attack,88,0,90,893903,2875,3475120,2849,554.5114281444444,35,51,4,0,11,79,0,0,5,2,83
2011-08-10 13:08:10,Attack,101,3,105,1458472,16745,3801947,41392,740.4917442190476,50,44,11,0,12,91,2,0,13,1,91
2011-08-10 13:08:11,Normal,92,3,95,932458,19474,3584902,33018,558.856467768421,35,54,6,0,16,74,5,0,17,0,76
2011-08-10 13:08:12,Attack,115,4,122,1463313,5643,4311575,52650,782.7628560819671,44,71,7,0,14,95,12,1,16,1,105
2011-08-10 13:08:13,Attack,127,0,128,1451314,18516,4393075,6573,498.31444790625,41,79,8,0,32,90,4,2,27,2,99
2011-08-10 13:08:14,Attack,130,3,136,1073738,46090,5601693,59655,378.3729013602941,32,93,11,0,12,117,7,0,12,1,123
2011-08-10 13:08:15,Attack,164,0,166,2125852,19523,4220686,16130,496.9775112710843,37,120,9,0,57,89,20,0,41,3,122
2011-08-10 13:08:16,Normal,133,0,133,1551717,17375,4754758,16336,509.27021566165405,45,78,10,0,27,106,0,0,10,2,121
2011-08-10 13:08:17,Attack,97,0,101,1225354,17203,3739315,54869,324.86403437623767,33,60,8,0,17,79,5,0,17,2,81
2011-08-10 13:08:18,Attack,105,0,109,854532,21435,4242089,58080,271.7107046880734,22,79,8,0,24,84,1,0,33,1,75
2011-08-10 13:08:19,Attack,157,0,158,1110771,43711,6182755,1628,392.3106628797468,39,114,5,0,11,136,11,0,32,4,122
2011-08-10 13:08:20,Attack,149,0,151,2029152,18401,5320755,56554,972.8118202251657,47,95,9,0,30,109,12,0,20,2,128
2011-08-10 13:08:21,Attack,119,0,123,1832997,16863,4141419,3962,436.2396057235772,49,68,6,0,26,89,8,0,14,1,108
2011-08-10 13:08:22,Attack,101,3,106,843164,18425,4241960,30154,327.1661618490566,27,70,9,0,19,82,5,0,18,1,86
2011-08-10 13:08:23,Normal,146,0,146,1800207,18107,5333289,23696,414.50254997260276,34,95,17,0,24,120,2,0,18,3,125
2011-08-10 13:08:24,Attack,95,0,97,1071055,42135,3222236,60477,440.7659296082474,34,55,8,0,13,80,3,1,14,2,80
2011-08-10 13:08:25,Attack,130,0,131,1294099,19461,4961159,23338,510.832353259542,35,87,9,0,21,105,5,0,19,2,109
2011-08-10 13:08:26,Attack,97,0,100,1272893,8113,3771950,4516,604.60480149,39,52,9,0,13,80,5,2,14,1,83
2011-08-10 13:08:27,Attack,162,0,163,1083842,20362,6939379,45420,380.3453696319018,42,114,7,0,13,147,3,0,9,0,152
2011-08-10 13:08:28,Attack,109,0,111,1118575,31021,3998388,7377,542.4049976756758,32,73,6,0,23,85,3,0,24,3,84
2011-08-10 13:08:29,Normal,109,0,109,1108635,15971,4125319,26229,584.0086517155963,39,60,10,0,12,92,5,0,6,0,102
2011-08-10 13:08:30,Attack,106,0,148,1369694,5627,4548290,59304,299.10357385810806,29,114,5,0,16,89,43,0,9,6,133
2011-08-10 13:08:31,Attack,104,0,250,1226084,11393,4346216,2344,224.97725553599997,37,206,7,0,44,118,87,1,10,3,236
2011-08-10 13:08:32,Attack,106,3,118,1171231,17697,3892693,23493,488.4889298050848,38,74,6,0,16,100,2,0,17,4,96
2011-08-10 13:08:33,Attack,103,0,121,1082160,5117,4064602,3620,466.01432137190085,34,85,2,0,26,90,5,0,12,3,106
2011-08-10 13:08:34,Attack,123,0,132,1217156,5381,4786549,4520,290.52089226515153,33,91,8,0,22,105,4,1,11,2,118
2011-08-10 13:08:35,Attack,133,0,137,1673225,18717,4725357,47733,708.0376838175183,59,71,7,0,22,111,4,0,17,4,116
2011-08-10 13:08:36,Attack,129,0,132,1019721,18295,5189620,3768,445.82256584090914,41,85,6,0,10,114,6,2,13,1,118
2011-08-10 13:08:37,Attack,110,0,113,1425733,7419,4247780,1960,462.4056725840708,35,68,10,0,23,85,5,0,18,1,94
2011-08-10 13:08:38,Attack,114,0,117,1035934,18772,4600468,49983,590.247039008547,47,62,8,0,13,101,3,0,23,1,93
2011-08-10 13:08:39,Attack,116,0,119,1192479,18188,4355784,26886,546.3795914117647,45,69,5,0,13,100,6,0,11,1,106
2011-08-10 13:08:40,Attack,125,0,129,900575,8047,3515308,1978,313.5844693178295,31,93,5,0,37,76,16,0,47,3,79
2011-08-10 13:08:41,Attack,130,0,131,1826491,17259,4559233,37604,492.0546481145038,45,80,6,0,26,100,5,0,14,2,115
2011-08-10 13:08:42,Attack,127,3,134,1367755,16942,5106184,62129,359.11683550000004,44,81,9,0,17,112,5,0,17,4,113
2011-08-10 13:08:43,Attack,89,0,90,1032652,2041,2678645,52866,496.54414093333327,35,44,11,0,10,78,2,0,8,4,77
2011-08-10 13:08:44,Attack,121,4,127,1203492,18309,4874770,30511,528.7571206614174,37,79,11,0,19,105,3,0,4,1,122
2011-08-10 13:08:45,Attack,102,5,108,1222334,17555,3744707,38462,274.02862566666664,35,65,8,0,15,88,5,0,8,0,100
2011-08-10 13:08:46,Attack,115,0,117,1604434,21881,4388479,60484,838.1278213076923,39,70,8,0,17,96,4,0,12,2,102
2011-08-10 13:08:47,Attack,63,0,64,952013,14814,2081145,12963,753.151655046875,21,39,4,0,9,51,4,0,6,0,58
2011-08-10 13:08:48,Attack,108,0,112,1342024,14662,3537373,15934,692.8915519464286,32,70,10,0,22,87,3,0,19,1,90
2011-08-10 13:08:49,Attack,102,0,105,1082621,18029,3416518,63587,574.2153137142858,40,60,5,0,14,89,2,0,13,3,89
2011-08-10 13:08:50,Normal,103,0,103,945209,15981,3944482,60886,494.50242000970866,36,59,8,0,6,95,2,0,13,0,90
2011-08-10 13:08:51,Normal,119,1,120,1055737,4077,4560572,46966,483.16581910833327,41,69,10,0,9,106,5,0,16,3,101
2011-08-10 13:08:52,Attack,127,3,132,894630,19081,5143191,20742,552.0616511287878,41,81,10,0,6,120,6,0,17,1,114
2011-08-10 13:08:53,Attack,104,0,106,1376046,16016,3682236,2698,485.49404619811327,34,61,11,0,11,91,4,0,18,4,83
2011-08-10 13:08:54,Attack,120,10,131,1361613,19442,4683777,10348,519.7032132366412,44,83,4,0,23,97,11,0,32,2,96
2011-08-10 13:08:55,Attack,163,0,166,826297,20458,6952274,51859,321.0144690542169,40,118,8,0,18,148,0,0,21,1,144
2011-08-10 13:08:56,Attack,129,0,130,1055978,19738,4683755,18049,706.3169020384615,41,82,7,0,16,104,10,0,23,3,104
2011-08-10 13:08:57,Attack,90,0,94,727912,4346,3480904,55611,267.1526719574468,33,56,5,0,21,70,3,0,28,0,66
2011-08-10 13:08:58,Attack,122,0,124,1220247,20846,4106048,16958,462.96899588709675,44,74,6,0,15,104,5,0,17,3,104
2011-08-10 13:08:59,Attack,137,0,140,821948,19362,5873069,63150,331.46662844285714,35,99,6,0,7,132,1,0,6,1,133
2011-08-10 13:09:00,Attack,311,0,314,737387,28745,14701949,59777,162.45577045859872,28,277,9,0,13,288,13,0,27,2,285
2011-08-10 13:09:01,Attack,181,0,186,1233863,21295,6756544,36309,322.87888166666664,38,142,6,0,28,140,18,0,35,4,146
2011-08-10 13:09:02,Attack,116,3,122,1002304,21238,4555711,56211,376.54623508196727,35,82,5,0,14,103,5,0,17,3,102
2011-08-10 13:09:03,Attack,103,0,106,1180545,16684,3612908,14135,510.02347205660374,41,60,5,0,10,92,4,0,16,5,85
2011-08-10 13:09:04,Attack,108,0,109,971743,5742,4298457,56235,449.22188913761465,37,63,9,0,8,96,5,0,13,3,92
2011-08-10 13:09:05,Attack,136,0,137,1439532,17877,4532014,60532,770.9193905693431,46,84,7,0,16,116,5,0,13,2,121
2011-08-10 13:09:06,Attack,103,0,104,844874,19431,4013007,15815,564.6634216442307,38,58,8,0,9,88,7,0,18,2,84
2011-08-10 13:09:07,Attack,88,0,91,952527,17342,2810266,35249,418.8814458791209,34,49,8,0,13,73,5,0,14,4,73
2011-08-10 13:09:08,Attack,119,0,121,801569,18338,4486118,22995,361.96776123966947,32,80,9,0,12,107,2,0,19,3,99
2011-08-10 13:09:09,Attack,105,0,107,857131,5860,3516764,14134,554.3361528785048,37,66,4,0,14,91,2,0,15,1,91
2011-08-10 13:09:10,Attack,117,0,118,1057131,17823,4430464,46002,535.1048246864408,40,69,9,0,13,103,2,0,12,2,104
2011-08-10 13:09:11,Attack,210,0,212,964809,25310,10090511,33532,315.15376242452834,29,178,5,0,16,193,3,0,15,0,197
2011-08-10 13:09:12,Attack,139,3,143,1668715,18333,5394662,13319,584.331751048951,36,97,10,0,28,108,7,0,20,2,121
2011-08-10 13:09:13,Attack,132,0,134,1172121,13890,5250645,3998,320.83074014179095,46,85,3,0,20,112,2,0,15,1,118
2011-08-10 13:09:14,Attack,112,3,117,1257070,5498,4348725,14197,337.91508112820514,42,63,12,0,21,94,2,0,26,2,89
2011-08-10 13:09:15,Attack,214,0,216,1088420,22210,8877296,34747,274.6863182407408,30,176,10,0,19,195,2,0,15,2,198
2011-08-10 13:09:16,Attack,99,3,104,965395,17038,4098476,15657,588.9850701826924,32,65,7,0,20,83,1,0,19,1,84
2011-08-10 13:09:17,Normal,88,20,108,1073836,15723,4349442,55116,549.2859880185187,37,67,4,0,11,95,2,0,10,0,98
2011-08-10 13:09:18,Attack,88,15,108,1084713,3041,3888306,38547,535.3821703240741,41,62,5,0,17,91,0,0,15,1,92
2011-08-10 13:09:19,Attack,148,0,151,1166204,65720,4314350,2313,380.1733936821192,42,101,8,0,41,100,10,0,53,3,95
2011-08-10 13:09:20,Attack,109,0,111,890565,4033,4213440,3800,523.6335196756756,36,63,12,0,8,96,7,0,9,0,101
2011-08-10 13:09:21,Attack,110,0,113,937701,17351,4371332,63936,355.4519728141593,35,73,5,0,8,101,4,0,13,0,100
2011-08-10 13:09:22,Attack,135,3,143,1230747,19481,5202781,40962,563.2829126993007,43,85,15,0,28,107,8,0,31,1,111
2011-08-10 13:09:23,Attack,149,1,151,1575654,18462,5082995,25535,442.04549133774833,33,108,10,0,39,98,14,0,33,0,118
2011-08-10 13:09:24,Attack,172,14,190,1005539,8525,7050192,61177,393.66328762631576,34,150,6,0,47,127,15,1,62,1,126
2011-08-10 13:09:25,Normal,133,59,192,1032730,22313,7662067,55297,249.21980578645832,38,148,6,0,21,155,15,1,36,2,153
2011-08-10 13:09:26,Attack,119,0,120,1484764,18490,4058190,56898,585.6629141166667,33,75,12,0,22,91,6,1,16,7,96
2011-08-10 13:09:27,Attack,110,0,112,1272696,17247,4328713,65310,502.96320582142863,32,69,11,0,14,92,5,1,21,1,89
2011-08-10 13:09:28,Attack,96,0,99,774585,16753,3792616,14031,388.5500944343434,29,64,6,0,9,84,5,1,11,1,85
2011-08-10 13:09:29,Normal,155,0,155,1402478,19431,5800036,35511,414.1881840387097,32,114,9,0,24,102,29,0,39,0,116
2011-08-10 13:09:30,Attack,188,0,191,757143,53132,7894886,14531,365.4725597748691,29,154,8,0,28,130,32,1,56,2,133
2011-08-10 13:09:31,Attack,110,8,248,1002186,13474,4244316,36988,337.2879621290322,42,201,5,0,33,114,101,0,28,0,220
2011-08-10 13:09:32,Attack,114,13,130,1030171,20835,4703660,34772,620.8638646153846,40,80,10,0,18,103,8,1,26,1,102
2011-08-10 13:09:33,Attack,106,3,111,1079298,18154,3735729,1806,539.7443707387388,38,63,10,0,12,95,4,0,15,2,94
2011-08-10 13:09:34,Attack,158,23,182,1513675,27882,6717950,10930,358.3059166483517,43,129,10,0,36,133,13,0,40,2,140
2011-08-10 13:09:35,Attack,149,15,166,979538,24119,6552646,58892,340.3480068012048,41,113,12,0,32,119,14,1,45,1,120
2011-08-10 13:09:36,Attack,115,2,118,1042572,18374,4441363,56575,622.4100012627118,34,79,5,0,18,90,10,0,21,0,97
2011-08-10 13:09:37,Attack,147,0,150,1541930,18749,5409563,42488,527.0755079933333,47,94,9,0,20,128,2,0,18,5,127
2011-08-10 13:09:38,Attack,143,0,148,988450,6862,6175472,50047,405.9006497094595,33,114,1,0,16,101,31,0,39,1,108
2011-08-10 13:09:39,Attack,153,0,158,1184903,20113,5937475,2552,374.8957439240506,31,121,6,0,20,113,25,0,34,1,123
2011-08-10 13:09:40,Normal,155,0,155,698568,9822,6398364,38255,264.3879609225806,37,113,5,0,47,97,11,0,59,0,96
2011-08-10 13:09:41,Attack,129,0,132,890830,22108,5145101,43180,446.7749154545454,36,88,8,0,29,98,5,0,31,1,100
2011-08-10 13:09:42,Attack,226,3,233,1029010,47428,9939465,14134,298.60036294849783,39,190,4,0,65,155,13,0,66,1,166
2011-08-10 13:09:43,Attack,169,0,173,1041268,9379,6631472,54623,298.89454244508664,40,128,5,0,37,125,11,0,46,2,125
2011-08-10 13:09:44,Attack,131,3,136,977027,19466,5179940,37832,353.9367937941177,45,85,6,0,12,102,22,0,34,0,102
2011-08-10 13:09:45,Attack,187,0,190,1030991,22674,5704354,60898,289.0160947052632,31,147,12,0,55,128,7,0,62,4,124
2011-08-10 13:09:46,Attack,140,6,147,921283,22379,4889044,6300,285.03459655782314,34,107,6,0,34,110,3,0,34,4,109
2011-08-10 13:09:47,Attack,100,0,103,912588,3313,3880185,57679,573.4241583203884,33,62,8,0,15,82,6,0,21,0,81
2011-08-10 13:09:48,Attack,94,0,97,878367,16110,3217043,1964,403.3396091752577,32,53,12,0,8,82,7,0,14,2,81
2011-08-10 13:09:49,Attack,132,0,133,1522697,22797,4461268,26629,751.9380053458646,42,84,7,0,21,100,12,0,21,1,111
2011-08-10 13:09:50,Attack,188,0,189,1046218,24274,7750443,44569,347.94990105291004,39,142,8,0,36,123,30,0,60,2,127
2011-08-10 13:09:51,Normal,132,0,132,1009071,21701,4980483,10378,511.41506032575757,47,82,3,0,15,104,13,0,33,2,96
2011-08-10 13:09:52,Attack,127,3,131,1209331,18295,4666313,24709,610.2417379160305,38,85,8,0,16,104,11,0,17,3,111
2011-08-10 13:09:53,Attack,115,0,116,751557,5597,4814368,43296,441.9660019396552,29,82,5,0,7,97,12,0,19,1,96
2011-08-10 13:09:54,Attack,149,0,152,1106668,21327,4364430,57179,367.1076928026316,36,106,10,0,13,136,3,0,58,2,92
2011-08-10 13:09:55,Attack,107,0,109,1040207,16955,4064695,47135,563.9643756880735,36,65,8,0,10,94,5,0,12,0,97
2011-08-10 13:09:56,Normal,115,0,115,1336450,17899,3980726,14194,445.91296746956516,33,68,14,0,11,97,7,0,14,0,101
2011-08-10 13:09:57,Attack,92,0,93,1017220,15619,3412335,64143,386.77905484946234,30,57,6,0,9,78,6,0,13,1,79
2011-08-10 13:09:58,Attack,78,0,79,964436,61897,2605331,14134,692.772491063291,35,38,6,0,11,64,4,0,10,1,68
2011-08-10 13:09:59,Normal,100,0,100,1048119,17093,3694592,14161,743.0416349299999,36,61,3,0,13,73,14,0,21,1,78
2011-08-10 13:10:00,Attack,176,0,180,1031743,20781,7406894,27262,414.79194931111107,38,134,8,0,20,142,18,0,33,2,145
2011-08-10 13:10:01,Attack,109,0,111,1246784,17348,3760627,14301,512.8714988018017,34,70,7,0,14,91,6,0,12,5,94
2011-08-10 13:10:02,Attack,107,3,112,962015,7738,4286345,15166,317.71818433035713,34,71,7,0,13,93,6,0,13,3,96
2011-08-10 13:10:03,Attack,116,0,121,1281835,17222,3541627,29550,656.5256070413222,43,70,8,0,20,94,7,0,23,2,96
2011-08-10 13:10:04,Attack,146,0,147,1228727,19729,5562771,22926,439.8161644693878,38,102,7,0,16,90,41,0,53,1,93
2011-08-10 13:10:05,Attack,115,1,118,1121823,19447,4388193,55075,361.4191772288136,42,70,6,0,17,89,12,0,25,2,91
2011-08-10 13:10:06,Attack,112,0,115,1005514,18162,4296731,10033,661.3492320695652,39,63,13,0,6,98,11,0,13,0,102
2011-08-10 13:10:07,Attack,104,2,109,1012191,16841,4086435,10024,649.3619220458714,51,54,4,0,4,101,4,0,12,0,97
2011-08-10 13:10:08,Normal,109,0,109,881999,16353,4216456,8858,499.28745395412835,44,58,7,0,6,98,5,0,13,0,96
2011-08-10 13:10:09,Attack,120,0,122,1040192,12948,4634645,1765,408.223481614754,45,69,8,0,10,101,11,0,23,2,96
2011-08-10 13:10:10,Normal,130,0,130,1781980,3196,4211146,44411,437.49642463076924,48,76,6,0,14,108,8,0,10,5,115
2011-08-10 13:10:11,Attack,125,0,128,1619771,17392,3865203,6994,615.43465309375,55,64,9,0,18,102,8,0,13,6,108
2011-08-10 13:10:12,Attack,119,3,124,1326379,11518,3440131,60324,486.4317335,42,76,6,0,31,83,9,1,33,6,85
2011-08-10 13:10:13,Normal,118,0,118,1383312,16619,4112765,42080,536.4954555762712,34,80,4,0,21,88,9,0,15,1,102
2011-08-10 13:10:14,Attack,95,3,99,1053883,15736,3503360,54835,833.5692603535355,48,43,8,0,5,90,4,0,11,0,88
2011-08-10 13:10:15,Attack,137,0,138,1282654,20487,5037493,14134,450.24757314492757,30,101,7,0,27,103,8,0,32,1,105
2011-08-10 13:10:16,Attack,121,0,124,1205180,18790,4114402,53427,660.1986934193548,32,87,5,0,26,90,8,0,19,2,103
2011-08-10 13:10:17,Attack,88,0,90,1054945,4641,3048907,5381,491.29234379999997,40,46,4,0,10,77,3,0,14,2,74
2011-08-10 13:10:18,Attack,121,16,138,759290,6124,5462776,34762,438.2023970217391,37,92,9,0,8,116,14,0,22,0,116
2011-08-10 13:10:19,Normal,96,9,105,848611,17011,4175268,8238,546.3170660571428,40,56,9,0,11,88,6,0,17,0,88
2011-08-10 13:10:20,Attack,102,0,103,1378437,2980,3592148,63088,552.2909951067961,49,42,12,0,8,91,4,0,11,4,88
2011-08-10 13:10:21,Attack,125,0,132,1821831,17812,3764073,49825,520.520350340909,42,87,3,0,34,90,8,0,16,5,111
2011-08-10 13:10:22,Attack,126,3,132,1006594,18418,5040739,37034,420.4231748257576,32,88,12,0,9,115,8,0,20,1,111
2011-08-10 13:10:23,Attack,186,0,187,1039896,8504,7247252,48554,396.49860757219244,32,149,6,0,27,150,10,0,35,3,148
2011-08-10 13:10:24,Attack,97,0,99,708501,5539,3645458,5379,391.9558659999999,32,62,5,0,7,84,7,1,14,3,81
2011-08-10 13:10:25,Attack,95,0,99,983372,4143,3390570,60774,270.4304463939394,33,58,8,0,9,82,7,1,18,0,80
2011-08-10 13:10:26,Attack,117,0,118,1394764,7171,3872438,23651,646.9524577457628,49,64,5,0,23,89,5,1,16,1,98
2011-08-10 13:10:27,Attack,103,0,108,851476,17919,3919694,45484,546.1523624537036,34,65,9,0,8,96,4,0,16,0,92
2011-08-10 13:10:28,Normal,146,0,146,1638918,17284,4916775,38577,526.3362508698631,50,84,12,0,18,122,6,0,17,1,128
2011-08-10 13:10:29,Attack,79,0,80,865679,15443,2899604,58516,553.3157380125,36,37,7,0,4,69,6,1,12,0,67
2011-08-10 13:10:30,Normal,77,0,77,935734,16101,2719106,36260,650.5500621688311,29,37,11,0,6,65,6,0,14,3,58
2011-08-10 13:10:31,Attack,90,0,94,884639,16040,3207360,59158,731.3119063510637,40,48,6,0,10,79,5,0,14,1,78
2011-08-10 13:10:32,Attack,187,3,347,1271750,59972,7780792,14904,173.26753396829972,34,305,8,0,47,197,102,1,24,2,320
2011-08-10 13:10:33,Attack,150,0,158,1453082,5530,5862408,41255,492.9138428607596,39,106,13,0,23,127,8,0,9,3,146
2011-08-10 13:10:34,Attack,119,0,120,1221984,17734,4291395,17180,513.9300254833333,35,71,14,0,8,107,5,0,13,2,105
2011-08-10 13:10:35,Normal,123,5,128,1164395,4222,4241763,53976,557.610784421875,37,82,9,0,17,104,7,0,27,1,100
2011-08-10 13:10:36,Attack,76,4,82,958893,15768,2983139,21412,780.452326012195,40,35,7,0,7,68,7,0,7,0,75
2011-08-10 13:10:37,Attack,128,0,130,1492739,3884,4733001,47633,562.4468733538462,46,74,10,0,11,116,3,0,13,1,116
2011-08-10 13:10:38,Attack,136,0,138,998627,19416,5606581,33100,395.86306968115935,28,102,8,0,13,121,4,0,22,0,116
2011-08-10 13:10:39,Attack,101,0,104,1126814,3506,3653626,61908,472.37740913461533,37,58,9,0,18,83,3,0,12,2,90
2011-08-10 13:10:40,Attack,73,0,77,807849,15939,2559431,19311,595.6356676623376,33,35,9,0,6,69,2,0,7,1,68
2011-08-10 13:10:41,Attack,194,0,205,1116296,23602,9053962,65171,289.6400398585366,41,156,8,0,28,139,38,0,53,1,151
2011-08-10 13:10:42,Attack,107,3,125,1110642,70395,4300797,1320,436.979063784,30,73,22,0,17,91,17,0,9,2,113
2011-08-10 13:10:43,Attack,90,0,99,645851,7299,3182326,49743,558.4741572929294,38,54,7,0,14,73,10,2,18,0,81
2011-08-10 13:10:44,Attack,203,0,213,892990,10358,8529709,2930,202.73982772769952,42,157,14,0,39,153,21,0,57,1,155
2011-08-10 13:10:45,Attack,136,3,143,1051656,22461,5299884,17055,621.474594020979,50,87,6,0,12,124,7,0,17,0,126
2011-08-10 13:10:46,Attack,122,0,126,738729,18191,4519367,42260,426.92757245238084,28,93,5,0,24,92,10,0,32,3,91
2011-08-10 13:10:47,Attack,160,0,163,950160,22823,6047592,29456,299.41819260122696,47,112,4,0,28,129,5,1,35,1,127
2011-08-10 13:10:48,Attack,204,0,206,1459371,50038,8958542,1542,381.73360368932043,41,159,6,0,24,177,5,0,17,2,185
2011-08-10 13:10:49,Attack,113,0,115,1418808,4395,3751435,57247,418.26393846086955,41,62,12,0,15,93,5,2,18,1,96
2011-08-10 13:10:50,Attack,88,0,90,1069429,15566,3416142,26700,538.7802956555555,29,54,7,0,10,74,6,0,9,0,81
2011-08-10 13:10:51,Attack,121,0,122,936770,7492,4341344,2770,397.3208894344262,27,90,5,0,21,92,9,0,25,1,95
2011-08-10 13:10:52,Attack,123,3,128,1041156,19524,4603029,2303,580.3395988750001,41,79,8,0,12,106,10,0,18,1,109
2011-08-10 13:10:53,Attack,178,0,181,1012879,22343,7137675,56332,398.42506807734804,47,128,6,0,11,156,14,0,31,2,148
2011-08-10 13:10:54,Attack,197,0,202,1043369,10119,8313418,52358,333.4512123514852,40,151,11,0,13,145,44,0,55,3,144
2011-08-10 13:10:55,Attack,192,0,193,1289281,20516,6606370,18751,327.4758047564767,35,149,9,0,13,175,5,0,51,1,140
2011-08-10 13:10:56,Attack,111,0,113,913520,2963,3763882,52323,549.5387086017699,25,80,8,0,11,96,6,0,22,0,91
2011-08-10 13:10:57,Normal,234,0,234,852256,15113,10613765,51515,159.7303568803419,28,198,8,0,11,198,25,0,36,1,197
2011-08-10 13:10:58,Attack,124,0,126,1279751,18196,4591311,32422,490.7793513412699,25,95,6,0,23,92,11,0,15,0,110
2011-08-10 13:10:59,Attack,123,0,125,851981,18645,4755129,50786,317.051647136,37,84,4,0,12,105,8,0,18,1,106
2011-08-10 13:11:00,Attack,129,0,132,1114354,17926,4671093,15623,401.1927508636364,43,80,9,0,24,103,3,2,29,1,101
2011-08-10 13:11:01,Attack,239,0,241,1044468,24945,11204802,20025,239.08672370954355,38,199,4,0,15,221,3,2,16,0,225
2011-08-10 13:11:02,Attack,106,3,111,1266084,17780,4163710,27938,511.08024959459465,40,63,8,0,6,99,6,0,10,1,100
2011-08-10 13:11:03,Attack,135,0,142,1236608,19867,4673349,9194,571.5302989577466,42,96,4,0,24,111,7,0,25,7,109
2011-08-10 13:11:04,Attack,226,0,229,1285232,64095,8986035,1862,421.1600462576419,32,187,10,0,53,165,11,0,56,2,171
2011-08-10 13:11:05,Attack,143,0,147,844046,20807,5527101,54082,365.0821350612245,37,106,4,0,14,121,12,0,28,0,119
2011-08-10 13:11:06,Attack,138,0,140,1780934,4302,4837466,55789,669.0930351142857,36,99,5,0,25,110,5,0,12,1,127
2011-08-10 13:11:07,Attack,102,2,106,967930,42486,4023256,13363,704.8255483867925,44,59,3,0,12,90,4,0,10,0,95
2011-08-10 13:11:08,Attack,137,0,141,964894,6347,5481011,62830,471.0555481134752,40,98,3,0,8,127,6,0,12,0,129
2011-08-10 13:11:09,Attack,135,0,139,947161,18502,5389487,24578,417.3220804316547,38,91,10,0,27,106,6,0,34,1,103
2011-08-10 13:11:10,Attack,88,0,90,847179,11186,3492451,53255,514.8495237666666,39,46,5,0,6,80,4,0,8,1,80
2011-08-10 13:11:11,Attack,130,0,134,1146784,6552,4709845,62970,467.14668473134327,46,84,4,0,22,106,6,0,22,1,110
2011-08-10 13:11:12,Normal,74,3,77,559663,16486,2592988,29357,578.2677672077923,26,43,8,0,9,62,6,0,20,0,56
2011-08-10 13:11:13,Attack,126,0,128,1133493,4862,4752823,2079,480.70533321875007,46,70,12,0,18,98,12,0,25,0,103
2011-08-10 13:11:14,Attack,133,0,136,1217938,7838,4991446,44747,405.1741694632353,34,94,8,0,28,95,13,0,29,3,104
2011-08-10 13:11:15,Attack,136,3,141,1275081,19004,4734621,52661,508.8663930709221,38,96,7,0,37,96,8,0,37,1,103
2011-08-10 13:11:16,Attack,101,0,102,974104,18277,3433435,50981,574.1978772843137,37,56,9,0,10,87,4,1,9,1,92
2011-08-10 13:11:17,Attack,84,0,86,897960,15789,2906557,16447,607.6096151744186,40,41,5,0,14,70,2,0,17,1,68
2011-08-10 13:11:18,Attack,111,0,112,1189178,17389,4300821,58409,505.09521644642854,39,65,8,0,15,93,4,0,16,3,91
2011-08-10 13:11:19,Attack,139,0,141,1117923,18979,5631507,44759,337.68105196453905,36,97,8,0,9,125,7,0,13,3,125
2011-08-10 13:11:20,Attack,88,0,89,951116,16239,3027639,22519,674.5862280786516,25,57,7,0,17,69,3,0,10,0,79
2011-08-10 13:11:21,Attack,107,0,110,1852863,16432,3817404,63128,677.4024738000002,35,69,6,0,18,87,5,0,8,3,96
2011-08-10 13:11:22,Attack,70,3,75,652558,16271,2729043,53740,535.8091856666666,32,40,3,0,8,63,4,0,16,0,59
2011-08-10 13:11:23,Normal,211,0,211,1133416,23276,6358210,13015,336.9740974170616,38,166,7,0,20,181,10,0,95,1,115
2011-08-10 13:11:24,Attack,144,0,146,950487,8161,5947258,33859,380.0779083972603,36,104,6,0,14,118,13,1,27,1,117
2011-08-10 13:11:25,Attack,129,0,135,723144,8943,5518499,53933,406.57790725185185,31,96,8,0,18,105,12,0,36,4,95
2011-08-10 13:11:26,Attack,136,0,140,927948,19773,5850402,64042,468.31873728571423,37,87,16,0,16,116,6,2,26,4,108
2011-08-10 13:11:27,Attack,119,0,126,774011,6495,5005156,58026,530.9478397301588,40,79,7,0,18,100,8,0,28,1,97
2011-08-10 13:11:28,Attack,175,0,177,866893,5438,5920922,52272,323.7701857175141,34,141,2,0,10,164,3,0,62,0,114
2011-08-10 13:11:29,Attack,154,0,155,907986,20074,5242250,15168,240.05222349032255,38,106,11,0,19,135,1,0,46,1,108
2011-08-10 13:11:30,Attack,74,0,77,556194,16211,2894978,26646,332.45096412987004,30,41,6,0,8,65,3,1,15,0,61
2011-08-10 13:11:31,Normal,126,0,126,1029213,18510,4887649,63008,595.0710394444445,47,72,6,0,18,95,12,0,33,0,92
2011-08-10 13:11:32,Attack,84,3,224,963363,23105,3535527,31756,220.20090621875002,40,175,9,0,37,98,89,0,16,1,206
2011-08-10 13:11:33,Attack,101,0,106,825407,17116,3542307,18691,333.13993301886796,36,63,7,0,8,91,7,0,13,0,92
2011-08-10 13:11:34,Attack,128,0,131,1601657,5002,3943394,56887,430.2320413129771,39,76,16,0,23,101,7,0,21,3,107
2011-08-10 13:11:35,Normal,126,0,126,1245057,20005,4556656,11522,457.2543100714286,48,70,8,0,18,100,8,0,21,1,103
2011-08-10 13:11:36,Attack,86,0,89,838145,16133,3168755,9991,542.080294258427,40,42,7,0,12,74,3,0,11,1,77
2011-08-10 13:11:37,Attack,98,0,101,929510,17252,3468404,15737,672.4639191980197,40,58,3,0,18,82,1,0,17,1,83
2011-08-10 13:11:38,Attack,108,0,112,760678,18057,4055189,58473,387.79252399107145,36,67,9,0,15,90,7,0,26,0,86
2011-08-10 13:11:39,Attack,125,0,128,977121,17502,5250232,36367,381.1432896796875,33,88,7,0,11,115,2,0,18,0,110
2011-08-10 13:11:40,Attack,162,0,164,1465934,20358,5250014,1379,342.19031853658544,41,112,11,0,20,134,10,0,51,2,110
2011-08-10 13:11:41,Attack,100,0,102,1160041,16837,3687496,44858,585.1463405980393,38,51,13,0,8,85,9,0,18,3,80
2011-08-10 13:11:42,Normal,88,3,91,783444,17080,3377002,10139,403.30514950549446,32,54,5,0,9,78,4,0,14,0,77
2011-08-10 13:11:43,Attack,101,0,102,647235,7210,3604694,53332,385.1492351372549,19,75,8,0,21,77,4,0,35,1,66
2011-08-10 13:11:44,Attack,242,0,244,1078653,18707,7547842,1190,308.27471037295084,43,193,8,0,27,203,14,0,108,1,135
2011-08-10 13:11:45,Attack,147,3,153,1027418,18591,5022947,35499,460.66880663398695,42,100,11,0,14,126,13,0,55,1,97
2011-08-10 13:11:46,Attack,129,0,133,1146908,6784,4817553,37739,575.7016885263158,50,75,8,0,17,112,4,0,25,1,107
2011-08-10 13:11:47,Attack,121,0,124,1053018,5108,3770242,50636,586.3271560403226,42,74,8,0,19,100,5,0,24,2,98
2011-08-10 13:11:48,Attack,104,0,105,1107469,18244,3647163,48465,714.0835818380951,41,57,7,0,15,83,7,0,18,4,83
2011-08-10 13:11:49,Attack,117,0,119,1174218,17625,4001601,20082,563.2113261764706,45,64,10,0,16,102,1,0,11,2,106
2011-08-10 13:11:50,Attack,114,0,118,1114471,16459,3846347,32205,530.1125573474576,45,67,6,0,11,104,3,0,16,3,99
2011-08-10 13:11:51,Attack,86,0,89,884287,3811,2982606,2017,612.5530928089888,32,53,4,0,8,76,5,0,7,0,82
2011-08-10 13:11:52,Attack,102,3,106,931524,18510,3977295,55655,476.79577413207545,38,51,17,0,12,92,2,0,17,1,88
2011-08-10 13:11:53,Normal,133,0,133,1074101,21305,5077316,7382,498.92607587218043,42,85,6,0,14,115,4,0,28,1,104
2011-08-10 13:11:54,Normal,136,0,136,1068091,7483,4779459,22937,607.028528257353,57,73,6,0,11,117,8,0,21,1,114
2011-08-10 13:11:55,Attack,88,0,90,763607,15848,3539948,49978,519.4776536555555,38,44,8,0,6,83,1,0,9,0,81
2011-08-10 13:11:56,Attack,103,0,104,1151571,5507,3644138,1968,705.011271673077,35,58,11,0,9,88,7,0,14,0,90
2011-08-10 13:11:57,Normal,98,0,98,1172573,63052,3570456,14395,643.2466727959184,29,58,11,0,15,79,3,1,15,2,81
2011-08-10 13:11:58,Attack,92,0,94,1035052,15141,3280021,11856,642.0315723085107,35,50,9,0,17,76,1,0,13,2,79
2011-08-10 13:11:59,Attack,96,0,97,1030661,3430,3959006,13363,563.9910587835051,41,51,5,0,10,86,1,0,7,0,90
2011-08-10 13:12:00,Normal,202,0,202,1675150,9232,8416789,52609,455.4587926831683,45,147,10,0,41,154,7,0,40,0,162
2011-08-10 13:12:01,Attack,119,0,121,1035322,4175,4852511,3880,431.1979805123967,38,75,8,0,13,105,3,0,11,3,107
2011-08-10 13:12:02,Normal,184,15,199,976019,14353,8605788,36928,390.5437225577889,39,152,8,0,30,155,14,0,39,3,157
2011-08-10 13:12:03,Normal,127,3,130,918039,9111,4966266,60398,437.9623897923077,34,87,9,0,19,105,6,0,28,3,99
2011-08-10 13:12:04,Normal,139,0,139,1161385,9473,5254913,54675,405.4357592589928,30,93,16,0,21,113,5,0,17,2,120
2011-08-10 13:12:05,Attack,134,0,137,932499,20392,5355011,24378,442.93987480291963,38,88,11,0,33,94,10,0,43,1,92
2011-08-10 13:12:06,Attack,121,0,124,1099174,17902,4372157,9154,555.3386533790323,42,70,12,0,9,102,13,0,18,0,105
2011-08-10 13:12:07,Attack,100,0,103,834274,17142,3930216,2131,411.57515354368934,37,65,1,0,7,84,12,0,18,1,84
2011-08-10 13:12:08,Attack,90,0,91,899426,2892,3248934,58948,500.4034007032967,40,46,5,0,12,78,1,0,10,2,79
2011-08-10 13:12:09,Attack,132,0,134,1203513,69902,4811119,2774,409.74580449253733,37,82,15,0,27,103,4,0,28,2,104
2011-08-10 13:12:10,Attack,112,0,116,1156391,17463,3636313,15583,584.3495173275861,33,77,6,0,24,88,4,0,15,2,99
2011-08-10 13:12:11,Attack,139,2,142,1519316,18929,5165556,14008,644.5673024577465,50,79,13,0,28,109,5,0,22,3,116
2011-08-10 13:12:12,Attack,129,3,135,1206773,13753,5336342,9405,480.8145314,48,77,10,0,8,118,9,0,16,5,114
2011-08-10 13:12:13,Normal,114,0,114,940698,17785,4332473,50797,425.7391017719298,34,73,7,0,25,87,2,0,22,3,89
2011-08-10 13:12:14,Attack,109,0,111,873412,5082,3854487,3010,421.5584000720721,40,67,4,0,15,94,2,0,21,1,89
2011-08-10 13:12:15,Attack,262,3,266,1138258,26831,10807538,9748,234.19119791353387,29,220,17,0,36,214,16,0,45,2,219
2011-08-10 13:12:16,Attack,97,0,98,1272161,17038,3258281,62705,683.2743078061225,42,43,13,0,8,88,2,0,11,2,85
2011-08-10 13:12:17,Normal,98,0,98,1202174,65299,3329749,13374,804.4311153469388,28,57,13,0,13,81,4,0,9,1,87
2011-08-10 13:12:18,Attack,104,0,106,808267,17728,4206381,16041,744.8066997452829,45,52,9,0,8,95,3,0,13,1,91
2011-08-10 13:12:19,Attack,97,0,98,1189422,15666,3317340,22738,489.2646075306123,40,54,4,0,15,78,5,0,12,1,85
2011-08-10 13:12:20,Attack,140,0,141,1926989,4750,4691024,42742,593.656057893617,42,92,7,0,29,105,7,0,20,2,119
2011-08-10 13:12:21,Normal,107,0,107,981441,58686,3792373,52506,534.7740933925232,41,59,7,0,6,97,4,0,11,2,94
2011-08-10 13:12:22,Attack,100,3,104,856641,20392,3388043,36207,475.63788723076925,24,73,7,0,22,80,2,0,17,1,86
2011-08-10 13:12:23,Normal,123,0,123,905165,18611,5119309,1414,527.0717338536585,41,74,8,0,8,111,4,0,16,0,107
2011-08-10 13:12:24,Attack,91,0,92,1097135,15992,2992787,8271,583.750952,39,40,13,0,9,80,2,1,14,1,76
2011-08-10 13:12:25,Attack,118,0,119,856930,3862,4893073,37371,399.63193168067227,36,79,4,0,9,108,2,0,6,0,113
2011-08-10 13:12:26,Attack,89,0,90,658925,3370,3257343,2849,427.3133138222222,34,45,11,0,2,85,2,1,7,1,81
2011-08-10 13:12:27,Attack,81,0,84,1005830,61651,2617420,13073,447.44472229761897,33,44,7,0,8,71,4,1,18,0,65
2011-08-10 13:12:28,Attack,98,0,102,1016728,16316,3800993,58719,501.576208,36,55,11,0,6,90,4,2,10,1,89
2011-08-10 13:12:29,Attack,141,0,144,950633,9053,4670973,38144,382.7916874652778,46,90,8,0,26,102,16,0,48,1,95
2011-08-10 13:12:30,Attack,115,0,116,920445,20628,4095325,6874,511.3386023448276,36,72,8,0,8,105,3,0,15,0,101
2011-08-10 13:12:31,Attack,134,0,137,1416694,7767,4387806,8218,607.441510459854,60,66,11,0,12,123,2,0,28,5,104
2011-08-10 13:12:32,Attack,106,3,112,847978,8961,3879527,1555,245.91680616964285,46,60,6,0,4,103,5,0,26,3,83
2011-08-10 13:12:33,Attack,114,0,270,857331,17056,4330637,778,204.30727058148148,37,226,7,0,43,131,96,0,31,3,235
2011-08-10 13:12:34,Attack,107,0,122,1285905,6096,3885024,17699,511.78236647540984,40,75,7,0,27,88,7,0,17,5,100
2011-08-10 13:12:35,Attack,133,0,134,1074643,50150,5331931,16155,517.8816585597015,39,85,10,0,8,121,5,0,13,4,117
2011-08-10 13:12:36,Attack,107,0,109,1007832,16657,3631121,19346,552.0543526972476,28,74,7,0,18,84,7,0,21,0,88
2011-08-10 13:12:37,Attack,97,0,98,1137935,15691,3651739,44214,677.4017390408162,31,57,10,0,16,81,1,0,16,1,81
2011-08-10 13:12:38,Attack,93,0,96,1337117,16567,3321699,65168,760.9581111979165,40,51,5,0,17,77,2,0,11,0,85
2011-08-10 13:12:39,Attack,84,0,89,942245,2635,3045042,49779,430.9116373146068,38,42,9,0,8,81,0,0,6,3,79
2011-08-10 13:12:40,Attack,114,2,118,1240221,16630,4358267,34522,725.0525175762712,45,62,11,0,12,99,7,0,11,2,104
2011-08-10 13:12:41,Attack,115,0,119,1103200,17336,4130208,34948,397.62498797478986,39,71,9,0,24,88,6,1,22,2,95
2011-08-10 13:12:42,Attack,105,3,115,793071,19206,4203239,59751,485.98937838260866,32,76,7,0,35,73,7,0,39,0,76
2011-08-10 13:12:43,Attack,105,0,153,1120575,6216,3960798,52534,412.1804515163399,39,100,14,0,46,93,14,0,9,1,143
2011-08-10 13:12:44,Attack,120,0,152,1476337,4705,3948977,2639,490.6911156381578,43,103,6,0,44,100,8,0,27,0,124
2011-08-10 13:12:45,Attack,164,5,172,879678,20976,7446601,10249,412.23449815116277,28,138,6,0,13,155,4,0,15,3,154
2011-08-10 13:12:46,Normal,96,3,99,1014858,16442,3441612,43683,482.559646070707,43,49,7,0,5,89,5,0,13,0,86
2011-08-10 13:12:47,Attack,83,10,95,901685,6073,3181462,60440,430.6849148631578,37,55,3,0,17,75,3,0,16,4,75
2011-08-10 13:12:48,Attack,119,0,122,884874,19633,4247986,51795,467.9577511393443,42,74,6,0,10,102,10,0,21,1,100
2011-08-10 13:12:49,Attack,109,0,113,897425,5163,3912860,59592,641.6137597699116,42,66,5,0,9,99,5,0,19,1,92
2011-08-10 13:12:50,Attack,111,0,114,1156776,4547,3961974,60423,545.6817595701755,38,72,4,0,25,89,0,0,14,1,99
2011-08-10 13:12:51,Attack,106,0,110,895017,4257,3459994,53448,344.8310591363636,31,71,8,0,13,95,2,0,41,2,67
2011-08-10 13:12:52,Attack,85,3,92,1108484,34216,3134260,13443,798.5047131086957,42,43,7,0,11,77,4,0,12,0,80
2011-08-10 13:12:53,Attack,72,0,75,579865,16227,2510439,42319,502.91213946666676,25,43,7,0,8,66,1,0,10,0,65
2011-08-10 13:12:54,Attack,79,0,84,902191,15548,2889521,41046,662.1765670714285,41,37,6,0,8,73,3,0,12,1,71
2011-08-10 13:12:55,Attack,93,0,96,813116,3618,3798795,53083,446.11311656249995,27,63,6,0,9,83,4,0,10,1,85
2011-08-10 13:12:56,Attack,87,0,90,901371,2588,3455299,50912,707.0358163999999,40,39,11,0,9,80,1,0,9,0,81
2011-08-10 13:12:57,Normal,80,0,80,659887,24591,3004745,14134,455.77449688750005,31,44,5,0,2,74,4,0,8,1,71
2011-08-10 13:12:58,Attack,89,0,90,891454,16362,3390487,3639,659.8231330666666,30,51,9,0,11,77,2,0,12,1,76
2011-08-10 13:12:59,Attack,240,0,243,953421,27381,11628060,47662,235.82767255555555,43,194,6,0,14,220,9,0,21,0,222
2011-08-10 13:13:00,Attack,88,0,92,1081072,3064,3042867,57506,352.42103669565216,30,55,7,0,18,71,3,0,27,0,65
2011-08-10 13:13:01,Attack,158,0,159,1049684,21422,6473299,34540,347.10008983018867,44,105,10,0,35,118,6,0,45,1,113
2011-08-10 13:13:02,Attack,99,3,103,830793,20023,3828826,29613,700.007801669903,35,64,4,0,18,83,2,0,18,0,85
2011-08-10 13:13:03,Attack,97,0,99,737934,7608,3938532,53748,721.9262923030303,35,59,5,0,7,92,0,0,14,0,85
2011-08-10 13:13:04,Attack,129,0,132,698331,11904,4896320,1868,289.27200703787884,46,81,5,0,24,98,10,0,40,0,91
2011-08-10 13:13:05,Attack,70,0,71,578325,2253,2786507,61404,370.9643700000001,29,38,4,0,4,61,6,0,12,0,59
2011-08-10 13:13:06,Attack,103,0,106,1061701,17390,3416732,2420,504.3554619056604,38,60,8,0,12,90,4,0,13,1,91
2011-08-10 13:13:07,Attack,88,1,93,925631,4095,3147959,58155,623.4407904946237,38,47,8,0,8,80,5,0,10,1,82
2011-08-10 13:13:08,Attack,78,0,80,941435,15727,2376140,17879,580.0988210500001,42,33,5,0,8,69,3,0,11,1,68
2011-08-10 13:13:09,Attack,119,0,122,898232,17041,4589427,36599,312.38680397540986,36,72,14,0,9,108,5,0,17,0,105
2011-08-10 13:13:10,Attack,114,0,120,945077,24140,4566852,40916,507.8146863083333,36,74,10,0,33,84,3,0,32,2,85
2011-08-10 13:13:11,Attack,137,4,144,1028469,7261,5899294,50839,451.45591649305555,36,95,13,0,14,123,7,0,20,2,122
2011-08-10 13:13:12,Attack,106,5,112,1079573,4229,4277247,50161,440.8502820714285,34,70,8,0,10,98,4,0,12,3,96
2011-08-10 13:13:13,Attack,89,0,92,1156123,17537,3174562,45801,711.0490085543478,41,43,8,0,13,73,6,0,9,2,81
2011-08-10 13:13:14,Attack,97,0,103,855367,18860,3779551,19397,377.09660344660193,33,53,17,0,17,83,3,0,15,3,85
2011-08-10 13:13:15,Attack,93,2,100,1059996,63358,3481680,5757,549.99939896,39,56,5,0,11,84,5,0,12,2,86
2011-08-10 13:13:16,Attack,106,0,107,857940,18055,3918655,19615,539.4681356168223,31,69,7,0,14,90,3,0,13,1,93
2011-08-10 13:13:17,Attack,118,3,125,1245620,6160,4268690,54804,584.52548704,47,69,9,0,13,102,10,0,23,1,101
2011-08-10 13:13:18,Normal,67,0,67,997722,14627,2357519,54505,877.2841139402985,26,34,7,0,8,56,3,0,7,0,60
2011-08-10 13:13:19,Attack,110,0,112,1191850,19314,3866892,13363,453.2908925714286,41,64,7,0,14,95,3,0,21,0,91
2011-08-10 13:13:20,Attack,97,0,99,877963,17920,3569591,11300,490.63416746464645,36,56,7,0,10,87,2,0,11,0,88
2011-08-10 13:13:21,Attack,106,0,109,968372,17352,3423955,18540,298.9623556330276,37,58,14,0,9,94,4,2,24,3,82
2011-08-10 13:13:22,Attack,116,3,120,1067649,15140,2932639,38592,464.1705645166666,35,81,4,0,7,110,3,0,41,0,79
2011-08-10 13:13:23,Attack,119,0,122,1033192,6890,3482889,1225,429.1315723114754,34,81,7,0,14,106,2,0,48,0,74
2011-08-10 13:13:24,Attack,147,0,150,1633847,18657,4886378,46825,522.0727544266666,42,99,9,0,21,121,6,2,34,0,114
2011-08-10 13:13:25,Attack,125,0,127,1184332,8183,3740765,3427,503.69875760629924,38,81,8,0,26,96,4,1,43,1,82
2011-08-10 13:13:26,Normal,119,0,119,838592,4864,4791568,16660,407.71808702521,44,64,11,0,11,105,3,0,24,1,94
2011-08-10 13:13:27,Attack,122,16,141,736549,6510,5213003,2844,381.3063283262411,36,91,14,0,30,102,9,0,37,0,104
2011-08-10 13:13:28,Attack,74,7,85,929326,2583,3013323,2063,710.3359794823529,32,47,6,0,7,68,9,1,13,1,70
2011-08-10 13:13:29,Attack,84,0,86,854798,15867,3028802,6331,710.1717344534883,38,37,11,0,4,78,4,0,6,0,80
2011-08-10 13:13:30,Attack,110,0,113,1457075,3463,3638287,49564,944.1109040619468,30,75,8,0,31,77,5,0,17,2,94
2011-08-10 13:13:31,Attack,140,0,144,853494,21840,5289632,62124,228.25966175694444,31,104,9,0,25,100,19,0,50,1,93
2011-08-10 13:13:32,Attack,161,4,168,1174082,21640,6350084,46004,515.0839077083334,39,121,8,0,19,139,9,1,18,1,146
2011-08-10 13:13:33,Attack,118,0,285,1099383,26443,4918739,36191,216.78683936842108,34,243,8,0,36,143,106,0,5,1,279
2011-08-10 13:13:34,Attack,98,0,108,1137711,3919,3044526,52647,661.3084307314814,32,71,5,0,22,80,6,0,12,3,93
2011-08-10 13:13:35,Attack,121,0,123,1089244,18719,4813986,30439,399.20683530894314,32,80,11,0,17,102,4,0,24,3,96
2011-08-10 13:13:36,Attack,138,0,141,912031,20035,5567885,16670,328.4669021063829,41,95,5,0,22,115,4,0,28,2,111
2011-08-10 13:13:37,Attack,120,0,128,952578,19279,4619988,24098,506.7098580390625,34,84,10,0,26,101,1,0,25,1,102
2011-08-10 13:13:38,Attack,109,0,110,950183,3128,3507209,61616,664.3502959363635,48,55,7,0,18,86,6,0,25,2,82
2011-08-10 13:13:39,Attack,96,0,98,1009132,17354,3391706,30902,511.4461698673469,39,50,9,0,8,87,3,0,13,0,85
2011-08-10 13:13:40,Attack,211,0,214,1243088,23710,9379718,51661,378.3518973271028,44,161,9,0,49,136,29,0,69,2,143
2011-08-10 13:13:41,Attack,167,0,177,1144147,21240,6587474,40185,431.32722074576265,38,132,7,0,17,144,16,0,23,3,151
2011-08-10 13:13:42,Normal,121,3,124,1181855,21951,4675314,13362,495.9959294596775,34,75,15,0,16,91,17,0,16,1,107
2011-08-10 13:13:43,Attack,130,0,133,1409949,4208,4560933,36747,500.6974712781955,40,83,10,0,24,102,7,0,22,3,108
2011-08-10 13:13:44,Attack,99,0,100,691990,16957,3857037,3905,393.95199805,28,69,3,0,12,85,3,0,12,3,85
2011-08-10 13:13:45,Attack,99,0,102,1158469,3781,3554996,47411,476.15102501960786,29,69,4,0,19,75,8,0,20,3,79
2011-08-10 13:13:46,Attack,119,0,122,1042647,19088,4275952,63657,647.7772255819672,35,77,10,0,10,107,5,0,11,1,109
2011-08-10 13:13:47,Attack,96,3,101,1152903,52497,2898975,13790,543.014672108911,33,61,7,0,28,69,4,0,21,0,79
2011-08-10 13:13:48,Attack,142,0,144,885261,21529,5438476,33969,502.59098925694445,38,101,5,0,32,103,9,0,35,1,108
2011-08-10 13:13:49,Attack,143,0,144,924493,7714,5660518,53490,323.7334774444445,34,103,7,0,16,125,3,0,16,0,128
2011-08-10 13:13:50,Attack,112,0,116,735130,5152,4368063,52235,425.82895563793096,40,72,4,0,5,105,6,0,12,3,101
2011-08-10 13:13:51,Attack,160,0,165,953868,21175,5985023,5249,427.3801031393939,37,123,5,0,13,149,3,0,15,2,148
2011-08-10 13:13:52,Attack,104,6,113,782192,18806,4016943,12518,385.61166050442483,38,67,8,0,8,103,2,0,20,1,92
2011-08-10 13:13:53,Attack,159,66,229,935055,55362,9665688,64223,331.80184017030564,44,173,12,0,65,136,28,0,100,3,125
2011-08-10 13:13:54,Attack,107,1,110,871240,5379,3842889,59057,484.2425048545454,34,66,10,0,9,96,4,1,26,2,82
2011-08-10 13:13:55,Attack,168,0,171,1174845,21114,6590026,9484,364.1053656140351,55,112,4,0,30,136,5,0,41,1,129
2011-08-10 13:13:56,Attack,144,0,148,972081,20458,5955342,33755,306.4010601756757,34,108,6,0,20,119,9,0,25,2,121
2011-08-10 13:13:57,Attack,101,0,104,1088382,17739,3679949,38315,410.23203012500005,35,65,4,0,15,88,1,0,15,0,89
2011-08-10 13:13:58,Attack,137,0,140,1160929,18786,5095441,18094,616.6241781571429,26,97,17,0,18,116,6,0,21,1,117
2011-08-10 13:13:59,Attack,103,0,106,890927,18328,4051155,53575,440.17856610377356,33,64,9,0,11,95,0,0,12,0,94
2011-08-10 13:14:00,Normal,117,0,117,1024552,17767,4936078,44240,566.8763076495726,40,69,8,0,5,110,2,0,13,1,103
2011-08-10 13:14:01,Attack,199,0,202,1150953,16240,8059016,42586,382.936316,51,144,7,0,19,180,3,0,32,1,169
2011-08-10 13:14:02,Attack,112,3,117,976976,19226,4412174,21667,472.99886331623935,34,77,6,0,14,96,7,0,20,2,94
2011-08-10 13:14:03,Attack,166,0,168,1187044,21360,4734326,8195,418.41444651190477,44,116,8,0,37,107,24,0,57,1,110
2011-08-10 13:14:04,Attack,101,0,102,931552,16659,3182004,10032,531.8362018529411,35,57,10,0,15,80,7,0,18,1,82
2011-08-10 13:14:05,Attack,129,0,132,1012514,4967,4996912,55017,371.43184420454537,46,83,3,0,16,107,9,0,22,1,109
2011-08-10 13:14:06,Attack,112,0,115,1113556,18329,3941608,55985,424.0775642000001,38,68,9,0,15,94,6,0,16,4,95
2011-08-10 13:14:07,Attack,111,0,112,1149738,3090,3643907,52112,595.4295778035713,41,59,12,0,12,97,3,0,13,1,98
2011-08-10 13:14:08,Attack,119,2,123,1416090,17535,4513115,64762,680.8780086991869,42,75,6,0,26,92,5,0,14,1,108
2011-08-10 13:14:09,Attack,94,0,95,1254187,16831,3469210,38696,439.8838485789474,31,57,7,0,18,76,1,0,6,0,87
2011-08-10 13:14:10,Attack,90,0,92,1368006,15751,2681454,10857,438.4568528586956,35,51,6,0,20,69,3,0,8,2,82
2011-08-10 13:14:11,Attack,107,0,111,737749,3965,4125244,51667,568.4219201621622,34,70,7,0,11,97,3,0,10,1,100
2011-08-10 13:14:12,Attack,124,3,131,834012,32929,5270740,14392,589.0670482519084,46,79,6,0,11,115,5,0,18,3,110
2011-08-10 13:14:13,Attack,76,1,85,508269,3152,2772805,55354,535.4464541647059,24,59,2,0,16,64,5,0,20,4,61
2011-08-10 13:14:14,Attack,113,72,186,945890,7581,7519926,48275,380.1137680860215,46,133,7,0,14,161,11,0,27,3,156
2011-08-10 13:14:15,Attack,125,0,127,727101,63049,4531332,14134,418.8505128425197,33,88,6,0,9,100,18,0,31,1,95
2011-08-10 13:14:16,Attack,120,2,127,911184,4834,5009961,64104,394.0022993228347,35,84,8,0,4,117,5,1,13,1,112
2011-08-10 13:14:17,Attack,97,29,128,1116906,4155,4720916,42983,436.9676838515625,37,80,11,0,10,116,2,0,12,2,114
2011-08-10 13:14:18,Attack,112,0,114,1030200,17369,4633377,40226,557.9926282719298,43,63,8,0,10,101,3,0,11,0,103
2011-08-10 13:14:19,Attack,154,0,157,893911,21472,5995188,38701,479.2203888152865,47,100,10,0,31,118,8,0,42,0,115
2011-08-10 13:14:20,Attack,129,0,136,1044399,6378,5165054,51341,571.184496007353,37,88,11,0,9,122,5,0,17,2,117
2011-08-10 13:14:21,Normal,123,0,123,1022670,3473,4437985,49789,541.5857489593496,31,85,7,0,16,105,2,0,8,0,115
2011-08-10 13:14:22,Attack,98,3,102,862636,17185,4139230,32830,444.4299351764706,32,57,13,0,7,90,5,0,13,1,88
2011-08-10 13:14:23,Attack,110,0,112,1080311,19318,3489987,60120,420.27534207142855,34,74,4,0,20,75,17,0,34,0,78
2011-08-10 13:14:24,Attack,146,0,151,1340222,5145,5314901,59627,417.48032936423846,38,104,9,0,36,110,4,1,32,0,118
2011-08-10 13:14:25,Attack,93,0,94,854755,17153,3596654,17011,649.2973085319148,34,51,9,0,12,80,1,1,9,0,84
2011-08-10 13:14:26,Attack,108,0,109,1015451,17278,3798025,61495,297.2111279816514,32,73,4,0,14,87,7,1,33,2,73
2011-08-10 13:14:27,Attack,109,0,111,749199,4788,4397685,51116,456.7724077747747,32,74,5,0,13,95,3,0,18,0,93
2011-08-10 13:14:28,Attack,118,0,120,1385898,3977,4599431,57614,559.2812391416667,32,78,10,0,15,85,19,1,28,3,88
2011-08-10 13:14:29,Attack,99,0,102,1061916,38420,3286483,36308,670.252195382353,36,58,8,0,11,89,1,1,9,2,90
2011-08-10 13:14:30,Attack,91,0,93,875387,3356,3462231,4165,409.4789761935485,38,46,9,0,10,83,0,0,13,2,78
2011-08-10 13:14:31,Attack,82,0,85,776249,3077,3282103,4164,627.0787364000001,29,48,8,0,8,74,3,0,7,1,77
2011-08-10 13:14:32,Attack,116,3,120,926464,5509,4810010,62350,392.50805649999995,35,74,11,0,8,110,2,0,14,1,105
2011-08-10 13:14:33,Attack,93,0,257,1104257,17143,3543508,14134,293.37952894941634,35,211,11,0,32,120,105,0,6,1,249
2011-08-10 13:14:34,Attack,113,4,178,742372,8409,5180082,2159,239.43075372471912,33,137,8,0,29,115,34,0,19,0,158
2011-08-10 13:14:35,Attack,95,4,100,1229278,15693,3285367,26735,484.4382927899999,44,48,8,0,7,85,8,0,18,3,78
2011-08-10 13:14:36,Attack,115,10,128,978194,18353,4645583,32691,448.4400824609375,38,80,10,0,29,93,6,0,36,1,91
2011-08-10 13:14:37,Attack,125,0,130,811353,18060,5097699,4735,362.07826110769236,33,91,6,0,20,110,0,0,24,0,106
2011-08-10 13:14:38,Attack,104,0,106,911188,4008,3857093,45701,461.47553654716984,37,61,8,0,11,92,3,0,19,1,86
2011-08-10 13:14:39,Attack,84,0,89,1054736,15467,3099579,25116,621.5304050786516,47,34,8,0,3,83,3,0,10,0,79
2011-08-10 13:14:40,Attack,141,0,143,913733,21984,5046178,9354,397.63213865034965,28,103,12,0,29,107,7,0,34,0,109
2011-08-10 13:14:41,Attack,126,0,133,1179822,20009,4485739,9589,704.278268744361,39,78,16,0,22,104,7,0,26,3,104
2011-08-10 13:14:42,Attack,125,3,129,745757,20778,5510364,22219,403.7586577131783,24,99,6,0,34,89,6,0,37,0,91
2011-08-10 13:14:43,Attack,111,0,113,1085583,18367,4587655,66092,516.6065093008849,35,68,10,0,14,93,6,0,17,1,95
2011-08-10 13:14:44,Attack,123,0,124,969136,6552,4636366,45786,381.8244151290323,36,79,9,0,11,109,4,0,15,3,106
2011-08-10 13:14:45,Attack,94,0,102,960328,16172,3412099,46504,654.7090677156863,42,51,9,0,16,83,3,0,17,0,85
2011-08-10 13:14:46,Attack,127,0,128,1172566,17907,4063534,26798,414.045615921875,49,74,5,0,30,98,0,0,34,2,92
2011-08-10 13:14:47,Attack,160,3,164,805793,7608,6095871,64515,206.8255223292683,32,127,5,0,16,146,2,0,21,0,143
2011-08-10 13:14:48,Attack,152,0,154,1157517,8256,6174673,37336,375.45757183766233,48,98,8,0,12,140,2,0,12,1,140
2011-08-10 13:14:49,Attack,88,0,90,1049300,56587,2957530,14905,408.04829098888894,33,49,8,0,13,74,3,0,15,2,73
2011-08-10 13:14:50,Attack,94,0,95,735310,17834,3534302,23228,549.5606043894736,39,49,7,0,4,87,4,0,12,1,82
2011-08-10 13:14:51,Attack,94,0,96,732411,16407,3778994,9564,667.2991972916667,36,52,8,0,9,87,0,0,11,0,85
2011-08-10 13:14:52,Attack,112,3,122,1028756,6281,4440527,56302,493.1176472786886,37,79,6,0,16,100,6,0,17,2,103
2011-08-10 13:14:53,Attack,116,0,118,871766,13652,4839856,7652,375.5558714067797,20,91,7,0,18,93,7,0,18,1,99
2011-08-10 13:14:54,Attack,102,0,105,833414,4100,4121883,2049,501.5263978,40,58,7,0,8,93,4,0,14,0,91
2011-08-10 13:14:55,Attack,107,0,111,960832,2886,4046946,3342,619.5689647297298,47,55,9,0,7,103,1,0,13,3,95
2011-08-10 13:14:56,Attack,89,0,92,1075211,17046,3312030,62432,728.4172722282609,41,45,6,0,12,79,1,0,17,1,74
2011-08-10 13:14:57,Attack,172,0,174,856478,21383,7911149,61661,312.57375921839076,31,134,9,0,16,150,8,0,29,0,144
2011-08-10 13:14:58,Attack,139,0,142,1054145,19171,5947285,61661,316.21162209859153,42,91,9,0,8,130,4,0,16,0,126
2011-08-10 13:14:59,Attack,86,0,90,872233,19999,3276781,61661,386.2144926333333,40,45,5,0,13,75,2,0,19,0,71
2011-08-10 13:15:00,Attack,107,12,122,986464,7750,4561443,61680,652.3162114016394,36,78,8,0,21,92,9,0,27,2,93
2011-08-10 13:15:01,Attack,260,0,262,1315083,12057,12282927,62707,288.43657468320606,44,214,4,0,23,235,4,0,20,4,238
2011-08-10 13:15:02,Attack,129,3,137,933946,9179,5672674,62440,377.95847649635044,41,88,8,0,13,111,13,0,26,2,109
2011-08-10 13:15:03,Normal,115,0,115,736607,5483,4839309,61669,321.3912728,38,72,5,0,21,93,1,0,22,1,92
2011-08-10 13:15:04,Attack,157,5,163,1079022,8117,5100578,57474,426.08271836809814,40,114,9,0,15,144,4,0,62,2,99
2011-08-10 13:15:05,Normal,111,4,115,910423,4489,4593191,61910,484.1958653826088,38,68,9,0,16,98,1,0,21,0,93
2011-08-10 13:15:06,Attack,116,17,136,1167391,18123,5240745,2889,467.5166024117647,44,84,8,0,12,115,9,0,20,2,114
2011-08-10 13:15:07,Attack,107,26,135,1173111,18613,4934518,20782,411.0784939111111,42,87,6,0,12,117,6,0,19,1,114
2011-08-10 13:15:08,Attack,122,0,125,1137789,17697,4602723,2815,451.159089432,29,86,10,0,19,99,7,0,15,2,108
2011-08-10 13:15:09,Attack,193,0,195,865455,23004,9091786,13544,172.31970764102567,34,157,4,0,20,139,36,0,58,2,135
2011-08-10 13:15:10,Attack,101,32,137,1047776,4823,5315719,2076,558.2714641240876,32,98,7,0,27,105,5,0,22,1,114
2011-08-10 13:15:11,Attack,170,10,186,842140,22657,8027964,13890,295.9458701451613,36,140,10,0,21,163,2,0,22,3,161
2011-08-10 13:15:12,Normal,105,3,108,837818,6044,4075202,64909,525.0793021296296,40,59,9,0,13,92,3,0,17,2,89
2011-08-10 13:15:13,Attack,103,3,109,1033418,17062,4037779,37174,725.4691235504587,36,62,11,0,8,93,8,0,15,1,93
2011-08-10 13:15:14,Attack,93,14,109,788089,16857,4148583,56656,416.5133829266055,35,63,11,0,7,100,2,0,14,1,94
2011-08-10 13:15:15,Attack,86,9,96,1120272,17964,3106883,23549,557.4529447083332,42,49,5,0,23,73,0,0,15,3,78
2011-08-10 13:15:16,Attack,89,0,94,777561,3244,3285663,46369,523.467295425532,28,57,9,0,18,74,2,0,18,0,76
2011-08-10 13:15:17,Attack,102,0,104,903983,4524,3671890,45902,420.91038336538463,37,57,10,0,9,93,2,0,15,2,87
2011-08-10 13:15:18,Normal,128,3,131,1200603,18334,4681780,18636,496.7309499312977,44,82,5,0,24,105,2,0,20,2,109
2011-08-10 13:15:19,Attack,135,0,142,1421737,18099,4214551,34815,402.9080161690141,49,87,6,0,34,102,6,0,27,2,113
2011-08-10 13:15:20,Attack,112,2,116,686661,6266,3671833,2079,269.6934804913793,32,77,7,0,30,79,7,0,36,0,80
2011-08-10 13:15:21,Attack,120,0,122,663051,6340,4125694,2340,279.29978216393437,30,86,6,0,27,92,3,0,33,1,88
2011-08-10 13:15:22,Normal,172,3,175,1398723,6940,5734028,2194,478.8276085714286,50,118,7,0,38,127,10,0,47,1,127
2011-08-10 13:15:23,Attack,101,0,103,979623,5071,3788369,5213,425.99361133009717,29,68,6,0,14,86,3,0,13,1,89
2011-08-10 13:15:24,Attack,109,0,115,864981,4401,3929750,3787,564.9391041304348,39,71,5,0,13,94,6,2,17,3,93
2011-08-10 13:15:25,Attack,96,0,98,1079457,23492,3071998,14392,513.8053892142858,29,61,8,0,7,82,8,1,15,2,80
2011-08-10 13:15:26,Attack,110,0,113,888770,6608,4119324,45633,349.49545876106197,26,82,5,0,13,87,11,2,28,0,84
2011-08-10 13:15:27,Normal,136,0,136,1381383,20672,4751468,54676,428.6610202279412,35,93,8,0,28,105,3,0,45,1,90
2011-08-10 13:15:28,Attack,102,0,103,1027954,7672,3427514,2184,389.63062681553413,34,63,6,0,14,78,11,0,19,2,82
2011-08-10 13:15:29,Attack,104,0,108,1173553,4887,3461903,41267,383.698147074074,29,72,7,0,28,77,2,1,20,2,85
2011-08-10 13:15:30,Attack,105,0,107,1167295,17683,3355372,57272,704.2612902897196,31,69,7,0,34,66,7,0,36,6,65
2011-08-10 13:15:31,Attack,118,0,121,844722,5279,4248896,34996,432.8334263223141,29,84,8,0,22,93,6,0,25,2,94
2011-08-10 13:15:32,Attack,157,3,161,946698,7613,6575427,2602,363.3460057142858,33,120,8,0,14,137,10,0,24,1,136
2011-08-10 13:15:33,Attack,141,0,142,784098,6409,5150200,51782,256.1505883169014,47,92,3,0,4,136,2,0,24,3,115
2011-08-10 13:15:34,Attack,218,0,349,877347,17257,9140233,53580,202.5140353381089,32,311,6,0,60,206,83,0,38,4,306
2011-08-10 13:15:35,Attack,156,0,160,1298563,6515,5756038,2240,565.94697521875,59,90,11,0,10,144,6,0,14,0,146
2011-08-10 13:15:36,Attack,97,0,99,867170,25966,3357782,26603,457.84890774747475,35,51,13,0,15,81,3,0,21,2,74
2011-08-10 13:15:37,Attack,210,0,490,637388,27252,9661859,55995,111.43672117755102,34,449,7,0,109,142,239,0,85,0,404
2011-08-10 13:15:38,Attack,120,0,318,870962,15229,5080201,3619,195.33079446226412,33,279,6,0,64,120,134,0,36,2,280
2011-08-10 13:15:39,Attack,112,0,133,817781,18594,4434289,12406,301.3807092857143,32,94,7,0,15,101,17,0,14,1,118
2011-08-10 13:15:40,Attack,96,0,109,982604,4500,3256230,4319,414.72296366055053,36,67,6,0,17,79,13,0,18,0,90
2011-08-10 13:15:41,Attack,94,0,124,875781,20045,3403046,54535,352.9998108306451,38,79,7,0,24,80,20,0,24,1,99
2011-08-10 13:15:42,Attack,101,3,115,1083863,5500,3789351,29709,546.3772739999999,41,62,12,0,15,94,6,0,16,2,97
2011-08-10 13:15:43,Attack,206,0,237,927193,23455,8758638,47326,261.8908528481013,35,194,8,0,16,200,21,0,14,1,222
2011-08-10 13:15:44,Attack,136,0,157,866882,8886,5441593,54142,219.4163671910828,33,112,12,0,21,124,12,0,25,1,131
2011-08-10 13:15:45,Attack,85,0,96,843193,4189,3332460,2963,437.4112096249999,35,52,9,0,9,78,9,0,16,0,80
2011-08-10 13:15:46,Attack,93,0,133,1360365,17466,3425712,26768,641.4423264586466,38,84,11,0,32,82,19,0,12,1,120
2011-08-10 13:15:47,Attack,127,0,134,1105545,4375,5229381,55531,324.22084730597015,27,104,3,0,22,107,5,0,15,2,117
2011-08-10 13:15:48,Attack,99,0,104,920543,18409,4034218,17624,580.936290076923,39,60,5,0,10,84,8,2,13,0,90
2011-08-10 13:15:49,Attack,118,3,125,733156,19840,4391197,7239,485.854834504,28,86,11,0,11,97,17,0,24,4,97
2011-08-10 13:15:50,Attack,136,0,142,1063918,19811,5544517,50232,539.5364154788732,42,86,14,0,23,109,10,0,37,1,103
2011-08-10 13:15:51,Attack,135,0,142,1367218,5245,5170335,44260,387.4500276197183,47,90,5,0,33,96,13,0,37,0,104
2011-08-10 13:15:52,Attack,124,3,133,1104023,19401,4936601,66056,323.5264671654135,38,86,9,0,20,105,8,0,24,4,105
2011-08-10 13:15:53,Attack,148,0,152,975902,19202,5923194,58216,417.6406223092105,34,103,15,0,20,128,4,0,34,3,114
2011-08-10 13:15:54,Attack,136,0,141,767990,19432,4511108,39345,202.87110720567372,35,95,11,0,31,98,12,0,37,1,102
2011-08-10 13:15:55,Attack,115,0,119,971103,4489,4029503,39214,427.22583973949577,29,80,10,0,22,92,5,0,19,0,100
2011-08-10 13:15:56,Attack,140,0,149,923596,20416,5758642,55429,312.6755426510067,35,112,2,0,33,105,11,0,40,0,109
2011-08-10 13:15:57,Attack,99,0,106,962060,16805,3981725,7367,467.46866725471705,44,60,2,0,11,89,6,0,16,0,90
2011-08-10 13:15:58,Attack,145,0,150,1231351,25343,5729662,13363,489.57847993333337,39,103,8,0,27,112,11,0,26,0,123
2011-08-10 13:15:59,Attack,238,0,241,1284487,10559,8349032,35398,411.6529804979253,41,161,39,0,49,176,16,0,54,36,151
2011-08-10 13:16:00,Attack,255,0,260,1497051,11359,8535133,4949,301.4132639576923,35,178,47,0,50,204,6,0,43,36,180
2011-08-10 13:16:01,Attack,180,0,185,1186473,20622,5709681,14267,420.82985504324324,36,107,42,0,30,148,7,0,32,35,118
2011-08-10 13:16:02,Attack,168,3,177,1359660,8857,5102673,46794,332.15136058757065,34,99,44,0,37,136,4,0,28,37,111
2011-08-10 13:16:03,Attack,107,0,112,935492,3761,3829272,50757,445.0995174732143,29,76,7,0,27,77,8,0,29,0,83
2011-08-10 13:16:04,Attack,143,0,148,1004532,20610,4587454,20526,381.50799005405406,43,101,4,0,37,105,6,0,41,1,106
2011-08-10 13:16:05,Attack,241,0,248,1089115,12036,10230803,44023,183.40903658870968,37,206,5,0,42,199,7,0,48,1,198
2011-08-10 13:16:06,Attack,114,0,116,785671,4930,3976391,55195,397.4463724396551,30,78,8,0,15,100,1,0,24,1,91
2011-08-10 13:16:07,Attack,136,0,140,1376743,17864,4022168,34068,609.4277804571428,45,87,8,0,35,101,4,0,29,3,107
2011-08-10 13:16:08,Attack,109,0,114,1111132,17383,3928154,31436,613.6479800438597,32,72,10,0,23,89,2,0,23,2,87
2011-08-10 13:16:09,Attack,125,0,131,901300,20359,5309366,50334,434.0293500076335,31,90,10,0,19,107,5,0,23,1,107
2011-08-10 13:16:10,Attack,161,0,165,859920,20862,6654513,45573,444.48274859393945,35,123,7,0,37,126,2,0,34,0,131
2011-08-10 13:16:11,Attack,108,0,112,999004,63475,4367311,34335,453.56911571428566,27,78,7,0,28,82,2,0,23,2,85
2011-08-10 13:16:12,Attack,107,3,114,1070651,17117,3824493,21350,657.5594968245614,35,74,5,0,18,91,5,0,9,0,103
2011-08-10 13:16:13,Attack,141,0,145,2187113,3413,4583406,52461,690.5175407931034,41,97,7,0,32,108,5,0,8,4,132
2011-08-10 13:16:14,Attack,97,0,102,1009672,16970,3542382,5071,499.23268291176475,34,55,13,0,12,87,3,0,16,1,85
2011-08-10 13:16:15,Attack,118,6,127,581521,6191,4764107,54644,271.163265511811,27,93,7,0,3,123,1,0,14,0,113
2011-08-10 13:16:16,Attack,116,0,121,1134046,71048,4421407,1232,474.3555611652892,41,74,6,0,10,108,3,0,16,0,105
2011-08-10 13:16:17,Attack,136,0,141,819040,20804,5825748,56239,426.6928336737589,37,94,10,0,48,82,11,0,55,0,86
2011-08-10 13:16:18,Attack,120,0,125,1086551,21245,4723126,28390,452.326858704,31,86,8,0,25,97,3,0,21,0,103
2011-08-10 13:16:19,Attack,188,3,198,929758,14505,8260421,34820,297.7652231767677,37,155,6,0,43,135,20,0,59,2,137
2011-08-10 13:16:20,Attack,142,0,148,1247903,19981,5315575,53062,335.6900525945946,45,99,4,0,10,130,8,0,11,0,137
2011-08-10 13:16:21,Attack,111,2,118,1069317,20126,4002967,64764,552.9918992457627,35,71,12,0,18,97,3,0,18,0,99
2011-08-10 13:16:22,Attack,114,3,123,960100,20453,4178579,64305,387.37058778048777,34,80,9,0,16,105,2,0,30,1,91
2011-08-10 13:16:23,Attack,110,0,117,1518663,18929,3836470,12445,736.4994535982905,36,73,8,0,22,87,8,0,14,1,101
2011-08-10 13:16:24,Attack,116,2,124,1007270,18268,4807466,44560,467.32340044354845,50,67,7,0,15,107,1,1,18,1,104
2011-08-10 13:16:25,Attack,104,0,111,968812,18512,3814739,21023,377.6900047027027,34,67,10,0,7,100,4,0,14,1,96
2011-08-10 13:16:26,Attack,101,0,103,1274172,4024,3432777,62894,708.1274170485434,41,55,7,0,12,86,5,0,12,4,87
2011-08-10 13:16:27,Attack,112,0,119,822069,5595,4289859,58269,440.35389188235285,31,82,6,0,26,85,5,3,26,0,90
2011-08-10 13:16:28,Attack,110,0,112,1022026,3745,4430080,51091,343.0836445,26,78,8,0,25,79,7,1,31,2,77
2011-08-10 13:16:29,Attack,107,0,111,959979,29791,4097337,10897,602.359080981982,44,61,6,0,12,96,3,0,17,1,93
2011-08-10 13:16:30,Attack,139,0,143,1018458,53196,5095580,14134,453.15594894405587,30,109,4,0,37,102,4,0,35,1,106
2011-08-10 13:16:31,Attack,112,0,117,1016329,19583,4202226,20903,468.32041459829065,30,74,13,0,29,87,1,0,29,1,87
2011-08-10 13:16:32,Attack,110,3,119,939186,5856,4263438,4362,511.6484855378151,34,74,11,0,22,89,7,1,26,1,92
2011-08-10 13:16:33,Attack,116,0,121,688745,18448,4566680,28693,308.6876648429752,39,77,5,0,24,97,0,0,30,0,91
2011-08-10 13:16:34,Attack,92,0,96,815401,17662,3208153,64212,769.6911287395833,36,52,8,0,22,74,0,0,22,1,73
2011-08-10 13:16:35,Attack,130,0,245,1151474,11339,5187876,37469,237.47467303673469,32,204,9,0,51,117,77,0,29,1,214
2011-08-10 13:16:36,Attack,91,0,94,940441,4214,3266738,2850,486.78714557446807,30,57,7,0,14,76,4,0,15,1,78
2011-08-10 13:16:37,Attack,97,0,101,704413,17074,3996166,39231,435.24472376237617,32,64,5,0,18,81,2,0,21,2,78
2011-08-10 13:16:38,Attack,101,0,325,837165,29796,4442695,4729,142.35799060307693,30,281,14,0,60,125,140,0,23,3,298
2011-08-10 13:16:39,Attack,107,0,121,804036,4599,4349486,51884,605.9891667355372,35,78,8,0,18,98,5,0,19,0,101
2011-08-10 13:16:40,Attack,176,0,180,1429099,8698,7205940,41590,401.59283104444444,32,140,8,0,47,105,28,0,63,2,115
2011-08-10 13:16:41,Attack,152,0,161,963478,74932,6498779,2102,383.91962246583853,32,118,11,0,13,130,18,0,23,1,137
2011-08-10 13:16:42,Attack,205,3,212,635776,26897,10127998,59584,221.27218470754718,26,165,21,0,12,176,24,0,25,1,186
2011-08-10 13:16:43,Attack,109,0,112,983253,4843,3598764,5178,586.7138894464285,36,62,14,0,13,97,2,0,24,1,86
2011-08-10 13:16:44,Attack,106,0,111,1290035,16092,3347018,38148,644.6438430630632,48,52,11,0,12,93,6,0,16,1,94
2011-08-10 13:16:45,Attack,128,0,138,1127480,18560,4782121,43189,406.69778713768125,37,92,9,0,20,111,7,0,24,1,113
2011-08-10 13:16:46,Attack,95,0,108,1327756,3654,3092358,50755,684.8371869814815,32,65,11,0,15,82,11,0,7,3,98
2011-08-10 13:16:47,Attack,85,15,125,850321,22551,3745667,49783,429.155294904,33,86,6,0,23,82,20,0,20,2,102
2011-08-10 13:16:48,Attack,113,2,138,1367383,5958,3909125,2847,484.07945710144924,35,98,5,0,27,91,20,0,19,2,117
2011-08-10 13:16:49,Attack,81,3,101,1008190,17549,2954165,1112,611.8045953069308,31,66,4,0,11,78,12,0,10,1,89
2011-08-10 13:16:50,Attack,135,0,167,1232621,6813,5213553,55044,481.3063888742516,45,112,10,0,11,147,9,0,16,1,150
2011-08-10 13:16:51,Attack,108,0,112,1229897,16954,3305146,7590,696.26797025,36,70,6,0,22,88,2,0,16,4,91
2011-08-10 13:16:52,Attack,118,3,127,1609430,17568,3948036,45975,431.5458434409449,30,83,14,0,24,95,8,0,21,0,105
2011-08-10 13:16:53,Attack,113,0,118,1618017,16113,3669824,30208,865.6302605762711,40,72,6,0,25,87,6,0,11,0,107
2011-08-10 13:16:54,Attack,105,0,107,1015787,19461,3749218,52788,594.5760363084113,40,61,6,0,16,85,6,0,17,3,87
2011-08-10 13:16:55,Attack,142,0,144,896255,6724,5566699,50079,444.63236082638895,33,105,6,0,22,103,19,0,41,0,102
2011-08-10 13:16:56,Attack,126,0,129,1071980,4659,5158193,65166,566.2728117674419,34,83,12,0,19,106,4,0,21,0,108
2011-08-10 13:16:57,Attack,76,0,79,787114,3825,2531163,37062,665.4391235316456,43,33,3,0,4,73,2,0,10,1,67
2011-08-10 13:16:58,Attack,92,0,98,879712,7133,3344626,63608,790.3292964081633,43,47,8,0,5,91,2,0,9,0,89
2011-08-10 13:16:59,Attack,103,0,105,1413244,53848,3523327,14905,833.006289647619,42,55,8,0,13,91,1,0,7,2,96
2011-08-10 13:17:00,Attack,93,11,107,839411,16856,3728678,29683,394.6524081214953,33,65,9,0,11,91,5,0,15,0,92
2011-08-10 13:17:01,Attack,245,4,255,1232682,27132,11608226,14774,369.7776210901961,36,210,9,0,14,228,13,0,21,0,234
2011-08-10 13:17:02,Attack,112,7,121,1112667,18778,3458917,29257,561.6446215867768,29,84,8,0,12,105,4,0,30,4,87
2011-08-10 13:17:03,Attack,94,0,100,811055,3940,3514608,53961,561.23520247,44,50,6,0,6,93,1,0,13,1,85
2011-08-10 13:17:04,Attack,113,0,116,1143341,21012,4055901,22592,488.19614158620675,44,62,10,0,11,97,8,0,13,2,100
2011-08-10 13:17:05,Attack,177,0,182,1225399,19308,7473690,59594,413.23972597252754,42,131,9,0,46,134,2,0,47,1,132
2011-08-10 13:17:06,Attack,143,2,154,1012673,6088,5347821,52593,288.76264877922074,40,106,8,0,20,126,8,0,37,2,115
2011-08-10 13:17:07,Attack,94,0,98,970183,17310,3233722,11167,496.29881444897956,42,46,10,0,8,88,2,0,9,0,88
2011-08-10 13:17:08,Attack,107,0,111,920405,20375,4463375,19889,542.1150593603604,26,77,8,0,24,86,1,0,20,0,90
2011-08-10 13:17:09,Attack,87,0,88,981330,16295,3431617,56563,546.5362124659091,32,48,8,0,10,75,3,0,18,1,69
2011-08-10 13:17:10,Attack,87,0,91,883078,4271,3378297,58984,308.72264489010985,30,51,10,0,10,77,4,0,18,3,70
2011-08-10 13:17:11,Attack,160,0,164,1148394,7182,6996222,60350,283.50510246951217,35,121,8,0,41,121,2,0,43,1,120
2011-08-10 13:17:12,Attack,102,3,109,1103961,16738,3805445,16652,639.0570282110092,43,57,9,0,12,92,5,0,14,0,94
2011-08-10 13:17:13,Attack,86,0,89,1105909,2115,3153825,40269,509.0030014494382,43,42,4,0,6,81,2,0,10,3,76
2011-08-10 13:17:14,Attack,91,0,93,774864,4099,3034464,1677,467.8398182580645,39,42,12,0,6,87,0,0,13,1,78
2011-08-10 13:17:15,Attack,90,3,99,841281,2798,3600066,38197,375.7793399090908,40,53,6,0,10,87,2,0,10,0,89
2011-08-10 13:17:16,Attack,104,3,111,871196,18858,4152048,7508,593.4253449369369,34,67,10,0,12,97,2,0,9,1,100
2011-08-10 13:17:17,Attack,179,0,183,998802,14994,7591208,4322,246.5351484590164,45,133,5,0,48,133,2,0,49,1,133
2011-08-10 13:17:18,Attack,157,0,160,808399,20188,6319337,10940,259.2095241,31,122,7,0,13,146,1,0,14,1,144
2011-08-10 13:17:19,Attack,108,3,114,1070016,16657,4802899,25602,565.1897185877193,29,75,10,0,13,90,11,0,16,0,98
2011-08-10 13:17:20,Attack,96,0,98,949365,4140,3616270,65898,734.1556711632653,27,61,10,0,24,67,7,0,21,1,76
2011-08-10 13:17:21,Attack,124,0,131,902731,21524,4839594,38181,365.45825433587794,37,88,6,0,10,109,12,0,26,2,103
2011-08-10 13:17:22,Attack,82,3,91,622974,16866,3068770,32470,408.22792389010976,36,49,6,0,6,80,4,1,9,0,82
2011-08-10 13:17:23,Attack,93,1,99,1231077,16557,2897654,62517,581.1571671111111,42,46,11,0,15,77,7,0,12,0,87
2011-08-10 13:17:24,Attack,93,0,94,999706,16514,3644184,2680,529.0101259893617,30,54,10,0,13,76,4,1,8,0,84
2011-08-10 13:17:25,Attack,70,2,81,784646,16282,2608769,50171,672.1803297283951,27,42,12,0,11,68,2,0,8,0,73
2011-08-10 13:17:26,Attack,148,0,152,616559,21252,6266126,34466,259.2579828092105,30,116,6,0,9,134,6,3,16,0,133
2011-08-10 13:17:27,Attack,102,0,107,1081459,17033,3938325,39515,515.9044090373832,38,63,6,0,17,83,7,0,19,0,87
2011-08-10 13:17:28,Attack,139,0,141,1468334,18407,4912674,44868,636.0006085177304,29,108,4,0,49,88,4,0,38,0,101
2011-08-10 13:17:29,Attack,146,0,152,1129001,18765,6309324,27660,463.7373437039474,36,107,9,0,17,132,2,1,15,0,135
2011-08-10 13:17:30,Attack,114,0,119,1079124,22151,4415328,14869,410.40741469747894,28,79,12,0,20,86,13,0,34,0,85
2011-08-10 13:17:31,Attack,86,0,90,942302,17814,2843021,43692,584.7005948555556,37,46,7,0,7,81,2,0,17,1,72
2011-08-10 13:17:32,Attack,98,9,109,803579,4827,4417738,44421,523.5367490917432,34,62,13,0,9,98,2,0,14,0,94
2011-08-10 13:17:33,Attack,87,0,89,1004415,16679,2822717,52304,433.0594262921348,39,45,5,0,10,75,4,0,18,2,69
2011-08-10 13:17:34,Attack,99,0,103,1169113,16510,3716855,64395,652.2142068543687,43,56,4,0,16,85,2,0,7,2,93
2011-08-10 13:17:35,Attack,111,3,214,1418458,24076,3755488,65036,284.23460775700937,38,166,10,0,35,109,70,0,17,4,193
2011-08-10 13:17:36,Attack,84,0,137,811452,18649,3060162,44072,288.8869855693431,29,98,10,0,21,99,17,0,4,2,131
2011-08-10 13:17:37,Attack,123,0,125,976129,18833,4656682,9041,434.08713588,36,71,18,0,10,112,3,0,27,2,96
2011-08-10 13:17:38,Attack,126,0,360,1197235,17266,5235767,59028,142.9476247888889,32,315,13,0,69,136,155,0,19,1,340
2011-08-10 13:17:39,Attack,122,0,156,983460,5218,4658202,3699,314.7170175833333,32,115,9,0,26,116,14,0,18,2,136
2011-08-10 13:17:40,Attack,117,6,124,1251702,11918,4220494,88,562.8167176935484,47,59,18,0,15,109,0,0,18,1,105
2011-08-10 13:17:41,Attack,118,4,126,1360626,19524,4326437,13096,623.8498499682539,42,75,9,0,29,94,3,0,32,3,90
2011-08-10 13:17:42,Attack,120,3,129,1018703,19846,4489886,39627,553.0824770310077,34,87,8,0,27,98,4,0,30,3,96
2011-08-10 13:17:43,Attack,215,0,222,1037769,11848,8424712,38209,338.1264528108108,45,167,10,0,16,199,7,0,18,3,201
2011-08-10 13:17:44,Attack,107,0,115,887410,16283,4089547,2866,485.35392091304345,35,76,4,0,12,94,9,0,19,3,93
2011-08-10 13:17:45,Attack,126,0,135,1010587,6246,4844851,57382,363.2263083333333,29,100,6,0,31,98,6,0,36,4,95
2011-08-10 13:17:46,Attack,106,0,111,921843,17117,4169432,63249,298.0047867027027,37,60,14,0,12,97,2,0,13,2,96
2011-08-10 13:17:47,Attack,108,0,114,640133,19009,4828169,46791,271.09398116666665,39,69,6,0,8,103,3,0,13,0,101
2011-08-10 13:17:48,Attack,142,0,148,1155525,5890,5691708,60945,506.88156439189186,35,108,5,0,20,117,11,0,19,1,128
2011-08-10 13:17:49,Attack,125,3,130,1233628,18036,4647868,61299,445.8116564846154,33,96,1,0,21,104,5,0,31,3,96
2011-08-10 13:17:50,Attack,150,0,156,1165719,19991,5448680,40444,333.17045373717946,32,111,13,0,40,109,7,0,47,0,109
2011-08-10 13:17:51,Attack,139,0,143,1007782,8372,5367760,54749,358.14841692307687,43,93,7,0,25,104,14,0,41,1,101
2011-08-10 13:17:52,Attack,119,3,126,1122622,3920,4160921,48630,438.473603468254,36,84,6,0,20,98,8,0,29,1,96
2011-08-10 13:17:53,Attack,147,0,152,1192075,21066,5413491,60034,362.8799283486842,37,109,6,0,20,120,12,0,28,2,121
2011-08-10 13:17:54,Attack,108,0,116,1175497,3511,4123526,55205,544.428429474138,42,71,3,0,14,99,3,0,11,0,104
2011-08-10 13:17:55,Attack,97,0,103,915400,17446,3918852,21472,638.4092129029126,53,46,4,0,8,93,2,0,13,0,90
2011-08-10 13:17:56,Attack,88,0,91,687092,16697,3497496,14788,198.06086689010985,29,58,4,0,7,84,0,0,8,0,82
2011-08-10 13:17:57,Attack,125,0,127,865639,19103,5580922,36079,325.8773556299212,30,92,5,0,14,110,3,0,16,1,110
2011-08-10 13:17:58,Attack,141,0,145,1328215,5365,5008401,47888,529.7860105172414,35,94,16,0,13,123,9,0,25,1,119
2011-08-10 13:17:59,Attack,180,0,183,932767,19507,7853554,9156,289.1257672021858,38,136,9,0,17,165,1,0,70,1,112
2011-08-10 13:18:00,Attack,120,0,127,1064100,17344,3831428,16066,469.2451098818898,39,84,4,0,27,98,2,0,43,2,82
2011-08-10 13:18:01,Attack,218,0,224,1174688,11101,7876205,60508,300.4343362098214,37,179,8,0,38,180,6,0,120,2,102
2011-08-10 13:18:02,Attack,172,3,183,713308,22548,6602084,53575,261.46676919672126,30,148,5,0,27,151,5,0,76,2,105
2011-08-10 13:18:03,Attack,242,0,247,984869,9428,9727706,4756,342.9109780121457,44,200,3,0,28,217,2,0,95,3,148
2011-08-10 13:18:04,Attack,152,0,159,728991,11486,5838271,3206,297.65050079874214,30,122,7,0,11,145,3,0,73,0,86
2011-08-10 13:18:05,Attack,122,0,127,723131,5864,5163536,55745,275.94668314173225,29,88,10,0,7,116,4,0,34,2,91
2011-08-10 13:18:06,Attack,190,1,196,985459,4991,7584788,42604,270.5467681122449,39,153,4,0,13,178,5,0,83,1,112
2011-08-10 13:18:07,Attack,147,0,149,865726,4752,5030784,58714,469.0095954697986,33,108,8,0,13,136,0,0,46,0,101
2011-08-10 13:18:08,Attack,227,0,232,1034655,8106,8066308,1022,537.6370080344827,35,184,13,0,14,215,3,0,55,0,175
2011-08-10 13:18:09,Attack,127,0,139,1258378,11702,4227971,13363,497.1075766834532,34,95,10,0,25,110,4,0,31,0,108
2011-08-10 13:18:10,Attack,148,0,155,1281470,19764,5357601,38769,313.34523834193544,45,100,10,0,34,118,3,0,37,3,115
2011-08-10 13:18:11,Attack,116,3,120,1084020,20365,4625039,65981,378.01397354999995,33,77,10,0,14,99,7,0,27,1,92
2011-08-10 13:18:12,Attack,100,4,109,971075,17065,3695494,66493,440.49863686238524,34,68,7,0,18,86,5,0,13,2,94
2011-08-10 13:18:13,Attack,100,0,105,741645,4106,3936995,55994,257.7005067333333,28,72,5,0,14,86,5,0,21,1,83
2011-08-10 13:18:14,Attack,123,2,132,1017663,18742,5117761,40336,444.843269530303,31,90,11,0,34,89,9,0,36,0,96
2011-08-10 13:18:15,Attack,76,0,82,861609,3259,2666344,44215,643.4656032560976,31,40,11,0,9,70,3,0,11,0,71
2011-08-10 13:18:16,Attack,87,0,92,851585,17957,3139470,42810,682.1447042065219,37,47,8,0,8,82,2,0,10,0,82
2011-08-10 13:18:17,Attack,107,0,109,1368525,16521,4019319,31509,821.1779687247707,36,66,7,0,24,82,3,0,11,1,97
2011-08-10 13:18:18,Attack,101,0,109,1070992,19850,3882547,13647,471.6068746055045,36,64,9,0,17,89,3,0,22,2,85
2011-08-10 13:18:19,Attack,124,3,132,792111,5336,4917684,56684,410.3572761893939,42,87,3,0,7,119,6,0,20,0,112
2011-08-10 13:18:20,Attack,127,0,132,1211399,4609,5293483,57452,369.0561322878789,37,89,6,0,23,108,1,0,19,2,110
2011-08-10 13:18:21,Attack,105,0,107,915705,17708,4110925,65606,614.6275653925233,41,61,5,0,16,88,3,0,20,1,86
2011-08-10 13:18:22,Attack,92,3,102,973069,16262,3425455,33154,445.72736458823533,39,58,5,0,13,79,10,0,21,1,80
2011-08-10 13:18:23,Attack,163,1,171,834455,7015,6787270,57383,348.113842245614,33,130,8,0,13,149,9,0,21,0,149
2011-08-10 13:18:24,Attack,103,0,106,1329181,15502,3486572,43675,679.6158720471698,35,59,12,0,13,90,2,1,9,1,95
2011-08-10 13:18:25,Attack,109,0,116,1146200,19911,3551573,56563,414.6457264482759,34,75,7,0,26,85,5,0,20,2,94
2011-08-10 13:18:26,Attack,94,0,97,992312,2492,3040393,2303,479.1276139072165,41,46,10,0,13,80,3,1,25,2,69
2011-08-10 13:18:27,Attack,120,0,126,867288,19912,4113587,40091,401.0990322619048,39,82,5,0,34,90,2,0,36,0,89
2011-08-10 13:18:28,Attack,96,0,100,941150,66998,3616030,37697,491.87101134,30,56,14,0,5,90,3,2,14,3,81
2011-08-10 13:18:29,Attack,116,2,126,993737,17276,4801250,60466,289.3876863888888,43,73,10,0,8,117,1,0,7,1,118
2011-08-10 13:18:30,Attack,93,0,101,710589,17088,3474865,31968,805.08011080198,31,65,5,0,12,82,7,0,14,2,85
2011-08-10 13:18:31,Attack,101,0,105,924317,3485,3663043,50013,430.4090454857143,35,61,9,0,8,94,3,0,13,1,91
2011-08-10 13:18:32,Attack,89,3,95,971012,25179,2970768,61405,659.7686524210527,38,45,12,0,10,83,2,0,15,0,80
2011-08-10 13:18:33,Attack,86,0,87,999356,15357,2888394,14742,405.3216364827586,26,60,1,0,14,68,5,0,23,2,61
2011-08-10 13:18:34,Attack,89,0,96,962149,16248,3232498,34270,738.8655161458333,36,55,5,0,14,79,3,0,10,1,85
2011-08-10 13:18:35,Normal,87,0,87,750767,17057,3227228,7453,858.577052057471,33,48,6,0,8,78,1,0,9,1,77
2011-08-10 13:18:36,Attack,87,0,90,749489,16255,3502400,55113,716.5066192888889,35,50,5,0,5,83,2,0,13,0,77
2011-08-10 13:18:37,Attack,115,0,119,933614,5114,4156281,56100,355.62655189915967,38,77,4,0,13,104,2,0,12,2,105
2011-08-10 13:18:38,Attack,147,0,155,1317374,72199,5629568,2893,459.8713114967741,42,106,7,0,21,126,8,0,24,2,129
2011-08-10 13:18:39,Attack,103,0,107,951255,18384,3777330,50367,583.918659859813,42,57,8,0,15,91,1,0,15,0,92
2011-08-10 13:18:40,Attack,116,0,124,1103018,20027,4315602,35396,412.5893452096774,37,76,11,0,21,93,10,0,21,1,102
2011-08-10 13:18:41,Attack,122,0,124,1184091,20343,4045280,20236,459.2676042016129,39,74,11,0,16,99,9,0,26,2,96
2011-08-10 13:18:42,Attack,150,3,157,1281378,21249,6554994,58363,373.89232095541405,31,118,8,0,23,125,9,0,23,1,132
2011-08-10 13:18:43,Attack,113,0,119,827432,20180,4484083,18959,513.7002320588234,23,84,12,0,22,88,8,1,20,0,99
2011-08-10 13:18:44,Attack,143,0,149,913747,14556,4362068,4449,367.5326096040268,41,104,4,0,24,101,24,0,43,0,106
2011-08-10 13:18:45,Attack,108,0,110,801590,5508,3998813,60747,582.9500267090909,27,69,14,0,13,94,3,0,18,2,90
2011-08-10 13:18:46,Attack,73,0,79,813047,14901,2447567,55267,706.9812390632911,26,49,4,0,13,63,3,0,12,1,66
2011-08-10 13:18:47,Attack,103,0,107,834087,17170,3870477,29053,537.1653989439252,33,64,10,0,15,87,5,0,21,2,84
2011-08-10 13:18:48,Attack,106,0,110,938932,16427,3678582,4769,363.9381642454545,41,56,13,0,11,96,3,0,21,2,87
2011-08-10 13:18:49,Attack,120,0,123,994584,5727,4688824,61932,524.851114097561,29,88,6,0,16,96,11,0,21,4,98
2011-08-10 13:18:50,Attack,109,3,121,960658,9593,3890106,36072,470.5308093471074,43,69,9,0,20,98,3,0,19,3,99
2011-08-10 13:18:51,Attack,106,0,109,863610,18447,3876827,15860,407.0849711743118,35,64,10,0,12,93,4,0,22,3,84
2011-08-10 13:18:52,Attack,111,3,121,665313,20293,3801175,40678,325.8882041404959,34,79,8,0,27,82,12,0,35,1,85
2011-08-10 13:18:53,Attack,101,0,104,1110348,16631,3473511,8152,614.7933350000001,36,61,7,0,12,90,2,0,10,4,90
2011-08-10 13:18:54,Attack,132,0,135,985774,18975,5028939,63891,444.9158023185185,46,83,6,0,18,115,2,0,20,3,111
2011-08-10 13:18:55,Attack,188,0,194,1103812,23637,9061932,60771,355.2593142474226,35,152,7,0,21,143,30,0,47,1,146
2011-08-10 13:18:56,Attack,104,0,106,1389393,15928,3842004,48754,786.3270960188677,31,67,8,0,17,84,5,0,12,2,92
2011-08-10 13:18:57,Attack,143,0,145,761116,13633,6090239,57323,273.5985198344828,29,112,4,0,19,120,6,0,21,1,123
2011-08-10 13:18:58,Attack,114,0,121,1212265,19936,4346223,41217,563.1213230661157,37,80,4,0,31,87,3,0,23,0,97
2011-08-10 13:18:59,Attack,130,0,134,910665,18955,5043495,45794,260.7469216716418,37,88,9,0,21,112,1,0,27,0,107
2011-08-10 13:19:00,Attack,82,0,86,1039523,15967,3094620,36223,521.4645128255814,35,43,8,0,12,73,1,0,9,2,75
2011-08-10 13:19:01,Attack,263,0,265,1235037,17366,11958733,61957,253.46739806037732,36,222,7,0,27,229,9,0,32,4,229
2011-08-10 13:19:02,Attack,132,3,140,960646,8992,4508081,46439,260.4080641714285,31,97,12,0,30,96,14,0,43,3,93
2011-08-10 13:19:03,Attack,129,0,134,907682,5931,4911561,46694,490.4105979253733,46,86,2,0,21,107,6,0,24,1,109
2011-08-10 13:19:04,Attack,137,0,143,744237,10449,4703180,51972,398.0459885874126,33,102,8,0,36,99,8,0,42,2,98
2011-08-10 13:19:05,Attack,122,0,127,778860,19887,4247990,25867,372.0236907716535,29,91,7,0,16,98,13,0,24,3,99
2011-08-10 13:19:06,Attack,124,0,126,897199,18904,5111694,20313,270.68011292063494,32,88,6,0,12,107,7,0,21,2,103
2011-08-10 13:19:07,Attack,89,0,95,610566,3552,2733314,57182,423.2467499052633,24,60,11,0,8,75,12,0,25,1,69
2011-08-10 13:19:08,Attack,98,0,100,987914,17459,3205239,36654,425.2504856200001,26,64,10,0,17,75,8,0,26,2,72
2011-08-10 13:19:09,Attack,111,0,115,943638,17526,3907470,41520,393.1025718173913,32,77,6,0,15,84,15,1,22,1,92
2011-08-10 13:19:10,Attack,116,0,123,1113069,19073,3829251,42651,605.3297927723578,34,82,7,0,22,90,11,0,18,2,103
2011-08-10 13:19:11,Attack,114,0,121,690198,6340,3999156,57454,349.9116586694215,24,89,8,0,13,99,9,0,27,1,93
2011-08-10 13:19:12,Attack,123,3,129,914531,18719,4158297,10931,302.0830085193798,41,82,6,0,17,99,13,0,35,1,93
2011-08-10 13:19:13,Attack,194,0,198,1626137,7956,6665508,67424,438.3971967878787,50,136,12,0,51,139,8,0,51,6,141
2011-08-10 13:19:14,Attack,2933,0,2937,35040648,9631,40963868,56024,15.554991685052773,2760,168,9,0,46,2873,18,0,2792,11,134
2011-08-10 13:19:15,Attack,1936,0,1939,83551103,67243,29348437,16055,30.38168724806601,1761,169,9,0,27,1887,25,0,1780,5,153
2011-08-10 13:19:16,Attack,143,0,144,907612,19889,5256626,64280,443.22462366666673,35,99,10,0,27,110,7,0,33,0,111
2011-08-10 13:19:17,Attack,93,0,98,863462,3516,3265904,50856,507.49495122448985,35,55,8,0,13,78,7,0,19,1,78
2011-08-10 13:19:18,Attack,111,0,116,1164252,3905,3935096,39540,637.2270602844827,42,63,11,0,17,98,1,0,17,0,99
2011-08-10 13:19:19,Attack,103,0,106,946045,4311,3791404,51429,618.6999136132074,39,57,10,0,10,92,4,0,15,1,88
2011-08-10 13:19:20,Attack,135,3,144,1111541,22140,5073907,5234,395.8656293541667,45,90,9,0,17,119,8,0,21,1,122
2011-08-10 13:19:21,Attack,138,0,142,913638,30617,5532210,13362,222.9421220140845,29,105,8,0,41,96,5,0,42,1,99
2011-08-10 13:19:22,Attack,167,3,175,1462856,20472,6495858,55868,431.14949250857137,39,129,7,0,27,133,15,0,34,3,138
2011-08-10 13:19:23,Attack,156,5,164,1518001,19110,5735436,28525,502.1209075487805,38,119,7,0,30,125,9,0,26,4,134
2011-08-10 13:19:24,Attack,225,22,250,973277,29057,9839763,20971,219.345139472,31,207,12,0,34,205,9,2,47,3,198
2011-08-10 13:19:25,Attack,310,0,316,993306,14280,13501548,38275,159.7812685791139,38,271,7,0,14,299,2,1,15,2,298
2011-08-10 13:19:26,Attack,112,0,115,1226933,9846,3660130,52187,684.738616321739,53,58,4,0,13,95,6,1,17,1,95
2011-08-10 13:19:27,Attack,233,1,239,1091230,63129,10561319,1891,204.3137270460251,30,199,10,0,45,190,4,0,56,4,179
2011-08-10 13:19:28,Attack,165,83,253,822269,24845,10630668,59790,234.1702767865613,32,212,9,0,66,169,18,0,91,1,161
2011-08-10 13:19:29,Attack,100,6,114,774823,6783,3920864,59010,374.39345768421055,32,70,12,0,22,88,4,0,26,1,87
2011-08-10 13:19:30,Attack,105,0,109,965216,3413,3654848,59670,534.3575040091744,25,73,11,0,15,88,6,0,11,1,97
2011-08-10 13:19:31,Attack,119,0,121,677076,4908,4727929,44210,437.3915553057851,33,82,6,0,30,87,3,1,36,0,84
2011-08-10 13:19:32,Attack,125,3,133,676942,6899,5166875,4046,341.46535654135334,32,97,4,0,12,115,6,0,16,1,116
2011-08-10 13:19:33,Attack,109,2,114,913514,17673,3960964,58491,527.1341193947368,35,74,5,0,11,93,10,0,17,1,96
2011-08-10 13:19:34,Attack,117,3,125,1122456,4520,4645135,3621,559.2586054559999,37,82,6,0,18,102,5,0,17,2,106
2011-08-10 13:19:35,Attack,150,5,159,1318954,20604,4686385,5896,443.157061327044,42,108,9,0,29,125,5,0,42,1,116
2011-08-10 13:19:36,Attack,135,0,140,1018654,6118,4303136,3109,312.57437975000005,37,93,10,0,17,111,12,0,38,2,100
2011-08-10 13:19:37,Attack,119,3,129,799130,5233,3678253,3299,420.9299893643411,34,84,11,0,25,100,4,0,37,0,92
2011-08-10 13:19:38,Attack,126,0,128,1021626,4176,4187822,1508,493.2162831640625,35,87,6,0,16,110,2,0,32,0,96
2011-08-10 13:19:39,Attack,171,2,176,803107,22722,6992693,66232,184.05775901704544,30,141,5,0,30,130,16,0,52,6,117
2011-08-10 13:19:40,Attack,142,0,144,1364368,61785,5359354,4126,405.99504129166667,33,100,11,0,30,106,8,0,30,6,108
2011-08-10 13:19:41,Attack,127,0,134,951079,5566,4790862,54894,395.3026122014926,23,104,7,0,27,98,9,0,26,2,106
2011-08-10 13:19:42,Attack,122,3,128,1013397,20176,5260505,61749,315.71582963281253,37,81,10,0,18,98,12,0,16,2,110
2011-08-10 13:19:43,Attack,138,0,140,866628,19688,5834401,33953,307.39025585714285,33,96,11,0,34,101,5,0,38,0,102
2011-08-10 13:19:44,Attack,172,0,175,1300134,12096,7711392,55798,299.91242862285713,24,146,5,0,65,103,7,0,55,2,118
2011-08-10 13:19:45,Attack,142,0,147,1250277,7214,5633845,58793,434.2157553265306,35,103,9,0,47,93,7,0,44,2,101
2011-08-10 13:19:46,Attack,95,0,99,997556,3309,3649891,65627,440.4409118383837,28,66,5,0,16,82,1,0,13,1,85
2011-08-10 13:19:47,Attack,116,0,120,1026899,18076,4236593,48977,433.85324855,40,73,7,0,20,99,1,0,26,2,92
2011-08-10 13:19:48,Attack,133,0,137,1774288,16876,4381303,19420,557.8508390583942,38,87,12,0,29,103,5,0,18,5,114
2011-08-10 13:19:49,Attack,126,0,132,1042011,19598,4983274,50983,406.1412435606061,43,83,6,0,26,103,3,0,27,2,102
2011-08-10 13:19:50,Attack,102,3,108,1401991,18721,3909269,61691,538.7341148148148,34,69,5,0,14,81,13,0,20,2,86
2011-08-10 13:19:51,Attack,152,0,158,1548121,9470,5514429,34809,447.97058242405063,31,120,7,0,52,95,11,0,40,1,117
2011-08-10 13:19:52,Attack,108,8,120,1011791,17443,4038612,60599,472.62775311666667,30,84,6,0,22,91,7,0,21,4,95
2011-08-10 13:19:53,Attack,106,23,135,685743,19424,5543849,33732,271.0121424222222,28,97,10,0,17,113,5,0,23,0,111
2011-08-10 13:19:54,Attack,148,9,160,2176468,18386,6267814,6194,709.24506048125,29,120,11,0,56,95,9,0,28,2,130
2011-08-10 13:19:55,Attack,178,0,180,3552021,4013,7040602,2586,1099.1004819,31,143,6,0,72,95,13,0,26,1,153
2011-08-10 13:19:56,Attack,211,0,219,3785180,62559,8633945,48922,951.2889214337899,34,181,4,0,81,126,12,0,28,0,191
2011-08-10 13:19:57,Attack,103,5,109,1154843,19391,3924745,8081,528.7801153394496,36,64,9,0,20,82,7,0,19,2,87
2011-08-10 13:19:58,Attack,116,6,128,1385156,17447,4325337,65697,419.5238066484375,34,89,5,0,30,94,4,0,21,3,104
2011-08-10 13:19:59,Attack,122,10,134,1385979,18606,4966929,64798,438.1288657686567,30,100,4,0,31,92,11,0,28,1,105
2011-08-10 13:20:00,Attack,121,5,130,1151882,18126,4491483,33315,529.806634476923,33,87,10,0,30,94,6,0,23,2,104
2011-08-10 13:20:01,Attack,165,1,169,1488154,20202,6368075,34638,386.61442166272184,43,118,8,0,22,140,7,0,20,1,148
2011-08-10 13:20:02,Attack,122,11,137,1296247,15235,5343479,63301,499.46690401459847,37,92,8,0,24,105,8,0,29,1,107
2011-08-10 13:20:03,Normal,100,7,107,1160674,4017,3735078,2219,678.5896857476637,48,52,7,0,11,95,1,0,12,2,93
2011-08-10 13:20:04,Attack,111,6,120,1014329,6761,4808104,33000,472.5566401916667,42,70,8,0,13,105,2,0,14,0,106
2011-08-10 13:20:05,Attack,127,0,133,1339100,17565,5035897,57901,481.2557589323308,44,80,9,0,16,111,6,0,14,1,118
2011-08-10 13:20:06,Attack,155,0,159,1254047,5807,5812096,48902,422.97037432075473,32,113,14,0,28,119,12,0,26,0,133
2011-08-10 13:20:07,Attack,123,1,129,1097150,5901,4865677,45679,422.6690564883721,37,80,12,0,24,92,13,0,35,3,90
2011-08-10 13:20:08,Normal,127,0,127,1540038,3948,4470497,44657,532.8646812834645,25,95,7,0,32,86,9,0,19,1,107
2011-08-10 13:20:09,Attack,162,0,167,2413252,12322,5103751,16846,595.4043437784431,45,117,5,0,45,114,8,0,37,3,126
2011-08-10 13:20:10,Attack,122,0,128,1843408,68974,4005632,5838,737.9667973124999,36,84,8,0,27,95,6,0,15,1,112
2011-08-10 13:20:11,Attack,160,0,162,767216,20842,5938821,61163,277.05117870370367,40,115,7,0,36,121,5,0,42,4,116
2011-08-10 13:20:12,Normal,99,3,102,995375,17820,3837859,43954,534.7223936862745,36,63,3,0,6,92,4,0,13,7,82
2011-08-10 13:20:13,Attack,120,0,127,1137236,18966,4764824,60174,543.7211016535432,40,79,8,0,13,109,5,0,9,5,113
2011-08-10 13:20:14,Attack,177,0,181,906206,19174,5514067,14904,222.5286922044199,34,140,7,0,15,161,5,0,56,3,122
2011-08-10 13:20:15,Attack,90,0,93,869030,9061,3245855,57000,586.7755552258066,34,54,5,0,15,71,7,0,22,2,69
2011-08-10 13:20:16,Attack,133,0,139,1192770,4545,5132827,54627,456.24551174100725,47,86,6,0,12,124,3,0,13,0,125
2011-08-10 13:20:17,Attack,111,0,112,903540,5114,4501166,51529,496.65662227678575,42,65,5,0,12,94,6,0,19,3,90
2011-08-10 13:20:18,Attack,90,0,93,733455,4578,3244507,40378,379.72448019354835,29,55,9,0,9,81,3,0,18,1,74
2011-08-10 13:20:19,Attack,98,0,101,1162551,4720,3567427,36490,551.6911268811881,34,58,9,0,11,86,4,0,12,3,86
2011-08-10 13:20:20,Attack,114,10,126,1296047,6894,4691513,2436,520.4973254285715,40,80,6,0,17,106,3,0,17,4,105
2011-08-10 13:20:21,Attack,116,0,118,1148350,17065,4248413,21227,637.3121562033896,36,68,14,0,7,104,7,0,23,0,95
2011-08-10 13:20:22,Attack,121,3,129,1788065,3774,4895767,61096,815.019222248062,40,80,9,0,22,100,7,0,19,4,106
2011-08-10 13:20:23,Attack,99,0,102,971927,16693,3705971,4407,704.8601308039216,34,60,8,0,9,84,9,0,18,1,83
2011-08-10 13:20:24,Attack,158,0,161,801696,8283,6727876,55612,294.8826941925466,27,127,7,0,33,113,14,1,58,0,102
2011-08-10 13:20:25,Attack,142,0,144,1166003,20245,5883380,26059,588.3689670486112,46,90,8,0,14,124,5,1,31,2,110
2011-08-10 13:20:26,Attack,104,0,107,866562,18945,3774355,3198,570.8930931308411,40,59,8,0,11,92,3,1,28,0,78
2011-08-10 13:20:27,Attack,87,0,91,728666,17719,3621334,24963,515.5600702087912,20,66,5,0,14,74,2,1,23,1,66
2011-08-10 13:20:28,Attack,112,0,117,915316,3844,4031603,3209,595.6275950341881,34,73,10,0,28,83,6,0,31,1,85
2011-08-10 13:20:29,Normal,110,0,110,809283,7022,4207017,4424,410.16036489999993,35,71,4,0,31,73,6,0,42,3,64
2011-08-10 13:20:30,Attack,97,5,106,881958,4065,3855102,40554,447.705953764151,41,60,5,0,6,95,5,0,13,2,91
2011-08-10 13:20:31,Attack,116,12,131,865879,5378,5447491,3145,308.6380981603054,33,93,5,0,22,103,6,0,28,2,101
2011-08-10 13:20:32,Attack,79,6,88,891550,3106,2898331,3135,492.3760907272727,27,49,12,0,18,66,4,0,16,0,72
2011-08-10 13:20:33,Attack,95,4,102,1119029,2626,3681001,62852,631.6354004117647,27,64,11,0,20,80,2,0,14,1,87
2011-08-10 13:20:34,Attack,125,0,129,936362,7350,4823659,15682,355.1421200620155,27,92,10,0,15,106,7,1,11,1,116
2011-08-10 13:20:35,Attack,116,0,120,1002651,5480,4643440,32162,370.1139847583333,40,69,11,0,16,97,7,0,22,1,97
2011-08-10 13:20:36,Attack,129,0,134,1258761,17828,5017775,14425,355.56435552985073,39,89,6,0,21,109,4,0,14,1,119
2011-08-10 13:20:37,Attack,107,0,109,1207933,5598,3776395,13790,491.76357636697236,28,75,6,0,22,82,5,0,15,0,94
2011-08-10 13:20:38,Attack,72,0,75,664687,16402,2656161,63792,291.81077101333335,31,39,5,0,4,63,8,0,19,0,56
2011-08-10 13:20:39,Attack,105,0,139,832708,20105,4140931,10765,323.24805053956834,47,90,2,0,15,103,21,0,14,0,125
2011-08-10 13:20:40,Attack,84,2,90,977596,2869,3029319,2129,535.3517460000002,27,54,9,0,16,72,2,0,8,1,80
2011-08-10 13:20:41,Attack,121,0,122,1197835,18258,4351257,46445,470.3410949672131,44,72,6,0,10,106,6,0,12,3,107
2011-08-10 13:20:42,Attack,66,3,77,922210,16130,2531848,57113,462.7088444155844,31,42,4,0,6,64,7,0,9,4,64
2011-08-10 13:20:43,Attack,95,0,98,1128954,2770,3623672,51509,543.7151471734694,32,56,10,0,8,86,4,0,10,1,87
2011-08-10 13:20:44,Attack,82,0,85,954008,16100,2635627,25604,650.7839370470589,39,40,6,0,12,70,3,0,12,3,70
2011-08-10 13:20:45,Attack,107,0,110,970691,3509,4154889,49017,390.4803592090909,41,59,10,0,5,103,2,0,8,0,102
2011-08-10 13:20:46,Attack,174,0,180,1198734,9140,7055732,41027,574.3554629388889,47,127,6,0,39,134,7,0,45,0,135
2011-08-10 13:20:47,Attack,103,0,110,1030337,16882,3818381,57250,669.8618317363637,29,73,8,0,13,95,2,0,5,1,104
2011-08-10 13:20:48,Attack,81,0,82,1111223,16195,2686200,26101,890.6037533170731,31,44,7,0,16,62,4,0,11,1,69
2011-08-10 13:20:49,Attack,93,3,97,839244,17675,3913675,50664,571.3605629484535,41,52,4,0,9,86,2,0,16,0,81
2011-08-10 13:20:50,Attack,82,0,85,805943,17234,3042968,59808,556.9673581058823,35,43,7,0,9,68,8,0,17,1,66
2011-08-10 13:20:51,Attack,125,3,135,963218,5588,4372151,52006,481.29772114814807,45,78,12,0,23,106,6,0,39,1,95
2011-08-10 13:20:52,Attack,110,3,116,1060919,19594,4170483,6171,531.2416780689655,42,66,8,0,14,98,4,0,15,1,100
2011-08-10 13:20:53,Attack,99,3,107,918718,4389,3635049,62123,434.3118908411215,45,54,8,0,13,91,3,0,19,1,87
2011-08-10 13:20:54,Attack,92,0,94,1223788,3404,2929037,3246,594.4884545425532,28,64,2,0,20,69,5,0,17,1,76
2011-08-10 13:20:55,Attack,178,0,184,1600142,73677,7563045,6609,387.1629352391305,49,127,8,0,23,138,23,0,49,2,133
2011-08-10 13:20:56,Attack,133,0,136,1305945,18044,5180673,61034,525.1323686911765,35,92,9,0,23,109,4,0,19,0,117
2011-08-10 13:20:57,Attack,101,0,107,1221700,15803,3688041,57323,456.9331170373833,31,69,7,0,17,83,7,0,13,1,93
2011-08-10 13:20:58,Attack,108,0,113,1098624,17707,4495492,51798,693.1118913451328,25,78,10,0,22,72,19,0,27,1,85
2011-08-10 13:20:59,Attack,89,0,92,838433,5477,3566178,66129,400.8887335434784,29,57,6,0,20,66,6,0,26,1,65
2011-08-10 13:21:00,Attack,225,0,228,942665,11473,10398744,55055,236.30871838157896,40,183,5,0,9,217,2,0,14,2,212
2011-08-10 13:21:01,Attack,102,0,117,678588,5319,4222117,61003,429.46115230769226,34,78,5,0,13,88,16,0,13,1,103
2011-08-10 13:21:02,Attack,138,3,150,844989,12385,5801259,50147,274.5405422866667,40,102,8,0,4,133,13,0,18,1,131
2011-08-10 13:21:03,Attack,88,0,90,918376,16028,3324015,64260,560.0356086444444,39,41,10,0,11,76,3,0,13,1,76
2011-08-10 13:21:04,Attack,105,0,106,992698,19256,4060043,18199,309.8086626603773,31,68,7,0,17,82,7,0,23,1,82
2011-08-10 13:21:05,Attack,106,0,111,1099625,17092,4063342,13567,514.7175372432433,39,67,5,0,20,89,2,0,23,0,88
2011-08-10 13:21:06,Attack,213,0,214,1075179,28455,8886008,16340,286.73340377570094,41,167,6,0,40,162,12,0,59,1,154
2011-08-10 13:21:07,Attack,149,0,152,598353,7951,5917264,40577,256.0600224802631,35,115,2,0,18,132,2,0,28,1,122
2011-08-10 13:21:08,Normal,80,0,80,553785,16654,3193334,50341,565.2760728999999,27,44,9,0,3,74,3,0,6,0,74
2011-08-10 13:21:09,Attack,126,0,128,1209607,5207,4683809,49164,501.1622846562499,45,80,3,0,33,94,1,0,30,0,98
2011-08-10 13:21:10,Attack,106,0,110,873323,17070,4305591,27325,402.1564381727273,36,69,5,0,10,97,3,0,13,0,97
2011-08-10 13:21:11,Attack,94,0,96,721302,5236,3762762,50867,457.7964833541667,34,52,10,0,20,75,1,0,23,1,71
2011-08-10 13:21:12,Attack,181,3,186,1790935,28132,7182383,56084,520.1900658387098,35,138,13,0,33,122,31,0,50,2,134
2011-08-10 13:21:13,Attack,183,3,190,882918,13628,7953660,39570,252.5272993789474,30,149,11,0,28,156,6,0,37,0,153
2011-08-10 13:21:14,Attack,135,0,136,875466,8518,5390010,37776,410.48336386764703,34,90,12,0,27,107,2,0,30,1,105
2011-08-10 13:21:15,Attack,294,0,302,1098508,22183,12926516,37248,217.4595730927152,28,266,8,0,30,265,7,0,39,1,262
2011-08-10 13:21:16,Normal,95,0,95,780097,2838,3786127,50789,517.5915584315788,25,65,5,0,7,86,2,0,10,0,85
2011-08-10 13:21:17,Attack,108,0,112,938938,3722,4242891,2229,520.6195344821429,35,68,9,0,9,100,3,0,8,1,103
2011-08-10 13:21:18,Attack,77,0,78,1148302,33083,2851808,13363,881.829341051282,32,35,11,0,9,65,4,0,10,0,68
2011-08-10 13:21:19,Attack,125,0,131,1490600,18006,5347803,28960,465.8101506564886,35,91,5,0,32,96,3,0,26,0,105
2011-08-10 13:21:20,Normal,129,0,129,1200202,18023,4804615,37253,585.1896776666667,46,72,11,0,20,103,6,0,27,2,100
2011-08-10 13:21:21,Attack,118,3,122,1171208,18674,4581254,4616,326.02172826229514,36,74,12,0,13,101,8,0,17,1,104
2011-08-10 13:21:22,Attack,112,3,118,1467651,17820,4751858,28537,426.26293847457623,33,80,5,0,21,90,7,0,15,2,101
2011-08-10 13:21:23,Attack,120,0,121,829950,4772,4876021,44401,252.4918774628099,23,88,10,0,20,98,3,0,21,1,99
2011-08-10 13:21:24,Attack,123,0,125,869363,18365,4671087,52742,338.92993835999994,39,80,6,0,23,96,4,2,27,1,95
2011-08-10 13:21:25,Attack,97,0,98,1164499,3496,3925762,64786,420.6913901326531,44,47,7,0,10,86,2,0,9,0,89
2011-08-10 13:21:26,Attack,129,0,134,1270522,6143,3861660,36702,475.84608534328356,31,99,4,0,36,81,17,0,41,2,91
2011-08-10 13:21:27,Attack,101,0,102,991632,17363,3954653,58345,540.3754451764706,40,56,6,0,11,86,4,1,15,1,85
2011-08-10 13:21:28,Attack,95,0,97,1182847,4139,3421981,64709,572.7865683814433,42,51,4,0,11,82,3,1,14,3,79
2011-08-10 13:21:29,Attack,107,0,109,1121071,34821,4038254,15744,442.8365431284403,28,74,7,0,17,87,5,0,19,3,87
2011-08-10 13:21:30,Attack,119,0,123,1292504,3548,4713738,15796,522.3559215365854,36,72,15,0,21,99,3,0,17,0,106
2011-08-10 13:21:31,Attack,101,0,102,1207249,3037,4123898,66220,635.1380138137255,35,59,8,0,17,79,6,0,15,1,86
2011-08-10 13:21:32,Attack,106,3,111,1222900,16787,4132554,10185,470.82960893693695,37,66,8,0,17,85,8,1,22,0,88
2011-08-10 13:21:33,Attack,99,0,101,1532932,16212,3658679,6595,630.9958747029702,40,56,5,0,20,79,2,0,7,3,91
2011-08-10 13:21:34,Attack,113,0,118,1240540,16699,4304321,56622,455.6078805847457,30,80,8,0,26,89,3,0,20,1,97
2011-08-10 13:21:35,Attack,83,4,89,878556,2409,3445371,48915,607.1705794269662,43,40,6,0,5,83,1,0,7,1,81
2011-08-10 13:21:36,Attack,119,0,123,1104062,18073,4854597,60502,359.4584433333333,27,89,7,0,34,88,1,0,27,0,96
2011-08-10 13:21:37,Attack,92,3,97,1011715,16947,3883171,60787,504.64573659793814,31,59,7,0,16,79,2,0,11,1,83
2011-08-10 13:21:38,Attack,89,18,108,967692,4240,3955110,1055,341.0729486203704,34,65,9,0,11,82,15,0,24,1,83
2011-08-10 13:21:39,Attack,94,22,118,1066740,3837,4556307,50191,392.63495990677967,27,82,9,0,11,103,4,0,11,1,106
2011-08-10 13:21:40,Normal,91,1,92,994234,16311,3481244,50966,665.2979678369564,38,45,9,0,10,78,4,0,14,0,78
2011-08-10 13:21:41,Attack,100,9,115,940120,18299,4552727,26162,293.0680506521739,25,82,8,0,10,100,5,0,8,1,106
2011-08-10 13:21:42,Normal,97,11,108,1089326,21388,4495560,59674,424.4868520277778,33,71,4,0,15,85,8,0,14,2,91
2011-08-10 13:21:43,Attack,129,3,133,1142057,19203,4912662,30608,442.2357850977443,32,91,10,0,25,102,6,0,33,1,99
2011-08-10 13:21:44,Attack,94,0,97,946822,3063,3957973,54883,505.1939569896908,31,60,6,0,17,76,4,0,14,1,82
2011-08-10 13:21:45,Attack,103,2,108,1554647,16525,3956715,13940,454.71598873148145,46,59,3,0,17,89,2,0,9,3,96
2011-08-10 13:21:46,Attack,126,0,130,1175462,18776,4797332,3599,479.6796276,30,89,11,0,33,95,2,0,25,3,102
2011-08-10 13:21:47,Attack,111,0,113,1009995,3944,4171105,3936,301.99351569911505,36,67,10,0,9,100,4,0,8,1,104
2011-08-10 13:21:48,Attack,91,0,92,784745,16268,3650515,52989,442.0109147499999,31,53,8,0,9,80,3,0,10,1,81
2011-08-10 13:21:49,Normal,107,0,107,1273809,17259,4186197,45413,347.72840929906533,34,60,13,0,12,85,10,0,20,1,86
2011-08-10 13:21:50,Attack,65,0,67,847475,56909,2605479,58834,735.1197935671643,25,37,5,0,13,52,2,0,7,1,56
2011-08-10 13:21:51,Attack,117,0,122,1134596,17304,4411943,13612,402.5680791393442,45,64,13,0,13,103,6,0,23,1,97
2011-08-10 13:21:52,Attack,88,6,96,1179500,10518,3362030,771,405.0941366875,33,52,11,0,12,80,4,0,16,1,79
2011-08-10 13:21:53,Attack,96,0,97,847483,18964,3680453,41322,238.83790012371136,29,65,3,0,15,77,5,0,19,2,76
2011-08-10 13:21:54,Attack,139,3,147,1006196,8916,6049889,56071,211.8509343537415,29,114,4,0,30,110,7,0,32,1,113
2011-08-10 13:21:55,Attack,85,0,87,923485,5131,3296358,64304,447.8462046436781,27,52,8,0,17,67,3,0,24,3,60
2011-08-10 13:21:56,Attack,118,0,123,1485256,4588,4413265,2291,599.067857308943,34,77,12,0,23,93,7,0,12,1,110
2011-08-10 13:21:57,Normal,162,0,162,1470302,7382,6619573,52124,357.84100620370367,37,121,4,0,30,122,9,1,28,2,132
2011-08-10 13:21:58,Attack,112,0,115,1069117,4532,4382356,2430,448.0034369478261,41,65,9,0,8,100,7,0,19,2,93
2011-08-10 13:21:59,Attack,113,0,117,1422962,15985,4046113,22363,441.37438305982903,43,67,7,0,12,102,3,0,21,5,90
2011-08-10 13:22:00,Attack,123,0,124,1390400,18494,4887029,4677,491.5392920725807,40,78,6,0,23,95,6,0,28,4,91
2011-08-10 13:22:01,Attack,125,23,151,1390969,19972,6411519,65928,287.61410268874175,39,106,6,0,35,111,5,0,33,2,116
2011-08-10 13:22:02,Attack,123,11,135,1320088,21601,5410897,61036,510.84854561481484,39,89,7,0,17,106,12,0,20,2,113
2011-08-10 13:22:03,Attack,73,5,81,812334,6738,2829537,13363,803.9873112839506,42,35,4,0,10,68,3,0,10,0,71
2011-08-10 13:22:04,Attack,102,0,105,1026005,4341,3619774,66335,434.95600844761907,24,70,11,0,12,87,6,0,22,2,81
2011-08-10 13:22:05,Attack,118,0,121,1219390,18004,4612815,33391,352.4098390165289,51,61,9,0,9,104,8,0,24,0,97
2011-08-10 13:22:06,Attack,202,0,204,1338230,57391,8133903,36597,360.16051999509807,38,156,10,0,25,172,7,0,33,1,169
2011-08-10 13:22:07,Attack,119,0,120,1048518,18589,4410154,13467,596.3484935749999,39,78,3,0,18,93,9,0,24,0,96
2011-08-10 13:22:08,Attack,126,0,130,1215670,17360,4965887,48372,518.0881060076922,38,86,6,0,16,109,5,0,12,2,115
2011-08-10 13:22:09,Attack,96,1,100,1250247,16121,3600657,56712,791.2090951299999,36,62,2,0,14,83,3,0,7,0,91
2011-08-10 13:22:10,Attack,98,0,101,886831,16895,3553824,60515,428.9932663564356,29,64,8,0,7,91,3,0,20,1,80
2011-08-10 13:22:11,Normal,125,0,125,980053,6952,5597589,59062,270.57343086400004,33,89,3,0,17,101,7,0,26,1,98
2011-08-10 13:22:12,Attack,109,3,116,1260510,17561,4054528,18396,612.322632862069,39,69,8,0,12,98,6,0,22,0,94
2011-08-10 13:22:13,Normal,99,0,99,912639,3872,3647782,42016,389.84677545454554,41,46,12,0,8,89,2,0,17,1,81
2011-08-10 13:22:14,Attack,131,0,133,836439,19448,5557382,56796,349.6449763458647,30,98,5,0,36,87,10,0,43,0,90
2011-08-10 13:22:15,Attack,109,0,112,1158221,61547,4423304,15676,547.3821646964286,37,73,2,0,16,91,5,0,18,3,91
2011-08-10 13:22:16,Attack,92,0,95,1022589,15884,3254310,28345,508.8275305684211,27,60,8,0,12,77,6,0,16,1,78
2011-08-10 13:22:17,Attack,129,0,133,1504913,3732,4730138,1876,641.3595719323308,45,78,10,0,19,111,3,0,12,3,117
2011-08-10 13:22:18,Attack,143,0,145,940985,19719,6220609,44885,495.5797582482759,32,105,8,0,17,124,4,0,18,1,126
2011-08-10 13:22:19,Attack,105,0,108,966397,16408,3907339,14185,600.8806720740741,38,61,9,0,15,87,5,1,18,1,88
2011-08-10 13:22:20,Attack,123,0,125,786878,22114,5205057,54817,303.982205048,33,81,11,0,12,113,0,0,15,0,110
2011-08-10 13:22:21,Attack,125,0,129,1214654,4181,5030935,57296,593.2798136124031,32,92,5,0,20,105,4,0,17,1,110
2011-08-10 13:22:22,Attack,99,6,106,933323,3946,3983437,28859,568.9911408584906,34,64,8,0,24,77,5,0,30,1,74
2011-08-10 13:22:23,Attack,195,0,198,1046771,9840,7279361,149,266.0979312323232,37,157,4,0,61,135,2,0,58,2,138
2011-08-10 13:22:24,Attack,102,3,106,1049994,3712,3734898,58936,570.2058824433961,24,73,9,0,27,72,5,2,27,1,76
2011-08-10 13:22:25,Attack,169,3,174,1231038,9860,6880103,42808,481.4292959770115,29,138,7,0,47,122,4,1,38,0,135
2011-08-10 13:22:26,Attack,142,0,144,1237974,18786,5473946,21999,361.8308944652777,29,108,7,0,25,112,7,0,16,3,124
2011-08-10 13:22:27,Attack,115,0,116,805178,17859,4239524,56673,447.56804655172414,34,73,9,0,17,96,2,1,19,1,95
2011-08-10 13:22:28,Attack,102,0,103,956352,3405,3789608,38059,555.0557395728156,33,66,4,0,14,83,5,1,10,0,92
2011-08-10 13:22:29,Attack,89,0,92,1130464,2635,3213140,53987,579.1600009130435,32,53,7,0,12,77,3,0,7,2,83
2011-08-10 13:22:30,Attack,129,0,130,1156762,3799,5266183,46985,375.2336418076923,38,81,11,0,15,114,1,0,15,2,113
2011-08-10 13:22:31,Attack,90,0,93,870768,5650,3368495,11957,662.5749388817204,30,58,5,0,10,80,3,0,8,1,84
2011-08-10 13:22:32,Attack,89,3,94,1053664,4222,3553401,38866,409.84238155319156,29,58,7,0,12,78,4,0,11,1,82
2011-08-10 13:22:33,Attack,133,0,135,1102572,19117,5388633,9003,434.1193734444444,37,94,4,0,17,112,6,0,22,2,111
2011-08-10 13:22:34,Attack,104,0,106,1171714,4215,4232011,65967,389.9330695660378,34,64,8,0,17,85,4,0,14,2,90
2011-08-10 13:22:35,Attack,109,0,111,894617,18393,4734681,13413,443.2414139009009,36,65,10,0,10,101,0,0,12,0,99
2011-08-10 13:22:36,Attack,108,0,109,1218717,16237,4014585,34305,793.6011850366973,34,64,11,0,18,88,3,0,9,1,98
2011-08-10 13:22:37,Attack,204,0,231,1020317,26692,9456160,59710,193.50863758441557,28,187,16,0,31,158,42,0,52,1,178
2011-08-10 13:22:38,Attack,155,0,157,1823529,18362,5780213,22874,539.4571477197452,40,111,6,0,35,116,6,0,17,1,139
2011-08-10 13:22:39,Attack,134,0,135,1606298,4820,4796191,34795,598.534277562963,42,89,4,0,42,88,5,0,31,3,101
2011-08-10 13:22:40,Attack,123,0,127,1065060,5077,4607815,58514,342.3975817007874,39,78,10,0,35,91,1,0,37,1,89
2011-08-10 13:22:41,Attack,189,0,190,1137871,16288,7691932,5377,401.07450461052633,38,142,10,0,18,141,31,0,56,2,132
2011-08-10 13:22:42,Attack,153,3,158,1556551,54646,6746519,58990,439.23432013291136,28,115,15,0,38,103,16,1,21,0,134
2011-08-10 13:22:43,Normal,114,0,114,925718,3939,4943910,64918,466.1517372982456,38,73,3,0,18,86,9,1,23,0,90
2011-08-10 13:22:44,Attack,118,0,122,915646,7280,4497218,38513,563.6712098934424,27,87,8,0,18,96,8,0,18,0,104
2011-08-10 13:22:45,Attack,128,0,129,1079374,27430,5469233,12860,312.51234486821704,34,86,9,0,30,82,17,0,38,0,91
2011-08-10 13:22:46,Attack,240,0,241,1046579,15905,10468695,28707,139.87536402904564,35,202,4,0,57,175,9,0,66,1,174
2011-08-10 13:22:47,Attack,93,0,95,1120825,45863,3625612,771,550.5113270210526,31,55,9,0,14,80,1,0,10,1,84
2011-08-10 13:22:48,Attack,102,0,103,1229618,17016,3771881,19361,670.6005604951456,40,61,2,0,17,83,3,0,12,2,88
2011-08-10 13:22:49,Normal,134,2,136,1186422,13806,5357697,8423,354.2625969632353,34,92,10,0,27,106,3,0,24,2,110
2011-08-10 13:22:50,Attack,108,0,112,1534427,10713,4118545,8170,587.9223780625,39,62,11,0,21,87,4,0,10,3,98
2011-08-10 13:22:51,Attack,98,1,100,990250,3008,3960979,60456,450.7315442699999,40,51,9,0,7,89,4,0,9,0,91
2011-08-10 13:22:52,Attack,106,6,114,843424,7563,4461704,49336,279.93796418421056,32,75,7,0,12,94,8,0,22,3,89
2011-08-10 13:22:53,Attack,110,0,112,1322588,4323,4229779,6523,500.6779431428571,30,73,9,0,17,83,12,0,21,4,87
2011-08-10 13:22:54,Attack,126,0,129,1647542,68367,5032648,1405,328.46122373643414,42,74,13,0,18,103,7,1,17,1,110
2011-08-10 13:22:55,Attack,95,0,96,1471752,15337,3285125,33186,556.4053518333333,40,33,23,0,8,84,4,0,10,1,85
2011-08-10 13:22:56,Attack,114,0,118,999091,19408,4986004,48974,436.63967000847447,36,73,9,0,15,99,4,0,13,0,104
2011-08-10 13:22:57,Attack,117,0,119,1269830,4391,4589272,60514,560.5042454201681,41,67,11,0,8,104,7,0,12,3,103
2011-08-10 13:22:58,Attack,79,0,82,957119,15280,2821770,32175,557.508795304878,29,39,14,0,10,67,5,0,14,2,66
2011-08-10 13:22:59,Attack,114,0,115,1100122,10034,4649293,59807,546.4196302173913,49,59,7,0,11,99,5,0,13,1,101
2011-08-10 13:23:00,Normal,103,0,103,1083106,63955,3508094,61225,605.6154322815534,42,52,9,0,7,89,7,0,13,4,86
2011-08-10 13:23:01,Attack,224,0,229,1280913,23627,10941112,45420,240.61820745851526,35,186,8,0,12,210,7,0,17,3,209
2011-08-10 13:23:02,Attack,119,3,124,898739,21099,4896327,31538,443.7328984435484,39,79,6,0,15,104,5,0,19,2,103
2011-08-10 13:23:03,Attack,91,0,95,741396,19858,3511253,52444,450.1081788947368,32,57,6,0,6,81,8,0,17,0,77
2011-08-10 13:23:04,Attack,91,0,92,840858,19801,3635730,58805,472.95135485869554,27,56,9,0,11,79,2,0,18,1,73
2011-08-10 13:23:05,Attack,94,0,97,900094,16109,3434212,21491,600.6122015463917,40,50,7,0,6,87,4,0,15,0,82
2011-08-10 13:23:06,Normal,88,0,88,803231,17041,3080316,26839,567.5568888068182,41,39,8,0,10,75,1,2,14,2,72
2011-08-10 13:23:07,Attack,84,0,85,881866,16972,3055202,63499,495.87529742352933,40,41,4,0,11,73,1,0,10,2,72
2011-08-10 13:23:08,Attack,103,0,104,831253,18114,3470066,52638,524.7248426346154,34,62,8,0,19,80,5,0,28,2,74
2011-08-10 13:23:09,Attack,136,0,138,837812,19821,5730923,24482,494.77402568840586,40,93,5,0,8,128,2,0,11,0,127
2011-08-10 13:23:10,Attack,90,0,91,855545,16734,3243239,229,538.8449317692307,31,54,6,0,7,81,3,0,12,1,78
2011-08-10 13:23:11,Attack,131,4,139,1264136,72199,5278631,1413,563.3622021366907,45,79,15,0,7,123,9,0,20,0,117
2011-08-10 13:23:12,Attack,101,5,107,1226762,4942,3900200,52304,707.4021401962617,50,48,9,0,14,86,7,0,22,2,83
2011-08-10 13:23:13,Normal,118,5,123,1231731,19199,4436620,50467,593.3675868861787,40,71,12,0,18,100,5,0,21,1,101
2011-08-10 13:23:14,Normal,108,0,108,1052649,8726,3937572,61872,748.475504324074,44,55,9,0,9,96,3,0,15,0,92
2011-08-10 13:23:15,Attack,107,62,171,812039,78474,7406501,1413,234.95788701754387,30,133,8,0,35,126,10,0,48,0,123
2011-08-10 13:23:16,Attack,82,17,101,800695,9039,3837328,52799,327.66575945544554,29,63,9,0,18,80,3,0,21,2,78
2011-08-10 13:23:17,Attack,141,0,146,1410740,19411,5093038,5244,493.5171785410958,33,99,14,0,20,118,8,0,22,2,122
2011-08-10 13:23:18,Attack,134,0,136,777756,5061,5654553,49143,490.08180555882353,38,87,11,0,16,113,7,0,29,1,106
2011-08-10 13:23:19,Normal,94,0,94,822181,17671,3533903,26149,508.7106939787235,33,58,3,0,10,81,3,0,10,2,82
2011-08-10 13:23:20,Attack,108,0,111,1180425,5259,4017694,54920,682.3865717117116,29,78,4,0,26,79,6,0,16,0,95
2011-08-10 13:23:21,Normal,96,0,96,1237383,16584,3201396,63564,448.94851311458336,28,60,8,0,14,80,2,0,14,2,80
2011-08-10 13:23:22,Attack,141,3,148,1548798,5116,5169740,55078,519.420377641892,47,89,12,0,26,115,7,0,19,2,127
2011-08-10 13:23:23,Normal,101,3,104,806472,19242,4063597,9173,442.0030209519231,39,60,5,0,8,88,8,0,20,0,84
2011-08-10 13:23:24,Attack,127,0,130,1350749,5901,4564610,58711,426.11440435384617,48,71,11,0,19,105,5,1,28,2,99
2011-08-10 13:23:25,Normal,83,0,83,857937,5135,2862279,46070,620.3520537831325,30,46,7,0,12,67,2,2,14,0,67
2011-08-10 13:23:26,Attack,112,0,114,1275506,19509,4015303,5286,540.6053499210525,37,72,5,0,31,80,3,0,25,0,89
2011-08-10 13:23:27,Attack,101,0,104,684806,17780,3699278,6731,332.6863603365385,31,68,5,0,16,86,2,0,16,1,87
2011-08-10 13:23:28,Attack,100,0,101,1023899,16602,3350455,39583,687.806544118812,41,55,5,0,15,83,2,1,9,1,90
2011-08-10 13:23:29,Normal,80,0,80,802011,2770,2911391,20878,709.1225080625,34,36,10,0,7,71,2,0,4,0,76
2011-08-10 13:23:30,Attack,96,0,97,862807,16464,3728296,19632,480.9484160412371,36,58,3,0,8,88,1,0,12,4,81
2011-08-10 13:23:31,Attack,96,4,102,782778,17737,3594605,39733,589.7247573431373,30,63,9,0,20,79,3,0,18,0,84
2011-08-10 13:23:32,Attack,83,5,89,841944,17166,3301280,23067,448.40028361797755,32,50,7,0,9,77,2,1,10,2,76
2011-08-10 13:23:33,Normal,99,0,99,1136025,15582,3636477,63399,793.969237,40,48,11,0,8,90,1,0,4,2,93
2011-08-10 13:23:34,Normal,86,0,86,1246546,17485,2852301,40491,795.6179026046512,33,43,10,0,11,72,3,0,11,4,71
2011-08-10 13:23:35,Normal,102,0,102,1278239,4311,3506357,51165,625.8138237843137,24,66,12,0,16,85,1,0,12,2,88
2011-08-10 13:23:36,Attack,120,0,125,982506,43112,4612588,14300,403.3209295759999,45,72,8,0,11,110,4,0,12,2,110
2011-08-10 13:23:37,Normal,118,0,118,1249854,20160,4103533,12298,513.7560884237288,32,76,10,0,18,96,4,0,17,2,99
2011-08-10 13:23:38,Attack,77,0,78,673875,41699,2771474,13362,360.2412403333333,30,44,4,0,11,64,3,0,14,1,63
2011-08-10 13:23:39,Attack,89,0,92,1038037,6468,3016711,2156,705.1720358043478,33,47,12,0,10,79,3,0,19,1,72
2011-08-10 13:23:40,Normal,92,0,92,1014392,16619,3074899,10624,889.1692484673913,40,43,9,0,7,82,3,0,10,1,81
2011-08-10 13:23:41,Attack,91,0,93,998325,17094,3027418,63878,459.0756371075268,32,55,6,0,10,80,3,0,12,2,78
2011-08-10 13:23:42,Attack,106,3,110,1129006,3732,4065240,47206,610.9632450727272,35,67,8,0,15,90,5,0,13,1,96
2011-08-10 13:23:43,Attack,120,0,122,917723,12599,4285828,13523,440.8584734180328,37,78,7,0,14,102,6,0,26,0,96
2011-08-10 13:23:44,Normal,116,0,116,971089,17644,3653882,34351,579.3836135431034,41,64,11,0,17,93,6,0,31,0,85
2011-08-10 13:23:45,Attack,87,0,91,1210794,67638,2969362,2199,448.2322226043956,40,48,3,0,17,68,6,0,16,1,74
2011-08-10 13:23:46,Attack,122,0,124,1461784,5348,4409944,52518,657.579043483871,31,89,4,0,23,92,9,0,16,2,105
2011-08-10 13:23:47,Attack,104,0,107,1353952,67747,3419809,2278,654.751589495327,40,59,8,0,14,87,6,0,9,2,96
2011-08-10 13:23:48,Attack,117,0,118,1556155,41681,3847281,13363,734.5764391694916,34,72,12,0,24,91,3,0,20,0,97
2011-08-10 13:23:49,Normal,103,0,103,1243955,18013,3393855,30159,615.8177079514563,40,54,9,0,17,79,7,0,17,0,86
2011-08-10 13:23:50,Attack,133,0,134,742504,19766,5107761,54678,204.87435445522388,30,101,3,0,9,104,21,0,32,0,101
2011-08-10 13:23:51,Attack,102,0,103,933319,3955,3988361,63028,458.8862303786408,33,63,7,0,11,87,5,0,12,0,91
2011-08-10 13:23:52,Normal,96,3,99,971994,34126,3615627,15675,630.2430522525253,38,54,7,0,8,86,5,0,13,0,86
2011-08-10 13:23:53,Normal,102,2,104,1226222,15400,3339515,7348,677.5077197884615,39,53,12,0,10,92,2,0,9,4,91
2011-08-10 13:23:54,Normal,100,3,103,770482,18881,3631597,13627,463.8340711165048,36,59,8,0,8,91,4,0,15,1,87
2011-08-10 13:23:55,Attack,82,0,83,795983,14162,2952359,2191,505.0433939036146,33,39,11,0,12,69,1,1,11,1,71
2011-08-10 13:23:56,Normal,112,0,112,836904,18419,4312868,34040,383.6564695357142,46,60,6,0,8,98,6,0,24,2,86
2011-08-10 13:23:57,Attack,97,0,100,1095931,16572,3485260,15422,561.8863789500001,44,52,4,0,9,87,4,0,19,0,81
2011-08-10 13:23:58,Attack,99,0,100,1021035,15438,3589074,54024,691.6300560999999,35,52,13,0,9,90,1,0,12,0,88
2011-08-10 13:23:59,Attack,93,0,95,911074,15926,3575142,38646,654.4928999368422,32,54,9,0,12,82,1,0,15,0,80
2011-08-10 13:24:00,Attack,105,0,108,842731,16719,4158810,32596,670.2615391759258,40,62,6,0,8,96,4,0,10,1,96
2011-08-10 13:24:01,Normal,138,0,138,1336608,20876,5254089,35655,460.7723352173913,41,85,12,0,16,115,7,0,22,2,114
2011-08-10 13:24:02,Attack,104,3,108,925060,18568,3754656,65712,601.2770593796296,32,64,12,0,8,95,5,0,10,2,95
2011-08-10 13:24:03,Normal,69,0,69,740279,15941,2426661,1808,505.50203801449277,25,33,11,0,9,60,0,0,10,2,57
2011-08-10 13:24:04,Attack,134,0,135,774949,19282,5454949,52065,386.0635995037036,25,106,4,0,9,119,7,0,8,2,125
2011-08-10 13:24:05,Attack,163,0,164,1001552,8267,6333148,52136,515.7814402317073,30,124,10,0,15,110,39,0,52,2,110
2011-08-10 13:24:06,Attack,207,14,224,1139148,10766,9252668,4467,261.59652750892855,38,180,6,0,21,188,15,0,34,2,188
2011-08-10 13:24:07,Normal,74,5,79,938608,16282,2900325,50242,391.42387601265824,35,36,8,0,9,63,7,0,16,4,59
2011-08-10 13:24:08,Attack,108,0,109,893178,28574,3697447,13362,587.5977523669725,31,70,8,0,13,81,15,0,24,1,83
2011-08-10 13:24:09,Attack,190,0,192,943223,10416,4496649,2767,353.2541257395833,40,146,6,0,52,81,59,0,105,0,87
2011-08-10 13:24:10,Attack,142,0,143,728250,20149,4449236,13703,406.83786281818186,32,104,7,0,33,99,11,0,44,1,98
2011-08-10 13:24:11,Normal,139,0,139,809405,22306,4502703,31471,333.7641139352518,37,96,6,0,31,100,8,0,41,2,96
2011-08-10 13:24:12,Normal,169,3,172,1133131,21378,6621566,19278,400.8348616569767,56,103,13,0,20,134,18,0,43,1,128
2011-08-10 13:24:13,Normal,124,0,124,902897,17765,5240931,37805,415.89117995161297,34,81,9,0,16,102,6,0,21,2,101
2011-08-10 13:24:14,Normal,140,0,140,1012853,6463,5880069,2931,464.2229246214286,37,97,6,0,31,101,8,0,42,1,97
2011-08-10 13:24:15,Normal,78,0,78,839347,15194,2933348,4370,535.220213102564,28,41,9,0,5,70,3,0,8,0,69
2011-08-10 13:24:16,Normal,143,0,143,725731,6762,5755245,54028,233.69597832867132,41,94,8,0,7,136,0,0,22,0,121
2011-08-10 13:24:17,Normal,171,0,171,1080566,9042,7340089,23070,477.4428753508772,34,125,12,0,40,122,9,0,42,2,127
2011-08-10 13:24:18,Attack,124,4,129,634312,6821,5263123,33297,407.9461099147287,25,96,8,0,32,88,9,0,48,1,79
2011-08-10 13:24:19,Normal,136,17,153,1251150,21945,6009791,51743,373.143343248366,38,105,10,0,24,114,15,0,38,2,113
2011-08-10 13:24:20,Attack,87,0,90,807060,2652,2899149,54934,610.7465383888889,37,41,12,0,13,75,2,0,15,1,74
2011-08-10 13:24:21,Attack,117,0,118,1041109,3778,4029327,43297,439.8195464576272,39,73,6,0,15,95,8,0,21,1,96
2011-08-10 13:24:22,Normal,134,3,137,905778,18509,5791697,60046,338.6507451970803,38,90,9,0,11,113,13,0,25,0,111
2011-08-10 13:24:23,Attack,128,0,130,1330556,17455,4763228,5430,583.3224736076921,36,85,9,0,29,98,3,0,31,3,96
2011-08-10 13:24:24,Normal,160,3,163,920814,9240,6055832,9016,257.43459215337424,27,132,4,0,17,137,8,1,23,1,137
2011-08-10 13:24:25,Attack,118,0,119,994245,5042,3681488,50061,465.9281139579832,40,70,9,0,27,87,5,0,31,2,86
2011-08-10 13:24:26,Normal,106,0,106,848062,4666,3803632,4462,578.3619165566038,32,66,8,0,11,88,5,2,18,1,83
2011-08-10 13:24:27,Attack,116,0,118,1051087,4071,4328025,65462,571.2842971271185,43,65,10,0,11,101,6,0,17,2,99
2011-08-10 13:24:28,Normal,101,0,101,1082174,16061,3380356,60731,658.3285250099008,37,60,4,0,10,85,4,2,12,2,85
2011-08-10 13:24:29,Attack,78,0,79,743454,2998,2920233,48503,691.0673690886076,25,48,6,0,10,68,1,0,9,0,70
2011-08-10 13:24:30,Attack,90,0,91,806542,16456,3525691,12537,540.8265016703298,26,58,7,0,3,86,2,0,7,4,80
2011-08-10 13:24:31,Normal,180,0,180,886524,24369,7626609,9002,488.81942820555554,35,139,6,0,54,104,22,0,75,2,103
2011-08-10 13:24:32,Normal,124,3,127,964348,7425,4521484,51713,415.95674073228344,38,81,8,0,12,101,14,0,30,2,95
2011-08-10 13:24:33,Normal,150,0,150,1422282,40430,5510957,14731,609.6944993866666,40,101,9,0,42,104,4,0,35,4,111
2011-08-10 13:24:34,Normal,142,3,145,1767816,5159,5124891,50652,569.1145045103449,46,96,3,0,47,94,4,0,27,4,114
2011-08-10 13:24:35,Normal,160,0,160,963260,20548,6960348,63422,222.0570081625,32,121,7,0,32,127,1,0,37,0,123
2011-08-10 13:24:36,Normal,143,0,143,815684,6974,5769461,60091,362.0502388321679,34,102,7,0,18,117,8,0,23,0,120
2011-08-10 13:24:37,Normal,145,0,145,896057,20127,5763055,19143,334.2648375241379,35,102,8,0,24,115,6,0,29,0,116
2011-08-10 13:24:38,Normal,94,0,94,1120079,1796,3386572,58728,485.35399617021267,35,49,10,0,3,89,2,0,21,0,73
2011-08-10 13:24:39,Attack,114,0,146,1027205,20526,4531939,54015,434.4322943698631,46,92,8,0,10,99,37,0,29,0,117
2011-08-10 13:24:40,Attack,158,0,413,845578,33913,7354158,1912,119.58903436319612,31,374,8,0,26,215,172,0,26,1,386
2011-08-10 13:24:41,Attack,100,0,113,978872,3011,3775159,2084,556.8104150088495,44,60,9,0,8,93,12,0,10,1,101
2011-08-10 13:24:42,Attack,111,3,115,747265,17736,4571538,57031,433.8453036695652,33,79,3,0,13,98,4,0,18,1,96
2011-08-10 13:24:43,Attack,138,0,142,1272978,18654,4989696,15291,517.7084829859153,31,100,11,0,19,120,3,0,20,2,120
2011-08-10 13:24:44,Attack,124,0,125,976888,18277,4197438,49341,359.788053368,42,78,5,0,14,106,5,0,22,2,101
2011-08-10 13:24:45,Normal,128,0,128,1096127,21016,4782567,1258,544.9774960859374,44,74,10,0,10,112,6,0,21,0,107
2011-08-10 13:24:46,Attack,249,0,252,741490,12652,11677480,60858,166.5053271388889,27,221,4,0,36,189,27,0,75,1,176
2011-08-10 13:24:47,Normal,195,0,195,718748,23561,9263073,66272,104.15254640000002,27,162,6,0,24,170,1,0,21,2,171
2011-08-10 13:24:48,Attack,162,0,166,912223,22387,6759778,42958,335.4503715361445,35,124,7,0,20,139,7,0,30,1,135
2011-08-10 13:24:49,Normal,140,0,140,1000001,10005,5629351,63495,448.3730199428571,43,86,11,0,17,114,9,0,26,0,114
2011-08-10 13:24:50,Attack,113,0,114,1217508,5539,3747206,38146,591.009894622807,37,71,6,0,8,96,10,0,14,5,95
2011-08-10 13:24:51,Attack,97,0,99,907995,17633,3499743,16464,666.6988490303029,34,57,8,0,11,83,5,0,14,4,81
2011-08-10 13:24:52,Normal,100,3,103,856382,17332,3614576,12186,569.6630021067961,35,62,6,0,19,80,4,0,19,1,83
2011-08-10 13:24:53,Normal,94,0,94,633074,3657,3552073,45670,327.04145098936175,28,60,6,0,12,79,3,0,18,0,76
2011-08-10 13:24:54,Normal,76,0,76,835415,3499,2903171,43594,688.8322998157895,27,45,4,0,12,62,2,0,12,0,64
2011-08-10 13:24:55,Normal,95,5,100,1102448,2781,3827882,50888,767.7699514899999,39,54,7,0,15,83,2,0,14,3,83
2011-08-10 13:24:56,Normal,123,0,123,1074721,3544,4766769,42954,449.55752419512197,42,70,11,0,10,113,0,0,6,2,115
2011-08-10 13:24:57,Normal,88,0,88,576698,16513,3772382,27167,367.0878891818182,31,52,5,0,6,80,2,0,12,0,76
2011-08-10 13:24:58,Normal,116,0,116,1002998,18391,4562824,65241,344.39040443103454,42,64,10,0,8,100,8,0,16,1,99
2011-08-10 13:24:59,Normal,103,0,103,912660,18028,4127937,17263,419.9276348155341,38,60,5,0,16,83,4,0,20,0,83
2011-08-10 13:25:00,Attack,144,0,145,993371,6372,6092253,36151,199.3284846206896,38,99,8,0,15,118,12,0,32,0,113
2011-08-10 13:25:01,Normal,237,0,237,854763,23672,11941908,6954,213.38595409282698,41,188,8,0,10,225,2,0,13,0,224
2011-08-10 13:25:02,Attack,94,3,99,663611,19692,3662451,16542,311.9440753131313,28,67,4,0,6,85,8,0,17,0,82
2011-08-10 13:25:03,Attack,90,0,91,888673,5479,3337992,37132,595.9073144505494,37,51,3,0,12,78,1,0,14,0,77
2011-08-10 13:25:04,Normal,127,0,127,1324062,20039,4528013,59171,626.444195472441,46,72,9,0,18,100,9,0,23,6,98
2011-08-10 13:25:05,Attack,106,0,107,923912,16917,4369788,48676,650.4583363364487,38,61,8,0,11,96,0,0,13,0,94
2011-08-10 13:25:06,Attack,101,0,102,957961,16141,3841692,44489,492.2192931470588,35,62,5,0,12,87,3,0,14,0,88
2011-08-10 13:25:07,Attack,85,0,86,875810,15637,2939439,21369,421.24184970930236,32,47,7,0,10,75,1,0,11,1,74
2011-08-10 13:25:08,Normal,101,0,101,1241817,3114,3239848,52635,488.7794552970297,34,58,9,0,16,84,1,0,10,3,88
2011-08-10 13:25:09,Attack,99,0,101,1346284,70537,3306019,2248,702.6130839801981,34,60,7,0,20,77,4,0,13,3,85
2011-08-10 13:25:10,Normal,96,0,96,1035922,16558,3417631,60517,515.8884158125,30,57,9,0,9,85,2,0,8,4,84
2011-08-10 13:25:11,Attack,113,0,115,1003756,17875,4472226,11095,398.5785360608695,29,78,8,0,17,94,4,0,19,0,96
2011-08-10 13:25:12,Normal,100,3,103,1177229,16836,4025456,44455,729.6607973592232,44,50,9,0,11,88,4,0,11,1,91
2011-08-10 13:25:13,Normal,92,0,92,1035483,3291,3633056,33834,546.8271777826087,38,49,5,0,12,78,0,2,6,0,86
2011-08-10 13:25:14,Normal,78,0,78,827113,25182,3045654,22881,314.5915855384615,23,50,5,0,12,65,1,0,11,0,67
2011-08-10 13:25:15,Normal,97,0,97,981582,17381,4006417,57817,931.5668912680413,38,49,10,0,9,85,3,0,11,0,86
2011-08-10 13:25:16,Normal,80,0,80,764627,15573,2755225,21341,687.8022711875001,30,45,5,0,10,69,1,0,13,1,66
2011-08-10 13:25:17,Normal,85,0,85,995669,1568,2850483,46956,581.0226629882353,37,40,8,0,16,68,1,0,17,1,67
2011-08-10 13:25:18,Normal,102,0,102,924052,3377,3883505,6776,434.0820377745098,34,58,10,0,5,96,1,0,7,4,91
2011-08-10 13:25:19,Normal,90,0,90,862681,2196,3459919,36096,395.03991883333333,35,47,8,0,9,77,2,2,18,0,72
2011-08-10 13:25:20,Normal,93,0,93,863609,19371,3564873,11274,596.5960194516127,33,51,9,0,6,82,5,0,11,1,80
2011-08-10 13:25:21,Attack,92,0,96,1225684,15577,3134955,13455,896.3345508541667,39,48,9,0,11,80,5,0,12,4,80
2011-08-10 13:25:22,Normal,86,3,89,938120,15142,3245139,38077,551.6405387528089,40,45,4,0,3,82,4,0,11,2,75
2011-08-10 13:25:23,Attack,93,0,95,654091,17521,4034077,22142,469.37464624210537,27,62,6,0,6,89,0,0,9,1,85
2011-08-10 13:25:24,Attack,122,0,123,1669534,4096,3601468,36552,752.3635863170732,42,68,13,0,25,94,3,1,32,2,88
2011-08-10 13:25:25,Normal,92,3,95,769206,17106,3221577,12086,349.63934087368426,27,59,9,0,9,81,3,2,9,4,80
2011-08-10 13:25:26,Attack,67,0,69,547808,17062,2463046,8689,429.49917437681154,31,33,5,0,6,59,2,2,12,0,56
2011-08-10 13:25:27,Normal,136,0,136,892833,20252,4944751,9747,340.3520406691176,28,102,6,0,30,102,4,0,51,0,85
2011-08-10 13:25:28,Attack,97,0,98,1078051,3529,3079537,41550,661.5842547346938,41,53,4,0,18,76,4,0,25,1,72
2011-08-10 13:25:29,Normal,105,0,105,1000890,16746,3575539,11017,758.9238832285714,49,51,5,0,6,96,3,0,9,2,94
2011-08-10 13:25:30,Attack,74,0,77,1046201,6885,2495277,15943,669.1703397922076,33,35,9,0,10,60,5,2,12,5,60
2011-08-10 13:25:31,Normal,112,0,112,1212030,16494,3986960,33539,455.58541409821424,43,63,6,0,10,99,1,2,11,3,98
2011-08-10 13:25:32,Attack,69,11,83,717966,17571,2984961,52211,681.3350554819277,33,44,6,0,8,72,3,0,14,0,68
2011-08-10 13:25:33,Attack,90,18,109,952249,17924,3927327,36163,330.1514313119266,34,64,11,0,11,95,3,0,17,3,89
2011-08-10 13:25:34,Normal,118,3,121,1009639,5791,4453643,59835,431.46375409090905,38,76,7,0,13,106,1,1,17,1,102
2011-08-10 13:25:35,Normal,86,0,86,1102066,15809,3032402,62370,919.1948463372096,38,40,8,0,10,72,4,0,5,2,77
2011-08-10 13:25:36,Normal,90,0,90,1170327,17275,3129073,32641,529.1633640111111,30,53,7,0,12,76,2,0,13,1,76
2011-08-10 13:25:37,Normal,71,0,71,786530,15780,2492067,36638,568.933563915493,38,30,3,0,3,67,1,0,8,0,63
2011-08-10 13:25:38,Normal,112,0,112,912524,7029,4041488,43653,765.8132290892855,38,70,4,0,12,94,6,0,14,1,96
2011-08-10 13:25:39,Normal,95,0,95,926433,2497,3294910,50641,666.027060305263,30,57,8,0,20,73,2,0,17,0,78
2011-08-10 13:25:40,Normal,124,0,124,927245,17431,5213190,11278,421.3247119435484,42,72,10,0,7,109,8,0,21,0,103
2011-08-10 13:25:41,Attack,142,0,258,1249054,10936,5872786,2077,211.70872159302326,47,202,9,0,33,123,102,0,21,0,236
2011-08-10 13:25:42,Attack,164,3,171,1514471,6824,6220178,54202,374.90216478947366,41,115,15,0,23,125,23,0,47,3,120
2011-08-10 13:25:43,Normal,113,0,113,1186266,21824,4705571,13371,521.8380376548672,34,69,10,0,15,91,7,0,27,1,85
2011-08-10 13:25:44,Attack,107,0,109,828653,6257,4425942,1662,417.25212967889905,26,74,9,0,11,97,1,0,11,0,98
2011-08-10 13:25:45,Attack,101,0,103,943915,18678,3584124,17842,507.81556024271845,36,59,8,0,14,79,10,0,28,0,74
2011-08-10 13:25:46,Attack,113,0,118,1105615,16507,4002731,1981,600.6650365254237,40,65,13,0,16,95,7,0,27,0,91
2011-08-10 13:25:47,Attack,249,0,255,913280,17004,10373890,49467,246.3607577607843,40,207,8,0,68,159,28,0,104,0,151
2011-08-10 13:25:48,Attack,151,0,158,997430,10104,5168781,2467,400.358802778481,32,116,10,0,28,124,6,0,39,1,118
2011-08-10 13:25:49,Attack,162,0,168,854704,22297,5988937,4584,260.70306742857144,34,127,7,0,36,120,12,0,42,1,125
2011-08-10 13:25:50,Attack,147,0,152,794462,8547,5380217,906,503.9431250197369,33,111,8,0,16,123,13,0,20,2,129
2011-08-10 13:25:51,Attack,89,0,92,627968,70156,3591039,1476,470.1194558369565,40,48,4,0,7,79,6,0,18,1,73
2011-08-10 13:25:52,Normal,144,3,147,686203,41508,5621770,21878,274.3119090748298,30,106,11,0,4,134,9,0,14,1,132
2011-08-10 13:25:53,Attack,115,0,117,982695,26327,4412922,55785,350.28106185470085,33,73,11,0,14,97,6,0,27,2,88
2011-08-10 13:25:54,Attack,121,2,125,1176330,4294,4314364,59685,422.521057856,48,72,5,0,15,106,4,0,15,3,107
2011-08-10 13:25:55,Normal,170,0,170,917027,13695,6707251,52703,345.1022887470588,36,128,6,0,19,138,13,0,34,1,134
2011-08-10 13:25:56,Normal,115,3,118,1008617,17896,4710606,57858,599.6696932288136,41,63,14,0,13,100,5,0,18,1,97
2011-08-10 13:25:57,Normal,179,0,179,1583808,9473,6859476,53126,400.8005073351955,46,126,7,0,20,149,10,0,24,2,153
2011-08-10 13:25:58,Normal,88,3,91,799932,16115,3486938,37865,701.2322265054945,33,50,8,0,4,81,6,0,9,0,82
2011-08-10 13:25:59,Normal,144,4,148,963326,7709,6021328,58061,402.58651741891896,37,107,4,0,21,122,5,0,29,0,119
2011-08-10 13:26:00,Normal,168,1,169,1994553,48155,6356644,14273,528.5435658461539,41,117,11,0,33,125,11,0,23,3,143
2011-08-10 13:26:01,Normal,106,21,127,1110286,19817,4492934,11023,437.1327366929135,29,89,9,0,26,93,8,0,24,1,102
2011-08-10 13:26:02,Normal,117,10,127,1558412,18502,4667892,56581,548.7409321811024,38,80,9,0,20,105,2,0,9,2,116
2011-08-10 13:26:03,Attack,106,0,107,965206,63927,3944555,25988,617.23363882243,38,63,6,0,13,91,3,0,16,0,90
2011-08-10 13:26:04,Normal,140,0,140,1683603,4565,5119283,45377,469.3843082,37,98,5,0,25,103,12,0,22,3,115
2011-08-10 13:26:05,Attack,134,0,138,1323383,71231,5343388,1836,495.3612637391305,43,83,12,0,14,117,7,0,22,1,115
2011-08-10 13:26:06,Attack,135,0,137,806368,19319,5374607,61653,430.1063493868613,34,99,4,0,23,109,5,0,31,0,106
2011-08-10 13:26:07,Normal,109,0,109,783646,3975,4024727,1680,450.14022001834854,35,68,6,0,12,85,12,0,17,1,91
2011-08-10 13:26:08,Attack,223,44,268,1184233,36225,11858604,56576,361.86335468656716,36,220,12,0,54,176,38,0,84,2,182
2011-08-10 13:26:09,Normal,133,2,135,598242,21275,5764051,8758,295.6783197111111,27,102,6,0,21,114,0,0,20,0,114
2011-08-10 13:26:10,Normal,101,5,106,961278,18817,3664541,48033,565.3085603113208,47,50,9,0,11,91,4,0,12,2,92
2011-08-10 13:26:11,Normal,113,0,113,1220447,18127,3935224,26124,659.4155463451326,37,68,8,0,18,92,3,0,13,1,99
2011-08-10 13:26:12,Attack,109,3,116,865859,19804,3891474,57578,386.93717334482767,34,76,6,0,13,98,5,0,16,2,98
2011-08-10 13:26:13,Normal,136,0,136,1221296,18104,5544629,67006,613.8304812132352,31,101,4,0,15,111,10,0,13,2,121
2011-08-10 13:26:14,Attack,122,0,123,1112408,10924,4475145,13363,530.1051348130081,44,69,10,0,17,103,3,0,15,0,108
2011-08-10 13:26:15,Attack,137,6,144,1593520,17581,5100058,30403,549.0012695555556,43,92,9,0,22,112,10,0,17,3,124
2011-08-10 13:26:16,Normal,100,0,100,990650,16964,3468230,4412,632.06478302,39,52,9,0,9,84,7,0,10,0,90
2011-08-10 13:26:17,Normal,124,0,124,1651182,5328,4106175,52839,571.3363147338708,37,80,7,0,26,93,5,0,12,0,112
2011-08-10 13:26:18,Normal,116,0,116,1739365,17292,3564993,57713,641.3961325862067,38,70,8,0,26,83,7,0,8,1,106
2011-08-10 13:26:19,Normal,163,0,163,788714,7873,5520967,26916,431.0953583312883,31,126,6,0,52,101,10,0,56,1,106
2011-08-10 13:26:20,Normal,124,0,124,1101987,5153,4709033,47353,275.76854623387095,26,91,7,0,17,96,11,0,25,3,96
2011-08-10 13:26:21,Normal,141,0,141,1892456,16488,4687555,26081,714.6943376312057,45,85,11,0,33,100,8,0,21,1,119
2011-08-10 13:26:22,Normal,131,3,134,1253948,7304,5170713,47312,432.39052452238803,32,94,8,0,19,106,9,0,16,3,115
2011-08-10 13:26:23,Normal,130,1,131,1086797,34389,5369526,13443,457.31346647328246,25,95,11,0,30,92,9,0,33,0,98
2011-08-10 13:26:24,Attack,140,0,142,1126569,12166,5549721,3466,713.3329880845071,43,90,9,0,36,101,4,1,35,0,106
2011-08-10 13:26:25,Normal,110,0,110,882737,18158,4448071,17360,449.60340403636366,31,76,3,0,18,89,1,2,16,3,89
2011-08-10 13:26:26,Attack,177,0,180,913483,22443,8049198,33983,334.49875882222227,36,140,4,0,12,159,8,1,23,2,153
2011-08-10 13:26:27,Attack,108,3,113,994453,68832,4532377,2658,466.2687784601771,38,71,4,0,16,94,3,0,13,3,97
2011-08-10 13:26:28,Normal,169,0,169,969766,7193,6921345,59724,265.7641639940829,45,111,13,0,10,149,9,1,26,2,140
2011-08-10 13:26:29,Normal,162,0,162,1889808,5291,5622502,44249,528.9797970864197,51,100,11,0,39,115,8,0,33,3,126
2011-08-10 13:26:30,Attack,132,0,133,1275523,5695,5143571,17496,334.3981656390977,45,81,7,0,27,98,8,0,26,3,104
2011-08-10 13:26:31,Attack,178,0,179,981654,9067,7192478,54138,348.43509029608936,36,140,3,0,42,127,10,0,44,0,135
2011-08-10 13:26:32,Normal,140,3,143,1421832,70894,5173704,16706,583.4368866153847,38,101,4,0,36,101,6,0,24,5,114
2011-08-10 13:26:33,Attack,156,0,158,597772,11024,7583795,22753,327.4991719620253,23,129,6,0,12,140,6,0,21,0,136
2011-08-10 13:26:34,Normal,140,0,140,1416647,59891,5422929,13363,579.5652633142855,35,100,5,0,23,111,6,0,14,0,126
2011-08-10 13:26:35,Attack,87,0,88,651357,5630,3723014,37801,300.83251563636367,34,52,2,0,6,75,7,0,13,2,73
2011-08-10 13:26:36,Normal,164,0,164,965903,19969,6639363,28141,323.16902853658536,38,116,10,0,12,141,11,0,16,2,146
2011-08-10 13:26:37,Normal,180,0,180,911833,24599,7947555,54119,267.02105970555556,48,125,7,0,53,113,14,0,71,2,107
2011-08-10 13:26:38,Normal,172,8,180,1229705,24902,7802888,6790,334.8983977888889,32,142,6,0,37,139,4,0,31,2,147
2011-08-10 13:26:39,Normal,146,0,146,871073,6076,6204555,55249,369.0463658219178,36,106,4,0,15,125,6,0,18,2,126
2011-08-10 13:26:40,Normal,186,0,186,1021579,27861,8166802,14134,374.58056282795695,40,138,8,0,26,157,3,0,24,1,161
2011-08-10 13:26:41,Normal,167,0,167,1119131,7132,7302937,55568,366.06131167065877,42,111,14,0,16,142,9,0,23,2,141
2011-08-10 13:26:42,Attack,138,3,381,870242,34270,6331895,18208,105.74913758267718,41,338,2,0,62,135,184,0,21,2,358
2011-08-10 13:26:43,Attack,139,0,146,957734,18236,5975188,19745,415.9598589863014,49,86,11,0,10,129,7,0,12,2,132
2011-08-10 13:26:44,Attack,211,0,212,1080815,9189,9586942,13459,292.06249897641504,43,160,9,0,39,151,22,0,58,1,153
2011-08-10 13:26:45,Attack,291,0,296,1255346,14093,13637037,60149,227.1608196722973,42,250,4,0,31,244,21,0,41,1,254
2011-08-10 13:26:46,Attack,159,0,176,926445,22000,6489030,12885,221.64750421590907,40,128,8,0,24,137,15,0,29,4,143
2011-08-10 13:26:47,Attack,223,0,226,970829,10899,10376199,2076,202.99562565486727,35,178,13,0,21,194,11,0,34,1,191
2011-08-10 13:26:48,Attack,117,0,132,824187,19773,4579393,6177,368.2060721969697,41,84,7,0,20,105,7,0,22,2,108
2011-08-10 13:26:49,Attack,101,0,114,987375,17221,3805190,53957,530.5755219035088,33,70,11,0,14,93,7,0,10,2,102
2011-08-10 13:26:50,Attack,88,0,109,832946,16467,3590766,12906,414.9164396972476,30,68,11,0,26,78,5,0,7,1,101
2011-08-10 13:26:51,Attack,109,0,111,835918,4686,4260005,37612,417.6202020900902,37,63,11,0,9,101,1,0,9,2,100
2011-08-10 13:26:52,Attack,130,3,137,1333151,20688,4749339,39496,461.48759147445253,31,103,3,0,41,88,8,0,33,1,103
2011-08-10 13:26:53,Attack,128,0,130,1272906,26244,4333097,32483,883.0783526076924,50,73,7,0,17,109,4,0,16,0,114
2011-08-10 13:26:54,Attack,130,21,155,1159855,27737,5663145,49091,257.19217737419353,37,110,8,0,41,106,8,0,50,4,100
2011-08-10 13:26:55,Attack,130,0,132,845050,18204,5094412,37083,259.194988060606,55,71,6,0,7,121,4,0,18,0,114
2011-08-10 13:26:56,Attack,110,0,115,630101,19722,4622194,8271,358.84811967826084,30,79,6,0,17,95,3,0,32,0,83
2011-08-10 13:26:57,Attack,92,0,98,737729,3013,3469008,45726,511.86163687755106,38,55,5,0,5,90,3,0,6,0,92
2011-08-10 13:26:58,Normal,90,3,93,847189,16450,3238393,49950,938.935705204301,38,49,6,0,4,86,3,0,7,0,86
2011-08-10 13:26:59,Attack,108,0,109,1284465,16532,3781905,64334,705.7568045779816,44,56,9,0,14,92,3,0,13,1,95
2011-08-10 13:27:00,Attack,112,0,114,908891,17607,4487508,4545,442.97471438596494,34,75,5,0,31,77,6,0,33,1,80
2011-08-10 13:27:01,Attack,229,0,230,1067754,24417,10836572,65909,255.4387487782609,28,193,9,0,14,207,9,0,17,2,211
2011-08-10 13:27:02,Attack,109,3,114,1096978,26213,4491258,59439,297.6432869824561,30,71,13,0,10,90,14,0,20,3,91
2011-08-10 13:27:03,Attack,102,0,105,1164958,18900,3946058,50886,529.543990895238,35,58,12,0,7,94,4,0,11,2,92
2011-08-10 13:27:04,Normal,105,2,107,1218121,12228,3842916,68194,550.1078529252335,39,59,9,0,10,89,8,0,10,5,92
2011-08-10 13:27:05,Attack,102,0,103,909406,23841,3629746,44791,467.2073148834951,28,69,6,0,14,77,12,0,25,1,77
2011-08-10 13:27:06,Attack,123,0,129,1111997,18574,4490086,56116,483.8507941627907,42,79,8,0,18,108,3,0,21,1,106
2011-08-10 13:27:07,Attack,113,0,114,1092243,17684,4284853,52629,648.9181989210526,37,64,13,0,21,87,6,0,19,1,94
2011-08-10 13:27:08,Attack,103,0,107,1688842,15750,3249666,16085,700.5171905794393,39,61,7,0,18,82,7,0,16,1,90
2011-08-10 13:27:09,Attack,83,0,85,805903,17177,3058084,17878,250.3028926588235,33,49,3,0,7,73,5,0,14,2,69
2011-08-10 13:27:10,Attack,94,0,96,976593,62272,3486778,65394,468.45446171875,31,62,3,0,11,82,3,0,12,2,82
2011-08-10 13:27:11,Attack,120,0,122,968894,18170,4497299,14474,489.6648014508196,32,81,9,0,17,102,3,0,13,2,107
2011-08-10 13:27:12,Attack,107,3,113,2057850,37688,3490851,49648,800.3768194336283,32,69,12,0,29,78,6,0,8,0,101
2011-08-10 13:27:13,Attack,112,0,115,995907,3427,4366522,51833,578.1434916173912,35,74,6,0,16,86,13,0,20,1,93
2011-08-10 13:27:14,Attack,96,0,99,1402061,15933,3403751,16853,709.0291046060607,33,54,12,0,24,66,9,0,21,3,74
2011-08-10 13:27:15,Attack,126,0,131,540236685,17201,4976989,21988,430.49863019083966,42,80,9,0,10,115,6,0,12,2,116
2011-08-10 13:27:16,Attack,94,0,95,672397,16982,3662468,64574,465.30515120000007,33,53,9,0,5,87,3,0,13,0,82
2011-08-10 13:27:17,Attack,97,0,99,738403,17630,3747266,34438,380.5441134343434,35,57,7,0,11,88,0,0,14,0,85
2011-08-10 13:27:18,Attack,91,0,92,540081492,15709,3237668,25811,667.4744185978261,41,42,9,0,10,76,6,0,9,1,80
2011-08-10 13:27:19,Attack,130,0,131,1115164,20475,5042413,32044,320.5700926641221,41,84,6,0,14,110,7,0,22,4,104
2011-08-10 13:27:20,Attack,78,7,88,628415,19296,3245637,3134,380.2487578749999,33,51,4,0,7,77,4,0,25,0,63
2011-08-10 13:27:21,Attack,173,9,183,985187,8542,7381080,41043,191.04869006557377,31,139,13,0,28,145,10,0,50,3,130
2011-08-10 13:27:22,Attack,80,10,91,662780,16860,3567765,48159,430.1778623076924,26,60,5,0,8,72,11,0,18,1,72
2011-08-10 13:27:23,Attack,106,0,107,897076,18992,4043344,42282,234.33216260747665,26,72,9,0,6,93,8,0,38,2,67
2011-08-10 13:27:24,Attack,177,0,178,1174518,8911,6867195,53027,324.3587507977528,38,129,11,0,9,157,11,1,23,2,152
2011-08-10 13:27:25,Attack,128,0,129,1307829,7294,4497057,46826,562.1015345658915,44,77,8,0,15,100,13,1,22,1,105
2011-08-10 13:27:26,Attack,134,0,135,891299,21925,4854662,10531,452.64317688888883,40,88,7,0,16,108,11,0,28,0,107
2011-08-10 13:27:27,Attack,109,0,114,1429073,17134,3367958,33648,823.3455359385965,34,73,7,0,36,70,8,0,29,0,84
2011-08-10 13:27:28,Attack,113,0,115,824031,18111,4121675,14165,307.6259893565217,23,83,9,0,19,84,12,0,30,2,82
2011-08-10 13:27:29,Attack,101,3,106,945186,15752,3441756,40745,417.93513670754714,34,67,5,0,9,93,3,1,20,1,84
2011-08-10 13:27:30,Attack,111,0,112,1026376,4199,3714132,60053,681.1409103125,42,59,11,0,12,94,4,2,22,2,87
2011-08-10 13:27:31,Attack,161,0,162,794690,22182,6465465,45029,239.38620388888887,39,111,12,0,16,140,6,0,24,0,137
2011-08-10 13:27:32,Attack,98,3,102,795265,5997,4294959,51796,348.90115112745093,39,57,6,0,10,88,4,0,17,1,84
2011-08-10 13:27:33,Attack,84,0,86,819571,16887,2922395,41988,512.9360069186046,34,42,10,0,10,73,2,1,13,2,70
2011-08-10 13:27:34,Attack,132,0,135,630664,6553,5446661,49829,276.51354037777776,29,101,5,0,17,111,7,0,29,0,106
2011-08-10 13:27:35,Attack,187,0,189,902773,24515,7909489,46505,229.44647331746035,31,154,4,0,51,132,6,0,54,0,134
2011-08-10 13:27:36,Attack,151,0,155,1030183,6998,5880630,63233,461.8165221419354,26,119,10,0,22,126,7,0,27,2,125
2011-08-10 13:27:37,Attack,86,0,89,713872,5059,2861363,40550,533.3431096741573,24,60,5,0,17,69,3,0,23,0,65
2011-08-10 13:27:38,Attack,130,0,227,1047536,10022,5411663,60295,259.1760227797357,41,174,12,0,23,110,92,2,19,2,206
2011-08-10 13:27:39,Attack,100,0,230,857267,10472,3736535,3053,234.23350905652168,34,189,7,0,40,108,82,0,10,1,219
2011-08-10 13:27:40,Attack,79,6,86,1044426,15992,3147405,33309,723.7186262906977,36,44,6,0,12,68,6,0,8,1,77
2011-08-10 13:27:41,Attack,154,5,161,783944,21019,6604833,34356,380.1144276459627,35,117,9,0,18,133,10,0,33,0,127
2011-08-10 13:27:42,Attack,115,3,350,1316584,15326,4457867,35780,160.42902616,42,303,5,0,60,123,167,0,28,1,320
2011-08-10 13:27:43,Attack,117,0,141,867619,19865,4507048,57576,425.0599208368795,44,93,4,0,22,108,11,0,15,1,125
2011-08-10 13:27:44,Attack,114,0,144,1080998,6466,4468984,56434,438.61017077777774,32,107,5,0,35,95,14,0,14,1,127
2011-08-10 13:27:45,Normal,101,0,101,1318093,2582,3127205,41687,478.09552653465346,30,64,7,0,8,87,6,0,14,3,83
2011-08-10 13:27:46,Attack,115,0,139,1225426,6782,4152487,13363,448.66555630935255,26,107,6,0,28,95,16,0,18,0,121
2011-08-10 13:27:47,Attack,98,0,105,1338373,3966,3206443,22,361.38400899047616,33,64,8,0,30,70,5,0,25,0,80
2011-08-10 13:27:48,Attack,101,0,122,1348044,16962,3252948,1024,671.3533630163936,37,78,7,0,32,83,7,0,19,0,102
2011-08-10 13:27:49,Attack,103,0,107,1300907,16883,3510311,65405,605.0713472149533,30,68,9,0,16,86,5,0,7,3,96
2011-08-10 13:27:50,Attack,103,0,113,1107179,18073,3724549,57418,440.32246305309735,37,66,10,0,13,92,8,0,16,4,93
2011-08-10 13:27:51,Attack,175,1,187,806513,8445,7567038,15008,148.03649817647062,32,149,6,0,46,135,6,0,42,2,143
2011-08-10 13:27:52,Attack,141,9,171,1003654,14680,5492878,4763,432.6885223801169,37,128,6,0,43,118,10,0,33,0,136
2011-08-10 13:27:53,Attack,162,10,196,1230707,11629,6389768,2850,177.94951055612242,46,142,8,0,59,128,9,0,50,1,145
2011-08-10 13:27:54,Attack,108,0,126,891029,5200,3563704,64777,486.86117475396827,24,93,9,0,47,75,4,0,29,0,97
2011-08-10 13:27:55,Attack,129,0,132,1611218,5401,4419301,23132,525.33391875,31,90,11,0,31,91,10,0,26,3,102
2011-08-10 13:27:56,Attack,94,0,96,1043097,19090,3380629,56285,579.9255479166667,38,53,5,0,12,79,5,0,12,1,82
2011-08-10 13:27:57,Attack,98,0,100,1157245,2431,3493095,48329,800.12762124,31,63,6,0,20,76,4,0,11,0,89
2011-08-10 13:27:58,Attack,96,0,97,792909,16556,3609693,66098,485.2337860412371,38,53,6,0,5,87,5,0,9,1,87
2011-08-10 13:27:59,Attack,115,3,121,1337494,15994,4117395,57260,643.3895188347108,47,70,4,0,15,99,7,0,9,4,107
2011-08-10 13:28:00,Attack,118,0,120,1508887,3738,4233440,48051,567.9593993583334,46,69,5,0,19,96,5,0,11,1,107
2011-08-10 13:28:01,Attack,138,0,142,797021,6133,5524486,40538,388.6951021690141,35,102,5,0,24,115,3,0,27,3,111
2011-08-10 13:28:02,Attack,98,5,105,850131,5543,3667421,43788,458.0618930190476,24,77,4,0,16,82,7,0,16,4,84
2011-08-10 13:28:03,Attack,113,0,115,915988,19469,4098114,65190,439.64432389565224,40,67,8,0,16,95,4,0,17,2,96
2011-08-10 13:28:04,Attack,120,0,122,900087,4059,4051855,3573,381.8456876557378,35,80,7,0,16,102,4,0,17,3,102
2011-08-10 13:28:05,Attack,110,0,112,1100914,16374,3722016,28062,478.721792875,41,65,6,0,13,90,9,0,17,1,94
2011-08-10 13:28:06,Attack,99,0,101,733386,17542,3842384,19110,544.0671604851484,27,67,7,0,13,83,5,0,24,1,74
2011-08-10 13:28:07,Attack,101,0,102,831133,3516,3931975,60760,373.00398740196084,37,58,7,0,10,85,7,0,14,2,86
2011-08-10 13:28:08,Attack,94,0,95,942587,16479,3643240,48341,286.34987992631585,35,54,6,0,17,77,1,0,16,0,79
2011-08-10 13:28:09,Attack,77,0,81,872238,16076,3018781,43550,525.0028691975309,32,39,10,0,9,70,2,0,10,1,70
2011-08-10 13:28:10,Attack,119,5,127,1471529,10058,4203090,15164,652.1896991181103,43,75,9,0,19,104,4,0,14,3,108
2011-08-10 13:28:11,Attack,104,4,110,1687331,21824,3496729,59584,569.5252325363637,24,84,2,0,39,65,6,0,32,2,75
2011-08-10 13:28:12,Attack,92,3,98,785975,19062,3585392,62830,384.0839205204082,35,58,5,0,8,85,5,0,15,3,80
2011-08-10 13:28:13,Attack,111,2,116,787762,18419,3829645,14664,391.20295230172405,34,73,9,0,24,84,8,0,29,1,85
2011-08-10 13:28:14,Attack,115,0,117,727598,5340,4486784,51020,452.0366101025641,28,81,8,0,16,96,5,0,19,1,96
2011-08-10 13:28:15,Attack,105,0,107,952601,8486,4338374,51022,497.6392481214953,33,63,11,0,29,73,5,0,26,1,79
2011-08-10 13:28:16,Attack,120,0,121,833006,17328,4218176,52388,415.55107815702473,44,73,4,0,20,96,5,0,27,0,94
2011-08-10 13:28:17,Attack,126,0,130,1316875,20606,4513904,41708,468.7291062769231,46,78,6,0,22,102,6,0,23,1,106
2011-08-10 13:28:18,Attack,86,0,91,788339,3918,2826056,34105,668.91391510989,28,55,8,0,14,73,4,0,12,0,77
2011-08-10 13:28:19,Attack,126,0,128,1451805,17350,4167050,26822,515.0220751562499,28,90,10,0,34,87,7,0,27,3,97
2011-08-10 13:28:20,Attack,84,0,86,897863,31584,2899266,22881,776.8435173488372,34,49,3,0,12,71,3,0,7,0,79
2011-08-10 13:28:21,Attack,129,0,131,1074482,20962,5152181,14874,319.2193229236641,44,77,10,0,16,111,4,0,23,1,107
2011-08-10 13:28:22,Attack,265,3,270,1422179,24694,11547513,62604,216.99422639629626,39,226,5,0,37,221,12,0,37,1,232
2011-08-10 13:28:23,Attack,82,0,83,933105,2196,2895775,50830,763.470136939759,32,39,12,0,7,72,4,0,15,4,63
2011-08-10 13:28:24,Attack,107,0,111,1242197,17122,3569220,35283,656.4577251441441,38,64,9,0,14,95,2,0,12,3,96
2011-08-10 13:28:25,Attack,93,0,96,1005277,16966,3187605,65447,679.5380520729167,45,47,4,0,11,78,6,1,13,1,81
2011-08-10 13:28:26,Attack,98,0,100,1022164,4334,3653854,767,497.98827796,35,56,9,0,13,80,3,4,12,1,81
2011-08-10 13:28:27,Attack,138,0,141,1032253,18856,4735163,33997,306.0736206950355,39,97,5,0,31,104,6,0,35,0,105
2011-08-10 13:28:28,Attack,102,0,103,1136854,15670,3562668,20857,714.3599133398058,36,61,6,0,10,87,6,0,9,0,94
2011-08-10 13:28:29,Attack,74,3,78,1046639,16302,2723592,30731,407.910741551282,34,35,9,0,4,66,8,0,11,2,65
2011-08-10 13:28:30,Attack,160,0,165,1129593,20883,6050115,12562,287.43553944848486,34,125,6,0,30,125,10,0,36,5,124
2011-08-10 13:28:31,Attack,146,0,148,933375,19205,5885230,50665,301.6843684662162,52,91,5,0,15,126,7,0,32,0,116
2011-08-10 13:28:32,Attack,87,3,94,1295762,52217,3388004,46278,569.9776085,31,62,1,0,14,73,7,0,14,1,79
2011-08-10 13:28:33,Attack,87,0,92,942834,16644,3568689,52934,456.4981700434783,40,46,6,0,8,79,5,0,9,0,83
2011-08-10 13:28:34,Attack,100,0,101,786399,3529,3728429,2317,403.1925623465346,31,62,8,0,9,84,8,0,23,0,77
2011-08-10 13:28:35,Attack,82,0,84,738838,3708,3224686,2848,372.14190245238086,32,46,6,0,5,78,1,0,8,1,75
2011-08-10 13:28:36,Attack,93,0,96,879452,4206,3474429,2077,576.4933908645834,39,51,6,0,16,77,3,0,17,0,79
2011-08-10 13:28:37,Attack,155,0,159,950768,19652,6167709,27712,243.3231744779875,29,122,8,0,23,133,3,0,27,0,132
2011-08-10 13:28:38,Attack,87,0,135,825511,5970,3507110,43524,282.3640598148148,26,103,6,0,14,76,45,0,14,2,117
2011-08-10 13:28:39,Attack,109,0,270,1238735,11595,4123798,2850,233.98515466296294,44,219,7,0,40,128,102,0,19,1,250
2011-08-10 13:28:40,Attack,122,0,128,1054651,7400,4521849,61626,621.776084390625,36,84,8,0,10,105,13,0,18,1,109
2011-08-10 13:28:41,Attack,104,0,107,1081080,19144,3723491,7275,749.2722347102805,36,58,13,0,11,89,7,0,15,2,89
2011-08-10 13:28:42,Attack,91,3,97,833309,16673,3724223,48122,641.4350814845362,32,49,16,0,10,76,11,0,8,1,88
2011-08-10 13:28:43,Attack,103,0,310,984156,27766,3638971,30157,174.25212876129032,24,277,9,0,56,113,141,0,17,3,290
2011-08-10 13:28:44,Attack,103,0,120,1022670,4838,3115231,64433,425.13340265833335,34,76,10,0,21,87,12,0,19,1,100
2011-08-10 13:28:45,Attack,114,0,124,1222091,3806,4012541,2971,657.565889596774,38,78,8,0,23,88,12,1,17,1,104
2011-08-10 13:28:46,Attack,154,0,159,1395804,22190,5819031,30513,361.3658637044025,45,104,10,0,55,100,4,0,54,2,103
2011-08-10 13:28:47,Attack,144,2,149,1072950,6365,5543707,5218,426.38193543624163,37,99,13,0,15,128,6,0,23,1,125
2011-08-10 13:28:48,Attack,124,0,126,1241721,18710,4155347,19696,622.2664023492064,37,84,5,0,24,93,9,0,21,1,104
2011-08-10 13:28:49,Normal,91,0,91,1011978,16314,3399175,58776,614.7397183186813,34,49,8,0,8,80,3,0,12,2,77
2011-08-10 13:28:50,Attack,105,0,116,1147026,14985,3540091,6881,545.1374321293105,39,73,4,0,18,89,9,0,18,0,98
2011-08-10 13:28:51,Attack,105,0,108,1232129,18324,3964294,6528,379.59592933333334,38,60,10,0,19,86,3,0,28,2,78
2011-08-10 13:28:52,Attack,122,3,135,1401287,64103,4518085,21831,566.6484820888888,59,67,9,0,19,112,4,0,14,4,117
2011-08-10 13:28:53,Attack,152,0,162,740022,7647,6195299,48927,347.27003812962965,39,120,3,0,24,123,15,0,34,5,123
2011-08-10 13:28:54,Attack,161,0,180,1447181,21729,5859441,6926,450.2167408388889,44,131,5,0,33,132,15,0,23,0,157
2011-08-10 13:28:55,Attack,128,0,140,1332612,18407,4586325,20226,492.2566106071429,42,85,13,0,24,109,7,0,19,5,116
2011-08-10 13:28:56,Attack,144,0,150,1159747,20297,5318420,17347,357.12287122,29,116,5,0,26,105,19,0,33,1,115
2011-08-10 13:28:57,Attack,152,0,155,1037165,22247,5814462,52566,380.48750853548387,43,108,4,0,28,116,11,0,44,2,109
2011-08-10 13:28:58,Attack,138,0,141,1159170,19901,5750775,28429,289.86446136879437,41,94,6,0,11,127,3,0,16,3,122
2011-08-10 13:28:59,Attack,101,0,104,1266905,16360,3180795,27179,670.5554868653846,36,60,8,0,15,85,4,0,25,2,77
2011-08-10 13:29:00,Attack,103,3,111,1150296,3575,3903433,21975,407.3225349099098,30,73,8,0,17,89,5,0,22,2,86
2011-08-10 13:29:01,Normal,247,0,247,1209994,53187,11973377,13363,275.3932461700405,54,189,4,0,10,235,2,0,17,0,230
2011-08-10 13:29:02,Attack,115,3,123,1544975,4122,4125022,42276,648.954516504065,43,70,10,0,23,95,5,0,15,2,105
2011-08-10 13:29:03,Attack,148,0,152,1572008,20993,5484096,54727,376.94942855263156,43,94,15,0,17,130,5,0,24,6,122
2011-08-10 13:29:04,Attack,163,3,170,1207208,40136,6647203,3388,309.58413990588235,34,128,8,0,33,130,7,0,36,1,133
2011-08-10 13:29:05,Attack,167,0,169,1099039,8907,5781123,35915,462.9394373846154,31,136,2,0,59,92,18,0,69,1,98
2011-08-10 13:29:06,Normal,107,0,107,1043536,19279,4082836,61043,517.3450326915888,41,55,11,0,7,93,7,0,12,3,91
2011-08-10 13:29:07,Attack,109,5,117,1337827,17267,4443430,61697,385.23195572649564,32,77,8,0,20,89,8,0,14,2,101
2011-08-10 13:29:08,Attack,115,71,188,809781,21707,7835428,32051,284.2968396702127,35,140,13,0,10,166,12,0,23,1,164
2011-08-10 13:29:09,Attack,121,13,135,798003,5181,5489482,48892,365.8947329185185,26,101,8,0,17,112,6,0,14,2,118
2011-08-10 13:29:10,Attack,104,14,122,972438,4643,4391056,48635,350.10343244262293,33,86,3,0,21,85,16,0,29,2,91
2011-08-10 13:29:11,Normal,195,32,227,1216639,67957,10326455,14904,168.03237426872244,27,187,13,0,25,197,5,0,23,3,201
2011-08-10 13:29:12,Attack,96,15,115,857953,17784,4332798,63608,317.7352981130435,28,78,9,0,17,93,5,0,14,2,99
2011-08-10 13:29:13,Attack,125,0,127,1113142,7246,4414626,62678,413.79397249606296,23,94,10,0,23,92,12,0,28,3,96
2011-08-10 13:29:14,Attack,127,2,131,1176338,17694,5011594,15858,452.7766673358778,39,86,6,0,11,112,8,0,12,4,115
2011-08-10 13:29:15,Attack,109,0,115,1157389,17315,4113477,57393,541.1842872521739,43,68,4,0,9,101,5,0,8,3,103
2011-08-10 13:29:16,Normal,98,0,98,1177333,17250,3582717,7634,684.9748549591837,43,46,9,0,8,82,8,0,16,1,81
2011-08-10 13:29:17,Attack,101,0,104,920599,20031,3448595,5625,525.8879392211537,28,72,4,0,19,75,10,0,24,1,79
2011-08-10 13:29:18,Attack,177,0,181,1257593,7257,6710580,37102,434.50087389502767,48,128,5,0,26,144,11,0,33,0,148
2011-08-10 13:29:19,Attack,177,0,180,1279764,10743,6670576,41537,427.09027467222217,49,124,7,0,45,124,11,0,53,1,126
2011-08-10 13:29:20,Attack,84,0,85,939285,3208,2693215,52690,567.7192880352942,42,34,9,0,9,74,2,0,10,1,74
2011-08-10 13:29:21,Attack,109,0,110,1044270,4505,3777876,15245,506.5467089636362,33,69,8,0,13,93,4,0,16,1,93
2011-08-10 13:29:22,Attack,117,4,123,1143669,3632,3964371,50218,467.66930942276423,50,66,7,0,18,102,3,0,17,4,102
2011-08-10 13:29:23,Attack,118,5,126,1240040,18544,4137116,7583,490.7104578253968,40,80,6,0,13,103,10,0,22,4,100
2011-08-10 13:29:24,Attack,111,0,114,1360567,16916,3279691,26071,506.5185381842105,33,76,5,0,26,78,10,0,25,5,84
2011-08-10 13:29:25,Attack,114,0,117,1199407,17225,4133806,5346,745.1992145299145,38,71,8,0,20,91,5,1,16,1,99
2011-08-10 13:29:26,Normal,130,0,130,1646224,19179,4189808,15932,700.5204997230769,47,78,5,0,24,98,7,1,11,2,116
2011-08-10 13:29:27,Attack,111,6,119,1288445,17109,4060656,29589,530.4841507058823,36,74,9,0,30,83,6,0,19,4,94
2011-08-10 13:29:28,Attack,91,0,92,961715,30454,3370959,59120,521.5497146195652,32,52,8,0,13,76,3,0,14,2,76
2011-08-10 13:29:29,Attack,119,0,120,1115626,19389,4517495,23155,447.1815993250001,44,66,10,0,18,94,6,2,21,1,96
2011-08-10 13:29:30,Attack,97,0,98,1263036,15526,3544631,43677,628.735225112245,36,54,8,0,14,81,2,1,6,1,90
2011-08-10 13:29:31,Attack,94,3,101,1153904,16487,3402454,18501,664.1872488217821,32,63,6,0,18,79,4,0,16,0,85
2011-08-10 13:29:32,Normal,98,3,101,1047375,17111,3795237,23826,673.7940076930693,39,57,5,0,12,86,3,0,17,0,84
2011-08-10 13:29:33,Attack,121,0,124,1384050,17655,4346915,16318,639.9970333548388,46,63,15,0,12,108,4,0,11,1,111
2011-08-10 13:29:34,Normal,117,3,120,1107625,4246,4483714,55689,491.8330410749999,43,68,9,0,9,107,4,0,13,1,106
2011-08-10 13:29:35,Attack,88,0,89,945302,15956,3071392,11494,565.1811626404494,37,48,4,0,8,75,6,0,15,1,73
2011-08-10 13:29:36,Attack,82,6,93,943749,3165,3118878,51623,580.1113950860215,26,61,6,0,15,71,7,0,13,1,79
2011-08-10 13:29:37,Attack,100,0,101,973388,16504,3775746,18978,453.9131682871288,40,56,5,0,6,92,3,0,11,0,90
2011-08-10 13:29:38,Attack,92,0,96,1007272,16472,3597017,45189,769.9600459166668,40,45,11,0,7,87,2,0,2,1,93
2011-08-10 13:29:39,Attack,129,0,165,1393115,18646,4820152,32232,474.2528958363637,50,109,6,0,16,114,35,0,11,1,153
2011-08-10 13:29:40,Attack,121,0,321,869942,17162,5117592,5162,129.47525660124612,37,277,7,0,59,138,124,0,35,5,281
2011-08-10 13:29:41,Attack,99,0,109,1439672,16589,3209812,31081,425.3936514128441,32,72,5,0,21,78,10,0,9,5,94
2011-08-10 13:29:42,Attack,155,3,159,899844,19744,7035559,20957,303.018764062893,33,112,14,0,11,146,2,0,12,3,144
2011-08-10 13:29:43,Attack,88,0,94,801872,15671,3092093,17057,526.2950557978724,32,55,7,0,6,86,2,0,9,3,82
2011-08-10 13:29:44,Attack,96,0,98,844094,17767,3534497,64128,445.97160730612256,26,61,11,0,16,77,5,0,14,5,79
2011-08-10 13:29:45,Attack,81,0,87,971019,58841,3019613,14214,588.9766716666667,37,47,3,0,10,75,2,0,8,1,78
2011-08-10 13:29:46,Attack,160,0,163,1212460,19769,6090036,27758,407.6706825766871,36,124,3,0,30,130,3,0,23,0,139
2011-08-10 13:29:47,Attack,134,0,140,1225465,5701,5351934,52387,520.3120218285713,44,87,9,0,25,107,8,0,19,2,118
2011-08-10 13:29:48,Attack,112,0,114,1181714,18248,4136373,42757,650.0866484210526,41,65,8,0,18,94,2,0,16,1,97
2011-08-10 13:29:49,Attack,101,0,102,943502,24382,4175198,14134,387.3115019803922,31,60,11,0,10,87,5,0,18,1,83
2011-08-10 13:29:50,Attack,149,0,150,815543,8059,6123567,51439,327.99052622,31,112,7,0,23,113,14,0,39,1,110
2011-08-10 13:29:51,Attack,142,0,145,1146989,8195,5379788,2159,376.6194795862069,42,92,11,0,14,124,7,0,20,1,124
2011-08-10 13:29:52,Attack,149,3,155,1411914,5964,5630059,2858,522.1758555741935,41,107,7,0,24,120,11,0,22,2,131
2011-08-10 13:29:53,Attack,88,0,90,1233241,57023,3110334,14214,699.7835348777778,35,49,6,0,16,68,6,0,15,1,74
2011-08-10 13:29:54,Attack,105,0,111,647379,17963,4567347,55500,313.69986369369366,33,74,4,0,16,90,5,0,18,0,92
2011-08-10 13:29:55,Attack,129,0,131,890098,18687,5195628,33574,377.33592289312975,36,90,5,0,17,105,9,0,27,2,102
2011-08-10 13:29:56,Attack,101,0,105,1148939,16556,3328898,58744,754.7649464285715,42,53,10,0,14,82,9,0,24,0,80
2011-08-10 13:29:57,Attack,108,0,110,815935,4796,4312986,51889,483.4384145545455,38,65,7,0,15,94,1,0,17,0,93
2011-08-10 13:29:58,Attack,92,0,96,1198906,16478,3243038,8741,561.8560895625,33,57,6,0,15,78,3,0,11,1,84
2011-08-10 13:29:59,Attack,81,0,83,1099347,15859,3268375,17537,849.0777002650603,34,42,7,0,13,68,2,0,9,0,74
2011-08-10 13:30:00,Attack,102,2,109,1307587,3059,3755672,47427,675.4333200458716,34,68,7,0,16,89,4,0,7,2,100
2011-08-10 13:30:01,Attack,130,3,137,1158497,30548,5201732,17476,556.8396482189783,41,91,5,0,16,118,3,0,12,3,122
2011-08-10 13:30:02,Attack,104,3,108,878096,17894,4059574,48757,653.8406335833334,37,64,7,0,7,97,4,0,12,1,95
2011-08-10 13:30:03,Attack,105,0,111,915800,17141,4185686,56020,388.5393341981982,42,62,7,0,10,100,1,0,12,1,98
2011-08-10 13:30:04,Attack,107,0,108,1026725,17028,3781867,55331,455.90190250925923,46,50,12,0,9,98,1,0,12,2,94
2011-08-10 13:30:05,Attack,103,0,105,704756,3928,4112651,35803,417.3815211333333,29,63,13,0,7,92,5,1,13,2,90
2011-08-10 13:30:06,Normal,146,0,146,1067406,5980,4644673,55844,503.3402104452054,40,98,8,0,27,113,6,0,32,1,113
2011-08-10 13:30:07,Attack,113,37,154,1041685,20242,5849303,47634,357.1584112727272,32,110,12,0,17,130,7,0,22,2,130
2011-08-10 13:30:08,Attack,93,7,103,922493,17242,3697900,43830,656.0175037669902,48,52,3,0,10,88,5,0,16,2,84
2011-08-10 13:30:09,Attack,129,2,132,1359067,17851,4727465,18702,519.5457707575757,31,92,9,0,20,111,1,0,14,1,117
2011-08-10 13:30:10,Attack,119,1,121,807946,19229,4438915,1882,453.7588178677685,39,76,6,0,21,100,0,0,29,1,91
2011-08-10 13:30:11,Attack,119,3,124,1641229,4216,3850818,4545,571.1096279919356,45,69,10,0,23,93,8,0,25,2,97
2011-08-10 13:30:12,Attack,109,3,115,1269662,23120,3354602,13897,630.4985160347826,44,61,10,0,20,89,6,0,15,4,96
2011-08-10 13:30:13,Normal,100,4,104,1009542,16701,3913941,62678,526.4046503076922,33,62,9,0,10,84,10,0,16,2,86
2011-08-10 13:30:14,Attack,98,2,103,1347767,4244,3408255,48662,466.1083630194174,33,62,8,0,27,71,5,0,26,1,76
2011-08-10 13:30:15,Attack,102,0,105,1161824,17606,3418605,30947,568.0693405047618,38,64,3,0,15,88,2,0,15,1,89
2011-08-10 13:30:16,Attack,120,0,123,773274,20662,4256750,26835,318.12072821951216,31,86,6,0,14,101,8,0,34,0,89
2011-08-10 13:30:17,Attack,150,0,154,769240,23603,5020199,19315,245.95460250649356,25,122,7,0,26,114,14,0,46,3,105
2011-08-10 13:30:18,Attack,96,6,103,976984,5737,3910839,55070,580.8968526990292,33,64,6,0,11,83,7,2,13,3,86
2011-08-10 13:30:19,Attack,103,0,105,1025672,17424,3712070,16860,760.666924142857,31,70,4,0,14,87,4,0,8,1,96
2011-08-10 13:30:20,Attack,90,0,92,1079644,15116,3034778,25375,559.3667412608695,30,52,10,0,11,78,3,0,10,4,78
2011-08-10 13:30:21,Attack,100,0,104,989428,16682,3281549,32371,495.08241619230773,31,61,12,0,11,89,4,0,13,1,90
2011-08-10 13:30:22,Attack,97,3,104,855658,15723,3462836,40589,572.2427833365384,39,56,9,0,11,90,3,0,12,0,92
2011-08-10 13:30:23,Attack,93,0,95,999357,15989,3100460,56369,656.5113293789474,44,48,3,0,12,81,2,0,8,1,85
2011-08-10 13:30:24,Attack,83,0,86,923578,15369,3055129,27188,631.7474144883722,35,45,6,0,7,76,3,0,3,1,82
2011-08-10 13:30:25,Attack,114,0,115,1012332,6240,4144708,44438,620.5702465043478,42,60,13,0,10,103,1,1,20,0,94
2011-08-10 13:30:26,Attack,110,0,112,1300042,16785,3285541,11928,726.0019777589285,43,63,6,0,18,87,5,2,11,2,97
2011-08-10 13:30:27,Attack,104,0,106,824931,7231,3471941,4555,530.7786045471698,44,54,8,0,16,88,1,1,24,0,81
2011-08-10 13:30:28,Attack,85,0,86,1106371,15966,3200205,50668,693.9700631744188,47,37,2,0,6,78,2,0,12,1,71
2011-08-10 13:30:29,Attack,97,0,100,922698,5436,3593317,52758,434.5101761,32,58,10,0,10,89,1,0,11,1,88
2011-08-10 13:30:30,Normal,101,0,101,1125075,17004,3750058,8711,503.83347344554454,33,57,11,0,10,89,2,0,15,4,82
2011-08-10 13:30:31,Attack,97,0,103,973630,15957,3731663,50227,603.3521579514563,35,56,12,0,11,88,2,2,8,3,91
2011-08-10 13:30:32,Attack,91,6,98,1363546,16342,3178264,10997,588.0663812653062,37,53,8,0,14,80,4,0,19,2,75
2011-08-10 13:30:33,Attack,103,0,104,1422088,2461,3903979,49799,574.6376051634616,34,65,5,0,12,88,4,0,4,2,97
2011-08-10 13:30:34,Attack,91,0,92,1168449,16658,3270338,56551,819.6796008152172,31,55,6,0,11,77,4,0,11,3,78
2011-08-10 13:30:35,Attack,117,0,120,826691,20237,3106016,63008,390.46571493333335,30,83,7,0,5,109,6,0,46,0,74
2011-08-10 13:30:36,Attack,99,0,101,796386,5030,3364181,1145,585.4826691188119,33,60,8,0,12,86,3,0,28,0,73
2011-08-10 13:30:37,Attack,92,0,93,987371,61397,3351380,40142,682.8793169892473,44,43,6,0,13,76,4,0,17,2,74
2011-08-10 13:30:38,Attack,105,0,110,1701384,15968,3504209,11591,576.9767525999999,33,65,12,0,22,79,9,0,15,3,92
2011-08-10 13:30:39,Attack,95,0,97,1117765,4802,3718148,4033,439.4565809587629,39,49,9,0,17,76,4,0,19,3,75
2011-08-10 13:30:40,Attack,113,0,324,1024086,15307,4648080,3621,162.88144727469137,35,284,5,0,33,127,164,0,17,2,305
2011-08-10 13:30:41,Attack,91,0,264,1166757,11329,3784566,2079,214.17921493181817,41,214,9,0,47,116,101,0,12,0,252
2011-08-10 13:30:42,Attack,79,3,111,782284,18111,3225548,61982,444.6587261441441,36,70,5,0,26,79,6,0,8,1,102
2011-08-10 13:30:43,Attack,95,0,102,935857,2990,3398405,49937,365.7642428823529,30,62,10,0,14,85,3,0,11,1,90
2011-08-10 13:30:44,Attack,94,0,95,730392,18719,3522035,50119,442.4841738631579,35,54,6,0,6,86,3,0,13,0,82
2011-08-10 13:30:45,Attack,89,0,95,1066187,3577,3237597,60685,727.6566219368419,36,49,10,0,16,78,1,0,12,1,82
2011-08-10 13:30:46,Attack,85,0,90,841367,2912,2736417,57049,384.34830461111113,28,56,5,0,15,68,6,0,15,0,74
2011-08-10 13:30:47,Attack,108,0,111,967973,41593,3926678,13363,461.8845158108108,44,63,4,0,10,100,1,0,15,0,96
2011-08-10 13:30:48,Attack,123,0,140,922492,20118,4845005,45680,295.43499909999997,36,99,5,0,18,102,20,0,26,0,114
2011-08-10 13:30:49,Attack,105,0,111,1063169,53898,3865969,2473,555.4874006756758,46,57,8,0,14,95,2,0,20,3,87
2011-08-10 13:30:50,Attack,125,0,126,899450,18957,4939883,43811,472.84553467460324,37,79,10,0,15,110,1,0,21,0,105
2011-08-10 13:30:51,Attack,92,0,93,821179,4004,3801128,51345,516.1310368387096,35,51,7,0,9,82,2,0,8,1,84
2011-08-10 13:30:52,Attack,135,3,139,1767817,18117,5664092,64246,704.8413309856115,38,96,5,0,29,105,5,0,20,3,116
2011-08-10 13:30:53,Attack,91,0,93,1210011,1968,3530480,56341,399.6079679462365,28,55,10,0,9,79,5,0,10,1,82
2011-08-10 13:30:54,Attack,139,0,143,1011572,18248,5492081,43037,350.38281117482524,42,87,14,0,6,126,11,0,14,1,126
2011-08-10 13:30:55,Attack,143,0,145,719462,67630,5754129,46571,316.8102924827586,29,111,5,0,10,123,12,0,25,0,120
2011-08-10 13:30:56,Attack,156,0,160,1438106,6591,5483528,33545,364.19787320000006,22,129,9,0,28,122,10,0,25,1,134
2011-08-10 13:30:57,Attack,129,0,130,1031195,19089,4821064,11783,344.95241368461535,47,74,9,0,13,110,7,0,25,1,104
2011-08-10 13:30:58,Attack,111,0,112,1136807,18515,4731697,63921,647.9451572589286,42,67,3,0,33,72,7,0,41,0,71
2011-08-10 13:30:59,Attack,106,0,114,999006,5385,3832695,36407,446.97464222807014,38,64,12,0,13,96,5,0,16,1,97
2011-08-10 13:31:00,Attack,134,0,137,1028252,17577,5185250,49231,370.16523523357665,31,95,11,0,9,126,2,0,7,3,127
2011-08-10 13:31:01,Attack,352,0,353,1277531,18386,16795756,63026,206.9341501898017,37,310,6,0,27,325,1,0,23,2,328
2011-08-10 13:31:02,Attack,97,3,102,814155,59107,3850754,29338,483.62896727450976,38,60,4,0,5,92,5,0,12,1,89
2011-08-10 13:31:03,Attack,97,3,102,913937,17398,3699709,49120,576.6410781568627,39,46,17,0,4,93,5,0,17,1,84
2011-08-10 13:31:04,Attack,93,0,98,872957,17400,3821672,65429,576.2974667142857,28,63,7,0,9,87,2,0,11,1,86
2011-08-10 13:31:05,Attack,106,0,109,818037,6068,3821687,43570,759.5137265779817,28,78,3,0,22,87,0,0,21,0,87
2011-08-10 13:31:06,Attack,102,0,106,888741,6707,4189807,42540,388.68311405660376,35,63,8,0,12,88,6,0,23,0,83
2011-08-10 13:31:07,Normal,104,0,104,990729,16554,4071677,19959,485.17383620192317,30,68,6,0,14,89,1,0,12,0,92
2011-08-10 13:31:08,Attack,75,0,77,684349,16797,2953168,43620,504.84659587012993,36,32,9,0,4,70,3,0,11,0,66
2011-08-10 13:31:09,Attack,121,0,125,920237,19118,4666646,55499,539.9166713679999,40,79,6,0,20,105,0,0,22,0,102
2011-08-10 13:31:10,Attack,91,0,92,899817,9016,3191729,14134,573.9652076304347,34,51,7,0,10,80,2,0,9,1,82
2011-08-10 13:31:11,Attack,118,0,121,1016155,5335,4522882,50909,428.8085709834711,25,88,8,0,15,104,2,0,9,1,110
2011-08-10 13:31:12,Attack,107,3,112,1234519,3934,4052982,42812,520.2382007857144,36,63,13,0,18,91,3,0,17,2,93
2011-08-10 13:31:13,Attack,88,0,90,959618,4308,2837049,60934,743.2367348111112,38,46,6,0,8,81,1,0,14,2,74
2011-08-10 13:31:14,Attack,93,0,94,1097959,15140,3262020,57353,618.0855844468083,38,49,7,0,9,81,4,0,9,2,83
2011-08-10 13:31:15,Attack,57,0,59,501136,15080,2030925,18174,531.6141748644068,21,28,10,0,4,54,1,0,8,0,51
2011-08-10 13:31:16,Attack,80,0,81,586975,16184,3329711,64688,594.2812935925928,27,48,6,0,4,73,4,0,10,0,71
2011-08-10 13:31:17,Attack,62,0,64,556144,14773,2436219,11230,385.248798390625,26,31,7,0,3,61,0,0,4,1,59
2011-08-10 13:31:18,Attack,60,0,67,403555,15376,2426056,36076,463.0388916119403,19,44,4,0,4,60,3,0,10,0,57
2011-08-10 13:31:19,Attack,97,0,99,915552,16920,3759180,47486,553.1099338585859,36,57,6,0,13,82,4,0,14,0,85
2011-08-10 13:31:20,Attack,95,0,96,1042979,16025,3280990,41841,867.7507103854167,34,54,8,0,16,79,1,0,11,1,84
2011-08-10 13:31:21,Attack,81,0,84,730878,3113,3215551,51953,428.4170431071428,27,48,9,0,6,75,3,0,10,0,74
2011-08-10 13:31:22,Attack,87,5,94,891345,17446,3030265,17567,616.9481820212766,35,52,7,0,6,83,5,0,12,2,80
2011-08-10 13:31:23,Attack,70,0,73,592190,15893,2663701,12412,757.9554017945205,27,41,5,0,5,67,1,0,3,0,70
2011-08-10 13:31:24,Attack,101,0,106,842566,6240,3399161,39253,530.7027235943395,34,63,9,0,8,86,12,0,16,0,90
2011-08-10 13:31:25,Attack,95,0,96,1025391,18045,3344963,54851,416.33649276041666,36,58,2,0,13,81,1,1,11,3,80
2011-08-10 13:31:26,Attack,120,0,123,1054114,2917,3831702,770,518.2962546341463,36,81,6,0,16,104,2,1,26,1,94
2011-08-10 13:31:27,Attack,77,0,82,682340,17221,2785687,36941,398.8830673902439,29,53,0,0,13,65,3,1,13,0,68
2011-08-10 13:31:28,Attack,90,0,94,999199,15815,3231700,13362,535.1877860000002,35,52,7,0,8,80,5,1,10,0,83
2011-08-10 13:31:29,Attack,94,0,98,1214571,2297,3283488,55619,722.7624117040817,35,56,7,0,17,76,5,0,9,1,88
2011-08-10 13:31:30,Attack,93,0,94,737659,16607,3448951,60499,360.4840963510638,29,58,7,0,5,87,1,1,7,1,85
2011-08-10 13:31:31,Attack,90,0,92,778986,43079,3287078,13371,721.2345278152173,39,47,6,0,6,84,2,0,11,1,80
2011-08-10 13:31:32,Normal,98,3,101,1061243,17531,3916172,51597,502.88929668316837,37,52,12,0,4,88,9,0,12,1,88
2011-08-10 13:31:33,Attack,71,0,74,730541,3627,2773570,2887,434.78730348648645,35,30,9,0,6,67,1,0,7,0,66
2011-08-10 13:31:34,Attack,106,3,112,1146557,61415,4241045,26858,548.4075877946428,29,71,12,0,12,98,2,0,14,0,98
2011-08-10 13:31:35,Attack,83,0,85,741560,20932,3020711,14868,323.9977521882352,34,47,4,0,9,72,4,0,18,3,64
2011-08-10 13:31:36,Normal,103,0,103,820967,17076,3819926,15907,383.2106977378641,31,63,9,0,6,94,3,0,5,1,97
2011-08-10 13:31:37,Attack,109,0,111,1053258,18431,4026939,62301,346.26934078378383,39,63,9,0,21,83,6,1,24,2,85
2011-08-10 13:31:38,Attack,170,0,174,836300,7853,7614150,42834,170.93778612643675,37,129,8,0,10,163,1,0,12,3,159
2011-08-10 13:31:39,Attack,100,0,103,1113788,16818,3907851,26885,487.59089869902925,46,51,6,0,15,78,10,0,25,3,75
2011-08-10 13:31:40,Attack,130,1,133,1177832,5705,5407989,41022,407.27419528571426,39,85,9,0,31,98,4,0,36,2,95
2011-08-10 13:31:41,Attack,111,16,359,755994,17614,5458745,35524,99.3145338189415,33,320,6,0,51,145,163,0,23,2,334
2011-08-10 13:31:42,Attack,80,3,96,659906,37180,3213959,61615,337.0124894270833,30,56,10,0,15,66,15,0,18,0,78
2011-08-10 13:31:43,Attack,87,0,98,809970,16127,3280102,37575,483.3004517857143,30,61,7,0,15,80,3,0,12,0,86
2011-08-10 13:31:44,Attack,161,0,174,1201082,20545,6667378,8989,459.0977712643678,41,122,11,0,26,134,14,0,24,2,148
2011-08-10 13:31:45,Attack,102,0,116,952522,5782,3809671,47224,461.7688074913793,41,67,8,0,38,74,4,0,26,2,87
2011-08-10 13:31:46,Attack,124,0,129,769875,18190,4343440,43438,391.5860534186047,37,83,9,0,9,104,16,0,21,1,107
2011-08-10 13:31:47,Attack,141,0,142,1766573,18748,5702086,54389,745.2617965563379,28,100,14,0,25,112,5,0,8,4,130
2011-08-10 13:31:48,Attack,109,0,116,1183376,17785,3844888,66162,532.6817466637932,42,65,9,0,7,100,9,0,14,3,99
2011-08-10 13:31:49,Attack,119,0,130,1079838,12738,4750415,1011,407.4112880153847,38,79,13,0,17,107,6,0,24,1,104
2011-08-10 13:31:50,Attack,104,0,109,880873,18219,3498889,37247,438.9296139449541,38,61,10,0,22,83,4,0,25,2,81
2011-08-10 13:31:51,Attack,101,0,104,755735,3489,4140592,47074,440.51329094230766,27,67,10,0,6,96,2,0,6,2,95
2011-08-10 13:31:52,Attack,202,3,206,1099006,10400,9056692,66072,256.4401092378641,42,150,14,0,15,157,34,0,57,2,147
2011-08-10 13:31:53,Attack,88,0,90,864441,16920,3488733,53339,344.9116367333333,37,50,3,0,5,84,1,0,8,1,81
2011-08-10 13:31:54,Normal,120,0,120,1434781,53760,4442994,59801,640.3243575416667,40,71,9,0,9,104,7,0,11,3,105
2011-08-10 13:31:55,Attack,103,0,108,778210,17865,4640837,18120,419.6587479351852,41,61,6,0,4,100,4,0,12,0,96
2011-08-10 13:31:56,Attack,96,0,98,858120,16397,3940753,23011,708.3023811734694,42,49,7,0,9,88,1,0,15,0,83
2011-08-10 13:31:57,Attack,127,0,132,1597190,4531,4471707,53870,570.3337196136363,44,79,9,0,16,105,10,1,13,1,118
2011-08-10 13:31:58,Attack,121,0,124,1376749,4081,4488733,33834,541.3987609596774,49,66,9,0,22,98,4,0,13,1,110
2011-08-10 13:31:59,Attack,95,0,97,1120257,17888,3514400,51817,572.8092401237113,33,55,9,0,14,80,3,0,16,2,79
2011-08-10 13:32:00,Attack,114,0,118,933523,18828,3894998,6976,360.5887723474577,32,80,6,0,26,90,2,0,24,2,92
2011-08-10 13:32:01,Attack,110,5,116,1378843,17162,3820325,56862,566.2209611293102,37,68,11,0,12,95,9,0,16,3,97
2011-08-10 13:32:02,Attack,109,11,126,804772,21139,4755506,33677,309.0053579126984,40,76,10,0,14,103,9,0,27,0,99
2011-08-10 13:32:03,Attack,124,1,131,890417,7168,4854558,60733,420.1282000610687,38,88,5,0,12,112,7,0,24,1,106
2011-08-10 13:32:04,Attack,117,3,125,1000274,18412,4268073,15284,425.83176736,42,73,10,0,13,105,7,0,26,0,99
2011-08-10 13:32:05,Attack,130,0,131,854293,19385,4858220,58224,396.0880834656488,48,81,2,0,19,107,5,0,27,0,104
2011-08-10 13:32:06,Attack,119,0,122,827645,6460,4647660,58351,433.35138734426226,32,84,6,0,14,96,12,0,28,2,92
2011-08-10 13:32:07,Attack,125,0,126,922906,5143,4792830,54925,382.5082441269842,21,101,4,0,25,95,6,0,18,0,108
2011-08-10 13:32:08,Attack,100,0,104,1037679,16060,3552286,45014,580.597622625,33,65,6,0,14,89,1,0,8,0,96
2011-08-10 13:32:09,Attack,108,0,118,1495331,63675,4132764,14134,595.2410547457629,37,73,8,0,14,94,10,0,15,1,102
2011-08-10 13:32:10,Normal,118,0,118,1846366,36124,4039834,14214,567.8488172033898,38,77,3,0,20,94,4,0,12,1,105
2011-08-10 13:32:11,Attack,97,0,99,852504,4698,3596864,51835,287.4721451010101,42,49,8,0,9,82,8,0,15,3,81
2011-08-10 13:32:12,Attack,211,3,216,3335875,19896,7053029,56700,869.9675372638887,41,163,12,0,70,134,12,0,20,4,192
2011-08-10 13:32:13,Attack,115,0,119,2440917,1825,3760491,52224,1359.4362041512604,32,81,6,0,38,71,10,0,9,2,108
2011-08-10 13:32:14,Attack,159,0,162,1793560,19254,4873784,3347,594.1956582037038,48,103,11,0,44,112,6,0,36,1,125
2011-08-10 13:32:15,Attack,154,0,159,1625630,19262,5007443,59010,584.538102327044,43,106,10,0,40,115,4,0,29,0,130
2011-08-10 13:32:16,Attack,102,0,104,1505428,15362,3493484,38377,733.9135779038461,47,47,10,0,14,86,4,0,6,3,95
2011-08-10 13:32:17,Normal,160,0,160,984526,20326,6537816,50555,327.15303456875006,30,121,9,0,10,148,2,0,7,3,150
2011-08-10 13:32:18,Normal,88,1,89,908217,16123,2988737,30752,578.3190781797753,31,52,6,0,11,75,3,0,6,2,80
2011-08-10 13:32:19,Attack,140,0,143,1410737,18717,5282873,43215,526.3337775174824,49,90,4,0,23,113,7,0,20,0,123
2011-08-10 13:32:20,Attack,103,0,105,1125878,12784,3841249,13382,676.4850400761904,24,72,9,0,21,75,9,0,14,2,89
2011-08-10 13:32:21,Attack,93,0,97,1211221,3362,3195799,36665,752.1514137113403,33,53,11,0,13,79,5,0,15,1,81
2011-08-10 13:32:22,Attack,135,3,142,1707487,18317,4889849,23419,809.0653415915492,27,103,12,0,29,105,8,0,16,1,125
2011-08-10 13:32:23,Attack,97,0,105,1560834,67531,3426424,1599,394.1279567428571,40,58,7,0,23,79,3,0,13,1,91
2011-08-10 13:32:24,Attack,191,0,193,1320059,9859,7989065,33532,238.8515585336788,26,160,7,0,97,91,5,0,86,0,106
2011-08-10 13:32:25,Attack,139,0,140,1326703,25311,5225601,50688,337.5030366214285,36,100,4,0,23,111,5,1,29,2,108
2011-08-10 13:32:26,Normal,111,0,111,1186720,58228,3630855,57732,548.8985824054054,36,67,8,0,18,88,3,2,20,3,86
2011-08-10 13:32:27,Attack,121,0,128,1071403,18521,4212989,10131,493.85493982031244,35,86,7,0,15,107,4,2,27,0,99
2011-08-10 13:32:28,Attack,89,0,90,983734,16557,3198941,56571,558.7927256555555,39,41,10,0,9,75,6,0,17,0,73
2011-08-10 13:32:29,Attack,87,0,89,999874,15476,3162261,42529,447.9226787865169,36,47,6,0,5,83,1,0,5,2,81
2011-08-10 13:32:30,Attack,95,0,99,898892,17097,3382592,29276,551.3343804141415,44,50,5,0,7,90,2,0,10,0,89
2011-08-10 13:32:31,Normal,94,0,94,1041162,16158,3483585,51510,612.3294878829787,32,57,5,0,12,80,2,0,9,3,82
2011-08-10 13:32:32,Attack,116,3,121,916698,19954,4770137,59097,463.9684123553719,31,81,9,0,17,97,7,0,30,1,90
2011-08-10 13:32:33,Attack,121,0,125,1332405,17817,4564653,18052,626.2199374479999,49,67,9,0,18,102,5,0,13,1,109
2011-08-10 13:32:34,Attack,134,3,138,1278524,19293,5338013,29632,482.2695742101449,39,93,6,0,16,117,5,0,16,1,120
2011-08-10 13:32:35,Attack,86,0,89,847428,16682,3278837,25346,460.95163344943813,31,53,5,0,12,74,3,0,16,0,73
2011-08-10 13:32:36,Attack,94,0,96,975934,17695,3279144,5300,538.03717696875,32,55,9,0,11,82,3,0,13,0,82
2011-08-10 13:32:37,Attack,125,0,127,1067367,17883,5099775,32547,448.49796251181107,31,88,8,0,14,108,5,0,13,0,114
2011-08-10 13:32:38,Attack,91,2,94,746416,4100,2930344,4148,706.9774662446811,36,52,6,0,13,80,1,0,13,1,80
2011-08-10 13:32:39,Normal,85,0,85,769639,18271,2761885,50719,452.86423116470587,36,40,9,0,11,73,1,0,19,0,66
2011-08-10 13:32:40,Attack,94,0,97,1036061,15723,3456445,31493,559.4984713195877,32,61,4,0,9,85,3,0,8,0,89
2011-08-10 13:32:41,Attack,108,0,111,1275852,3370,4439243,64169,602.3350610540541,45,60,6,0,7,94,10,0,15,3,93
2011-08-10 13:32:42,Attack,82,3,318,650679,27940,3799991,3232,119.19511183333336,32,275,11,0,25,114,179,0,9,0,309
2011-08-10 13:32:43,Attack,138,0,301,953512,14512,6275011,3701,95.20148083388705,48,247,6,0,76,154,71,0,35,2,264
2011-08-10 13:32:44,Attack,97,0,229,1241034,26042,3643726,19686,273.1822608165939,33,193,3,0,19,85,125,0,12,2,215
2011-08-10 13:32:45,Attack,93,0,348,1071827,16463,3360779,4649,172.88826618965516,39,297,12,0,49,153,146,0,9,4,334
2011-08-10 13:32:46,Attack,80,0,162,971257,6620,2831008,2848,285.44335869753087,34,125,3,0,40,76,46,0,14,1,147
2011-08-10 13:32:47,Attack,102,0,122,1181229,17060,3495668,30562,635.7174140163934,42,70,10,0,18,92,12,0,8,0,114
2011-08-10 13:32:48,Attack,93,0,105,991958,68461,3684685,1594,489.09409787619046,32,64,9,0,11,88,6,0,5,1,98
2011-08-10 13:32:49,Attack,112,0,123,965140,41499,4598505,19567,506.74915701626026,30,85,8,0,18,98,7,0,12,0,111
2011-08-10 13:32:50,Attack,53,0,67,569714,15103,1819375,30196,572.2558468656716,32,34,1,0,7,52,8,0,2,1,64
2011-08-10 13:32:51,Attack,91,0,109,810571,70560,3495996,1591,513.8471336880733,26,76,7,0,20,77,12,0,15,0,94
2011-08-10 13:32:52,Attack,71,3,116,663438,18633,2645167,51528,430.8395688189656,32,76,8,0,37,72,7,0,8,0,108
2011-08-10 13:32:53,Attack,99,0,130,645300,6079,3559548,47411,178.94813353076924,35,89,6,0,38,88,4,0,17,0,113
2011-08-10 13:32:54,Attack,182,0,200,982503,16513,7953694,4653,374.24813127,38,157,5,0,77,110,13,0,69,4,127
2011-08-10 13:32:55,Attack,157,7,173,1098986,5912,7091330,50917,394.8507911040462,41,123,9,0,27,140,6,0,19,1,153
2011-08-10 13:32:56,Attack,88,55,158,642469,57510,6189216,49253,227.67177746202526,23,129,6,0,48,109,1,0,41,0,117
2011-08-10 13:32:57,Attack,111,7,139,1267595,7643,4332453,3619,425.57395735971227,23,107,9,0,63,75,1,0,32,2,105
2011-08-10 13:32:58,Attack,83,11,102,807658,8245,3537543,2079,391.58909531372547,33,65,4,0,24,75,3,0,25,0,77
2011-08-10 13:32:59,Attack,113,2,119,1281700,10522,4583718,55432,672.3458899495798,43,64,12,0,14,100,5,0,17,3,99
2011-08-10 13:33:00,Attack,90,6,102,992086,19375,3881254,31066,364.5070220686275,37,59,6,0,16,79,7,0,17,1,83
2011-08-10 13:33:01,Attack,208,0,209,858438,22856,10215269,19992,266.99731718181823,35,166,8,0,7,195,7,0,16,1,192
2011-08-10 13:33:02,Attack,112,3,124,1137793,20190,4202075,56362,381.67368270161285,36,80,8,0,23,95,6,0,16,2,106
2011-08-10 13:33:03,Attack,84,2,87,862418,51439,3189208,33252,559.6137381954023,38,45,4,0,11,73,3,0,13,0,73
2011-08-10 13:33:04,Attack,86,0,92,783655,27104,3068046,34826,420.5658310434782,31,53,8,0,9,81,2,0,11,0,81
2011-08-10 13:33:05,Attack,91,3,100,831943,3979,3676972,50429,501.7294044700001,35,57,8,0,6,88,6,0,13,1,86
2011-08-10 13:33:06,Attack,158,0,160,1054318,8162,6202060,61772,260.19690561875,34,117,9,0,20,135,5,0,23,4,133
2011-08-10 13:33:07,Attack,106,0,123,884377,20351,3967808,63237,413.9985539512195,39,75,9,0,14,97,12,0,14,2,106
2011-08-10 13:33:08,Attack,124,0,128,1171925,17984,4719227,20066,573.771126203125,46,74,8,0,21,105,2,0,18,0,110
2011-08-10 13:33:09,Attack,144,0,147,1299055,6458,5409238,58777,396.9649340272109,46,91,10,0,22,115,10,0,26,2,119
2011-08-10 13:33:10,Attack,134,0,135,1629086,17949,4447685,59414,617.9224905481482,38,94,3,0,31,96,8,0,26,1,106
2011-08-10 13:33:11,Attack,217,3,228,1194478,12113,9221001,50149,292.07891457456145,40,177,11,0,23,197,8,0,23,1,202
2011-08-10 13:33:12,Attack,94,6,104,892420,16903,3503692,24779,458.01256791346157,35,60,9,0,6,90,8,0,13,2,89
2011-08-10 13:33:13,Attack,103,0,108,956650,17587,3726917,63403,445.53445436111105,45,57,6,0,14,87,7,0,18,6,84
2011-08-10 13:33:14,Attack,117,0,121,1048335,62914,4632871,21861,504.45996299173555,37,79,5,0,17,99,5,0,17,3,100
2011-08-10 13:33:15,Attack,82,0,90,688651,11336,3057020,60086,488.72120444444454,32,51,7,0,11,76,3,0,16,1,73
2011-08-10 13:33:16,Normal,94,0,94,734210,3351,3768380,59682,427.8017140638298,29,62,3,0,1,90,3,0,6,0,88
2011-08-10 13:33:17,Attack,92,0,97,1163887,16602,3679769,36181,393.93517441237117,47,43,7,0,6,87,4,0,9,0,88
2011-08-10 13:33:18,Attack,92,1,96,978966,2954,3403134,59113,524.6347704895833,33,56,7,0,11,81,4,0,10,0,86
2011-08-10 13:33:19,Attack,89,0,91,810598,20107,3431456,13292,463.1221995274727,30,54,7,0,7,83,1,0,12,1,78
2011-08-10 13:33:20,Attack,88,0,94,1030509,47669,2923779,14905,762.5035010638298,32,58,4,0,12,77,5,0,11,2,80
2011-08-10 13:33:21,Attack,81,0,85,1001761,16766,2950634,50652,642.2191035529412,29,51,5,0,12,70,3,0,6,1,76
2011-08-10 13:33:22,Attack,108,3,116,1319807,36049,4238862,56193,601.8985522844828,46,67,3,0,17,96,3,0,16,1,99
2011-08-10 13:33:23,Attack,89,0,93,933725,16255,3155913,39564,537.8734474408602,37,51,5,0,13,78,2,0,10,1,82
2011-08-10 13:33:24,Attack,116,0,120,1213852,12245,4466772,1228,384.0451418,43,68,9,0,15,99,6,0,20,1,98
2011-08-10 13:33:25,Attack,103,0,106,990499,17372,3308005,9252,498.0913234622641,38,60,8,0,9,90,6,1,17,0,88
2011-08-10 13:33:26,Attack,77,0,83,599855,18461,2449793,38657,354.78966648192767,23,56,4,0,17,57,8,1,21,2,59
2011-08-10 13:33:27,Attack,110,0,114,1396768,16476,3459804,18578,597.3364285789473,42,66,6,0,21,88,4,1,16,0,97
2011-08-10 13:33:28,Attack,86,0,89,1036768,16234,3269080,22387,816.9953590674156,32,50,7,0,11,73,5,0,10,2,77
2011-08-10 13:33:29,Attack,108,0,114,1026579,16097,3690208,33919,443.4036834210527,38,65,11,0,10,102,2,0,17,2,95
2011-08-10 13:33:30,Attack,104,0,109,909182,18573,4311706,22502,354.74308722018344,23,79,7,0,18,89,2,0,17,2,90
2011-08-10 13:33:31,Attack,154,0,157,1262500,19288,5637117,15006,540.6219695031847,46,99,12,0,9,144,3,1,13,3,140
2011-08-10 13:33:32,Attack,85,3,91,1033949,2748,2983770,52099,947.2217504395604,36,44,11,0,8,78,5,0,11,1,78
2011-08-10 13:33:33,Attack,98,0,105,996903,17328,3425697,34521,516.7248635904762,34,62,9,0,12,90,3,0,11,1,91
2011-08-10 13:33:34,Attack,75,0,82,506932,10157,2782845,7796,568.4260281097561,22,52,8,0,9,70,1,2,11,2,68
2011-08-10 13:33:35,Attack,113,3,119,1531355,3685,4663637,44478,785.7350936554624,41,67,11,0,17,95,7,0,10,2,107
2011-08-10 13:33:36,Attack,73,0,76,727914,3744,2409036,64859,554.2629044342104,30,42,4,0,13,62,1,0,10,4,60
2011-08-10 13:33:37,Attack,120,0,124,974129,12722,4610041,2176,386.0990447983872,33,81,10,0,23,98,3,0,25,2,97
2011-08-10 13:33:38,Attack,146,0,150,1027379,22004,6010912,29480,356.9843212266667,35,106,9,0,20,126,4,0,25,1,124
2011-08-10 13:33:39,Attack,151,0,154,1235356,19227,5886782,53916,275.4551326038961,35,107,12,0,10,135,9,0,14,1,138
2011-08-10 13:33:40,Attack,114,0,118,1463606,16826,4185001,66599,436.54670345762713,44,67,7,0,19,91,8,0,24,4,88
2011-08-10 13:33:41,Attack,105,0,107,705655,18224,4273557,37375,339.7747924672897,24,72,11,0,16,87,4,0,25,0,82
2011-08-10 13:33:42,Attack,181,3,186,1238144,25241,7193236,4388,431.97032312903224,36,140,10,0,32,146,8,0,41,4,140
2011-08-10 13:33:43,Attack,100,0,101,846138,62637,3794479,50665,491.7570052772277,38,56,7,0,5,96,0,0,7,1,93
2011-08-10 13:33:44,Attack,120,0,227,981167,10942,4886614,34389,229.5012293039648,28,194,5,0,10,109,108,0,11,0,216
2011-08-10 13:33:45,Attack,77,0,307,897828,14323,3202783,2971,187.08779393811076,30,272,5,0,88,106,113,0,14,2,291
2011-08-10 13:33:46,Attack,114,0,186,955531,50479,4362614,13622,325.8519511290323,35,144,7,0,81,94,11,0,21,1,164
2011-08-10 13:33:47,Attack,106,0,113,1017437,69594,4212306,1591,534.8626480353981,32,74,7,0,22,85,6,0,21,0,91
2011-08-10 13:33:48,Attack,115,0,124,799178,18513,4143222,55051,503.2970361290322,33,85,6,0,20,100,4,0,25,1,98
2011-08-10 13:33:49,Attack,126,0,130,761906,10032,4712429,48781,429.8420723384615,31,92,7,0,17,111,2,0,19,1,110
2011-08-10 13:33:50,Attack,91,0,96,952587,9578,3055438,3740,546.8402161041666,28,60,8,0,16,79,1,0,16,1,78
2011-08-10 13:33:51,Attack,112,0,117,992625,4912,4643655,2848,499.1695577948717,35,78,4,0,20,94,3,0,16,1,100
2011-08-10 13:33:52,Attack,95,3,104,885546,4328,4053093,53963,450.8631027115385,37,65,2,0,11,87,6,0,14,1,88
2011-08-10 13:33:53,Attack,129,0,136,753337,60235,5206884,57113,320.9363704485294,33,100,3,0,12,122,2,0,9,1,126
2011-08-10 13:33:54,Attack,133,0,142,1034049,19365,4703539,58406,373.80967507042254,51,86,5,0,23,115,4,0,27,4,110
2011-08-10 13:33:55,Attack,121,0,128,593834,6984,3979701,1594,415.69373320312496,30,92,6,0,40,83,4,1,42,0,86
2011-08-10 13:33:56,Attack,77,0,80,564517,17416,3004403,14034,430.3950996125001,26,47,7,0,6,73,1,0,8,1,71
2011-08-10 13:33:57,Attack,117,0,124,1190303,5066,4388533,51825,597.0976867258066,44,72,8,0,25,94,5,0,25,0,99
2011-08-10 13:33:58,Attack,101,2,108,873192,17544,4390031,7976,452.7538671111111,33,70,5,0,17,78,12,1,24,0,84
2011-08-10 13:33:59,Attack,103,0,106,1162273,17484,4260711,54284,550.3066958584907,33,67,6,0,20,82,4,0,22,0,84
2011-08-10 13:34:00,Attack,115,1,122,914550,4037,4164447,39024,413.8356836557377,38,80,4,0,17,100,5,0,18,1,103
2011-08-10 13:34:01,Attack,90,0,96,686050,3742,3642110,59377,518.8796904999999,36,52,8,0,8,84,4,0,7,0,89
2011-08-10 13:34:02,Attack,89,3,97,959375,17329,3345796,45534,523.7843182164949,37,50,10,0,9,80,8,0,14,3,80
2011-08-10 13:34:03,Attack,116,0,121,899421,6276,4731380,53422,587.1913280165289,28,83,10,0,14,104,3,0,17,0,104
2011-08-10 13:34:04,Attack,108,0,114,1127438,29855,4160103,51367,747.824769868421,38,67,9,0,13,100,1,0,11,1,102
2011-08-10 13:34:05,Attack,91,0,96,790741,3642,3414131,60776,625.8235434583333,33,51,12,0,11,83,2,0,9,3,84
2011-08-10 13:34:06,Attack,76,3,85,1076718,13522,2744131,5089,541.5247809647059,37,42,6,0,9,65,11,0,11,1,73
2011-08-10 13:34:07,Attack,89,0,96,871959,4424,3437919,3282,431.31207039583325,30,61,5,0,16,74,6,0,17,3,76
2011-08-10 13:34:08,Attack,139,0,144,1167315,7255,5678971,2930,451.62730894444445,39,95,10,0,38,101,5,0,38,1,104
2011-08-10 13:34:09,Normal,124,0,124,904525,17227,5113983,37624,369.59082674193553,41,73,10,0,5,115,4,0,11,0,113
2011-08-10 13:34:10,Attack,108,0,116,1148923,4476,4234812,1656,479.8650525689655,46,63,7,0,12,103,1,0,16,0,100
2011-08-10 13:34:11,Attack,91,0,99,950843,4907,3166760,51696,848.1869058080808,42,52,5,0,13,76,10,0,15,2,82
2011-08-10 13:34:12,Attack,104,3,113,1274659,6646,3685106,52403,713.3088388672566,32,76,5,0,25,85,3,0,16,2,95
2011-08-10 13:34:13,Attack,115,0,119,983852,4594,4558821,57517,384.56077175630253,46,68,5,0,13,105,1,0,20,2,96
2011-08-10 13:34:14,Attack,69,0,72,895378,16116,2097749,41344,749.0183441388888,28,37,7,0,6,62,4,0,6,0,66
2011-08-10 13:34:15,Attack,102,0,112,632200,5272,4104372,51627,387.76504265178573,32,72,8,0,11,101,0,0,14,1,97
2011-08-10 13:34:16,Attack,108,0,113,996629,16947,3625742,62761,577.2875053539823,52,52,9,0,9,103,1,0,19,1,93
2011-08-10 13:34:17,Attack,98,0,99,1096377,4579,3200996,55665,681.7297561515152,54,36,9,0,7,87,5,0,12,1,86
2011-08-10 13:34:18,Attack,84,0,89,970198,15582,3162923,23723,701.1863644494382,34,48,7,0,6,77,6,0,6,0,83
2011-08-10 13:34:19,Attack,87,0,96,868815,3583,3666817,57694,455.3272558645833,30,52,14,0,5,85,6,0,12,0,84
2011-08-10 13:34:20,Attack,102,0,108,807259,53758,4015159,50461,509.6693392314816,24,79,5,0,5,98,5,0,7,3,98
2011-08-10 13:34:21,Attack,89,0,92,942433,16732,3427199,49592,608.37934325,39,42,11,0,12,78,2,0,16,1,74
2011-08-10 13:34:22,Attack,125,3,133,982727,5795,5090148,56229,473.07543662406016,38,86,9,0,27,100,6,0,30,2,101
2011-08-10 13:34:23,Normal,113,0,113,1113583,16790,4343099,13673,630.7772862566371,53,51,9,0,5,102,6,0,14,1,98
2011-08-10 13:34:24,Attack,105,0,112,1312296,60955,3515821,48684,328.4630528214285,39,65,8,0,27,83,2,0,29,4,79
2011-08-10 13:34:25,Attack,132,0,136,1045757,6235,4357989,56370,429.3679299338235,35,98,3,0,37,96,2,1,36,0,99
2011-08-10 13:34:26,Attack,118,0,122,1089770,17610,3920947,12333,624.5909551557377,40,70,12,0,16,99,6,1,14,0,107
2011-08-10 13:34:27,Attack,87,4,99,930891,3248,3403417,60612,456.6647192828283,26,62,11,0,23,71,3,2,21,1,75
2011-08-10 13:34:28,Attack,95,0,102,935613,16113,3284473,18451,556.1554726176472,36,56,10,0,11,86,5,0,9,0,93
2011-08-10 13:34:29,Attack,89,0,95,1145676,68807,3072740,2621,672.3835487894737,40,47,8,0,8,83,4,0,13,2,80
2011-08-10 13:34:30,Attack,96,0,102,870825,17869,3652694,36419,490.4584840392157,40,58,4,0,5,91,5,1,8,2,92
2011-08-10 13:34:31,Attack,101,0,105,1057983,16656,3464565,4096,630.7669173904762,39,56,10,0,11,85,8,1,16,2,86
2011-08-10 13:34:32,Attack,83,4,93,584140,51830,3158479,60277,374.7863028924732,22,64,7,0,11,77,5,0,18,2,73
2011-08-10 13:34:33,Attack,107,13,123,969015,17942,4895073,23028,382.5875273821139,43,72,8,0,13,105,5,0,15,2,106
2011-08-10 13:34:34,Attack,73,17,96,610036,3862,3554339,1920,329.0719995,27,62,7,0,17,76,3,0,17,2,76
2011-08-10 13:34:35,Attack,223,0,226,979715,39464,9132569,46111,272.4579263716814,37,182,7,0,31,189,5,1,31,0,195
2011-08-10 13:34:36,Attack,108,0,117,984726,4018,3709409,39867,615.7310312735044,44,66,7,0,17,96,4,0,18,0,99
2011-08-10 13:34:37,Attack,89,3,95,958846,43281,3165278,13622,557.7135567368421,38,47,10,0,8,84,3,0,9,1,85
2011-08-10 13:34:38,Attack,74,0,77,748743,31482,2253554,14134,598.8288642467531,33,39,5,0,14,61,2,0,18,1,58
2011-08-10 13:34:39,Attack,98,0,103,858519,16495,3721145,33988,332.8244818349515,30,62,11,0,8,93,2,0,14,2,87
2011-08-10 13:34:40,Attack,78,0,85,963223,15947,2740774,5315,686.9648111176473,33,46,6,0,12,69,4,0,9,1,75
2011-08-10 13:34:41,Attack,105,0,108,673222,18242,4076707,50656,503.29305594444446,29,67,12,0,3,101,4,0,10,0,98
2011-08-10 13:34:42,Attack,92,3,100,1078733,17584,3476886,33913,390.01934771,30,54,16,0,18,68,14,0,9,1,90
2011-08-10 13:34:43,Attack,82,0,86,1174206,64697,3010014,49253,416.026818244186,22,56,8,0,11,71,4,0,7,2,77
2011-08-10 13:34:44,Attack,98,0,99,938754,4489,3570144,32977,424.4925978282828,48,46,5,0,7,87,5,0,15,0,84
2011-08-10 13:34:45,Attack,102,0,192,1203579,18845,3789486,35510,281.64305061979167,42,141,9,0,12,98,82,0,10,2,179
2011-08-10 13:34:46,Attack,110,0,329,1111449,15952,4576253,4390,158.1708706808511,40,277,12,0,70,139,120,0,14,4,311
2011-08-10 13:34:47,Attack,98,0,104,1022924,16788,3667829,33360,579.1844907692308,41,53,10,0,10,89,5,0,12,0,92
2011-08-10 13:34:48,Attack,91,0,93,976847,15398,3343790,29462,442.6780391612903,43,37,13,0,5,83,5,0,9,1,82
2011-08-10 13:34:49,Attack,96,0,109,940971,17211,3983342,7690,424.05661152293584,32,62,15,0,14,89,6,0,12,1,96
2011-08-10 13:34:50,Attack,79,0,90,800022,70403,2877298,1922,530.0012517222222,33,49,8,0,11,68,11,0,20,2,68
2011-08-10 13:34:51,Attack,133,0,143,755775,7160,5576236,61373,358.8914548391608,38,98,7,0,9,131,3,0,14,1,128
2011-08-10 13:34:52,Attack,87,3,104,964431,16881,3290305,7204,570.8714626923077,32,65,7,0,14,78,12,0,12,1,90
2011-08-10 13:34:53,Attack,77,0,83,672144,2987,2892822,2358,425.4434475180722,32,46,5,0,5,74,4,0,9,1,73
2011-08-10 13:34:54,Attack,101,0,107,787835,18368,3483389,29868,411.19502443925234,40,59,8,0,17,83,7,0,24,1,82
2011-08-10 13:34:55,Attack,88,0,98,934917,2521,3415811,54608,568.3621126020408,38,58,2,0,14,78,6,0,11,1,85
2011-08-10 13:34:56,Attack,96,0,100,751947,11776,3796227,2795,371.42730536999994,37,58,5,0,13,86,1,0,13,2,85
2011-08-10 13:34:57,Attack,108,0,113,1205400,16754,3644735,23506,740.8724590973452,34,72,7,0,31,79,3,0,22,3,87
2011-08-10 13:34:58,Attack,88,0,98,977800,15582,2540034,27953,579.6339174591836,46,46,6,0,17,75,6,0,14,4,79
2011-08-10 13:34:59,Attack,91,0,101,852893,17657,3464585,30216,423.4761171881188,32,61,8,0,13,84,4,0,13,1,87
2011-08-10 13:35:00,Attack,83,0,90,1068465,15265,2959256,41433,628.1888671222222,40,42,8,0,11,75,4,0,4,0,86
2011-08-10 13:35:01,Attack,233,0,240,1013420,25414,11091909,21584,248.04450414166664,35,194,11,0,7,225,8,0,15,0,225
2011-08-10 13:35:02,Attack,81,3,94,715395,18891,3090849,1481,586.509036819149,21,67,6,0,17,69,8,0,12,0,82
2011-08-10 13:35:03,Attack,136,0,137,1490168,20171,5557581,47968,479.33548643065694,39,90,8,0,23,107,7,0,15,3,119
2011-08-10 13:35:04,Attack,142,0,148,1477001,20850,5526220,20971,390.6748956554054,38,102,8,0,36,91,21,0,46,2,98
2011-08-10 13:35:05,Attack,159,0,165,1244939,7505,6257016,52403,248.94677620000002,29,128,8,0,33,128,4,0,26,2,137
2011-08-10 13:35:06,Attack,137,0,142,1514536,18030,5438189,18202,484.24558072535217,34,100,8,0,32,105,5,0,18,1,123
2011-08-10 13:35:07,Attack,101,0,108,1258991,16995,3265822,29674,600.9203677314814,31,66,11,0,21,80,7,0,13,2,93
2011-08-10 13:35:08,Normal,122,3,125,1475918,7316,4591628,42000,672.3966733359999,37,77,11,0,21,90,14,0,20,1,102
2011-08-10 13:35:09,Attack,99,0,104,1589415,15402,3174060,56747,358.9459621346154,35,64,5,0,23,75,6,0,10,3,91
2011-08-10 13:35:10,Attack,437,0,446,10437810,3690,5251056,55405,115.1887893542601,49,389,8,0,239,171,36,0,14,4,428
2011-08-10 13:35:11,Attack,371,4,384,9006951,32700,5186115,4347,121.06024147656251,38,341,5,0,232,124,28,0,18,4,362
2011-08-10 13:35:12,Attack,138,3,143,2951713,65755,3436202,48713,266.72352823776225,23,109,11,0,57,73,13,0,11,2,130
2011-08-10 13:35:13,Attack,233,0,236,4800918,29944,3538756,2805,232.8373645338983,40,188,8,0,132,97,7,0,11,1,224
2011-08-10 13:35:14,Attack,451,0,462,10651434,58913,3892022,54351,112.73671214935065,41,407,14,0,259,163,40,0,7,4,451
2011-08-10 13:35:15,Attack,324,0,333,6466308,36517,5477798,3576,154.27016896696696,28,300,5,0,162,128,43,0,21,2,310
2011-08-10 13:35:16,Attack,255,0,259,5252535,16701,4070338,64968,274.6927379498069,35,217,7,0,145,94,20,0,24,1,234
2011-08-10 13:35:17,Attack,505,0,515,11948907,20454,5175943,9702,83.99357735339805,42,467,6,0,355,105,55,0,31,2,481
2011-08-10 13:35:18,Attack,185,2,192,4169087,14566,3317394,43429,352.2567368645833,24,162,6,0,102,73,17,0,10,0,182
2011-08-10 13:35:19,Attack,116,0,126,1246277,20422,4011901,66026,290.34777074603176,40,76,10,0,22,92,12,0,21,1,104
2011-08-10 13:35:20,Attack,135,0,144,649660,20780,5395235,48228,363.3766684791667,38,100,6,0,11,131,2,0,21,1,122
2011-08-10 13:35:21,Attack,153,0,159,1110669,20051,6325962,19172,386.69707577987424,41,110,8,0,16,139,4,0,16,2,141
2011-08-10 13:35:22,Attack,105,3,112,1014966,36579,4354768,17422,363.05236811607136,41,67,4,0,11,95,6,0,13,0,99
2011-08-10 13:35:23,Attack,96,0,102,829471,17443,3280304,51539,581.6951487156863,39,59,4,0,8,89,5,0,12,0,89
2011-08-10 13:35:24,Attack,124,0,131,1099607,18661,4968328,12748,338.7100305114504,39,85,7,0,4,122,5,0,12,1,118
2011-08-10 13:35:25,Attack,98,0,103,874490,67920,3895694,35078,446.62692349514566,24,75,4,0,7,87,6,3,14,0,86
2011-08-10 13:35:26,Attack,126,0,131,924592,5470,4763144,41689,388.4409655648855,36,91,4,0,18,109,3,1,19,1,111
2011-08-10 13:35:27,Attack,139,0,144,941350,54426,5355167,53425,317.35021435416667,26,111,7,0,20,108,15,1,29,1,113
2011-08-10 13:35:28,Attack,145,0,151,826198,19732,5921956,59975,365.4018906688742,37,106,8,0,9,138,4,0,10,2,138
2011-08-10 13:35:29,Attack,90,0,96,1074400,3685,3271551,49637,475.86528215625,37,52,7,0,13,78,5,0,4,3,89
2011-08-10 13:35:30,Attack,69,0,72,905258,14344,2179329,30578,567.3509944861112,37,31,4,0,6,64,2,0,5,3,64
2011-08-10 13:35:31,Attack,86,0,94,827441,16495,3260655,2620,557.5118109893616,47,40,7,0,3,88,3,0,6,1,87
2011-08-10 13:35:32,Attack,107,3,121,797151,4798,4242006,39121,446.8416357603306,36,81,4,0,8,108,4,1,9,0,111
2011-08-10 13:35:33,Attack,92,0,94,851878,16510,3442701,36311,756.6439371595745,37,38,19,0,12,78,4,0,15,1,78
2011-08-10 13:35:34,Attack,98,0,103,990173,3528,3580423,42051,642.494998475728,39,58,6,0,11,89,3,0,5,0,97
2011-08-10 13:35:35,Attack,121,0,124,510416,8813,5316210,51376,206.28249412903224,32,87,5,0,35,84,5,0,40,0,84
2011-08-10 13:35:36,Attack,75,0,82,809481,29656,2619901,46986,376.12777684146334,29,45,8,0,9,72,1,0,8,1,73
2011-08-10 13:35:37,Attack,69,0,75,851002,2027,2340715,45042,331.5159972799999,39,30,6,0,6,66,3,0,6,2,67
2011-08-10 13:35:38,Attack,81,3,93,1276131,15663,2653606,63251,555.8078304623656,40,50,3,0,15,73,5,0,9,2,82
2011-08-10 13:35:39,Attack,158,0,165,820722,21488,6209307,29181,305.43591656363634,18,138,9,0,27,133,5,0,20,2,143
2011-08-10 13:35:40,Attack,84,0,89,1025425,17049,3382548,43098,567.8549788988764,27,56,6,0,15,69,5,0,11,1,77
2011-08-10 13:35:41,Attack,80,0,84,871242,18260,3092960,16080,529.8485262380952,36,44,4,0,6,69,9,0,15,2,67
2011-08-10 13:35:42,Attack,80,3,87,732616,17330,3109029,29831,459.8972802413793,27,48,12,0,8,73,6,0,9,3,74
2011-08-10 13:35:43,Attack,106,0,109,1091809,4430,3886521,52165,557.2624404862387,35,69,5,0,12,91,6,0,16,4,89
2011-08-10 13:35:44,Attack,134,0,145,1159272,20887,3375348,56483,318.07475071034486,34,104,7,0,20,120,5,0,58,3,84
2011-08-10 13:35:45,Attack,94,0,160,1089357,5931,3653541,38682,335.27945001875,32,118,10,0,14,83,63,0,9,0,151
2011-08-10 13:35:46,Attack,126,11,333,1992212,14564,5950089,2077,180.76567226126127,37,290,6,0,69,149,115,0,19,0,314
2011-08-10 13:35:47,Attack,80,4,87,1042134,27859,3247051,59639,508.70767526436777,35,46,6,0,19,65,3,0,15,1,71
2011-08-10 13:35:48,Attack,95,2,98,1025089,15582,3446268,46914,663.8291235714286,38,48,12,0,10,87,1,0,4,1,93
2011-08-10 13:35:49,Attack,94,0,98,1089942,64827,3518972,58966,453.0706959183673,30,61,7,0,19,75,4,0,12,0,86
2011-08-10 13:35:50,Attack,81,0,88,1239753,14849,3018588,50339,757.8458683295455,27,56,5,0,23,63,2,0,6,0,82
2011-08-10 13:35:51,Attack,107,0,115,926580,18014,3782730,64501,483.4707993130434,35,70,10,0,23,90,2,0,17,2,96
2011-08-10 13:35:52,Attack,115,3,131,1079704,5077,3345802,53935,666.9218111526717,47,77,7,0,27,95,9,0,31,0,99
2011-08-10 13:35:53,Attack,123,0,136,1784469,54894,4552170,60234,323.7543929044118,31,99,6,0,46,87,3,0,22,4,110
2011-08-10 13:35:54,Attack,86,0,96,1066940,43159,3582831,56158,342.48672661458335,34,53,9,0,16,76,4,0,10,1,85
2011-08-10 13:35:55,Attack,108,0,111,889530,58672,4424285,51149,457.259795,36,66,9,0,8,102,1,0,5,0,106
2011-08-10 13:35:56,Attack,126,0,128,1292972,18210,5106391,55723,298.3946389296875,43,79,6,0,11,113,4,0,11,1,115
2011-08-10 13:35:57,Attack,112,0,116,1271516,17076,4376191,23685,584.2851993103448,42,67,7,0,13,101,2,0,5,2,109
2011-08-10 13:35:58,Attack,98,0,104,1418978,49739,3512918,59569,709.9109148846153,45,47,12,0,13,83,7,1,13,0,91
2011-08-10 13:35:59,Attack,148,0,157,1596429,18456,5562520,47127,417.97181956687905,45,103,9,0,22,130,5,0,21,3,133
2011-08-10 13:36:00,Attack,153,0,184,1377185,21121,5378795,18113,420.8191414728262,39,139,6,0,32,148,4,0,31,3,150
2011-08-10 13:36:01,Attack,125,0,151,1654698,6484,4745699,37737,375.3995001125828,38,105,8,0,19,126,6,0,18,3,130
2011-08-10 13:36:02,Attack,124,3,140,1436845,19477,4817351,14988,481.07105689285714,40,95,5,0,18,117,5,0,10,5,125
2011-08-10 13:36:03,Attack,87,0,101,771034,46456,3311051,49519,304.7282174950495,35,64,2,0,11,85,5,0,13,1,87
2011-08-10 13:36:04,Attack,124,0,131,1391201,3837,4967511,5161,459.39141165648846,41,81,9,0,13,113,5,0,8,4,119
2011-08-10 13:36:05,Attack,110,0,114,1284133,69968,4356678,37657,412.1748042280702,33,69,12,0,18,90,6,0,14,2,98
2011-08-10 13:36:06,Attack,116,0,124,1257142,17611,4327539,14341,290.1300713467742,30,87,7,0,19,90,15,0,24,1,99
2011-08-10 13:36:07,Attack,128,4,137,1597343,21440,5060610,46686,357.6378122481752,39,91,7,0,23,108,6,0,17,2,118
2011-08-10 13:36:08,Attack,102,0,110,1266351,3976,3575804,36859,449.9952338272727,43,63,4,0,15,82,13,0,22,1,87
2011-08-10 13:36:09,Attack,134,3,140,1129684,61280,5449613,49633,385.23687742857146,40,95,5,0,20,106,14,0,32,2,106
2011-08-10 13:36:10,Attack,128,0,135,1330271,9173,4458908,57333,461.8250242444445,43,85,7,0,19,109,7,0,23,4,108
2011-08-10 13:36:11,Attack,99,0,102,605517,5122,3850586,50169,374.2194554411765,29,67,6,0,13,85,4,0,15,2,84
2011-08-10 13:36:12,Attack,108,3,113,1165689,4569,4343609,47242,374.1195017964602,42,66,5,0,12,95,6,0,10,2,101
2011-08-10 13:36:13,Attack,98,0,105,1176333,17918,3512965,63637,585.8159712952381,44,55,6,0,17,80,8,0,11,3,91
2011-08-10 13:36:14,Attack,118,0,131,1292153,18451,4652119,64994,404.5939398015267,36,86,9,0,22,104,5,0,15,4,112
2011-08-10 13:36:15,Attack,105,0,110,1327360,15865,3890700,47614,658.0235728636363,33,70,7,0,16,86,8,0,17,0,93
2011-08-10 13:36:16,Attack,103,0,106,1294904,17073,3678585,27350,531.1262662735849,38,61,7,0,21,80,5,0,15,2,88
2011-08-10 13:36:17,Attack,106,0,111,1248715,48615,3848962,1369,520.5533933603604,34,65,12,0,19,91,1,0,10,3,96
2011-08-10 13:36:18,Attack,107,0,113,1374193,16645,3816336,30750,484.9374695663716,30,76,7,0,19,82,12,0,16,2,94
2011-08-10 13:36:19,Attack,90,2,97,1095400,16658,3426110,14820,547.7040920103093,36,51,10,0,13,77,7,0,11,2,84
2011-08-10 13:36:20,Attack,91,0,97,821531,17118,3639153,29455,257.3689874948453,30,62,5,0,12,82,3,0,10,1,86
2011-08-10 13:36:21,Attack,135,0,141,1659143,17979,5293467,56005,259.7413342907802,41,85,15,0,17,112,12,0,16,1,124
2011-08-10 13:36:22,Attack,125,3,135,1015420,47234,5021843,49872,388.940357,43,87,5,0,18,103,14,0,28,1,106
2011-08-10 13:36:23,Attack,135,0,141,822472,8439,4687520,41835,244.49580282269503,30,105,6,0,29,104,8,0,36,0,105
2011-08-10 13:36:24,Attack,93,0,96,876735,15596,3469898,2966,609.9206914375001,42,43,11,0,11,80,5,0,10,0,86
2011-08-10 13:36:25,Attack,94,0,99,940816,58974,3549834,57824,584.8402014646464,36,60,3,0,10,82,5,2,13,1,83
2011-08-10 13:36:26,Attack,96,0,100,1108405,16646,3339845,59908,627.83138397,42,50,8,0,9,84,5,2,14,4,80
2011-08-10 13:36:27,Attack,89,0,95,1402967,59085,3578742,47247,743.2764773894737,27,64,4,0,19,70,6,0,11,0,83
2011-08-10 13:36:28,Attack,80,6,92,936291,7341,3222508,3425,461.7915298369565,27,59,6,0,14,71,7,0,15,1,76
2011-08-10 13:36:29,Attack,103,82,189,1294438,32193,8047995,1621,379.50401047619044,38,142,9,0,25,118,45,1,64,2,122
2011-08-10 13:36:30,Attack,92,69,168,1189554,6365,6828830,43171,384.77407813095243,39,123,6,0,15,128,25,0,33,2,133
2011-08-10 13:36:31,Attack,107,0,109,1091341,16468,3529340,38752,587.2570292752293,48,48,13,0,5,100,4,0,13,2,94
2011-08-10 13:36:32,Attack,124,3,130,1634978,18880,4077515,23338,884.169311923077,44,79,7,0,15,111,4,0,11,4,115
2011-08-10 13:36:33,Attack,94,0,101,966153,3941,2753873,42769,797.4099613762374,36,60,5,0,15,84,2,0,17,0,83
2011-08-10 13:36:34,Attack,82,0,85,784987,2616,2973614,59189,363.1578409411764,22,55,8,0,6,78,1,0,11,1,73
2011-08-10 13:36:35,Attack,108,0,115,1315461,15831,3863979,13410,643.7505416782608,43,62,10,0,18,93,4,0,17,2,96
2011-08-10 13:36:36,Attack,96,0,103,1097650,16061,3477003,61900,800.6854400388348,31,64,8,0,13,85,5,0,13,1,89
2011-08-10 13:36:37,Attack,152,0,157,1202142,23157,5927534,13624,433.44464985350317,36,105,16,0,11,145,1,0,12,1,144
2011-08-10 13:36:38,Attack,104,0,109,1374938,15425,3338647,53390,629.1285418532112,43,59,7,0,21,78,10,0,19,1,89
2011-08-10 13:36:39,Attack,151,0,157,1283250,19925,5485096,47913,568.7863017643313,43,109,5,0,39,113,5,0,37,0,120
2011-08-10 13:36:40,Attack,115,3,121,703832,5578,4649598,2319,331.7755417438017,37,77,6,0,14,103,3,0,27,0,93
2011-08-10 13:36:41,Attack,100,0,104,791979,16051,3774539,38465,444.8900026346154,43,53,8,0,10,92,2,0,14,0,90
2011-08-10 13:36:42,Attack,109,3,118,1060380,3987,4433799,51134,398.9813109322033,33,75,10,0,14,97,7,0,18,1,99
2011-08-10 13:36:43,Attack,105,0,108,805607,17143,4104890,45888,449.7652003796297,35,64,9,0,7,93,8,0,21,0,87
2011-08-10 13:36:44,Attack,115,0,123,925089,4941,4553132,48482,439.3572143170731,46,70,7,0,17,104,2,0,19,2,102
2011-08-10 13:36:45,Attack,111,0,112,955360,16558,4733006,60759,395.23293236607145,37,65,10,0,19,93,0,0,20,2,90
2011-08-10 13:36:46,Attack,103,0,148,873475,6180,3801063,52796,336.0226781418919,37,107,4,0,15,93,40,0,26,3,118
2011-08-10 13:36:47,Attack,140,0,290,1402099,69165,5509986,43995,162.20995849655174,39,242,9,0,44,160,86,0,29,4,257
2011-08-10 13:36:48,Attack,111,0,127,1277845,6164,4313392,3006,446.24796606299213,43,77,7,0,19,104,4,0,21,3,102
2011-08-10 13:36:49,Attack,132,0,136,1996850,17862,4665648,66708,606.4656934264706,48,75,13,0,23,108,5,0,10,3,123
2011-08-10 13:36:50,Attack,190,0,194,1432676,30667,7664431,60024,389.5526262680412,34,154,6,0,31,148,15,0,34,3,156
2011-08-10 13:36:51,Attack,225,0,232,4838961,16242,3804989,62113,245.63506513362069,45,178,9,0,120,100,12,0,16,8,207
2011-08-10 13:36:52,Attack,216,3,221,3588197,4497,4514201,55971,251.82380084162895,33,179,9,0,87,124,10,0,21,3,196
2011-08-10 13:36:53,Attack,271,0,279,5758464,3789,3594848,5892,193.18624058064518,38,235,6,0,155,110,14,0,20,4,255
2011-08-10 13:36:54,Attack,94,0,97,923160,2594,3284827,46211,334.56059561855665,43,46,8,0,12,83,2,0,13,0,83
2011-08-10 13:36:55,Attack,99,0,105,1144891,15884,4020073,36162,565.482708752381,40,59,6,0,16,87,2,0,14,1,89
2011-08-10 13:36:56,Attack,115,0,121,973778,51047,4181531,13363,378.8806477768595,35,75,11,0,12,93,16,0,29,0,92
2011-08-10 13:36:57,Attack,107,0,112,1300982,42671,4342549,34918,424.04563840178565,39,68,5,0,21,90,1,0,14,2,96
2011-08-10 13:36:58,Attack,98,79,183,1153451,8653,7580137,45545,215.15161494535516,30,149,4,0,36,124,23,0,50,1,132
2011-08-10 13:36:59,Attack,119,5,128,1344074,16842,4754811,16850,401.61208774218744,42,80,6,0,19,102,7,0,20,4,104
2011-08-10 13:37:00,Attack,170,0,174,2533439,17572,4020496,64782,379.0178471551724,28,138,8,0,64,103,7,0,26,2,146
2011-08-10 13:37:01,Attack,306,0,311,2498909,26880,11970762,64798,194.71443930546621,29,279,3,0,68,235,8,0,26,2,283
2011-08-10 13:37:02,Attack,288,3,295,5654621,23956,5804910,33327,173.24527171864406,41,250,4,0,155,130,10,0,45,4,246
2011-08-10 13:37:03,Attack,128,0,134,1610741,3461,3921384,60502,364.96351530597013,25,104,5,0,34,93,7,0,10,2,122
2011-08-10 13:37:04,Attack,215,0,221,4032209,18718,4021759,62381,272.17874242081444,40,174,7,0,103,97,21,0,14,0,206
2011-08-10 13:37:05,Attack,229,0,235,4766375,16452,3912350,29259,100.94015992340427,31,197,7,0,105,88,42,0,17,2,216
2011-08-10 13:37:06,Attack,160,0,164,2492264,16698,4416410,55569,347.62058865243904,28,128,8,0,48,104,12,0,12,2,150
2011-08-10 13:37:07,Attack,202,0,204,3499123,4009,4870299,57737,429.55201670098035,38,156,10,0,64,106,33,1,23,2,179
2011-08-10 13:37:08,Attack,271,0,276,5865180,14619,4992193,5048,166.1310962789855,36,233,7,0,141,114,21,0,24,6,246
2011-08-10 13:37:09,Attack,162,0,167,2615432,30633,4640061,2034,329.164824754491,42,120,5,0,42,110,15,0,14,0,153
2011-08-10 13:37:10,Attack,166,3,174,2456190,21535,6797347,17551,340.5513760114943,25,143,6,0,55,110,9,0,24,1,148
2011-08-10 13:37:11,Attack,148,0,151,1640015,7939,5774662,51112,464.03768613245035,33,108,10,0,30,115,5,1,23,1,127
2011-08-10 13:37:12,Attack,127,3,131,1243638,17777,5277145,58636,366.90164916030534,41,82,8,0,12,113,5,1,11,2,118
2011-08-10 13:37:13,Attack,124,0,126,1382136,12103,5329476,17039,617.1796717460319,42,72,12,0,16,106,3,1,25,3,98
2011-08-10 13:37:14,Attack,150,0,157,2460538,17073,5886182,43199,702.2848844140127,44,101,12,0,34,119,4,0,18,3,136
2011-08-10 13:37:15,Attack,110,0,115,1018029,4974,4457603,38557,362.1780269478261,40,71,4,0,13,97,5,0,20,0,95
2011-08-10 13:37:16,Attack,127,0,132,1648131,16664,4574462,27147,696.976155310606,46,81,5,0,20,106,6,0,9,1,121
2011-08-10 13:37:17,Attack,119,0,122,1754922,38615,3941553,61130,572.9880870901641,41,71,10,0,20,93,9,0,17,3,101
2011-08-10 13:37:18,Attack,150,0,151,1222030,19883,6588381,4028,241.46387514569534,32,114,5,0,20,124,7,0,14,0,137
2011-08-10 13:37:19,Attack,120,0,125,1223499,17728,4869358,60524,533.6189141200001,46,72,7,0,14,107,4,0,25,0,99
2011-08-10 13:37:20,Attack,101,0,107,997628,20396,4155342,12874,634.0790538971963,37,65,5,0,14,91,2,0,10,1,95
2011-08-10 13:37:21,Attack,188,0,194,1780720,22103,7874597,20698,383.39901327319586,37,152,5,0,25,157,12,0,25,5,164
2011-08-10 13:37:22,Attack,96,8,110,1017719,17090,3945688,14722,417.0203434,32,68,10,0,16,92,2,0,20,1,89
2011-08-10 13:37:23,Attack,109,0,110,1296831,17665,3460321,30840,503.34016327272735,40,63,7,0,16,91,3,0,19,5,86
2011-08-10 13:37:24,Attack,120,2,127,1460207,4080,3883426,53735,677.7647883070866,29,88,10,0,35,85,7,0,27,0,100
2011-08-10 13:37:25,Attack,118,0,128,929567,30763,4666052,158,376.88103384375,32,90,6,0,26,93,7,2,26,0,100
2011-08-10 13:37:26,Attack,131,0,137,899988,16644,5202538,45485,367.88813054744526,34,96,7,0,21,103,11,2,35,2,98
2011-08-10 13:37:27,Attack,108,0,110,940859,3967,4076618,50405,638.5321452,34,70,6,0,18,89,3,0,18,0,92
2011-08-10 13:37:28,Attack,156,0,158,1032152,6971,7098911,64433,452.26605953164557,31,122,5,0,32,113,13,0,44,0,114
2011-08-10 13:37:29,Attack,144,0,146,1717524,23099,5337755,13363,384.4496014520548,46,90,10,0,32,108,6,0,38,1,107
2011-08-10 13:37:30,Attack,115,0,121,1026896,3311,4487731,51817,325.87315225619835,53,61,7,0,10,107,4,0,23,2,96
2011-08-10 13:37:31,Attack,93,0,97,900754,17354,3397094,29516,675.218998,34,59,4,0,8,86,3,0,10,3,84
2011-08-10 13:37:32,Attack,143,3,150,889652,8543,5402138,51927,308.85073660666666,39,104,7,0,43,94,12,1,53,1,95
2011-08-10 13:37:33,Attack,117,0,120,1081213,19796,4629954,2905,492.25671027500005,36,71,13,0,21,89,10,0,24,4,92
2011-08-10 13:37:34,Attack,118,0,120,1166671,17929,4617893,34884,601.8337789249999,31,80,9,0,19,99,2,0,13,1,106
2011-08-10 13:37:35,Attack,127,0,131,847248,21040,4968618,1854,371.22197971755725,37,83,11,0,11,115,5,0,20,0,111
2011-08-10 13:37:36,Attack,113,0,115,1946330,3741,3584727,63802,935.7612324869566,35,73,7,0,25,81,7,2,9,6,100
2011-08-10 13:37:37,Attack,104,0,108,1127706,17443,4101644,66393,472.76239513888896,37,60,11,0,14,89,5,0,15,1,92
2011-08-10 13:37:38,Attack,152,0,156,1780851,18518,5083144,65041,619.0831496987181,40,108,8,0,29,118,9,0,18,4,134
2011-08-10 13:37:39,Attack,122,0,128,1352358,17122,4631825,58672,457.289898984375,39,83,6,0,23,101,4,0,13,3,112
2011-08-10 13:37:40,Attack,91,6,101,785986,18610,3621670,23842,492.3283575742573,33,55,13,0,10,89,2,0,12,1,88
2011-08-10 13:37:41,Attack,144,7,153,1392678,18226,5496537,64175,369.2397597385621,40,99,14,0,12,136,5,0,20,2,131
2011-08-10 13:37:42,Attack,105,3,114,1152874,16991,4168334,4347,671.1630437192982,42,60,12,0,11,89,14,0,8,1,105
2011-08-10 13:37:43,Attack,107,0,111,1293328,16166,3983106,7083,567.9850744504504,40,59,12,0,12,96,3,0,9,2,100
2011-08-10 13:37:44,Attack,84,0,86,1058477,15842,2938778,32279,560.0795906976745,37,45,4,0,12,70,4,0,14,1,71
2011-08-10 13:37:45,Attack,87,0,91,879740,16413,2867605,20331,592.0865458461537,29,53,9,0,12,73,6,0,12,2,77
2011-08-10 13:37:46,Attack,121,0,124,1037268,17924,4348444,26411,666.7972056532257,25,86,13,0,28,84,12,0,27,0,97
2011-08-10 13:37:47,Attack,142,1,144,1090830,19217,6025943,17773,474.44809374305555,31,103,10,0,17,122,5,0,14,0,130
2011-08-10 13:37:48,Attack,107,0,308,973367,13651,4317017,2077,163.48549075324675,34,270,4,0,49,135,124,0,9,0,299
2011-08-10 13:37:49,Attack,105,0,128,1089614,18981,4065653,58931,490.60607355468755,38,85,5,0,15,93,20,0,13,2,113
2011-08-10 13:37:50,Attack,109,0,126,981687,4201,4190757,2336,506.05967753968264,44,72,10,0,9,98,19,0,10,1,115
2011-08-10 13:37:51,Attack,118,0,126,1105639,30508,4945192,1801,528.0109577857141,40,76,10,0,19,98,9,0,20,3,103
2011-08-10 13:37:52,Attack,91,3,100,888548,16531,3173506,26915,504.41818031,31,61,8,0,23,73,4,0,18,1,80
2011-08-10 13:37:53,Attack,104,0,110,1303768,4345,3708354,63180,706.4426316000003,40,68,2,0,18,89,3,0,5,4,101
2011-08-10 13:37:54,Attack,107,0,109,1166857,17416,4091400,26704,637.6905424770644,47,58,4,0,13,93,3,0,12,0,97
2011-08-10 13:37:55,Attack,102,0,111,1203634,17898,3766056,13548,478.2201144954955,31,70,10,0,18,83,10,0,24,3,84
2011-08-10 13:37:56,Attack,101,0,114,1047536,19095,3743092,28484,432.236407754386,43,65,6,0,19,92,3,0,12,1,101
2011-08-10 13:37:57,Attack,105,0,119,1353352,16467,3666668,10939,514.0550640504202,34,76,9,0,27,84,8,0,20,2,97
2011-08-10 13:37:58,Attack,98,0,112,1032811,4043,3550039,51090,348.99510116964274,36,73,3,0,20,81,11,0,14,0,98
2011-08-10 13:37:59,Attack,124,0,138,1307810,18441,3754192,1039,589.1166448260869,35,96,7,0,33,101,4,0,25,0,112
2011-08-10 13:38:00,Attack,93,0,98,851174,16774,3331316,12665,287.3094554081632,37,53,8,0,16,80,2,0,13,2,83
2011-08-10 13:38:01,Attack,84,0,89,789215,5096,3230797,44981,580.3405565842696,21,56,12,0,14,72,3,0,11,1,77
2011-08-10 13:38:02,Attack,93,3,99,1002170,9472,3804038,8423,473.6818288787879,41,54,4,0,5,90,4,0,8,2,89
2011-08-10 13:38:03,Attack,104,0,109,1073182,17841,4173862,35158,511.4246276972477,30,66,13,0,12,96,1,0,12,1,96
2011-08-10 13:38:04,Attack,89,0,90,1133283,15556,2753482,54124,454.5090673111111,33,53,4,0,8,77,5,0,10,0,80
2011-08-10 13:38:05,Attack,109,0,115,1027423,4557,4180117,40426,565.787037026087,33,70,12,0,13,100,2,0,9,0,106
2011-08-10 13:38:06,Attack,84,0,95,1015108,17858,2772461,66861,277.85007002105266,29,60,6,0,17,73,5,0,12,2,81
2011-08-10 13:38:07,Attack,121,0,126,1042284,4859,4663650,56816,537.2424044285716,41,75,10,0,11,110,5,0,14,0,112
2011-08-10 13:38:08,Attack,100,0,102,820838,4132,3529630,46317,447.546894264706,44,49,9,0,8,92,2,0,18,1,83
2011-08-10 13:38:09,Attack,121,0,125,1117885,17306,4546332,14624,483.61343247200006,45,69,11,0,13,109,3,0,11,3,111
2011-08-10 13:38:10,Attack,89,0,95,1076903,16212,3344516,15793,577.8798701052633,37,50,8,0,9,82,4,0,10,1,84
2011-08-10 13:38:11,Attack,104,6,112,978857,5419,4142083,55166,421.2450133125,39,66,7,0,12,93,7,0,19,1,92
2011-08-10 13:38:12,Attack,93,6,105,1180008,38420,3503218,6889,674.9429245809524,39,61,5,0,17,82,6,0,13,1,91
2011-08-10 13:38:13,Attack,75,0,80,974225,2039,2439379,5401,520.8322270625001,39,36,5,0,11,68,1,0,8,1,71
2011-08-10 13:38:14,Attack,113,0,116,1194746,18027,4208310,67616,381.1295032844827,42,67,7,0,15,99,2,0,19,4,93
2011-08-10 13:38:15,Attack,93,0,95,504281,18511,2211258,43142,378.07694010526313,23,65,7,0,6,89,0,0,44,0,50
2011-08-10 13:38:16,Attack,144,0,146,1286486,20995,3977913,35602,503.65549322602743,38,102,6,0,18,122,6,0,42,0,104
2011-08-10 13:38:17,Attack,105,0,109,1122225,16691,3787930,39312,441.51406214678883,43,59,7,0,12,94,3,0,14,1,94
2011-08-10 13:38:18,Attack,108,0,116,1686466,4056,3568619,56120,680.1257543534481,39,68,9,0,29,82,5,0,16,3,97
2011-08-10 13:38:19,Attack,162,0,163,1369204,18868,6190516,26884,452.1517751165644,48,107,8,0,21,137,5,0,25,0,138
2011-08-10 13:38:20,Attack,124,0,127,1635677,3808,4195195,63521,720.8319576377953,44,79,4,0,23,97,7,0,13,3,111
2011-08-10 13:38:21,Attack,102,0,106,1122761,3489,3276051,54611,628.795315537736,34,64,8,0,15,87,4,0,11,2,93
2011-08-10 13:38:22,Attack,199,3,210,1654437,9848,5396981,77,497.8334328619047,31,177,2,0,46,158,6,0,73,3,134
2011-08-10 13:38:23,Attack,148,0,153,1502250,11800,3944916,43511,570.6637664836602,38,106,9,0,41,103,9,0,47,3,103
2011-08-10 13:38:24,Attack,140,0,145,1682181,19959,4845146,54015,525.3390666344827,39,100,6,0,24,109,12,0,18,3,124
2011-08-10 13:38:25,Attack,108,0,113,1193828,18065,3370174,56517,655.6822503539822,34,71,8,0,30,80,2,1,20,6,86
2011-08-10 13:38:26,Attack,109,0,113,1627006,3264,3632336,2418,731.8416433185841,32,77,4,0,23,81,9,0,14,2,97
2011-08-10 13:38:27,Attack,90,3,99,838208,17067,3336818,63443,690.6475698787877,34,54,11,0,12,83,2,2,13,0,84
2011-08-10 13:38:28,Attack,116,2,120,1583162,17324,3882788,12302,558.949175775,41,69,10,0,22,88,9,1,32,1,85
2011-08-10 13:38:29,Attack,130,0,137,1248685,17643,4735908,6248,459.6470665036496,44,85,8,0,22,112,3,0,21,1,115
2011-08-10 13:38:30,Attack,103,4,110,1231832,17672,3696898,14759,466.77077657272736,39,65,6,0,14,88,8,0,19,6,83
2011-08-10 13:38:31,Attack,99,0,103,1525292,15946,3257062,38584,508.8968287475727,32,64,7,0,27,71,5,0,12,1,89
2011-08-10 13:38:32,Attack,103,19,125,1091428,3900,4458303,47269,568.056125344,33,81,11,0,12,105,7,1,13,2,108
2011-08-10 13:38:33,Attack,98,6,110,948549,17221,3709039,12350,628.9980343818181,30,74,6,0,14,91,5,0,12,2,96
2011-08-10 13:38:34,Attack,142,0,146,1269073,19204,4758010,57097,528.4439147191781,39,101,6,0,41,100,5,0,40,2,104
2011-08-10 13:38:35,Attack,108,0,113,1628570,3094,3370546,66285,687.180594238938,36,69,8,0,21,85,7,0,13,3,94
2011-08-10 13:38:36,Attack,122,0,125,990920,19607,4424585,36315,410.8066822,39,82,4,0,21,101,3,0,25,5,95
2011-08-10 13:38:37,Attack,124,0,127,1322688,17767,4611711,4929,464.273970992126,52,64,10,0,13,111,1,1,14,3,109
2011-08-10 13:38:38,Attack,82,0,85,948478,24521,3163173,63613,422.37827575294114,30,49,6,0,8,76,1,0,7,2,76
2011-08-10 13:38:39,Attack,102,6,115,851890,18532,3961297,27947,378.5968232000001,30,76,9,0,11,100,4,0,10,2,103
2011-08-10 13:38:40,Attack,118,0,120,1017990,21049,4163252,11331,570.4490837833333,42,70,8,0,11,101,8,0,21,2,95
2011-08-10 13:38:41,Attack,99,3,108,815952,5831,3660217,49166,486.8059460092593,38,65,5,0,7,91,10,0,21,1,86
2011-08-10 13:38:42,Attack,100,3,111,1079959,16646,3573446,34275,409.08606358558563,39,66,6,0,13,94,4,0,9,5,96
2011-08-10 13:38:43,Attack,186,0,188,662565,10403,8894601,52457,190.97590428191486,25,152,11,0,19,166,3,0,19,1,168
2011-08-10 13:38:44,Attack,98,1,106,793837,8898,3770126,2693,359.6318875754717,33,68,5,0,16,89,1,0,18,1,87
2011-08-10 13:38:45,Attack,103,0,107,920805,17692,3890728,60889,442.8698345327103,34,63,10,0,10,96,1,0,12,0,93
2011-08-10 13:38:46,Attack,77,0,79,883225,9587,2701550,14905,730.5376330632913,43,30,6,0,8,69,2,0,7,2,70
2011-08-10 13:38:47,Attack,87,0,88,806612,17258,3281394,9700,581.4855485909092,29,56,3,0,10,74,4,0,11,1,75
2011-08-10 13:38:48,Attack,111,0,313,1039684,29734,4638023,4550,159.56509189137378,47,254,12,0,52,129,132,0,23,4,286
2011-08-10 13:38:49,Attack,144,0,156,797568,7633,6317591,39981,180.88292994230773,36,113,7,0,14,133,9,0,24,1,131
2011-08-10 13:38:50,Attack,150,0,173,857914,9910,6426962,2077,314.9371461907514,40,130,3,0,34,130,9,0,25,0,148
2011-08-10 13:38:51,Attack,150,0,162,999635,20359,6350433,50940,252.88991141358025,29,121,12,0,34,127,1,0,25,0,136
2011-08-10 13:38:52,Attack,121,3,128,940028,18649,5043291,60433,352.604337421875,40,79,9,0,19,105,4,0,21,2,105
2011-08-10 13:38:53,Attack,103,0,108,613993,4393,4120407,27,441.85632838888887,27,74,7,0,11,94,3,0,15,3,90
2011-08-10 13:38:54,Attack,101,2,113,927124,3627,3669054,55374,530.1939935132743,35,75,3,0,12,97,4,0,17,0,96
2011-08-10 13:38:55,Attack,104,2,112,1133892,17764,3542751,22713,470.73129010714285,36,68,8,0,11,96,5,0,10,1,99
2011-08-10 13:38:56,Attack,119,104,230,1293891,11249,8614926,35446,284.40568477391304,35,189,6,0,27,176,27,0,40,3,187
2011-08-10 13:38:57,Attack,99,28,131,947982,18486,4028420,40567,282.42565941221375,34,88,9,0,15,108,8,0,34,1,96
2011-08-10 13:38:58,Attack,121,0,126,889102,19038,4260326,43279,417.9424357142857,36,79,11,0,16,102,8,0,25,2,99
2011-08-10 13:38:59,Attack,133,0,136,1224206,18577,4656584,32209,360.405648125,54,73,9,0,14,119,3,0,24,2,110
2011-08-10 13:39:00,Attack,117,0,122,1122287,5777,4970202,36641,384.38561771311475,37,78,7,0,18,103,1,0,27,1,93
2011-08-10 13:39:01,Attack,294,0,299,954848,28392,14276441,61552,150.61614363545152,41,253,5,0,15,281,3,0,63,1,235
2011-08-10 13:39:02,Attack,136,3,142,834769,7089,5427208,50203,398.9309577112676,38,98,6,0,9,126,7,0,35,1,106
2011-08-10 13:39:03,Attack,129,0,137,1003020,44326,4588812,5103,442.0795604160583,46,87,4,0,16,119,2,0,20,0,117
2011-08-10 13:39:04,Attack,111,0,114,1546106,4015,3891977,49933,471.6535248333333,29,79,6,0,30,71,13,0,21,2,90
2011-08-10 13:39:05,Attack,166,0,173,936790,22045,6759607,16614,313.54567273988437,40,131,2,0,22,143,8,0,25,3,143
2011-08-10 13:39:06,Attack,101,0,107,770520,16761,3674861,61423,395.45325656074766,36,67,4,0,10,89,8,0,16,1,90
2011-08-10 13:39:07,Attack,87,0,88,974330,15895,3148558,39887,503.75989662499995,33,47,8,0,10,77,1,0,6,3,78
2011-08-10 13:39:08,Attack,108,0,113,1045370,17270,3891447,39375,808.6825594867257,38,71,4,0,19,92,2,0,15,1,96
2011-08-10 13:39:09,Attack,117,0,122,962100,16922,4209571,64557,404.37389789344275,37,81,4,0,9,108,5,0,32,0,90
2011-08-10 13:39:10,Attack,150,0,156,816537,23719,4766096,56613,250.47384162179486,39,116,1,0,29,110,17,0,45,0,111
2011-08-10 13:39:11,Attack,114,3,123,889940,6421,4395923,50149,223.68744827642277,31,82,10,0,14,105,4,0,18,1,104
2011-08-10 13:39:12,Attack,129,3,138,2436622,16251,4404608,64393,722.1953773478261,46,86,6,0,29,101,8,0,15,1,119
2011-08-10 13:39:13,Attack,105,0,107,1113789,18681,3558886,28835,430.16432172897197,36,64,7,0,17,84,6,0,16,1,90
2011-08-10 13:39:14,Attack,150,0,154,1113523,19316,6208337,48569,394.9664487662338,37,112,5,0,17,129,8,0,24,1,129
2011-08-10 13:39:15,Attack,106,0,112,991991,17645,3945789,20234,499.56163100000003,26,81,5,0,23,80,9,0,16,1,93
2011-08-10 13:39:16,Attack,108,0,113,1437983,16795,3540273,26934,780.0497992566371,30,75,8,0,25,85,3,0,13,1,97
2011-08-10 13:39:17,Attack,83,0,85,902659,16402,3103958,47230,788.1579146117648,32,50,3,0,13,66,6,0,7,2,76
2011-08-10 13:39:18,Attack,117,0,120,882585,19042,4229918,50634,411.2849509416667,40,77,3,0,29,91,0,0,30,1,88
2011-08-10 13:39:19,Attack,90,0,95,1089509,58243,2907515,1110,338.93444819999996,32,53,10,0,10,75,10,0,24,2,69
2011-08-10 13:39:20,Attack,107,0,110,1345321,3279,3843534,57308,457.5017400090909,41,65,4,0,13,90,7,0,17,2,91
2011-08-10 13:39:21,Attack,117,0,123,1126395,17147,4455426,52471,370.33281804878044,34,81,8,0,11,105,7,0,10,2,111
2011-08-10 13:39:22,Attack,95,4,102,1261420,17355,3231356,2327,551.7358379215686,34,65,3,0,17,81,4,0,15,1,86
2011-08-10 13:39:23,Attack,84,0,88,1240586,14689,3269223,33651,553.1491316249999,43,38,7,0,14,71,3,0,11,0,77
2011-08-10 13:39:24,Attack,115,0,120,1467658,19739,3892287,20858,517.16919105,42,73,5,0,16,96,8,0,21,1,98
2011-08-10 13:39:25,Attack,104,0,108,920637,45830,4048744,79,409.70376674074066,25,73,10,0,16,85,6,1,20,0,86
2011-08-10 13:39:26,Attack,82,0,86,1072858,16010,2448175,31449,338.01245856976743,28,54,4,0,21,59,5,1,26,2,57
2011-08-10 13:39:27,Attack,119,0,120,1194600,17637,4455285,19088,590.1165567416666,38,74,8,0,26,90,4,0,19,1,100
2011-08-10 13:39:28,Attack,84,0,87,735623,18856,2839367,12392,551.6141247241379,29,51,7,0,10,73,1,3,10,3,72
2011-08-10 13:39:29,Attack,66,0,75,893779,15290,2193971,23281,676.0955524933332,25,45,5,0,15,55,4,1,8,2,62
2011-08-10 13:39:30,Attack,79,0,86,698853,17310,2925747,50829,354.23089002325577,31,44,11,0,6,75,5,0,20,3,63
2011-08-10 13:39:31,Attack,118,0,119,1280394,48451,3306273,5885,714.51588102521,29,82,8,0,22,82,15,0,29,3,87
2011-08-10 13:39:32,Attack,100,5,107,973861,3354,3920858,34358,651.5800948785047,42,61,4,0,11,91,5,0,17,2,88
2011-08-10 13:39:33,Attack,134,0,136,926698,5107,5814429,5136,429.9826249191177,48,81,7,0,2,130,4,0,13,2,121
2011-08-10 13:39:34,Attack,111,3,119,1535061,18266,3824346,5831,440.7099270420168,30,79,10,0,34,82,3,0,12,4,102
2011-08-10 13:39:35,Attack,103,0,105,994799,17030,3776055,34301,671.9993315714286,42,57,6,0,23,78,4,0,19,1,84
2011-08-10 13:39:36,Attack,117,0,123,1041279,19200,4186204,15838,392.14703839024395,31,82,10,0,24,90,9,0,32,2,87
2011-08-10 13:39:37,Attack,96,0,98,938668,15750,3715152,19118,477.4344870408163,36,50,12,0,10,86,2,0,12,1,84
2011-08-10 13:39:38,Attack,67,0,71,778578,16489,2410949,19541,566.4548507746478,31,36,4,0,7,62,2,0,13,1,57
2011-08-10 13:39:39,Attack,73,0,76,765309,16670,2691263,51134,549.3877888421051,27,41,8,0,8,66,2,0,10,1,65
2011-08-10 13:39:40,Attack,91,0,92,1189350,2843,3063493,46881,461.0925874673913,37,49,6,0,10,77,5,0,16,2,74
2011-08-10 13:39:41,Attack,113,3,120,786433,22023,4758168,19033,392.0561332666667,34,80,6,0,7,111,2,0,30,1,89
2011-08-10 13:39:42,Attack,166,3,173,1074931,8507,8417859,40453,254.72881457225435,31,137,5,0,10,161,2,0,74,6,93
2011-08-10 13:39:43,Attack,131,0,137,1243721,12279,5216804,2276,493.144421729927,36,87,14,0,16,115,4,2,33,4,100
2011-08-10 13:39:44,Attack,88,0,98,929663,16138,3552536,32377,356.70493113265303,28,62,8,0,9,82,7,0,12,2,84
2011-08-10 13:39:45,Attack,94,0,95,982551,15676,3436939,43755,498.69884421052626,33,53,9,0,23,70,2,0,20,0,74
2011-08-10 13:39:46,Attack,117,0,120,778517,18524,4617892,50800,421.56063912499997,38,74,8,0,10,107,3,0,15,0,105
2011-08-10 13:39:47,Attack,139,0,142,854313,6577,4565316,3017,259.7765529154929,37,97,8,0,14,113,15,0,35,5,101
2011-08-10 13:39:48,Attack,84,0,95,693419,16645,3000205,60831,331.08070751578947,24,67,4,0,17,71,7,0,22,1,71
2011-08-10 13:39:49,Attack,103,0,335,1119474,29234,4431042,34714,184.62045757313433,39,286,10,0,30,121,182,2,9,1,325
2011-08-10 13:39:50,Attack,108,0,236,1645068,10716,3774205,2848,463.3210525805085,44,186,6,0,60,110,66,0,14,1,219
2011-08-10 13:39:51,Attack,132,5,139,1483659,19992,4906086,26672,587.6269642230216,39,93,7,0,26,107,6,0,14,1,124
2011-08-10 13:39:52,Attack,140,15,160,853640,7436,5900725,2077,333.98011254999994,33,118,9,0,26,125,9,0,34,0,126
2011-08-10 13:39:53,Attack,113,0,122,1011414,20657,4003644,59123,258.73420155737705,27,90,5,0,28,81,13,0,32,2,88
2011-08-10 13:39:54,Attack,94,0,101,998231,16848,3445147,22022,273.832337009901,31,65,5,0,13,82,6,0,19,1,81
2011-08-10 13:39:55,Attack,98,0,102,979702,35637,3693409,14775,389.98064825490184,38,60,4,0,13,75,14,0,36,1,65
2011-08-10 13:39:56,Attack,89,0,94,855921,16249,3239152,4897,591.601399712766,39,48,7,0,8,82,4,0,15,0,79
2011-08-10 13:39:57,Attack,111,0,120,906042,20507,4202330,30826,369.27076816666664,41,72,7,0,17,97,6,0,16,1,103
2011-08-10 13:39:58,Attack,104,0,114,1159851,18667,3748265,16069,455.9005256491228,50,54,10,0,14,98,2,0,16,2,96
2011-08-10 13:39:59,Attack,117,0,123,848449,30229,4522246,33366,225.78038438211385,34,62,27,0,15,99,9,0,48,1,74
2011-08-10 13:40:00,Attack,145,0,149,778831,19981,3898650,37262,298.23207480536917,35,109,5,0,53,93,1,2,58,1,90
2011-08-10 13:40:01,Attack,138,0,140,1339873,4966,5394832,53558,548.9486128285714,46,86,8,0,16,120,2,2,15,2,123
2011-08-10 13:40:02,Attack,112,3,122,1059515,6689,4058153,33690,570.3780994836065,28,86,8,0,23,95,4,0,12,1,109
2011-08-10 13:40:03,Attack,117,0,122,1419958,16613,3599946,53506,628.2980850163934,45,70,7,0,15,99,8,0,14,3,105
2011-08-10 13:40:04,Attack,88,0,92,1002849,16046,3069399,49571,820.2966685760869,43,45,4,0,10,81,1,0,6,2,84
2011-08-10 13:40:05,Attack,117,0,133,1527407,8771,4036615,14991,600.8848278345865,44,81,8,0,31,99,3,0,13,4,116
2011-08-10 13:40:06,Attack,94,0,114,1099661,17970,3400164,52946,463.58448112280706,27,75,12,0,30,82,2,0,7,1,106
2011-08-10 13:40:07,Attack,87,0,91,823618,15874,3167897,50757,560.8160174615384,34,53,4,0,9,79,3,0,5,1,85
2011-08-10 13:40:08,Attack,88,0,97,870010,18033,2960699,47932,402.2417200103092,33,57,7,0,11,79,7,0,17,0,79
2011-08-10 13:40:09,Attack,90,0,99,850813,16803,3232439,1774,469.1787611818182,31,57,11,0,13,82,4,0,10,0,89
2011-08-10 13:40:10,Attack,120,0,122,955178,48272,4677555,41305,391.5431622131147,34,54,34,0,8,110,4,0,43,2,76
2011-08-10 13:40:11,Attack,115,3,122,1201896,5326,4266247,44056,439.3661098852459,48,66,8,0,9,107,6,0,15,7,99
2011-08-10 13:40:12,Attack,89,3,101,933831,3245,3459361,46855,633.4836547920793,36,58,7,0,9,87,5,0,4,3,94
2011-08-10 13:40:13,Attack,147,2,152,1080540,7234,6325620,4671,374.01898271710525,46,96,10,0,21,126,5,0,22,2,128
2011-08-10 13:40:14,Attack,103,1,108,953240,69957,4289764,2767,303.5381419259259,28,72,8,0,9,91,8,0,15,1,92
2011-08-10 13:40:15,Attack,138,0,145,1582571,19845,5125126,60090,315.78330761379317,41,98,6,0,32,107,6,0,22,5,118
2011-08-10 13:40:16,Attack,86,0,89,1022926,18016,2438823,51562,475.20241584269667,24,61,4,0,15,62,12,0,19,2,68
2011-08-10 13:40:17,Attack,140,0,146,787053,6974,4359744,59449,316.2717820616439,32,109,5,0,12,100,34,0,49,0,97
2011-08-10 13:40:18,Attack,109,3,116,1664456,17574,3777591,28392,402.83471264655174,42,65,9,0,23,89,4,0,6,2,107
2011-08-10 13:40:19,Attack,124,0,127,1818575,28222,3716613,13505,413.50976107874015,30,87,10,0,35,87,5,0,16,3,108
2011-08-10 13:40:20,Attack,86,0,89,1100768,9204,2803985,57855,735.5473035955055,32,54,3,0,16,71,2,0,9,2,78
2011-08-10 13:40:21,Attack,109,0,111,1234321,7917,3683862,14142,535.4398744594595,40,63,8,0,16,93,2,0,12,2,96
2011-08-10 13:40:22,Attack,115,3,122,1047351,47088,4808631,347,533.1746615163935,31,85,6,0,18,99,5,0,19,2,101
2011-08-10 13:40:23,Attack,98,0,102,1020010,5679,3417456,50927,530.3730617156862,40,54,8,0,9,91,2,0,17,1,84
2011-08-10 13:40:24,Attack,102,3,110,1177665,17154,3462961,31413,553.6469405818183,34,68,8,0,13,94,3,0,11,1,98
2011-08-10 13:40:25,Attack,125,2,129,1113759,19320,4773251,27999,448.065538255814,34,87,8,0,19,105,4,1,19,1,108
2011-08-10 13:40:26,Attack,98,0,107,1158651,55402,3195326,14472,610.6759922990653,34,63,10,0,15,81,10,1,22,2,82
2011-08-10 13:40:27,Attack,135,0,136,990179,17785,5114900,43837,437.54897572058826,47,82,7,0,14,115,5,2,19,0,115
2011-08-10 13:40:28,Attack,105,0,110,923196,17306,3774760,58622,328.8663053454546,30,69,11,0,9,93,7,1,16,1,92
2011-08-10 13:40:29,Attack,90,0,99,802847,40144,3387363,851,453.0757611414141,40,54,5,0,14,77,8,0,21,1,77
2011-08-10 13:40:30,Attack,81,0,82,700112,15540,2892484,60852,414.6879011463415,25,51,6,0,8,71,3,0,10,0,72
2011-08-10 13:40:31,Attack,104,0,107,913961,17558,3961589,11443,571.9640168504673,45,57,5,0,18,86,3,0,22,1,83
2011-08-10 13:40:32,Attack,106,3,112,1112155,6232,4046379,57289,493.6417540535714,36,73,3,0,16,90,6,0,21,2,89
2011-08-10 13:40:33,Attack,214,2,222,933286,23064,9087274,2944,398.9391511531532,51,162,9,0,12,207,3,0,22,3,196
2011-08-10 13:40:34,Attack,104,2,115,721463,20111,4530528,6850,347.37663493913044,29,74,12,0,7,102,6,0,16,2,96
2011-08-10 13:40:35,Attack,99,0,102,1211346,15379,3455515,28357,636.2332022549018,51,45,6,0,10,92,0,0,13,4,84
2011-08-10 13:40:36,Attack,99,0,101,1068837,16852,3655510,48170,522.0218004653466,31,64,6,0,14,83,4,0,17,2,82
2011-08-10 13:40:37,Attack,104,0,109,990831,6260,4023967,57371,539.9567032201836,29,72,8,0,12,93,4,0,14,1,94
2011-08-10 13:40:38,Attack,99,0,101,976359,51487,3794293,28444,638.4160143465347,40,55,6,0,10,88,3,0,15,2,84
2011-08-10 13:40:39,Attack,75,0,81,1103035,3437,2341552,15863,792.0878294814814,37,37,7,0,15,60,6,0,10,2,69
2011-08-10 13:40:40,Attack,79,0,80,677857,17385,2055478,66018,443.91669871249997,30,47,3,0,26,51,3,0,30,2,48
2011-08-10 13:40:41,Attack,110,3,115,1214363,17248,4039407,8472,543.6279208434781,38,67,10,0,6,99,10,0,18,2,95
2011-08-10 13:40:42,Attack,126,3,135,1176145,5421,4955198,60034,497.57268206666674,33,84,18,0,14,102,19,0,11,2,122
2011-08-10 13:40:43,Attack,119,0,122,898707,6665,4903268,53675,497.8176045491804,30,88,4,0,17,101,4,0,16,3,103
2011-08-10 13:40:44,Attack,93,0,96,697596,17842,3678856,62621,241.33268264583333,31,59,6,0,5,83,8,0,13,0,83
2011-08-10 13:40:45,Attack,76,0,79,618560,17541,2813653,40694,431.5802079873419,27,45,7,0,7,69,2,1,9,1,68
2011-08-10 13:40:46,Attack,74,0,78,1016052,15523,2683490,13230,650.7740693076922,24,44,10,0,12,62,4,0,10,1,67
2011-08-10 13:40:47,Attack,163,0,169,1264092,75885,7114769,4851,328.7921962899408,38,129,2,0,19,133,17,0,29,4,136
2011-08-10 13:40:48,Attack,96,0,99,1193434,2687,3839530,61891,697.8638795151516,33,60,6,0,13,82,4,0,8,3,88
2011-08-10 13:40:49,Attack,117,0,323,945479,30082,4265266,35117,183.84360547058822,33,285,5,0,55,120,148,0,25,0,298
2011-08-10 13:40:50,Attack,85,0,161,1192976,5583,2935858,2847,301.23001439130434,33,119,9,0,37,82,42,0,11,2,148
2011-08-10 13:40:51,Attack,88,0,90,639412,3382,3642510,64878,448.0745516555556,30,54,6,0,3,84,3,0,9,1,80
2011-08-10 13:40:52,Attack,223,3,227,958971,25209,8354880,33654,191.8862972863436,36,183,8,0,67,141,18,1,82,1,143
2011-08-10 13:40:53,Attack,171,1,182,1241755,7452,7139933,60859,341.4257691208791,48,127,7,0,26,151,5,0,26,2,154
2011-08-10 13:40:54,Attack,110,0,115,1223852,4622,2676947,3533,411.36959428695644,32,79,4,0,13,93,9,0,47,4,64
2011-08-10 13:40:55,Attack,118,0,122,942134,5340,3740877,1576,552.963016557377,29,85,8,0,14,101,7,0,29,0,93
2011-08-10 13:40:56,Attack,91,0,94,1014484,17114,3166765,40578,401.3124774255319,39,50,5,0,14,71,9,0,12,0,82
2011-08-10 13:40:57,Attack,111,0,115,1000586,10703,4330672,2883,534.036887,45,57,13,0,10,100,5,0,12,1,102
2011-08-10 13:40:58,Attack,141,0,144,1210778,4981,5871591,65962,442.7587623819444,35,106,3,0,26,112,6,0,23,4,117
2011-08-10 13:40:59,Attack,139,0,141,898621,43989,6098687,15172,284.8716648865248,35,101,5,0,16,110,15,0,30,5,105
2011-08-10 13:41:00,Attack,168,0,173,1090081,22116,6308505,59760,393.6341060924855,46,122,5,0,32,118,23,0,51,3,118
2011-08-10 13:41:01,Attack,230,0,236,1038478,11242,10981894,2730,254.7008593347458,40,188,8,0,27,208,1,0,21,1,214
2011-08-10 13:41:02,Attack,119,3,127,949899,8048,4757376,3371,333.0059455433072,32,87,8,0,20,104,3,0,19,1,107
2011-08-10 13:41:03,Attack,94,0,96,931505,5597,3357723,46388,455.0834546458332,26,62,8,0,13,79,4,0,12,3,80
2011-08-10 13:41:04,Attack,104,0,108,801965,17434,3932381,41160,467.87433686111115,37,66,5,0,7,98,3,0,16,0,92
2011-08-10 13:41:05,Attack,123,0,127,1018973,18262,4473282,22339,463.2746021259842,44,77,6,0,24,97,6,0,28,1,98
2011-08-10 13:41:06,Attack,160,0,163,1554017,40798,5581960,2343,348.72047673006136,39,118,6,0,45,111,7,0,36,1,126
2011-08-10 13:41:07,Attack,106,0,111,576141,19806,4017219,25599,277.69159731531533,22,80,9,0,17,87,7,0,22,3,86
2011-08-10 13:41:08,Attack,152,0,155,1087053,38308,5988792,14393,388.27251883870963,35,114,6,0,23,118,14,0,35,2,118
2011-08-10 13:41:09,Attack,141,0,147,985518,6724,5530654,2848,368.35223551700676,36,106,5,0,32,105,10,0,40,2,105
2011-08-10 13:41:10,Attack,91,0,94,757478,2869,3681743,54828,386.39006661702126,34,54,6,0,13,78,3,0,19,2,73
2011-08-10 13:41:11,Attack,92,0,98,710835,6771,3765973,50205,424.49100545918367,29,64,5,0,19,69,10,0,31,0,67
2011-08-10 13:41:12,Normal,104,6,110,901908,4327,4494601,34036,519.3202072363636,42,61,7,0,13,95,2,0,21,0,88
2011-08-10 13:41:13,Attack,108,0,113,765464,19352,4179163,63820,300.04451449557524,28,79,6,0,27,84,2,0,22,1,90
2011-08-10 13:41:14,Attack,81,0,85,812928,16691,2664056,41384,614.2499131882354,33,45,7,0,16,69,0,0,13,2,70
2011-08-10 13:41:15,Attack,116,0,125,1079870,19231,4154020,12915,418.122285528,36,83,6,0,16,105,4,0,27,1,97
2011-08-10 13:41:16,Attack,124,0,126,1252971,5789,4555354,63909,551.2526417142856,37,79,10,0,13,106,7,0,20,6,100
2011-08-10 13:41:17,Attack,96,0,99,768842,16755,3277299,25561,610.3464821919192,32,60,7,0,9,88,2,0,19,2,78
2011-08-10 13:41:18,Attack,107,0,112,1125138,17112,4222191,12911,489.7188984285714,35,70,7,0,11,94,7,0,11,1,100
2011-08-10 13:41:19,Attack,76,0,78,571791,15931,2468934,42265,462.22413052564093,25,49,4,0,16,58,4,0,19,0,59
2011-08-10 13:41:20,Attack,96,0,99,876083,4367,3253868,36528,489.8905453434343,34,55,10,0,14,81,4,0,18,2,79
2011-08-10 13:41:21,Attack,89,0,97,1315179,16630,3172259,7130,777.8608827628867,26,59,12,0,18,76,3,0,6,2,89
2011-08-10 13:41:22,Attack,121,3,128,1097373,5855,4818653,34809,417.1269655390625,35,84,9,0,23,101,4,0,15,2,111
2011-08-10 13:41:23,Attack,102,0,104,1040355,18413,3391695,53432,462.9356159615385,26,67,11,0,15,85,4,0,15,2,87
2011-08-10 13:41:24,Attack,94,0,98,961300,17261,3571957,58382,620.1255179387756,39,49,10,0,10,86,2,0,9,2,87
2011-08-10 13:41:25,Attack,116,0,118,1108766,18322,4069830,21109,535.8354849915255,37,79,2,0,22,92,3,1,18,1,98
2011-08-10 13:41:26,Attack,68,0,70,637881,15813,2603946,15926,372.61781301428573,25,41,4,0,6,60,2,2,7,0,61
2011-08-10 13:41:27,Attack,101,0,103,1077498,16562,3798498,48699,640.136354524272,39,54,10,0,11,89,3,0,16,0,87
2011-08-10 13:41:28,Normal,71,0,71,754399,14664,2286977,24577,640.6724323943663,29,34,8,0,7,62,2,0,9,0,62
2011-08-10 13:41:29,Attack,91,0,98,1027088,17048,3296453,55787,652.3627790102041,29,61,8,0,16,78,4,0,10,1,87
2011-08-10 13:41:30,Attack,98,5,106,1145536,4916,3625269,65661,522.5711168301887,43,57,6,0,14,88,4,0,11,2,93
2011-08-10 13:41:31,Attack,158,0,160,958514,21029,6246324,53973,286.41552735,32,121,7,0,15,135,10,0,22,3,135
2011-08-10 13:41:32,Attack,123,3,134,1451632,4893,4321851,52437,736.3834798731342,44,85,5,0,17,107,8,2,12,1,119
2011-08-10 13:41:33,Normal,105,0,105,1394756,15443,3856911,27056,812.7700285238095,61,33,11,0,6,99,0,0,4,2,99
2011-08-10 13:41:34,Normal,105,0,105,1122258,17752,3847275,5471,590.7402326571429,36,59,10,0,10,93,2,0,7,0,98
2011-08-10 13:41:35,Attack,103,0,106,832379,17828,4016894,3831,400.58511200943394,42,60,4,0,5,96,5,0,14,1,91
2011-08-10 13:41:36,Attack,80,0,83,891514,2263,2873458,37107,639.752981927711,28,47,8,0,6,74,3,0,5,2,76
2011-08-10 13:41:37,Attack,89,2,95,971172,16547,3514621,29362,599.0077727263158,42,48,5,0,8,81,6,0,10,0,85
2011-08-10 13:41:38,Attack,121,0,122,1746097,4495,3779654,55282,574.9169530737705,48,67,7,0,25,93,4,0,26,6,89
2011-08-10 13:41:39,Attack,124,0,128,1476835,17143,3814605,61978,851.1019504453125,44,74,10,0,28,96,4,0,24,4,100
2011-08-10 13:41:40,Attack,92,0,96,887450,3877,3431564,2664,489.77743032291664,32,56,8,0,9,86,1,0,11,0,85
2011-08-10 13:41:41,Attack,77,0,79,914634,4243,2453382,9684,729.8736684556961,42,31,6,0,3,71,5,0,8,3,68
2011-08-10 13:41:42,Attack,98,6,108,981909,4811,4140508,53000,433.5708177222222,40,61,7,0,16,87,5,0,21,5,82
2011-08-10 13:41:43,Attack,144,0,146,804398,6558,5979981,56906,260.92797461643835,34,103,9,0,14,128,4,0,21,1,124
2011-08-10 13:41:44,Attack,142,0,144,1051538,23591,5377316,8080,496.5585181041667,41,93,10,0,26,114,4,0,28,1,115
2011-08-10 13:41:45,Attack,107,0,109,1128123,16009,4090937,40165,746.5119434770642,48,55,6,0,9,98,2,0,6,1,102
2011-08-10 13:41:46,Attack,106,0,108,1350676,67089,3272243,15766,745.5662067314814,38,63,7,0,16,88,4,0,8,5,95
2011-08-10 13:41:47,Normal,111,0,111,703672,18780,4108351,58885,355.56306837837843,32,72,7,0,20,86,5,0,34,1,76
2011-08-10 13:41:48,Attack,100,0,104,923591,3268,4094659,53220,607.8421673846154,31,72,1,0,24,77,3,0,16,2,86
2011-08-10 13:41:49,Attack,110,0,113,628076,20314,4385270,12677,237.79384776106195,27,80,6,0,24,86,3,0,30,0,83
2011-08-10 13:41:50,Attack,106,0,111,1098144,6022,3626291,46281,413.00820788288286,40,65,6,0,11,95,5,0,12,2,96
2011-08-10 13:41:51,Attack,88,0,90,1070780,15089,3142706,52268,506.51439191111115,40,43,7,0,12,76,2,0,14,0,76
2011-08-10 13:41:52,Normal,99,3,102,808432,5248,4003540,60291,476.02386767647056,35,59,8,0,11,90,1,0,12,0,90
2011-08-10 13:41:53,Attack,91,0,95,992295,15564,3140537,65516,630.2748488526316,39,52,4,0,12,81,2,0,8,1,86
2011-08-10 13:41:54,Attack,98,0,99,1098092,15954,3278937,53203,547.227188838384,39,54,6,0,14,85,0,0,9,0,90
2011-08-10 13:41:55,Attack,89,0,91,867609,21407,3331559,59364,548.7975434835164,34,49,8,0,13,75,3,0,16,1,74
2011-08-10 13:41:56,Attack,131,0,133,1016765,4914,4517001,56589,422.3703605789473,46,83,4,0,21,110,2,0,21,2,110
2011-08-10 13:41:57,Attack,103,0,107,1132149,11847,3590291,4390,585.8248138317757,44,56,7,0,18,84,5,0,16,1,90
2011-08-10 13:41:58,Attack,89,0,92,1110345,16154,3112818,24781,693.7374629021739,37,47,8,0,9,78,5,0,10,2,80
2011-08-10 13:41:59,Attack,101,0,102,1047148,18355,3794213,24257,456.79004777450973,33,61,8,0,8,85,8,1,14,2,86
2011-08-10 13:42:00,Attack,68,0,69,480434,7106,2374208,79,507.3273017536233,21,43,5,0,3,65,1,0,11,1,57
2011-08-10 13:42:01,Attack,144,0,146,1296620,18661,4895792,45845,291.0878660547945,45,97,4,0,18,114,14,0,31,3,111
2011-08-10 13:42:02,Normal,94,3,97,763301,19420,3643119,14105,482.8094563195877,34,57,6,0,10,83,4,0,25,0,72
2011-08-10 13:42:03,Attack,98,0,100,946944,17419,3602883,24758,500.67023677000003,43,53,4,0,7,87,6,0,12,1,86
2011-08-10 13:42:04,Attack,115,0,118,1184623,20216,4718295,64145,412.59281343220334,27,80,11,0,16,99,3,0,21,0,97
2011-08-10 13:42:05,Attack,87,0,88,934701,18342,3243415,5177,883.617349693182,40,39,9,0,6,81,1,0,14,0,74
2011-08-10 13:42:06,Attack,97,0,100,926270,16290,3929124,16504,398.17765073999993,43,54,3,0,9,89,2,0,12,0,88
2011-08-10 13:42:07,Normal,82,0,82,996169,16650,2936645,46716,532.3493019634146,40,35,7,0,8,70,4,0,11,1,70
2011-08-10 13:42:08,Attack,122,0,125,944652,5965,4510940,36853,428.46358352,41,70,14,0,8,115,2,0,18,1,106
2011-08-10 13:42:09,Attack,124,0,126,1285826,18572,4528786,30708,498.09501022222224,46,74,6,0,21,101,4,0,24,3,99
2011-08-10 13:42:10,Normal,137,0,137,972425,8039,5401502,58400,401.00021603649634,32,97,8,0,27,104,6,0,35,1,101
2011-08-10 13:42:11,Attack,96,0,99,1059451,17367,3360877,46671,610.3055606464648,37,53,9,0,13,74,12,0,21,1,77
2011-08-10 13:42:12,Attack,100,6,111,1138723,3631,3635758,51060,420.6757169189189,39,66,6,0,12,91,8,0,18,1,92
2011-08-10 13:42:13,Attack,93,0,97,946898,3313,3096165,52108,616.2735049381444,23,66,8,0,20,74,3,0,16,1,80
2011-08-10 13:42:14,Attack,107,0,111,1319575,17175,2949194,9552,585.2186509459459,37,63,11,0,20,81,10,0,19,2,90
2011-08-10 13:42:15,Normal,106,0,106,1493696,62722,3962870,22620,686.2398552075472,35,66,5,0,24,78,4,0,12,2,91
2011-08-10 13:42:16,Attack,86,0,87,1075255,16279,3056591,47243,784.2455097816095,50,31,6,0,4,79,4,0,8,0,79
2011-08-10 13:42:17,Attack,109,0,113,1355176,56194,3843479,13363,708.8448907168142,38,66,9,0,23,86,4,0,16,0,97
2011-08-10 13:42:18,Attack,89,0,93,1023883,16347,3324050,56348,624.445840344086,36,49,8,0,7,75,11,0,17,1,75
2011-08-10 13:42:19,Attack,166,0,169,933801,7458,6885445,60953,301.77376905325445,34,125,10,0,25,118,26,0,52,0,117
2011-08-10 13:42:20,Attack,143,0,145,795872,7312,4909396,65079,282.6019688,33,106,6,0,23,97,25,0,47,0,98
2011-08-10 13:42:21,Attack,115,0,116,1080698,35651,4313937,13371,506.99808317241377,32,79,5,0,9,91,16,0,27,1,88
2011-08-10 13:42:22,Attack,131,3,137,1161911,4679,5130418,65659,449.97413203649637,43,83,11,0,10,121,6,0,21,1,114
2011-08-10 13:42:23,Attack,119,0,120,875799,5154,5226064,58198,326.4775645,36,77,7,0,7,107,6,0,13,2,105
2011-08-10 13:42:24,Attack,121,0,123,1278185,3857,4148313,55044,480.2665344390244,40,79,4,0,12,107,4,0,20,2,101
2011-08-10 13:42:25,Attack,138,0,140,2067700,16460,4477002,32570,367.9572419928572,38,96,6,0,30,101,8,1,36,4,99
2011-08-10 13:42:26,Attack,102,0,106,788787,17565,3672067,29092,362.07560613207556,35,67,4,0,12,89,3,2,13,0,91
2011-08-10 13:42:27,Normal,91,0,91,736678,16222,3088728,17224,591.2472318241757,34,48,9,0,4,83,4,0,10,0,81
2011-08-10 13:42:28,Attack,137,0,139,969434,19400,5735802,8626,474.51168796402874,50,81,8,0,13,97,29,0,45,3,91
2011-08-10 13:42:29,Attack,146,0,147,886550,20126,5656990,18485,382.2727582585034,35,104,8,0,17,116,13,1,31,0,115
2011-08-10 13:42:30,Attack,130,0,132,813654,19221,4407567,43363,629.9739288787878,40,86,6,0,17,98,16,1,34,1,96
2011-08-10 13:42:31,Normal,152,2,154,900408,20321,6317144,17089,321.1504120454546,33,116,5,0,9,112,33,0,46,0,108
2011-08-10 13:42:32,Attack,73,8,86,739146,16248,3160331,65520,538.0876749069766,31,50,5,0,8,75,3,0,18,1,67
2011-08-10 13:42:33,Attack,123,0,124,1184574,39463,4729224,15423,424.21142082258064,41,74,9,0,17,99,8,0,24,4,95
2011-08-10 13:42:34,Attack,104,0,105,754108,17768,3868454,63048,361.36633490476186,31,71,3,0,23,79,3,0,23,0,82
2011-08-10 13:42:35,Attack,91,1,100,903858,69532,3220372,2611,393.41252571000007,27,64,9,0,11,80,9,0,23,1,76
2011-08-10 13:42:36,Attack,92,20,114,954448,4839,4369787,56107,353.93781236842113,35,72,7,0,13,97,4,0,10,0,103
2011-08-10 13:42:37,Attack,84,46,133,1132546,28580,5372034,30986,385.76071809022557,34,93,6,0,42,89,2,0,42,2,89
2011-08-10 13:42:38,Normal,100,5,105,706524,18863,4054448,14164,519.4407743333334,40,57,8,0,16,86,2,1,17,0,88
2011-08-10 13:42:39,Attack,124,9,137,862474,22223,5681621,49109,251.97876718248173,22,108,7,0,31,105,1,0,31,0,106
2011-08-10 13:42:40,Attack,102,0,103,1046437,16912,3652749,63406,355.67074940776706,24,75,4,0,26,73,4,0,22,2,79
2011-08-10 13:42:41,Attack,125,0,126,1435760,16914,4130211,34975,561.9273759444446,41,72,13,0,25,99,2,0,20,1,105
2011-08-10 13:42:42,Attack,93,8,102,1095919,2938,3592104,4527,502.4579740784314,36,62,4,0,15,84,3,0,17,2,83
2011-08-10 13:42:43,Attack,90,0,92,922034,68981,3045765,1951,778.622543326087,34,53,5,0,11,70,11,0,21,0,70
2011-08-10 13:42:44,Attack,121,0,123,1038117,17591,5190703,13968,354.4944720894309,34,86,3,0,14,105,4,0,14,0,109
2011-08-10 13:42:45,Attack,100,0,102,1013111,17565,4019486,31170,573.0507625098039,41,57,4,0,18,74,10,0,32,0,70
2011-08-10 13:42:46,Attack,129,5,137,965889,19967,5640827,62579,438.55391718978103,36,95,6,0,14,116,7,0,27,2,108
2011-08-10 13:42:47,Attack,128,3,132,879687,5856,5460905,38012,441.13396744696973,35,87,10,0,11,119,2,0,13,0,119
2011-08-10 13:42:48,Normal,80,8,88,900773,16214,3584788,66357,421.3107287954545,33,46,9,0,9,78,1,0,12,2,73
2011-08-10 13:42:49,Attack,114,0,116,931605,20946,4433995,14307,392.92799648275854,37,69,10,0,11,104,1,0,11,1,104
2011-08-10 13:42:50,Attack,133,3,289,1012765,28336,5322215,42088,190.8613543217993,45,236,8,0,46,139,104,0,25,0,264
2011-08-10 13:42:51,Attack,201,0,208,1175688,23437,8010228,4678,234.7547448365385,49,146,13,0,19,167,22,0,38,0,169
2011-08-10 13:42:52,Attack,116,3,120,1305222,17585,4385470,49124,644.5596863166667,28,81,11,0,26,90,4,0,17,0,103
2011-08-10 13:42:53,Attack,125,0,128,1071660,24550,4200427,29161,524.069928265625,50,74,4,0,18,104,6,0,25,1,101
2011-08-10 13:42:54,Attack,120,0,126,1230107,17172,4477108,40125,549.0761579047619,34,82,10,0,18,98,10,0,14,0,112
2011-08-10 13:42:55,Attack,80,0,81,671978,17797,2945727,5982,476.5087287407408,30,44,7,0,10,68,3,0,17,0,64
2011-08-10 13:42:56,Attack,159,0,163,907047,21471,6851120,31145,487.19026161963194,42,116,5,0,21,125,17,0,48,0,115
2011-08-10 13:42:57,Attack,129,0,132,1252332,4538,5173621,52270,431.18943006060607,31,95,6,0,20,103,9,0,23,2,107
2011-08-10 13:42:58,Attack,126,0,129,1499762,16490,4524692,54254,509.2953732790698,43,80,6,0,18,104,7,0,21,0,108
2011-08-10 13:42:59,Attack,98,1,101,896020,3645,3106705,51504,332.3018184455445,32,61,8,0,14,78,9,0,11,11,79
2011-08-10 13:43:00,Attack,106,0,110,780117,18014,3962706,42112,333.9119670454545,25,81,4,0,6,94,10,0,17,2,90
2011-08-10 13:43:01,Attack,236,1,243,1262292,77770,11301412,3587,303.62194459670786,36,195,12,0,16,220,7,0,11,2,230
2011-08-10 13:43:02,Attack,113,3,117,1442728,18384,4341131,27352,598.075755025641,38,71,8,0,13,98,6,0,10,1,106
2011-08-10 13:43:03,Normal,93,0,93,651861,22412,3294033,14208,627.7717060322581,31,53,9,0,5,87,1,0,11,0,82
2011-08-10 13:43:04,Attack,104,0,111,1069866,21063,3701752,28811,658.2291098288288,32,74,5,0,19,85,7,0,18,1,92
2011-08-10 13:43:05,Attack,98,0,99,975628,15697,3507380,23345,434.2525956969697,26,65,8,0,12,85,2,0,9,0,90
2011-08-10 13:43:06,Attack,84,0,86,801382,17433,3217026,44600,491.0538820581396,33,44,9,0,6,78,2,0,8,2,76
2011-08-10 13:43:07,Attack,87,0,88,1371230,17119,3048235,15442,528.7300591022728,26,52,10,0,17,68,3,0,10,0,78
2011-08-10 13:43:08,Normal,86,0,86,1086289,2344,3012164,47857,547.0219402209302,35,42,9,0,7,75,4,0,8,1,76
2011-08-10 13:43:09,Normal,132,0,132,880044,20742,5075812,11129,307.05001481818175,29,91,12,0,11,116,5,0,26,0,106
2011-08-10 13:43:10,Attack,115,0,118,935588,18268,4190523,11005,368.7760241440677,44,64,10,0,13,101,4,0,21,1,96
2011-08-10 13:43:11,Attack,161,3,168,1305655,9491,6198072,49811,428.733421625,43,110,15,0,38,117,13,0,55,2,110
2011-08-10 13:43:12,Normal,136,5,141,1975591,6979,4677871,52052,733.9566877304964,37,95,9,0,31,91,19,0,28,3,110
2011-08-10 13:43:13,Attack,80,4,85,1044038,3123,2551803,4838,675.3787341529411,28,49,8,0,16,63,6,0,19,3,63
2011-08-10 13:43:14,Attack,113,0,115,1278996,4028,3953248,56497,503.87684195652173,52,53,10,0,14,100,1,0,11,4,99
2011-08-10 13:43:15,Attack,83,0,89,913717,15944,3097196,63100,682.8482683707865,39,47,3,0,9,77,3,0,11,1,77
2011-08-10 13:43:16,Attack,115,0,117,761749,18779,3324722,50596,528.8787356666666,28,84,5,0,8,105,4,0,44,1,71
2011-08-10 13:43:17,Attack,110,0,114,1340599,16727,3464398,55447,614.7834543508773,40,70,4,0,19,88,7,0,28,2,84
2011-08-10 13:43:18,Normal,81,0,81,1171463,15785,2783601,19888,604.8784460617285,41,32,8,0,5,71,5,0,7,3,71
2011-08-10 13:43:19,Normal,95,0,95,1201778,62236,3417554,51347,396.7863854842105,29,59,7,0,14,78,3,0,12,2,81
2011-08-10 13:43:20,Attack,117,0,121,1021068,18275,4482976,59061,407.43501542148755,33,83,5,0,17,104,0,0,14,1,106
2011-08-10 13:43:21,Attack,83,0,87,905983,16856,3149662,39390,454.4038563218391,29,50,8,0,11,74,2,0,8,1,78
2011-08-10 13:43:22,Attack,86,3,94,966781,44839,3103573,62306,557.9254991170214,28,60,6,0,11,74,9,0,15,2,77
2011-08-10 13:43:23,Attack,96,0,97,1228296,16029,2986107,13949,869.7566632061855,43,46,8,0,15,80,2,0,13,2,82
2011-08-10 13:43:24,Attack,120,0,121,1172212,19169,4169868,62140,579.8361629752067,38,79,4,0,13,91,17,0,23,2,96
2011-08-10 13:43:25,Attack,111,0,112,725895,22081,4624864,25833,436.5320836339285,37,68,7,0,15,94,2,1,22,0,89
2011-08-10 13:43:26,Attack,88,0,92,1061537,16627,2911589,7710,517.678782826087,31,55,6,0,13,77,1,1,14,3,74
2011-08-10 13:43:27,Attack,94,0,95,734056,63067,3494960,13363,501.5241145789475,27,63,5,0,18,76,1,0,17,1,77
2011-08-10 13:43:28,Normal,90,0,90,1116883,3030,2798309,51943,655.2670390111111,40,40,10,0,17,71,1,1,20,2,67
2011-08-10 13:43:29,Attack,91,0,94,1095447,2848,3262431,55281,566.784463074468,33,54,7,0,12,79,3,0,7,0,87
2011-08-10 13:43:30,Attack,94,0,95,870073,2599,3510389,63620,345.45016608421054,42,49,4,0,5,88,1,1,8,3,83
2011-08-10 13:43:31,Normal,83,0,83,775314,1832,3015276,54637,673.6865940963856,33,43,7,0,8,75,0,0,6,1,76
2011-08-10 13:43:32,Attack,134,3,138,1003534,18100,5028849,3932,411.0576911521739,46,85,7,0,13,119,5,1,26,4,106
2011-08-10 13:43:33,Attack,100,16,117,1046460,19293,4600840,53430,546.2766016581197,38,76,3,0,15,90,12,0,22,3,92
2011-08-10 13:43:34,Attack,140,0,141,1034182,20006,5392977,20678,472.4347178156028,35,94,12,0,6,132,3,0,10,3,128
2011-08-10 13:43:35,Attack,133,0,136,885763,18729,5290222,43777,285.80985966176473,33,97,6,0,9,117,10,0,14,2,120
2011-08-10 13:43:36,Normal,121,0,121,706821,4554,5124816,50662,225.35502555371897,30,85,6,0,5,116,0,0,7,1,113
2011-08-10 13:43:37,Attack,139,0,143,943087,18514,5666248,11840,405.0519919370629,44,87,12,0,8,135,0,0,10,0,133
2011-08-10 13:43:38,Attack,135,0,139,807559,18958,5043177,15050,323.67918957553957,36,98,5,0,13,122,4,0,24,1,113
2011-08-10 13:43:39,Attack,184,4,189,1308887,12774,6842529,3061,289.7742746878307,36,146,7,0,38,140,11,0,50,1,138
2011-08-10 13:43:40,Normal,118,7,125,1010735,5559,4506723,51983,584.6080166239999,42,74,9,0,15,107,2,1,19,2,104
2011-08-10 13:43:41,Attack,139,0,141,1080295,19402,5512262,56685,454.1646076666667,34,97,10,0,10,121,10,0,22,4,115
2011-08-10 13:43:42,Attack,97,3,101,839572,19772,3560859,57767,508.2755304059406,33,53,15,0,15,74,12,0,19,2,80
2011-08-10 13:43:43,Attack,127,3,133,1376318,18981,4497721,39309,627.7769221954887,32,96,5,0,41,84,8,0,37,1,95
2011-08-10 13:43:44,Attack,113,0,115,947347,18778,3810282,31603,486.7846932869566,35,74,6,0,18,87,10,0,23,1,91
2011-08-10 13:43:45,Normal,129,0,129,964471,19213,4955068,45692,485.7221694031008,44,77,8,0,12,115,2,0,15,0,114
2011-08-10 13:43:46,Normal,74,0,74,1098238,45719,2326337,30960,284.6785851081082,25,38,11,0,9,61,4,0,4,8,62
2011-08-10 13:43:47,Attack,94,0,97,874297,18181,3650133,29226,290.632549886598,30,65,2,0,12,81,4,0,12,2,83
2011-08-10 13:43:48,Attack,124,0,125,752209,6181,4553762,33927,375.038623864,32,86,7,0,24,99,2,0,31,1,93
2011-08-10 13:43:49,Normal,90,0,90,955672,46211,2862833,1622,510.36950687777767,40,45,5,0,10,78,2,0,19,2,68
2011-08-10 13:43:50,Attack,115,2,142,1121090,5592,4460097,44361,211.77936880281695,30,107,5,0,16,107,19,0,8,2,132
2011-08-10 13:43:51,Attack,121,0,126,933925,48325,4557941,13363,469.6234332539682,37,77,12,0,12,111,3,0,13,0,112
2011-08-10 13:43:52,Attack,85,3,89,804162,16353,3385839,11049,271.27439053932585,25,58,6,0,7,79,3,0,11,1,77
2011-08-10 13:43:53,Normal,119,0,119,1020821,57093,4704250,13379,440.5796419831933,30,69,20,0,20,98,1,0,28,2,89
2011-08-10 13:43:54,Normal,113,0,113,1077478,4921,3219845,60749,530.6418164424779,36,70,7,0,17,91,5,0,23,4,86
2011-08-10 13:43:55,Attack,100,0,103,1027275,4004,3363284,43014,403.25575731067966,27,64,12,0,14,81,7,1,16,2,85
2011-08-10 13:43:56,Attack,78,0,82,888043,16831,3000577,65023,436.5123504146341,27,48,7,0,8,69,5,0,13,1,68
2011-08-10 13:43:57,Attack,153,0,154,729622,6649,7048805,34502,300.4492896753247,24,121,9,0,13,132,9,0,17,0,137
2011-08-10 13:43:58,Attack,90,3,95,952242,52534,3296474,13363,561.2353891999999,36,52,7,0,11,82,2,0,11,0,83
2011-08-10 13:43:59,Attack,97,0,100,1077670,15743,3825166,26149,476.6792884599999,30,62,8,0,8,89,3,0,11,2,87
2011-08-10 13:44:00,Attack,105,3,112,1286706,4306,3634679,27047,587.10642625,35,61,16,0,16,93,3,0,9,0,103
2011-08-10 13:44:01,Attack,118,0,120,1266637,17139,4806670,32670,445.6201691833333,40,70,10,0,7,109,4,0,13,1,106
2011-08-10 13:44:02,Attack,110,3,114,724608,20589,4660875,22423,348.71995180701754,32,73,9,0,8,100,6,0,20,1,93
2011-08-10 13:44:03,Attack,139,0,140,1343448,19912,5318229,3677,500.0845344785713,48,85,7,0,12,122,6,0,18,1,121
2011-08-10 13:44:04,Attack,99,0,101,860426,16772,3560020,37912,617.3995908514851,36,60,5,0,9,86,6,0,20,1,80
2011-08-10 13:44:05,Attack,124,0,125,1220517,4020,4582363,48490,504.838196992,42,70,13,0,12,105,8,0,19,1,105
2011-08-10 13:44:06,Attack,128,0,129,1190596,5153,4909850,49979,476.5195943643411,29,94,6,0,18,106,5,0,20,1,107
2011-08-10 13:44:07,Attack,111,0,114,1189911,56167,4378222,15067,431.71039691228066,33,73,8,0,16,92,6,0,14,2,98
2011-08-10 13:44:08,Attack,98,0,99,894086,16853,3431693,45999,644.2244518383839,29,58,12,0,21,76,2,0,18,2,78
2011-08-10 13:44:09,Attack,114,0,116,1299924,13671,3820950,13790,453.73650059482753,43,64,9,0,10,100,6,0,12,1,103
2011-08-10 13:44:10,Normal,115,0,115,1198135,35927,3512626,14134,625.8834303565217,33,77,5,0,13,100,2,0,33,2,79
2011-08-10 13:44:11,Attack,129,0,131,1373537,17478,4334514,25235,374.8263578931298,49,76,6,0,18,110,3,0,14,1,116
2011-08-10 13:44:12,Attack,129,3,133,902680,13322,5007096,1702,382.6229024586466,39,89,5,0,20,109,4,0,35,2,96
2011-08-10 13:44:13,Attack,101,3,105,1165890,17268,3936465,11824,593.3102574857143,34,66,5,0,14,87,4,0,9,3,93
2011-08-10 13:44:14,Normal,110,0,110,1251766,17594,4051614,5632,728.4375242181818,39,56,15,0,14,91,5,0,13,3,93
2011-08-10 13:44:15,Normal,140,0,140,1220526,21288,4292320,1521,403.5944162571428,33,99,8,0,42,89,9,0,47,1,92
2011-08-10 13:44:16,Attack,114,0,115,723827,6419,3663501,2157,313.4351576,35,71,9,0,26,83,6,0,40,0,75
2011-08-10 13:44:17,Attack,74,0,77,867405,2989,2837684,2077,803.6907349090909,25,46,6,0,15,59,3,0,12,0,64
2011-08-10 13:44:18,Attack,90,0,92,904929,3707,3299243,2336,524.4567927173913,41,48,3,0,9,83,0,0,11,1,79
2011-08-10 13:44:19,Attack,93,0,96,784312,3220,3887742,2077,556.0280161145834,42,50,4,0,3,91,2,0,12,0,84
2011-08-10 13:44:20,Attack,151,0,152,1001646,19636,5932187,4032,405.2864674802631,38,111,3,0,18,125,9,0,22,1,128
2011-08-10 13:44:21,Attack,127,0,130,2050037,18648,3806219,9118,588.6179197153847,42,76,12,0,22,99,9,0,21,2,106
2011-08-10 13:44:22,Attack,139,3,143,1567485,6263,4819536,4390,502.313270986014,34,103,6,0,24,115,4,0,15,3,124
2011-08-10 13:44:23,Normal,116,0,116,1122600,56971,4210669,13363,605.186075163793,40,72,4,0,21,92,3,0,21,0,95
2011-08-10 13:44:24,Attack,110,0,112,1149727,3789,4211268,850,597.9465846964285,34,71,7,0,16,92,4,0,9,2,100
2011-08-10 13:44:25,Attack,90,0,91,843708,48210,3179334,14132,399.70984880219777,40,49,2,0,22,68,0,1,25,2,61
2011-08-10 13:44:26,Attack,96,0,97,869735,36095,3882332,60894,419.51019958762885,33,57,7,0,7,87,2,1,10,3,83
2011-08-10 13:44:27,Attack,123,0,125,1218677,4997,4152845,4300,463.150507688,37,79,9,0,21,92,10,2,28,2,93
2011-08-10 13:44:28,Attack,88,0,90,1066781,15275,3172637,35297,401.2418066777778,30,53,7,0,8,81,1,0,10,2,78
2011-08-10 13:44:29,Attack,105,0,106,755114,18262,3693311,9628,215.43632880188676,30,71,5,0,14,77,15,0,30,4,72
2011-08-10 13:44:30,Attack,121,0,123,891875,17515,4604611,62327,517.818157804878,41,75,7,0,9,109,5,0,17,0,106
2011-08-10 13:44:31,Normal,141,3,144,922638,6910,5932894,56577,398.8455832152778,33,103,8,0,18,125,1,0,20,0,124
2011-08-10 13:44:32,Normal,104,3,107,750864,17177,4175108,22454,354.2423326261683,26,74,7,0,14,89,4,0,22,0,84
2011-08-10 13:44:33,Attack,142,0,144,1456199,18616,5182779,41218,505.51973880555556,30,106,8,0,29,110,5,0,28,0,113
2011-08-10 13:44:34,Normal,124,6,130,1492951,63722,4380525,15675,711.926072276923,38,89,3,0,21,103,5,1,16,3,108
2011-08-10 13:44:35,Attack,127,3,131,1093077,5447,5057330,51482,629.9189007328245,35,93,3,0,31,99,1,0,25,0,106
2011-08-10 13:44:36,Attack,156,0,158,1069634,21434,6330268,20241,443.27800492405066,37,114,7,0,39,119,0,0,39,3,115
2011-08-10 13:44:37,Attack,94,0,95,901565,65471,3802288,13363,586.4048119789474,31,53,11,0,12,81,2,0,10,0,85
2011-08-10 13:44:38,Attack,89,0,92,927995,15991,3289924,17714,575.9301988043479,32,55,5,0,17,71,4,0,23,0,68
2011-08-10 13:44:39,Attack,75,0,77,793811,16283,2509527,1865,539.9258924935065,29,46,2,0,11,64,2,0,14,1,62
2011-08-10 13:44:40,Attack,90,0,92,930947,16551,3227425,26958,468.1666753369565,37,47,8,0,5,85,2,0,7,3,82
2011-08-10 13:44:41,Attack,100,0,102,1103548,18352,3803964,6220,562.7191996568628,45,52,5,0,10,91,1,0,11,3,88
2011-08-10 13:44:42,Attack,107,3,113,1139361,62951,4233468,34357,485.9542445221238,31,74,8,0,15,96,2,0,18,2,93
2011-08-10 13:44:43,Normal,116,0,116,1095998,3335,4291522,22926,432.07520281034476,34,75,7,0,9,103,4,0,5,1,109
2011-08-10 13:44:44,Normal,115,3,118,875762,18184,3908265,45938,524.5261773644069,36,78,4,0,21,93,4,0,28,1,88
2011-08-10 13:44:45,Attack,79,0,83,591103,16529,2785387,36904,361.6487750722892,21,52,10,0,7,71,5,0,16,0,67
2011-08-10 13:44:46,Attack,89,0,90,930966,18703,3462312,54487,666.020873688889,25,56,9,0,9,77,4,0,4,0,86
2011-08-10 13:44:47,Attack,83,0,84,638343,17258,3245027,65346,518.0649096785716,35,46,3,0,3,79,2,0,8,1,75
2011-08-10 13:44:48,Normal,135,0,135,1065519,18025,4834326,28311,467.1886681925926,38,89,8,0,15,116,2,2,18,0,117
2011-08-10 13:44:49,Attack,143,0,144,1100481,14040,4579592,1767,425.9938629444444,33,106,5,0,33,97,14,0,39,0,105
2011-08-10 13:44:50,Attack,91,0,94,646447,19063,3621053,19205,309.8980045851064,30,58,6,0,6,79,9,0,17,2,75
2011-08-10 13:44:51,Attack,114,0,115,1257133,18357,4059857,43229,560.0814031478261,38,69,8,0,16,87,12,0,15,1,99
2011-08-10 13:44:52,Normal,86,3,89,653788,16459,3407855,31820,370.51597541573034,30,58,1,0,3,85,1,0,5,2,82
2011-08-10 13:44:53,Attack,112,0,113,1372243,36105,3838529,51312,707.0375448495575,33,71,9,0,15,95,3,0,15,1,96
2011-08-10 13:44:54,Attack,93,2,98,994956,21663,3291726,770,621.2870586530612,42,51,5,0,5,92,1,0,9,2,87
2011-08-10 13:44:55,Normal,92,0,92,801310,2796,3440558,52255,566.1974479782608,39,47,6,0,9,81,2,0,9,1,82
2011-08-10 13:44:56,Normal,78,0,78,880112,15185,2667160,63193,839.7370883076923,28,40,10,0,6,68,4,0,5,0,73
2011-08-10 13:44:57,Attack,101,0,102,1782435,60823,3127433,51771,954.1195184313726,34,65,3,0,27,71,4,0,6,1,95
2011-08-10 13:44:58,Attack,87,0,92,880554,61631,3166841,46721,568.3550315434783,30,56,6,0,8,82,2,0,7,3,82
2011-08-10 13:44:59,Attack,103,0,104,729207,18305,4375777,1027,406.89448309615386,40,58,6,0,5,95,4,0,13,0,90
2011-08-10 13:45:00,Attack,92,0,95,673237,17600,3318991,16204,438.727738968421,35,53,7,0,10,78,7,0,22,1,71
2011-08-10 13:45:01,Attack,242,0,244,1407069,72433,11712298,51713,278.1289633278688,20,222,2,0,33,208,3,0,14,1,229
2011-08-10 13:45:02,Attack,134,3,138,1539580,6253,4973566,53168,629.5344631884058,36,92,10,0,26,108,4,0,30,3,104
2011-08-10 13:45:03,Attack,118,0,122,1354085,17553,4308411,55135,607.8500278688524,33,81,8,0,18,99,5,0,15,1,106
2011-08-10 13:45:04,Attack,104,0,105,1039525,17702,3719321,1298,409.14479223809525,41,56,8,0,14,90,1,0,18,1,86
2011-08-10 13:45:05,Normal,219,0,219,1285743,11018,5629824,42836,276.275809890411,58,153,8,0,10,130,79,0,99,2,118
2011-08-10 13:45:06,Attack,88,0,90,777574,4570,3071888,55324,521.8514101666666,40,45,5,0,11,77,2,0,13,1,76
2011-08-10 13:45:07,Attack,125,0,127,1459160,17880,3302334,37612,639.0383327086615,36,86,5,0,37,83,7,0,32,2,92
2011-08-10 13:45:08,Attack,128,0,130,1062313,4197,4584848,925,448.3018105307692,42,81,6,0,20,106,3,0,21,3,105
2011-08-10 13:45:09,Attack,86,0,87,1261766,3856,2891318,63580,756.8171000114942,32,48,7,0,10,74,3,0,12,4,71
2011-08-10 13:45:10,Normal,103,0,103,1384874,46181,3619743,31377,638.5977874368933,38,59,6,0,15,82,6,0,16,4,83
2011-08-10 13:45:11,Attack,100,1,105,936032,18610,3595262,7272,551.4950439428571,35,59,11,0,13,90,2,0,13,1,90
2011-08-10 13:45:12,Attack,101,3,106,1140717,17135,3417700,38531,769.3182402452829,30,67,9,0,17,83,6,0,14,2,88
2011-08-10 13:45:13,Normal,113,0,113,1140694,5343,3913059,58724,573.2029356548672,36,70,7,0,17,85,11,0,18,3,92
2011-08-10 13:45:14,Attack,112,3,116,953137,16967,4553185,29728,458.80119910344825,45,63,8,0,5,107,4,0,13,1,102
2011-08-10 13:45:15,Attack,86,0,87,701264,16559,3286152,55520,461.6444882988507,35,48,4,0,9,76,2,0,16,1,70
2011-08-10 13:45:16,Normal,135,0,135,897050,20859,4853464,45378,292.2378714962963,38,94,3,0,38,95,2,0,42,0,93
2011-08-10 13:45:17,Attack,110,0,111,884108,4730,4023712,55915,464.9460617747749,35,71,5,0,18,85,8,0,24,0,87
2011-08-10 13:45:18,Normal,108,0,108,810368,4930,4203589,60450,313.8864086481481,34,66,8,0,10,95,3,0,15,0,92
2011-08-10 13:45:19,Attack,170,0,171,1236619,7623,4972267,3200,447.8834495497076,31,132,8,0,36,119,16,0,53,2,116
2011-08-10 13:45:20,Attack,100,0,102,1785691,16454,2523345,66012,788.5229263137255,35,62,5,0,26,65,11,0,15,2,85
2011-08-10 13:45:21,Attack,145,0,147,2408148,17069,4322185,34921,625.734642020408,38,99,10,0,42,100,5,0,11,1,135
2011-08-10 13:45:22,Attack,104,3,109,1082208,18233,3628826,35041,512.3002278807339,35,71,3,0,14,89,6,0,16,1,92
2011-08-10 13:45:23,Normal,110,0,110,1246094,20786,3739631,51590,482.62023669090905,34,69,7,0,20,87,3,0,18,2,89
2011-08-10 13:45:24,Attack,115,0,120,871660,17951,4543838,57638,317.833813575,39,66,15,0,2,113,5,0,12,1,106
2011-08-10 13:45:25,Attack,99,0,103,1271277,15290,3175770,7498,592.5434935825243,37,57,9,0,12,83,7,1,17,1,83
2011-08-10 13:45:26,Normal,92,0,92,1031642,15079,3071355,7593,457.8245263586957,46,34,12,0,7,82,1,2,13,0,78
2011-08-10 13:45:27,Attack,89,0,90,716990,15686,3299745,22849,410.3550621777779,29,52,9,0,5,80,3,2,12,0,76
2011-08-10 13:45:28,Attack,100,0,102,888859,17022,3581791,63626,601.5264019803922,39,55,8,0,8,93,1,0,12,1,89
2011-08-10 13:45:29,Attack,135,0,136,1080751,19615,5312488,43100,549.140054617647,44,77,15,0,9,118,9,0,23,0,113
2011-08-10 13:45:30,Normal,95,0,95,1048415,2755,3198719,65778,598.2533433789474,28,59,8,0,18,74,3,0,23,2,70
2011-08-10 13:45:31,Normal,100,0,100,1301583,16647,3287935,43652,641.9454256500001,37,56,7,0,12,81,7,0,10,3,87
2011-08-10 13:45:32,Attack,112,3,116,1284678,16228,4205637,53514,494.51219149137927,26,84,6,0,17,94,5,0,11,3,100
2011-08-10 13:45:33,Attack,203,0,204,890760,23643,9053705,42445,240.42070250490193,37,161,6,0,31,167,5,1,40,2,161
2011-08-10 13:45:34,Attack,98,0,100,808540,16817,3739873,64459,585.0998626899999,36,60,4,0,11,88,1,0,9,1,90
2011-08-10 13:45:35,Attack,81,0,82,795645,17521,2803293,64048,449.4153884634146,31,41,10,0,9,68,5,0,14,1,67
2011-08-10 13:45:36,Normal,100,0,100,736420,16973,3907279,49121,414.63304177000003,35,59,6,0,4,95,1,0,4,1,95
2011-08-10 13:45:37,Normal,81,0,81,948270,15195,3054594,36405,656.5125917160492,31,46,4,0,13,67,1,0,9,1,71
2011-08-10 13:45:38,Normal,80,0,80,1237683,17449,2739096,39120,721.2905875250001,32,38,10,0,13,61,6,0,11,0,69
2011-08-10 13:45:39,Attack,130,0,132,1031976,4793,4896173,42435,435.48428928787877,32,93,7,0,12,112,8,0,12,2,118
2011-08-10 13:45:40,Attack,107,0,108,1314468,16521,3794074,5210,727.6772513981482,42,59,7,0,11,94,3,0,7,1,100
2011-08-10 13:45:41,Attack,98,0,99,879157,4160,3457607,41933,439.9645225252525,33,62,4,0,8,84,7,0,16,0,83
2011-08-10 13:45:42,Attack,77,3,81,881296,16150,2865387,63786,832.8285922592592,32,40,9,0,9,68,4,0,11,2,68
2011-08-10 13:45:43,Attack,80,0,82,487668,16476,3103767,60558,497.27980998780487,29,49,4,0,1,79,2,0,5,1,76
2011-08-10 13:45:44,Normal,107,0,107,1243430,16416,3887746,14671,445.2784344672897,56,45,6,0,7,98,2,0,10,1,96
2011-08-10 13:45:45,Attack,95,3,233,842445,23343,3728645,13121,249.76902828755365,28,198,7,0,8,87,138,0,15,2,216
2011-08-10 13:45:46,Attack,100,0,358,1406145,17306,3698482,3781,172.69592746089384,34,313,11,0,77,93,188,0,25,2,331
2011-08-10 13:45:47,Attack,102,0,201,1012331,8923,3514788,3162,213.91536472139308,38,155,8,0,48,94,59,0,23,2,175
2011-08-10 13:45:48,Attack,85,0,87,684157,16315,2960034,10521,596.8121831954022,37,43,7,0,8,78,1,0,18,0,69
2011-08-10 13:45:49,Attack,169,0,193,1588628,8704,6606576,56450,524.2332070310881,37,143,13,0,30,145,18,0,18,2,172
2011-08-10 13:45:50,Attack,102,0,105,1146397,2267,3518443,63738,612.4707163809524,37,63,5,0,12,89,4,0,8,3,94
2011-08-10 13:45:51,Attack,123,0,164,1671480,18215,4048706,64899,701.0147300670732,40,119,5,0,48,100,16,0,21,0,143
2011-08-10 13:45:52,Attack,99,3,127,1128890,3529,3668925,39368,657.9406823385826,37,84,6,0,26,89,12,0,12,1,114
2011-08-10 13:45:53,Attack,111,0,137,869398,12303,4060677,3936,452.230668459854,40,91,6,0,23,106,8,0,18,1,118
2011-08-10 13:45:54,Attack,112,0,119,1167809,6994,4125207,3109,467.154052394958,30,80,9,0,24,91,4,0,25,3,91
2011-08-10 13:45:55,Attack,113,0,125,798079,18030,4321493,19087,405.6520726399999,36,81,8,0,24,94,7,0,28,1,96
2011-08-10 13:45:56,Normal,109,0,109,1160068,17160,3924557,53335,743.8497021834862,45,58,6,0,14,90,5,0,11,3,95
2011-08-10 13:45:57,Attack,72,0,75,915527,24980,2408181,13362,701.7719540933333,26,44,5,0,12,61,2,0,7,0,68
2011-08-10 13:45:58,Attack,95,2,98,910124,3801,2878339,54310,557.7991090510204,40,54,4,0,23,69,6,0,21,1,76
2011-08-10 13:45:59,Normal,151,1,152,1342516,5953,5676402,6415,467.4573535394737,38,106,8,0,20,117,15,0,29,2,121
2011-08-10 13:46:00,Attack,93,0,96,1446399,16299,2936766,3361,642.1292619375,36,52,8,0,20,74,2,0,9,4,82
2011-08-10 13:46:01,Attack,136,0,138,1628314,5739,4320838,42819,392.44483263043475,25,108,5,0,19,114,5,0,22,9,107
2011-08-10 13:46:02,Attack,135,3,140,1720918,33817,3729767,2183,545.7474031714285,35,97,8,0,14,117,9,0,22,14,104
2011-08-10 13:46:03,Attack,108,0,109,1164523,5383,3299446,4899,528.5932908623854,34,68,7,0,11,93,5,0,20,12,77
2011-08-10 13:46:04,Attack,98,0,100,1336061,32155,2656546,767,618.6865628500001,41,55,4,0,5,93,2,0,20,14,66
2011-08-10 13:46:05,Attack,133,0,134,1139940,36073,3070899,-2,381.524387141791,35,91,8,0,11,122,1,0,44,11,79
2011-08-10 13:46:06,Attack,91,0,93,1128340,32407,3115304,343,509.05629362365596,41,45,7,0,2,86,5,0,17,6,70
2011-08-10 13:46:07,Attack,116,0,118,1386869,17176,4070261,3089,503.43710964406773,46,66,6,0,16,99,3,0,14,5,99
2011-08-10 13:46:08,Attack,148,0,152,1147090,19387,5932677,54550,391.34009703289473,41,105,6,0,13,134,5,0,16,4,132
2011-08-10 13:46:09,Attack,151,0,153,1163974,6617,5696726,39722,287.2545790915033,28,118,7,0,31,113,9,0,28,1,124
2011-08-10 13:46:10,Attack,97,0,98,879444,4695,3369999,58768,487.75866398979593,32,61,5,0,17,81,0,0,15,1,82
2011-08-10 13:46:11,Attack,90,0,91,810231,17135,2889448,6813,542.7139029120879,23,64,4,0,18,67,6,0,13,2,76
2011-08-10 13:46:12,Normal,79,3,82,734306,2772,2975763,59451,276.30121912195125,27,48,7,0,8,71,3,0,10,3,67
2011-08-10 13:46:13,Attack,104,0,107,1092766,5098,3666201,50966,483.5577082897196,39,63,5,0,11,95,1,0,9,2,95
2011-08-10 13:46:14,Attack,89,0,91,1567712,16248,2661366,13116,1029.420668637363,34,52,5,0,19,71,1,0,12,2,77
2011-08-10 13:46:15,Attack,131,3,136,1530951,6057,4653336,44171,572.5600355367648,39,89,8,0,17,113,6,0,20,2,114
2011-08-10 13:46:16,Normal,95,0,95,985245,2565,3798871,61638,358.2346840842105,36,47,12,0,8,86,1,0,15,1,78
2011-08-10 13:46:17,Attack,87,0,88,1185117,16333,3261044,21366,644.6141179318182,35,50,3,0,17,64,7,0,15,5,68
2011-08-10 13:46:18,Attack,105,0,109,1283253,3034,3561076,56437,558.7458168990827,45,54,10,0,12,95,2,0,13,2,94
2011-08-10 13:46:19,Normal,117,0,117,1643083,16582,4145679,17997,618.2387014102565,31,77,9,0,16,96,5,0,10,2,105
2011-08-10 13:46:20,Attack,121,0,122,1364295,18797,4358119,21507,506.15674627049185,26,89,7,0,21,96,5,0,19,3,100
2011-08-10 13:46:21,Normal,97,0,97,1113727,16203,3334437,55783,466.4892225051546,43,44,10,0,10,86,1,0,5,2,90
2011-08-10 13:46:22,Attack,88,3,92,999439,10514,3279508,1735,471.77362853260865,35,52,5,0,10,81,1,0,13,1,78
2011-08-10 13:46:23,Attack,111,0,113,1182330,6148,3823381,35958,505.7139316991151,42,64,7,0,16,94,3,0,18,1,94
2011-08-10 13:46:24,Attack,112,0,114,1546742,18276,3433016,61299,467.4340702982456,37,64,13,0,24,86,4,0,13,6,94
2011-08-10 13:46:25,Attack,107,0,109,987769,10986,3704759,51923,277.7256720825688,44,58,7,0,12,94,2,1,21,3,84
2011-08-10 13:46:26,Attack,78,0,79,1049956,15594,2885298,63978,714.0638437594937,38,34,7,0,9,69,1,0,8,1,70
2011-08-10 13:46:27,Attack,87,0,90,978010,16877,3060187,3977,637.0590370888889,34,49,7,0,14,71,3,2,18,3,65
2011-08-10 13:46:28,Normal,101,0,101,1187258,15643,3875040,46340,434.6698197425743,36,59,6,0,16,84,1,0,18,0,82
2011-08-10 13:46:29,Attack,97,0,100,900411,4817,3861651,55128,414.31883907999986,38,56,6,0,7,87,5,1,10,1,89
2011-08-10 13:46:30,Attack,110,0,111,1304246,19461,3988337,23225,681.7881234414414,41,60,10,0,16,93,2,0,15,1,95
2011-08-10 13:46:31,Attack,71,0,73,947005,16100,2398767,66559,435.44832145205487,29,41,3,0,13,60,0,0,10,3,60
2011-08-10 13:46:32,Normal,122,3,125,1050041,19213,4539311,11664,542.3975507759999,41,77,7,0,16,102,7,0,19,1,104
2011-08-10 13:46:33,Normal,110,0,110,1013932,10822,4038823,13361,639.2111246727272,34,65,11,0,15,94,0,1,6,1,102
2011-08-10 13:46:34,Attack,104,3,110,946134,17452,4229483,61946,695.2888780272727,33,69,8,0,13,90,6,1,17,5,87
2011-08-10 13:46:35,Attack,92,0,93,587115,17088,3489763,56288,240.17288936559143,32,55,6,0,6,85,2,0,9,1,83
2011-08-10 13:46:36,Attack,75,0,77,703237,16824,2445678,10888,603.3844074155845,38,31,8,0,6,67,4,0,13,0,64
2011-08-10 13:46:37,Normal,93,0,93,965703,16480,3072182,36798,577.8102950752689,35,48,10,0,14,78,1,0,12,2,79
2011-08-10 13:46:38,Attack,104,0,106,1140119,17072,3810690,55841,709.2933443490565,44,50,12,0,10,96,0,0,10,1,95
2011-08-10 13:46:39,Attack,84,0,86,755139,8791,2845959,1742,560.4099379999999,42,40,4,0,7,78,1,0,16,0,70
2011-08-10 13:46:40,Attack,110,9,120,866557,5824,4639635,50904,539.4068384999999,42,76,2,0,14,104,2,0,16,0,104
2011-08-10 13:46:41,Normal,107,18,125,1253837,17631,4731174,56336,516.895525168,43,68,14,0,17,100,8,0,23,1,101
2011-08-10 13:46:42,Attack,118,3,122,959289,19266,4639116,29818,469.3219135409837,38,66,18,0,13,94,15,0,16,2,104
2011-08-10 13:46:43,Attack,79,0,82,588087,4017,3068390,50193,474.9583564634147,28,50,4,0,8,73,1,0,11,2,69
2011-08-10 13:46:44,Normal,91,0,91,1064418,5409,2935013,2312,577.4541420659341,33,50,8,0,11,75,5,0,12,4,75
2011-08-10 13:46:45,Attack,108,3,238,656296,11501,4385360,49300,202.64607955042013,34,199,5,0,18,105,115,0,22,1,215
2011-08-10 13:46:46,Attack,128,0,222,1327475,9973,5126938,66687,343.6218986351352,42,172,8,0,54,119,49,0,24,4,194
2011-08-10 13:46:47,Attack,86,0,100,950471,16876,3013384,24054,525.6958437500001,32,60,8,0,17,78,5,0,8,2,90
2011-08-10 13:46:48,Attack,87,0,110,811764,4919,3270170,2849,427.07638670909085,34,72,4,0,28,80,2,0,11,2,97
2011-08-10 13:46:49,Attack,135,0,138,1464149,19300,4918509,1369,444.13086896376814,48,80,10,0,17,118,3,0,24,3,111
2011-08-10 13:46:50,Attack,154,0,165,1329135,19036,5638490,16629,341.8459285575757,41,112,12,0,22,140,3,0,25,2,138
2011-08-10 13:46:51,Attack,110,0,121,1228953,11129,3530619,2526,443.891056016529,31,86,4,0,25,93,3,0,17,4,100
2011-08-10 13:46:52,Attack,88,3,102,935261,3251,3241122,59668,428.98955623529406,33,65,4,0,15,83,4,0,14,3,85
2011-08-10 13:46:53,Attack,119,0,126,1332704,18129,4503600,57097,531.5620733095241,40,78,8,0,20,98,8,0,16,3,107
2011-08-10 13:46:54,Attack,97,0,98,1429208,14757,3107640,22766,771.2445225918366,33,52,13,0,17,78,3,0,14,3,81
2011-08-10 13:46:55,Attack,104,0,105,963444,4762,3639056,54217,466.85264360952374,37,58,10,0,10,94,1,0,13,3,88
2011-08-10 13:46:56,Attack,96,0,98,1304224,16628,3091985,45403,779.2635319183673,30,62,6,0,21,73,4,0,12,3,83
2011-08-10 13:46:57,Attack,93,0,95,1396949,16022,3259550,14577,551.7101326736843,31,55,9,0,22,70,3,0,10,2,82
2011-08-10 13:46:58,Attack,88,1,90,657116,17898,3181451,62665,506.4793428555556,32,54,4,0,8,80,2,0,20,1,69
2011-08-10 13:46:59,Normal,88,0,88,956200,16602,3433168,45503,560.3973663977273,29,51,8,0,9,75,4,0,12,0,76
2011-08-10 13:47:00,Attack,163,0,164,1493140,19561,6228191,59332,395.2241769207317,37,122,5,0,43,115,6,0,39,3,121
2011-08-10 13:47:01,Attack,314,0,316,907156,29786,16162724,4866,136.2822119778481,31,280,5,0,23,289,4,0,23,2,290
2011-08-10 13:47:02,Attack,96,5,103,1030457,4314,3548970,50162,411.57591230097086,33,63,7,0,12,87,4,0,14,2,87
2011-08-10 13:47:03,Normal,104,1,105,1073136,4811,3777986,29715,623.294893352381,42,57,6,0,11,92,2,0,18,1,86
2011-08-10 13:47:04,Attack,101,0,103,840735,6540,3531389,40630,546.4752539805826,32,60,11,0,12,85,6,0,14,1,88
2011-08-10 13:47:05,Attack,94,0,95,695234,16559,3299942,36194,420.89097418947364,21,62,12,0,6,84,4,1,15,3,76
2011-08-10 13:47:06,Attack,98,0,100,785415,5430,3716243,61650,385.6810594999999,37,58,4,1,9,79,11,1,21,3,74
2011-08-10 13:47:07,Attack,97,0,99,922848,17204,3878248,65272,538.1811093737374,38,52,9,0,6,90,3,0,14,1,84
2011-08-10 13:47:08,Attack,85,0,86,979214,2763,3141120,65187,662.076336767442,42,39,5,0,7,78,1,0,15,3,68
2011-08-10 13:47:09,Attack,107,0,109,1176998,3107,3897534,50577,639.1310535963304,34,68,7,0,15,90,4,0,15,5,89
2011-08-10 13:47:10,Attack,146,0,148,1582632,48929,5825031,13432,331.19060426351353,39,103,6,0,21,118,9,0,20,3,125
2011-08-10 13:47:11,Attack,148,0,151,1460801,19823,5767396,62387,389.15617479470205,42,104,5,0,20,124,7,0,16,2,133
2011-08-10 13:47:12,Attack,125,3,129,1249659,18557,4488855,34139,493.29243905426347,25,88,16,0,24,100,5,0,21,2,106
2011-08-10 13:47:13,Attack,130,0,132,1768965,21546,5157482,13400,837.0549744393938,42,87,3,0,25,96,11,0,25,1,105
2011-08-10 13:47:14,Normal,82,0,82,843620,2530,2747776,2579,642.9431875243902,39,39,4,0,5,76,1,0,14,3,65
2011-08-10 13:47:15,Attack,107,0,109,995690,17440,4263988,44421,449.7793802201835,28,75,6,0,11,92,6,0,17,1,91
2011-08-10 13:47:16,Attack,100,3,104,1109867,18224,3665441,39619,645.8749203557693,33,61,10,0,14,88,2,0,16,2,86
2011-08-10 13:47:17,Attack,110,0,112,865466,4716,4300739,58360,502.3296835089286,40,68,4,0,11,94,7,0,19,3,90
2011-08-10 13:47:18,Attack,94,0,95,1005019,15114,3536572,46299,729.6646919368425,38,48,9,0,11,81,3,0,12,1,82
2011-08-10 13:47:19,Attack,117,0,119,800988,20365,3852993,47948,463.51280840336136,30,77,12,0,9,104,4,2,22,2,94
2011-08-10 13:47:20,Normal,99,0,99,837141,17003,3611007,17242,466.4532392626262,33,56,10,0,7,90,2,0,13,1,85
2011-08-10 13:47:21,Attack,176,1,180,930671,24179,7832487,42029,286.9523168888889,26,144,10,0,32,139,9,0,46,1,133
2011-08-10 13:47:22,Normal,122,3,125,932308,6523,5121355,53650,483.86913790399996,43,77,4,1,6,117,1,1,17,2,105
2011-08-10 13:47:23,Normal,101,0,101,895338,18230,3286760,54154,581.8699555445544,31,61,9,0,7,87,7,0,20,8,73
2011-08-10 13:47:24,Attack,135,0,136,949700,23068,5512690,40141,501.5710355294118,33,92,11,0,46,84,6,0,53,1,82
2011-08-10 13:47:25,Attack,100,0,102,1107088,16442,3656335,9674,431.8377286470588,25,73,4,0,15,82,3,2,10,2,88
2011-08-10 13:47:26,Normal,104,0,104,1104935,15766,3584503,66038,462.19076768269235,35,63,6,0,14,87,2,1,14,1,88
2011-08-10 13:47:27,Attack,94,0,95,1428599,16408,2887216,48321,596.2760253157895,33,53,9,0,17,68,9,1,21,2,71
2011-08-10 13:47:28,Attack,120,0,124,1104103,8578,4427048,2268,463.126290282258,42,73,9,0,12,104,8,0,20,2,102
2011-08-10 13:47:29,Attack,136,0,138,1329026,7520,4898637,39912,397.1072046014492,40,93,4,1,13,113,10,2,32,4,101
2011-08-10 13:47:30,Attack,128,0,130,1705481,16297,4490869,24604,663.1803573615384,38,84,8,0,24,99,7,0,20,2,108
2011-08-10 13:47:31,Normal,131,0,131,1526132,10204,4498718,42270,546.8759186335878,39,83,9,0,16,106,9,0,22,1,108
2011-08-10 13:47:32,Attack,133,3,140,1515619,6846,5078909,52360,604.5158416285715,37,90,13,0,33,103,4,0,25,3,112
2011-08-10 13:47:33,Attack,133,0,134,1317881,49957,4803604,13371,552.5720362761194,48,74,12,0,12,114,8,0,25,1,108
2011-08-10 13:47:34,Attack,102,0,103,1066695,16701,3426246,15458,442.9021387572816,35,59,9,0,12,84,7,0,19,3,81
2011-08-10 13:47:35,Normal,114,0,114,1436877,6308,3962204,60002,751.0991740614035,22,83,9,0,19,87,8,0,27,2,85
2011-08-10 13:47:36,Attack,177,0,179,999797,22467,6338662,34699,234.26732082122905,37,136,6,0,11,165,3,0,79,3,97
2011-08-10 13:47:37,Normal,85,0,85,754294,3053,3324575,59249,712.1971907058825,39,39,7,0,2,79,4,0,10,1,74
2011-08-10 13:47:38,Normal,88,0,88,964147,17961,2973966,45394,641.0818197840908,32,49,7,0,12,76,0,0,13,2,73
2011-08-10 13:47:39,Attack,114,0,115,1508878,3586,4480043,43867,403.72885309565214,31,75,9,0,22,88,5,0,15,1,99
2011-08-10 13:47:40,Attack,163,6,171,1309389,22060,6793903,3303,426.1956044210526,53,109,9,0,13,153,5,0,18,2,150
2011-08-10 13:47:41,Attack,79,4,85,734873,10281,3137305,3005,266.9090041529412,20,62,3,0,7,75,3,0,16,3,66
2011-08-10 13:47:42,Attack,102,3,107,1296426,16060,3938224,45479,520.7432677383177,36,64,7,0,11,91,5,0,24,3,79
2011-08-10 13:47:43,Normal,133,0,133,873743,20366,5206439,17139,385.2451450375939,29,94,9,1,26,97,9,1,41,2,89
2011-08-10 13:47:44,Normal,189,0,189,1061122,10037,5517670,4433,244.13125137566135,30,149,10,0,62,120,7,0,68,2,118
2011-08-10 13:47:45,Attack,121,0,123,1168646,19219,4289267,19383,568.9208698699186,36,81,6,0,31,90,2,0,31,1,91
2011-08-10 13:47:46,Attack,143,3,148,944187,20420,5836363,31492,389.519263554054,38,97,13,0,12,127,9,0,28,1,119
2011-08-10 13:47:47,Normal,161,0,161,1106817,8513,6373029,53124,379.10996766459624,34,122,5,0,16,118,27,0,46,1,114
2011-08-10 13:47:48,Attack,110,0,111,1394982,16681,3298186,49724,473.02100950450443,40,60,11,0,16,92,3,0,19,2,89
2011-08-10 13:47:49,Attack,96,0,97,1070873,19501,3379635,38129,552.569155185567,38,50,9,0,11,82,3,1,19,1,77
2011-08-10 13:47:50,Attack,112,0,114,819948,5270,4038642,1795,458.6763822807017,37,64,13,0,14,97,3,0,20,2,92
2011-08-10 13:47:51,Attack,130,0,131,586069,6357,4668966,38386,198.45892183206104,22,100,9,0,27,104,0,0,33,0,98
2011-08-10 13:47:52,Normal,98,3,101,1093054,16976,3634504,23226,484.1189769900991,39,56,6,0,13,85,3,0,24,3,74
2011-08-10 13:47:53,Attack,146,0,148,1450067,17804,4683927,16455,441.85101375675674,35,101,12,0,27,116,4,1,35,5,108
2011-08-10 13:47:54,Normal,186,0,186,802821,22118,7831281,1827,301.72889610215054,41,137,8,0,28,153,5,0,50,2,134
2011-08-10 13:47:55,Attack,159,0,161,902205,13663,6573251,3267,243.67103688198762,29,129,3,0,15,141,5,0,32,0,129
2011-08-10 13:47:56,Attack,187,0,189,1794827,19436,6783253,7493,419.63760139682535,41,137,11,0,23,158,8,0,33,2,153
2011-08-10 13:47:57,Normal,148,0,148,993810,39124,5718202,16094,344.9804588378379,37,105,6,0,11,134,3,0,24,1,122
2011-08-10 13:47:58,Attack,147,0,148,915484,8549,5714458,40363,384.1761564121622,34,108,6,0,14,129,5,0,30,1,117
2011-08-10 13:47:59,Normal,157,1,158,1013750,20963,5835260,44798,266.60701167721527,42,107,9,0,21,137,0,0,40,2,116
2011-08-10 13:48:00,Attack,144,0,147,951385,5231,5482660,38494,380.16369911564624,36,103,8,0,10,133,4,0,34,1,112
2011-08-10 13:48:01,Attack,160,0,161,1300385,6334,6166023,33148,279.8577373975155,41,116,4,0,17,139,5,0,21,3,137
2011-08-10 13:48:02,Attack,172,3,176,1077717,9851,7303376,3513,393.02149513636374,39,127,10,0,25,142,9,0,53,1,122
2011-08-10 13:48:03,Attack,147,0,148,705748,8072,6136926,47936,243.1621544527027,37,101,10,0,6,141,1,0,24,0,124
2011-08-10 13:48:04,Normal,154,0,154,1174381,5840,5870588,35668,444.3505257987013,38,105,11,0,14,139,1,0,29,1,123
2011-08-10 13:48:05,Normal,142,0,142,817423,19755,5834901,28616,421.9679814295775,34,98,10,0,10,130,2,0,27,2,113
2011-08-10 13:48:06,Attack,154,1,156,1227308,6111,6328032,36316,557.5372928333333,43,108,5,0,14,137,5,0,26,0,129
2011-08-10 13:48:07,Attack,164,2,167,1201965,20331,6835480,45187,254.62810209580837,37,119,11,0,11,151,5,0,27,1,139
2011-08-10 13:48:08,Normal,151,0,151,1570830,17961,5363089,36626,565.8267665827814,53,93,5,0,21,128,2,0,21,0,129
2011-08-10 13:48:09,Attack,153,0,155,1249802,19218,6039004,24137,433.55193957419345,33,111,11,0,16,134,5,0,25,1,128
2011-08-10 13:48:10,Attack,175,0,176,1552628,20451,6576346,38596,482.92987955113637,44,123,9,0,22,152,2,0,29,2,144
2011-08-10 13:48:11,Attack,194,3,200,1004345,11568,8925656,36903,220.85807341,28,165,7,0,41,150,9,0,57,3,140
2011-08-10 13:48:12,Attack,181,6,189,1185822,8847,7751705,51118,380.6322943121693,38,144,7,0,18,161,10,0,46,0,143
2011-08-10 13:48:13,Attack,175,0,176,1381770,6096,6659337,62772,472.18874898295456,40,129,7,0,16,157,3,0,40,0,136
2011-08-10 13:48:14,Attack,179,0,181,1417895,7203,7336986,56559,493.28130990607747,34,137,10,0,19,150,12,0,37,1,143
2011-08-10 13:48:15,Normal,151,0,151,1392780,20454,6292036,62505,385.5656089999999,35,105,11,0,21,128,2,0,32,1,118
2011-08-10 13:48:16,Attack,164,4,173,913879,21340,6996212,31592,206.55541597109828,33,132,8,0,14,149,10,0,39,2,132
2011-08-10 13:48:17,Attack,191,1,193,1497665,22608,7738647,66547,422.8818251813472,45,140,8,0,15,170,8,0,40,3,150
2011-08-10 13:48:18,Attack,133,0,134,1009062,19882,5479557,55365,551.2997684626865,34,96,4,0,9,123,2,0,27,2,104
2011-08-10 13:48:19,Normal,156,0,156,859201,6835,6214719,36176,443.7555411346154,43,107,6,0,4,149,3,0,24,1,129
2011-08-10 13:48:20,Attack,190,1,193,1332825,7746,7452528,39727,474.7795350518135,46,141,6,0,13,177,2,1,34,0,159
2011-08-10 13:48:21,Attack,160,0,162,899101,7078,6677829,57955,401.301647154321,40,116,6,0,9,152,0,1,27,2,132
2011-08-10 13:48:22,Attack,218,6,225,988885,9958,9709429,1805,283.6742511377778,40,181,4,0,24,191,10,0,49,1,175
2011-08-10 13:48:23,Attack,181,0,184,1057517,8569,6438430,56775,329.25274470652175,31,149,4,0,26,148,10,0,56,2,126
2011-08-10 13:48:24,Attack,191,0,192,775018,9397,7180311,5157,195.15743989062503,43,146,3,0,10,173,9,0,52,0,139
2011-08-10 13:48:25,Normal,195,3,198,801057,8508,8221627,33047,341.0557406212121,34,157,7,0,19,173,4,2,43,2,151
2011-08-10 13:48:26,Attack,194,0,197,962236,9224,8157277,2847,231.27666669543152,37,155,5,0,15,174,5,3,49,1,143
2011-08-10 13:48:27,Attack,187,0,188,1044454,21952,8101567,59021,356.9983712978724,37,147,4,0,9,173,6,0,31,1,156
2011-08-10 13:48:28,Normal,168,3,171,1139645,20655,6946491,21633,303.9110285204678,34,132,5,0,22,147,2,0,40,0,131
2011-08-10 13:48:29,Attack,251,0,252,979054,15958,10190132,40000,128.6269290873016,31,216,5,0,62,172,18,0,99,2,151
2011-08-10 13:48:30,Attack,209,3,213,1083336,7671,8133599,60480,338.8264813661972,38,164,11,0,12,192,9,0,40,2,171
2011-08-10 13:48:31,Attack,248,0,250,1035816,11932,9370393,64874,271.517599024,31,206,13,0,28,187,35,0,81,2,166
2011-08-10 13:48:32,Normal,212,3,215,909272,53253,8338860,16525,311.707132911628,40,166,9,0,23,180,12,0,56,2,156
2011-08-10 13:48:33,Attack,180,0,184,757994,24258,7516135,60519,304.2751565597826,33,146,4,0,26,154,3,0,45,4,134
2011-08-10 13:48:34,Attack,195,0,196,1075972,58671,7627536,6072,344.028607,49,135,12,0,13,177,6,0,38,2,156
2011-08-10 13:48:35,Attack,153,3,158,914658,19935,6104689,22043,426.76996348101267,38,113,7,0,9,148,1,0,28,1,128
2011-08-10 13:48:36,Attack,184,0,185,1124372,8059,7385977,56573,334.44419114054057,40,136,9,0,12,170,3,0,33,2,149
2011-08-10 13:48:37,Attack,167,3,173,1297398,5617,6438894,46827,324.38465368208097,39,126,8,0,20,147,6,0,39,3,130
2011-08-10 13:48:38,Attack,158,0,159,762097,6754,6627479,54510,314.08385381132075,31,123,5,0,8,146,5,0,26,0,133
2011-08-10 13:48:39,Normal,147,0,147,770028,19214,6079585,56960,294.4817994081633,33,106,8,0,10,136,1,0,27,1,119
2011-08-10 13:48:40,Attack,172,3,176,978484,8741,7175209,53908,375.9637430454546,30,142,4,0,9,158,9,0,36,0,139
2011-08-10 13:48:41,Normal,205,0,205,1052923,23300,7710633,8226,410.1407730682927,42,155,8,0,15,183,7,0,46,5,153
2011-08-10 13:48:42,Attack,181,6,189,935400,6584,7465926,57248,338.6828040476191,36,148,5,0,22,166,1,0,38,2,149
2011-08-10 13:48:43,Normal,153,0,153,768261,5045,6136558,56107,355.460070503268,30,116,7,0,8,142,3,0,29,3,121
2011-08-10 13:48:44,Attack,205,3,209,754786,10184,7827850,44205,261.1174819808612,22,180,7,0,36,165,8,0,54,1,154
2011-08-10 13:48:45,Attack,133,0,134,916476,19625,5137480,16751,518.8456600895523,39,85,10,0,7,126,1,0,23,2,108
2011-08-10 13:48:46,Attack,180,3,184,1012033,21128,7021066,3504,274.9312047065218,32,140,12,0,13,150,21,0,45,3,136
2011-08-10 13:48:47,Attack,206,1,208,1074952,9651,7778540,55083,296.2956231153846,37,160,11,0,23,174,11,0,47,2,159
2011-08-10 13:48:48,Normal,218,0,218,830065,10937,9064920,3596,195.43480952293578,28,182,8,0,19,188,11,0,48,0,170
2011-08-10 13:48:49,Normal,179,0,179,1096547,21096,7494636,44826,261.123279603352,28,143,8,0,17,157,5,0,44,3,132
2011-08-10 13:48:50,Attack,208,3,213,1292011,7336,8289863,58576,353.2623896760563,45,161,7,0,16,193,4,0,39,3,170
2011-08-10 13:48:51,Attack,139,0,141,799158,18962,5764212,38702,341.5622589574468,39,94,8,0,5,134,2,0,24,0,117
2011-08-10 13:48:52,Attack,181,6,188,881434,21052,7638233,1347,316.60055950531915,45,134,9,0,8,176,4,0,34,0,154
2011-08-10 13:48:53,Attack,178,0,179,809550,8860,7331044,36050,328.4179252905028,34,141,4,0,10,166,2,1,29,0,150
2011-08-10 13:48:54,Attack,184,0,186,968086,8572,7280190,38544,218.82497834946233,31,152,3,0,29,156,1,0,49,2,135
2011-08-10 13:48:55,Normal,189,3,192,936734,9016,7882056,34625,376.68451096875,44,143,5,0,10,182,0,0,36,1,155
2011-08-10 13:48:56,Attack,205,0,207,1308101,8739,8036583,36847,316.2292743043479,27,170,10,0,16,183,8,0,39,0,168
2011-08-10 13:48:57,Attack,197,0,198,823689,21298,8317755,64908,244.69173886868685,25,163,10,0,9,186,3,0,40,0,158
2011-08-10 13:48:58,Attack,205,3,209,1056005,21411,8273876,49784,383.9298598133972,39,158,12,0,9,196,4,0,36,2,171
2011-08-10 13:48:59,Attack,206,0,207,1057900,22186,8420065,58771,374.6916842173913,45,156,6,0,7,192,8,0,39,0,167
2011-08-10 13:49:00,Attack,304,0,305,1234747,14187,14754595,60591,165.29543606229507,29,267,9,0,11,288,6,0,30,0,275
2011-08-10 13:49:01,Attack,195,3,199,1040758,21498,8047446,45755,327.89244126130654,29,159,11,0,11,184,4,0,28,1,170
2011-08-10 13:49:02,Attack,202,3,206,1045766,9547,8751812,64892,311.4480629029127,38,163,5,0,15,189,2,0,30,1,175
2011-08-10 13:49:03,Attack,200,3,204,957818,22479,8246061,6563,302.3142162352941,37,161,6,0,10,190,4,0,32,1,171
2011-08-10 13:49:04,Attack,205,6,212,968425,23045,8801244,65360,325.04836761792455,33,175,4,0,19,191,2,0,39,2,170
2011-08-10 13:49:05,Normal,283,0,283,856089,11891,13005211,56195,244.7581667279152,41,236,6,0,6,274,3,0,42,1,239
2011-08-10 13:49:06,Normal,209,3,212,1315539,22817,8369896,61219,413.6859809056604,31,172,9,0,18,188,6,0,42,4,165
2011-08-10 13:49:07,Attack,200,0,201,1737833,41142,7616562,16526,476.9491931492537,39,153,9,0,16,179,6,0,27,5,169
2011-08-10 13:49:08,Normal,222,0,222,1190109,8099,9068688,54220,302.6484850225225,39,171,12,0,11,206,5,0,32,2,188
2011-08-10 13:49:09,Normal,222,3,225,1578339,8361,8966394,51156,340.10279179555556,36,181,8,0,28,194,3,0,35,1,189
2011-08-10 13:49:10,Attack,238,0,239,1491877,9745,9225261,51192,330.40486766527204,29,198,12,0,13,218,8,0,34,2,203
2011-08-10 13:49:11,Attack,199,2,203,1359849,21776,7754402,51190,415.0426079014778,44,151,8,0,19,180,4,0,47,1,153
2011-08-10 13:49:12,Attack,274,6,281,1194552,14073,11994512,35759,265.9828101850534,32,237,12,0,32,236,13,0,66,1,213
2011-08-10 13:49:13,Attack,195,0,196,555187,8649,7775428,49961,214.53848224489798,31,159,6,0,12,184,0,0,45,0,151
2011-08-10 13:49:14,Normal,227,0,227,911606,13030,9371797,35566,264.6355224757709,38,180,9,0,15,203,9,0,44,1,181
2011-08-10 13:49:15,Attack,224,11,238,976637,10556,9423960,42959,208.45944378571429,26,202,10,0,16,215,7,0,42,1,195
2011-08-10 13:49:16,Normal,205,11,216,1060265,15702,8743974,1907,284.5330770416667,39,171,6,0,20,187,9,0,48,0,168
2011-08-10 13:49:17,Attack,133,7,144,572209,6065,5507277,43012,399.7773503333333,28,113,3,0,7,129,8,0,33,0,111
2011-08-10 13:49:18,Normal,210,3,213,927889,21164,8635529,44059,323.55087349295775,37,167,9,0,9,202,2,0,37,0,175
2011-08-10 13:49:19,Attack,234,0,236,994313,9963,9491804,59756,311.60194568220334,41,188,7,0,19,213,4,0,46,0,190
2011-08-10 13:49:20,Normal,271,0,271,937697,14973,11235133,40193,235.87806796678967,28,233,10,0,39,223,9,0,76,2,192
2011-08-10 13:49:21,Attack,269,3,273,820461,32302,11359313,60331,201.78613743223445,26,238,9,0,45,224,4,0,81,0,192
2011-08-10 13:49:22,Attack,224,3,228,932023,10423,9541100,48466,276.03606926315786,43,179,6,0,6,209,13,0,47,0,181
2011-08-10 13:49:23,Attack,244,0,245,1216612,10494,10009751,58529,281.41036782040817,39,200,6,0,23,208,14,0,58,2,185
2011-08-10 13:49:24,Attack,250,3,255,983295,26242,10949699,4552,289.2020232862745,30,218,7,0,36,213,6,0,66,1,187
2011-08-10 13:49:25,Attack,265,0,266,1794627,11625,10801264,44203,289.85788025187975,40,222,4,0,45,209,10,2,63,4,197
2011-08-10 13:49:26,Normal,231,0,231,1336876,11345,9724145,45168,301.1515191601731,40,182,9,0,20,209,1,1,49,2,178
2011-08-10 13:49:27,Attack,206,3,211,950602,9422,7896478,46740,289.8129390236967,33,169,9,0,11,196,4,0,38,2,171
2011-08-10 13:49:28,Attack,196,0,198,932272,23104,7589444,11920,334.3081035555555,40,144,14,0,17,180,1,0,48,1,149
2011-08-10 13:49:29,Normal,201,4,205,742169,9733,8729410,55629,240.24348545853658,38,158,9,0,5,200,0,0,29,0,175
2011-08-10 13:49:30,Normal,238,0,238,1014353,9869,8982907,56247,294.04906963445376,39,187,12,0,8,222,7,1,43,2,191
2011-08-10 13:49:31,Normal,197,0,197,1069205,22048,7873775,3631,280.4679821878173,32,158,7,0,13,183,1,0,40,3,154
2011-08-10 13:49:32,Attack,219,6,226,1485078,9568,8895800,42487,220.19067559292034,40,179,7,0,29,193,4,0,36,1,189
2011-08-10 13:49:33,Normal,217,0,217,763485,9961,9247115,54798,238.9290128894009,40,172,5,0,12,203,2,0,42,1,174
2011-08-10 13:49:34,Attack,243,3,249,638845,11974,10636208,52866,164.18777741365463,29,211,9,0,7,238,4,0,41,0,208
2011-08-10 13:49:35,Attack,265,3,269,787197,13195,10706116,45622,264.4342035687733,36,221,12,0,17,252,0,0,51,2,216
2011-08-10 13:49:36,Attack,240,0,243,787436,10855,9795406,42096,197.45127890123456,37,196,10,0,20,220,3,0,60,0,182
2011-08-10 13:49:37,Normal,154,0,154,546924,19619,6042998,61305,282.55889516883116,19,128,7,0,17,136,1,0,45,0,109
2011-08-10 13:49:38,Attack,220,0,224,1451726,21967,8609518,21609,409.7750518303571,40,172,12,0,14,198,12,0,45,0,179
2011-08-10 13:49:39,Attack,235,3,239,830891,25478,10206562,42194,295.9954314058577,33,199,7,0,16,217,5,1,54,2,182
2011-08-10 13:49:40,Attack,209,0,211,905695,21616,8150931,29667,406.5321487251185,36,162,13,0,8,202,1,0,38,1,171
2011-08-10 13:49:41,Normal,244,0,244,857612,14516,9804106,3197,210.05848934426228,43,196,5,0,8,232,4,0,42,1,199
2011-08-10 13:49:42,Normal,212,3,215,814929,23373,8810684,45248,264.5631149023256,25,173,17,0,14,186,15,0,39,2,173
2011-08-10 13:49:43,Attack,197,0,199,812316,8370,8125363,37572,322.35870951758795,33,156,10,0,8,186,5,0,43,0,155
2011-08-10 13:49:44,Attack,270,3,274,786239,27106,10915589,7082,257.35589582116785,36,228,10,0,19,245,10,0,52,1,221
2011-08-10 13:49:45,Attack,217,0,218,1148167,8830,8671020,40436,353.3091280733945,44,168,6,0,11,202,5,0,43,1,173
2011-08-10 13:49:46,Normal,205,3,208,1080696,10294,8472125,52367,261.6376466923077,28,174,6,0,13,182,13,0,50,3,155
2011-08-10 13:49:47,Normal,194,3,197,745263,21978,7943878,39631,249.37218206598985,29,163,5,0,12,183,2,0,43,0,154
2011-08-10 13:49:48,Attack,207,0,209,1587598,20837,7854157,28610,467.5095356650718,42,164,3,0,32,171,6,0,36,1,172
2011-08-10 13:49:49,Normal,248,0,248,1250367,14130,9602802,45369,338.1770749758065,44,195,9,0,29,212,7,0,55,2,190
2011-08-10 13:49:50,Normal,221,3,224,880557,12150,8724842,3732,248.35952570535716,38,178,8,0,25,191,8,0,50,1,173
2011-08-10 13:49:51,Attack,237,0,238,1007647,12053,9604436,40914,265.7503103403361,43,184,11,0,19,209,10,0,49,2,187
2011-08-10 13:49:52,Normal,176,3,179,1024988,20161,6816766,53997,340.8858992122905,34,138,7,0,5,167,7,0,33,2,144
2011-08-10 13:49:53,Attack,236,3,240,862024,11974,10273616,34630,240.70156934583332,30,202,8,0,19,218,3,0,44,1,195
2011-08-10 13:49:54,Attack,181,0,184,1017609,8368,7479178,43825,225.7819447826087,21,158,5,0,15,164,5,0,31,1,151
2011-08-10 13:49:55,Attack,179,3,183,770736,8416,7287694,33692,351.01396910928963,35,139,9,0,5,177,1,0,31,1,151
2011-08-10 13:49:56,Normal,180,0,180,694401,8323,7410256,51855,250.23090286666667,27,147,6,0,6,170,4,0,32,1,147
2011-08-10 13:49:57,Attack,202,3,207,881640,20797,8673282,11961,309.2629058067633,34,166,7,0,5,198,4,0,30,0,177
2011-08-10 13:49:58,Attack,173,3,180,779422,7566,6623556,53752,326.0045527722222,30,139,11,0,3,175,2,0,35,0,145
2011-08-10 13:49:59,Attack,166,0,173,946599,58076,6570343,14134,307.6999288092485,40,127,6,0,8,158,6,1,28,1,143
2011-08-10 13:50:00,Attack,148,3,152,700351,20114,6030228,56320,337.9329836578947,31,112,9,0,14,135,3,0,34,1,117
2011-08-10 13:50:01,Attack,219,3,223,969639,16259,9432587,4247,317.5153508295964,42,174,7,0,11,208,4,0,36,1,185
2011-08-10 13:50:02,Normal,188,3,191,842862,21348,7694209,38328,290.7137404450262,25,160,6,0,10,178,3,0,34,1,156
2011-08-10 13:50:03,Attack,251,3,255,1013214,31747,10424971,34041,323.84521284313723,42,207,6,0,14,227,14,0,60,2,192
2011-08-10 13:50:04,Attack,183,0,185,920426,7671,8080271,59892,358.98742696756756,37,140,8,0,9,172,3,1,35,1,149
2011-08-10 13:50:05,Attack,185,0,186,1085763,22191,7111321,64961,374.97842655913973,39,142,5,0,22,160,4,0,33,2,150
2011-08-10 13:50:06,Attack,168,3,172,889738,19510,6761741,45770,395.29818402906983,23,136,13,0,8,163,1,0,34,1,136
2011-08-10 13:50:07,Normal,221,0,221,821694,12457,8799121,35798,276.1986770542986,44,171,6,0,7,210,4,0,51,0,170
2011-08-10 13:50:08,Normal,220,3,223,1147602,21774,8305631,60012,417.0033763318385,54,159,9,0,7,212,3,0,36,1,183
2011-08-10 13:50:09,Attack,198,3,202,872179,8444,8407394,5786,237.02515355445544,33,163,6,0,8,190,4,0,37,2,163
2011-08-10 13:50:10,Normal,283,0,283,1038879,12411,12036155,51420,273.7361142438163,37,237,9,0,24,237,22,0,67,1,214
2011-08-10 13:50:11,Attack,221,6,229,1740346,8848,8322918,49466,319.7870692139738,39,181,9,0,28,198,3,0,35,3,189
2011-08-10 13:50:12,Normal,188,5,193,873426,23328,7723793,63768,296.9880580777202,25,160,8,0,15,174,4,0,42,2,149
2011-08-10 13:50:13,Normal,183,3,186,1241266,7171,7120344,58688,319.1286520913979,26,148,12,0,18,166,2,0,33,2,151
2011-08-10 13:50:14,Attack,182,3,186,915204,7396,7362325,40442,238.05179012903227,26,154,6,0,8,174,4,0,38,2,146
2011-08-10 13:50:15,Attack,204,0,205,1365125,7014,8103141,46137,383.2430802243902,37,161,7,0,16,181,8,0,30,5,170
2011-08-10 13:50:16,Attack,181,3,185,878420,20919,7506169,22171,330.71677983243245,25,151,9,0,16,166,3,0,44,1,140
2011-08-10 13:50:17,Normal,137,3,140,900313,6495,5683072,44983,337.87491167857144,31,102,7,0,13,123,4,0,26,1,112
2011-08-10 13:50:18,Attack,150,0,154,667917,6031,6057310,39959,115.40573920779221,31,116,7,0,5,146,3,0,40,0,114
2011-08-10 13:50:19,Normal,172,3,175,951273,6802,7308130,43718,225.44886121142855,32,136,7,0,13,159,3,0,31,2,141
2011-08-10 13:50:20,Attack,287,0,289,1077201,16950,11272842,52501,264.48388048442905,38,242,9,0,28,216,45,0,86,2,201
2011-08-10 13:50:21,Normal,261,3,264,1150912,28422,11689455,16800,324.47120149242426,48,205,11,0,11,252,1,0,38,2,224
2011-08-10 13:50:22,Attack,166,6,175,1079925,19812,6666639,1162,414.77154013142854,41,126,8,0,8,163,4,0,27,1,147
2011-08-10 13:50:23,Normal,197,0,197,661975,11583,8260943,36216,257.21640397969543,38,153,6,0,17,180,0,0,42,1,154
2011-08-10 13:50:24,Normal,209,3,212,845504,11766,8176650,40270,238.1515753254717,36,174,2,0,14,188,8,2,51,1,159
2011-08-10 13:50:25,Attack,219,3,223,1835962,8736,8146101,48616,428.4751211973094,39,170,14,0,25,191,5,2,37,3,179
2011-08-10 13:50:26,Normal,160,0,160,841866,23175,6735332,60792,277.7647339125,27,124,9,0,13,144,2,1,35,0,123
2011-08-10 13:50:27,Attack,163,6,170,962000,8364,6939179,64243,264.25173082352944,34,125,11,0,12,156,1,1,31,1,137
2011-08-10 13:50:28,Attack,186,0,187,945785,19747,7349010,1426,297.28618446524064,34,142,11,0,17,167,2,1,39,0,146
2011-08-10 13:50:29,Normal,187,6,193,880921,7716,7698633,38971,297.0634768911917,32,155,6,0,8,179,6,0,32,1,160
2011-08-10 13:50:30,Normal,222,0,222,794045,22808,8287569,4785,271.50502183783783,42,170,10,0,16,205,1,0,46,1,175
2011-08-10 13:50:31,Normal,220,0,220,845992,10426,8913028,59161,250.0015637136364,40,173,7,0,12,205,3,0,41,1,178
2011-08-10 13:50:32,Normal,191,9,200,961624,6883,8046610,50621,314.79472678999997,33,158,9,0,5,192,3,0,41,3,156
2011-08-10 13:50:33,Attack,182,0,183,1345896,19612,7100397,4509,460.32914118032784,39,135,9,0,11,171,1,0,29,2,151
2011-08-10 13:50:34,Attack,188,0,189,1270848,20144,7167235,13080,368.82245550793647,43,139,7,0,10,174,5,0,36,2,150
2011-08-10 13:50:35,Normal,226,3,229,1005401,23451,9361745,2506,234.8546859344978,27,185,17,0,8,217,4,0,45,1,183
2011-08-10 13:50:36,Attack,213,0,214,1063741,8548,8603149,60077,253.80750322429904,38,164,12,0,9,202,3,0,36,1,177
2011-08-10 13:50:37,Attack,167,0,169,880478,6868,6576037,36858,252.16686481656808,33,132,4,0,7,158,4,0,31,1,136
2011-08-10 13:50:38,Normal,198,6,204,976771,8148,8228692,58672,273.04223424509803,32,163,9,0,9,191,4,0,39,0,165
2011-08-10 13:50:39,Attack,181,0,186,885609,6369,7544132,39879,371.31024627419356,37,139,10,0,5,175,6,0,35,1,150
2011-08-10 13:50:40,Normal,185,3,188,815705,8117,7258938,43437,264.4261683829787,28,153,7,0,8,180,0,0,34,3,150
2011-08-10 13:50:41,Attack,212,3,221,1075535,8689,8459750,2075,251.8807908597285,43,172,6,0,10,207,4,0,42,0,178
2011-08-10 13:50:42,Normal,187,6,193,947455,7954,7440468,42259,216.1145064715026,33,154,6,0,6,185,2,0,39,1,153
2011-08-10 13:50:43,Attack,211,0,212,1020506,9309,9026780,42025,278.2042576603774,31,174,7,0,26,179,7,0,54,1,157
2011-08-10 13:50:44,Normal,260,3,263,1676418,10733,10903773,49295,283.2388791102661,39,214,10,0,21,235,7,0,40,0,222
2011-08-10 13:50:45,Normal,196,3,199,1062476,23476,7694051,55213,183.4741926331658,34,158,7,0,8,185,6,0,33,4,162
2011-08-10 13:50:46,Attack,170,3,175,982318,19096,6500176,63174,316.51736684571426,42,122,11,0,9,164,2,0,31,2,142
2011-08-10 13:50:47,Attack,254,3,258,3124456,21200,11277002,13150,447.8919678100775,47,203,8,0,45,202,11,0,36,2,220
2011-08-10 13:50:48,Attack,231,0,232,1853932,20717,9335062,8746,430.83187474999994,48,180,4,0,28,197,7,0,43,3,186
2011-08-10 13:50:49,Normal,214,0,214,1277698,22445,8165882,26807,354.08596781308415,42,162,10,0,12,199,3,0,35,1,178
2011-08-10 13:50:50,Normal,178,3,181,611437,7452,7042724,36855,297.15161341436465,32,145,4,0,10,166,4,1,37,0,144
2011-08-10 13:50:51,Normal,162,3,165,595030,7639,6757754,52153,179.38731666060605,31,129,5,0,6,155,4,0,35,0,129
2011-08-10 13:50:52,Normal,161,6,167,1124772,7937,6136747,41997,427.6378174670658,32,125,10,0,10,153,4,0,29,3,135
2011-08-10 13:50:53,Normal,186,3,189,846972,8411,7735392,43425,261.318961978836,40,146,3,0,10,177,2,0,33,1,155
2011-08-10 13:50:54,Normal,180,4,184,908902,21148,7933040,58761,289.87817297826086,26,148,10,0,7,174,3,0,34,0,149
2011-08-10 13:50:55,Attack,151,6,158,857430,18824,6528794,1633,341.2069458101266,28,124,6,0,14,140,4,0,35,0,123
2011-08-10 13:50:56,Normal,230,4,234,1148199,19423,9534467,3535,295.3638607478632,33,193,8,0,17,201,16,0,49,0,185
2011-08-10 13:50:57,Attack,189,1,192,990024,10486,7282373,33270,484.4135822552084,32,153,7,0,19,170,3,0,33,2,157
2011-08-10 13:50:58,Attack,270,3,275,1028675,27109,10938531,22659,120.17584350181818,34,237,4,0,35,228,12,0,72,1,202
2011-08-10 13:50:59,Normal,269,3,272,874817,27743,12615752,26665,198.1932904595588,41,222,9,0,20,248,4,0,43,0,229
2011-08-10 13:51:00,Attack,312,3,318,833123,28207,15012060,23922,104.11031827672957,36,276,6,0,12,299,7,0,36,2,280
2011-08-10 13:51:01,Normal,208,4,212,942356,52099,8998592,27768,254.72487226886795,34,169,9,0,13,199,0,0,33,1,178
2011-08-10 13:51:02,Attack,148,3,156,654569,21148,6002057,30865,336.87769166666664,30,121,5,0,7,140,9,0,35,0,121
2011-08-10 13:51:03,Normal,205,6,211,950737,21796,8775510,21833,299.41459369194314,50,152,9,0,6,203,2,0,31,0,180
2011-08-10 13:51:04,Attack,253,0,257,1138748,25192,10083461,56622,304.7765183501946,44,208,5,0,18,219,20,0,48,1,208
2011-08-10 13:51:05,Normal,171,0,171,966860,20689,6781693,10736,341.77811019883046,44,124,3,0,8,162,1,0,37,0,134
2011-08-10 13:51:06,Normal,205,6,211,1072390,23288,8628751,33685,399.4137056303318,49,155,7,0,8,201,2,0,26,0,185
2011-08-10 13:51:07,Attack,129,58,188,926444,7994,7875765,1109,444.74855725531916,39,140,9,0,9,171,8,0,32,0,156
2011-08-10 13:51:08,Normal,182,23,205,1135759,11276,8586436,33820,299.75259334146335,24,169,12,0,19,178,8,0,35,0,169
2011-08-10 13:51:09,Attack,247,3,251,1239618,23776,9697463,51875,253.72947918326696,43,203,5,0,17,223,11,0,53,4,194
2011-08-10 13:51:10,Normal,243,0,243,1701703,21664,9698587,63290,251.0914427695473,46,188,9,0,24,216,3,0,36,2,204
2011-08-10 13:51:11,Attack,322,3,326,1411256,40855,13824127,59579,164.89343630981594,28,294,4,0,15,308,3,0,34,9,283
2011-08-10 13:51:12,Normal,222,14,236,1700132,8615,9514335,38831,303.6439464999999,38,188,10,0,21,209,6,0,34,9,193
2011-08-10 13:51:13,Normal,195,14,209,1156020,15199,8017853,56818,172.70846326794256,22,184,3,0,26,173,10,0,45,9,155
2011-08-10 13:51:14,Attack,215,15,231,1553789,10439,8487220,47847,235.0112432251082,31,193,7,0,30,182,19,0,58,9,164
2011-08-10 13:51:15,Normal,294,35,329,1310223,77187,11380826,59271,143.9671039513678,35,287,7,0,42,262,25,0,126,8,195
2011-08-10 13:51:16,Attack,242,90,333,1830744,14982,13633686,4968,293.0144877087087,33,293,7,0,46,273,14,0,68,2,263
2011-08-10 13:51:17,Normal,215,9,224,1148371,10119,8883225,49359,368.4569668303571,32,188,4,0,16,203,5,0,35,0,189
2011-08-10 13:51:18,Attack,212,0,213,1364998,13714,8616972,58808,260.4998089671361,40,169,4,0,18,187,8,0,34,1,178
2011-08-10 13:51:19,Attack,177,3,181,855753,7002,6844143,60693,238.10255398895026,29,143,9,0,10,168,3,0,36,1,144
2011-08-10 13:51:20,Normal,173,3,176,924848,7554,7239091,55449,273.45701102840906,29,141,6,0,13,161,2,0,32,0,144
2011-08-10 13:51:21,Attack,244,12,258,1631547,60788,10134778,15676,246.80930233333333,36,214,8,0,37,207,14,0,66,3,189
2011-08-10 13:51:22,Normal,197,28,225,1170466,11122,9488207,35153,232.0513596666667,34,186,5,0,24,195,6,0,39,2,184
2011-08-10 13:51:23,Attack,160,10,173,983032,6819,6931151,42882,323.42455403468205,28,138,7,0,18,152,3,0,31,1,141
2011-08-10 13:51:24,Attack,193,3,197,1161198,7414,7534400,59700,312.0977408984771,30,151,16,0,8,182,7,0,23,3,171
2011-08-10 13:51:25,Attack,146,0,147,893320,15926,6024928,14391,265.947118244898,37,108,2,0,20,121,4,2,27,2,116
2011-08-10 13:51:26,Normal,191,0,191,886237,7239,7377274,39904,287.58473465445024,42,148,1,0,15,175,1,0,32,0,159
2011-08-10 13:51:27,Normal,190,0,190,1090644,7849,7877669,37352,271.0361921947368,31,153,6,0,16,168,4,2,23,1,164
2011-08-10 13:51:28,Attack,210,0,211,1894882,20752,8025698,55929,474.05121241706166,46,157,8,0,34,175,2,0,25,2,183
2011-08-10 13:51:29,Attack,178,3,182,1406849,8790,6782564,14134,406.1920790219781,38,139,5,0,12,166,4,0,23,1,158
2011-08-10 13:51:30,Attack,191,0,193,1640193,5856,7514675,37352,276.8174785492228,44,140,9,0,21,167,5,0,23,7,163
2011-08-10 13:51:31,Normal,147,0,147,919692,8694,5731911,51589,496.8543452925171,42,99,6,0,17,127,3,0,27,0,120
2011-08-10 13:51:32,Attack,203,9,213,1455238,21813,8381657,31752,378.30180272769945,44,165,4,0,21,184,8,0,47,0,166
2011-08-10 13:51:33,Normal,220,0,220,2531575,21129,9439909,35574,372.81571445454546,36,171,13,0,34,175,11,0,26,2,190
2011-08-10 13:51:34,Attack,178,1,180,1122831,8642,6898498,35514,314.0518574388889,37,136,7,0,15,165,0,0,28,1,150
2011-08-10 13:51:35,Normal,180,6,186,1108300,6832,7130703,36883,355.6081904032259,32,147,7,0,16,166,4,0,37,1,148
2011-08-10 13:51:36,Attack,181,0,182,1109226,7001,7251701,52565,252.82099730219775,32,144,6,0,17,161,4,0,27,1,154
2011-08-10 13:51:37,Normal,203,4,207,953398,11742,8669759,60848,243.20293810144932,31,170,6,0,25,180,2,0,44,3,160
2011-08-10 13:51:38,Attack,153,2,156,1094667,13383,6186853,59603,514.8014212371794,42,109,5,0,11,138,7,0,25,2,128
2011-08-10 13:51:39,Attack,169,0,174,1581858,18938,6536351,37961,343.15418199425284,43,124,7,0,21,150,3,0,33,1,140
2011-08-10 13:51:40,Attack,142,0,145,1314150,18701,5331210,36783,557.8339600620689,45,92,8,0,17,125,3,0,19,2,124
2011-08-10 13:51:41,Normal,142,10,152,1466631,5369,5737149,55366,402.1840693947368,22,119,11,0,19,125,7,1,19,5,128
2011-08-10 13:51:42,Attack,172,11,187,1141248,42732,7270771,60418,341.1453621871658,33,144,10,0,19,164,3,1,23,3,161
2011-08-10 13:51:43,Normal,195,18,213,1902763,20920,8778253,53997,448.5599071737089,35,173,5,0,26,182,4,1,30,3,180
2011-08-10 13:51:44,Attack,189,1,195,2326488,5421,8090269,57998,663.9727001589744,34,149,12,0,38,149,8,0,32,2,161
2011-08-10 13:51:45,Normal,206,3,209,1328287,21104,8396299,28906,288.4893771291866,34,165,10,0,32,173,4,0,39,2,168
2011-08-10 13:51:46,Attack,153,3,159,1386827,27508,5918493,59667,439.10011189937103,36,115,8,0,18,135,6,0,28,2,129
2011-08-10 13:51:47,Normal,222,17,239,1771908,43816,10240031,13880,317.5518780753138,31,199,9,0,27,198,14,0,38,3,198
2011-08-10 13:51:48,Normal,189,24,213,1266885,35483,8886205,16445,247.96637648826288,36,169,8,0,19,191,3,0,39,2,172
2011-08-10 13:51:49,Attack,167,13,183,1195718,9504,7096562,52423,270.48683553551905,28,151,4,0,23,154,6,0,51,0,132
2011-08-10 13:51:50,Normal,176,105,281,1228713,15443,11847924,60257,206.51941266192168,40,230,11,0,20,250,11,0,55,4,222
2011-08-10 13:51:51,Attack,205,52,258,1181761,14901,11322854,58320,236.4117102868217,38,214,6,0,54,191,13,0,78,0,179
2011-08-10 13:51:52,Normal,162,31,193,1070880,6936,7764266,44503,340.8070278497409,39,148,6,0,20,164,9,0,33,0,160
2011-08-10 13:51:53,Attack,172,23,198,1782180,20552,7461663,55668,565.9986698686869,35,154,9,0,32,155,11,0,28,3,167
2011-08-10 13:51:54,Attack,156,70,227,1029027,22668,9444043,49299,266.53236668281943,26,195,6,0,32,191,4,0,42,1,184
2011-08-10 13:51:55,Normal,172,35,207,1111761,9430,8528394,55038,231.6103016280193,40,163,4,0,16,184,7,0,32,3,172
2011-08-10 13:51:56,Normal,151,55,206,906238,21883,8296758,33752,258.60618422815537,28,171,7,0,15,175,16,0,51,1,154
2011-08-10 13:51:57,Normal,167,30,197,939836,46768,8513192,793,274.12133898984763,29,165,3,0,23,167,7,0,36,1,160
2011-08-10 13:51:58,Normal,172,3,175,994060,20744,7467534,16445,255.18402658857144,32,133,10,0,20,152,3,0,37,0,138
2011-08-10 13:51:59,Normal,186,3,189,1129689,21795,7471855,46646,323.18792570370374,38,139,12,0,8,177,3,1,27,1,160
2011-08-10 13:52:00,Attack,181,8,191,1006225,6968,7464757,61135,332.88776642931936,38,148,5,0,14,176,1,0,31,2,157
2011-08-10 13:52:01,Attack,173,14,189,953727,9547,7943322,43356,216.00196162433863,31,155,3,0,12,168,9,0,33,3,153
2011-08-10 13:52:02,Normal,145,31,176,896253,23799,7025270,20566,370.9638558977273,42,127,7,0,7,157,12,0,33,1,142
2011-08-10 13:52:03,Attack,133,5,142,1383628,8649,5066787,41434,460.7959750774648,35,101,6,0,20,118,4,0,30,1,111
2011-08-10 13:52:04,Normal,136,4,140,1307144,34405,5139292,14905,396.3941897571429,26,111,3,0,27,110,3,0,23,2,115
2011-08-10 13:52:05,Attack,211,3,216,595318,24156,9895639,14951,102.42602224074074,22,186,8,0,16,195,5,0,32,0,184
2011-08-10 13:52:06,Normal,184,0,184,1132506,7191,6904593,41798,271.84600394021743,32,145,7,0,20,160,2,2,37,1,146
2011-08-10 13:52:07,Attack,186,3,192,911879,8506,7829315,46784,222.25860145833335,37,150,5,0,10,181,1,0,34,4,154
2011-08-10 13:52:08,Normal,185,7,192,1006311,9818,7599035,58879,366.78110759375,44,144,4,0,9,180,3,0,29,2,161
2011-08-10 13:52:09,Normal,139,3,142,1065459,17578,5514994,54434,445.65343547183096,29,106,7,0,14,127,1,0,24,2,116
2011-08-10 13:52:10,Attack,182,0,183,995731,7479,7293383,42250,322.18497587978146,46,128,9,0,11,169,3,0,33,3,147
2011-08-10 13:52:11,Normal,163,3,166,1224800,21233,6619331,23931,398.3365458433735,41,116,9,0,12,150,4,0,29,3,134
2011-08-10 13:52:12,Attack,231,6,238,1201419,9672,9138616,58671,332.1443330546219,41,188,9,0,27,209,2,0,43,4,191
2011-08-10 13:52:13,Normal,139,3,142,1056355,5330,5295989,45984,337.9457118098592,35,104,3,0,8,129,5,0,34,3,105
2011-08-10 13:52:14,Attack,202,3,206,1252554,7603,8724449,57343,322.7791902961165,46,153,7,0,16,186,4,0,28,3,174
2011-08-10 13:52:15,Attack,171,0,172,1126484,5645,6911332,55041,262.2003535348837,35,128,9,0,8,163,1,0,20,4,148
2011-08-10 13:52:16,Normal,184,6,190,711606,10137,8077997,65479,159.97703711578947,34,150,6,0,6,180,4,0,34,0,156
2011-08-10 13:52:17,Normal,159,2,161,861520,5799,6767168,44470,234.56811290683225,37,118,6,0,11,150,0,0,33,0,128
2011-08-10 13:52:18,Normal,240,3,243,1066254,27120,9619649,18237,139.08038642386833,44,193,6,0,16,220,7,0,70,1,172
2011-08-10 13:52:19,Normal,225,3,228,1995028,9797,8648933,45196,420.29973974999996,42,177,9,0,29,182,17,0,38,1,189
2011-08-10 13:52:20,Normal,233,5,238,1431448,11260,9188423,51131,282.1244747941177,33,199,6,0,47,183,8,0,53,1,184
2011-08-10 13:52:21,Normal,189,5,194,1437449,23223,8088052,58458,293.90255478350514,44,143,7,0,20,171,3,0,32,1,161
2011-08-10 13:52:22,Attack,220,4,225,2364120,6651,8746975,37105,475.5522767822222,41,177,7,0,34,183,8,0,33,1,189
2011-08-10 13:52:23,Normal,185,4,189,1373199,20678,7534017,49892,318.9342837566138,39,144,6,0,19,169,1,0,28,2,159
2011-08-10 13:52:24,Attack,184,3,189,1043294,20492,7307403,44156,401.87937603703705,38,142,9,0,16,167,6,0,35,0,154
2011-08-10 13:52:25,Normal,185,0,185,1269282,7300,6989684,55509,343.8600196648649,39,143,3,0,31,150,3,1,34,2,147
2011-08-10 13:52:26,Attack,228,3,232,1041729,11535,7554610,43966,214.74576646982757,40,188,4,0,33,193,5,1,77,3,150
2011-08-10 13:52:27,Normal,215,3,218,1439347,9262,8151451,59447,352.56879411009174,37,178,3,0,27,183,7,1,47,1,169
2011-08-10 13:52:28,Attack,211,38,251,1368404,23922,10077129,57059,186.3181712749004,39,205,7,0,16,223,12,0,38,1,212
2011-08-10 13:52:29,Normal,169,34,203,1545514,7478,8194759,49590,300.51941805911326,30,165,8,0,13,183,6,1,29,3,170
2011-08-10 13:52:30,Normal,218,3,221,1599716,22647,8887507,63098,336.1098805565611,43,166,12,0,23,197,1,0,31,2,188
2011-08-10 13:52:31,Attack,140,3,146,1153657,4910,5537320,36679,302.2432576643835,23,116,7,0,18,125,3,0,28,4,113
2011-08-10 13:52:32,Normal,216,6,222,1610911,41649,8886979,14904,409.33335502252254,31,182,9,0,33,185,4,0,34,3,185
2011-08-10 13:52:33,Attack,185,16,202,1418624,10445,8106472,58686,251.08632945049504,33,168,1,0,28,168,5,1,38,3,160
2011-08-10 13:52:34,Normal,207,25,232,1120237,9331,9743533,57973,250.76261116379314,36,190,6,0,15,215,2,0,29,3,200
2011-08-10 13:52:35,Attack,174,0,175,1421581,19696,6991232,14703,431.1979741542857,29,138,8,0,20,150,5,0,35,2,137
2011-08-10 13:52:36,Normal,313,3,316,1145549,54970,9004210,46112,238.3151429113924,46,261,9,0,112,200,4,0,136,1,178
2011-08-10 13:52:37,Attack,348,3,352,990148,80205,8708142,3083,217.1922006221591,39,306,7,0,181,169,2,0,187,0,165
2011-08-10 13:52:38,Normal,208,1,209,1011670,8967,9575594,50816,177.61655629665069,37,165,7,0,13,194,2,0,25,0,184
2011-08-10 13:52:39,Normal,171,3,174,1106102,14298,7312522,2012,289.2345102241379,31,137,6,0,14,157,3,0,32,0,142
2011-08-10 13:52:40,Normal,212,0,212,1313107,22963,9046491,41643,254.04774685377362,42,164,6,0,19,188,5,0,32,1,179
2011-08-10 13:52:41,Normal,209,0,209,1431251,22322,8697507,59691,230.31823650239232,39,160,10,0,28,172,9,0,39,2,168
2011-08-10 13:52:42,Normal,202,7,209,1802845,60145,8710667,60458,233.9563443349282,31,164,14,0,31,164,14,0,38,3,168
2011-08-10 13:52:43,Attack,188,2,192,1096893,11116,7527617,34479,207.86819743750002,42,143,7,0,18,168,6,0,35,2,155
2011-08-10 13:52:44,Normal,206,3,209,1472328,9070,8122209,60914,410.95443817703347,30,172,7,0,33,171,5,0,42,0,166
2011-08-10 13:52:45,Attack,176,0,179,948387,7626,7628613,2895,214.17563122905028,30,145,4,0,10,161,8,0,26,1,152
2011-08-10 13:52:46,Normal,175,0,175,753835,6667,7134880,51323,215.41742912,28,135,12,0,11,161,3,0,27,1,147
2011-08-10 13:52:47,Attack,177,3,182,797516,7636,7758468,53592,135.7644780384615,39,135,8,0,4,173,5,0,28,1,153
2011-08-10 13:52:48,Normal,146,3,149,792862,19054,6188957,43024,323.1662547114094,26,120,3,0,7,138,4,0,21,0,128
2011-08-10 13:52:49,Attack,160,3,164,1005862,7719,6601485,42407,312.73639655487807,36,121,7,0,10,149,5,0,26,0,138
2011-08-10 13:52:50,Attack,188,0,192,937156,22485,7354861,47030,252.55066089583337,36,153,3,0,20,170,2,0,44,1,147
2011-08-10 13:52:51,Normal,173,3,176,1120655,6741,7167431,43502,312.1733652954545,37,130,9,0,8,165,3,0,24,3,148
2011-08-10 13:52:52,Attack,249,3,253,1205691,30599,9713306,16223,276.3113920276679,39,206,8,0,41,204,8,0,64,6,183
2011-08-10 13:52:53,Normal,166,1,167,1126717,20193,6496880,48251,221.55122617964074,43,116,8,0,9,156,2,0,28,4,135
2011-08-10 13:52:54,Attack,198,0,201,1063633,7652,8371150,38489,399.1797474527363,37,159,5,0,14,181,6,0,28,1,172
2011-08-10 13:52:55,Normal,169,0,169,1105926,19562,6504073,15223,314.1353999822485,34,126,9,0,14,151,4,0,35,1,133
2011-08-10 13:52:56,Normal,180,0,180,934453,6893,7331385,10881,356.3044331611111,39,139,2,0,24,151,5,0,36,0,142
2011-08-10 13:52:57,Attack,182,3,188,1016574,21528,7585876,41584,330.91928153723404,48,137,2,0,10,171,6,0,34,2,151
2011-08-10 13:52:58,Attack,182,0,185,690998,8546,7491859,47840,275.2760114864865,37,137,11,0,3,176,6,0,39,0,146
2011-08-10 13:52:59,Normal,167,7,174,965485,6380,7205282,33628,336.1645480517242,41,125,8,0,8,163,3,0,23,2,149
2011-08-10 13:53:00,Normal,158,12,170,1658266,6903,7024965,40031,396.0020537235294,42,122,6,0,23,140,7,0,31,1,137
2011-08-10 13:53:01,Normal,267,0,267,672866,13240,12660782,36052,131.95546860674156,26,237,4,0,8,258,1,0,25,0,242
2011-08-10 13:53:02,Normal,179,8,187,1034019,7601,7613819,47467,448.6084123796792,37,141,9,0,8,176,3,0,21,0,166
2011-08-10 13:53:03,Normal,114,0,114,647927,17286,4684293,27987,328.1293580263158,28,78,8,0,1,110,3,0,16,0,98
2011-08-10 13:53:04,Attack,133,0,135,933207,16921,5577776,59786,343.11221562222227,32,96,7,0,5,126,4,0,20,0,115
2011-08-10 13:53:05,Normal,103,3,106,700525,4499,4242377,47186,379.9647086320755,29,70,7,0,3,102,1,0,13,1,92
2011-08-10 13:53:06,Attack,138,0,145,1182636,17915,5420448,62128,510.69537284827595,34,106,5,0,16,124,5,0,25,2,118
2011-08-10 13:53:07,Normal,164,3,167,1101110,18473,6417281,31139,327.13353959880243,43,112,12,0,11,155,1,0,27,4,136
2011-08-10 13:53:08,Attack,198,1,200,1401443,7943,7991406,53298,427.616252735,43,146,11,0,19,176,5,0,31,3,166
2011-08-10 13:53:09,Normal,220,3,223,1014716,25133,8839973,20871,296.3064567219731,38,172,13,0,18,200,5,0,42,2,177
2011-08-10 13:53:10,Attack,132,0,134,895236,7295,5199291,48328,412.1958017164179,37,88,9,0,9,124,1,0,25,1,108
2011-08-10 13:53:11,Attack,153,9,163,1018875,23956,5815845,10347,411.655114,43,114,6,0,10,147,6,0,27,1,135
2011-08-10 13:53:12,Normal,132,7,139,728238,5410,5997471,44119,172.25742010791367,26,106,7,0,7,129,3,0,29,0,110
2011-08-10 13:53:13,Attack,166,0,167,773935,7920,6513001,48040,287.7344425209581,39,120,8,0,8,158,1,0,31,0,136
2011-08-10 13:53:14,Normal,173,2,175,1138607,7028,6798343,17795,409.04623722285714,46,124,5,0,10,161,4,0,25,2,147
2011-08-10 13:53:15,Attack,146,3,150,921581,6068,5853178,46831,484.15345011333335,41,101,8,0,3,142,5,0,24,1,125
2011-08-10 13:53:16,Normal,158,0,158,969001,20090,6366731,46007,248.65950507594934,24,128,6,0,11,142,5,0,21,2,134
2011-08-10 13:53:17,Attack,172,3,176,1012702,6548,6802958,48144,369.9931074204546,37,131,8,0,12,162,2,0,27,0,149
2011-08-10 13:53:18,Normal,157,3,160,977897,6288,6481208,49447,379.95633549999997,28,121,11,0,8,145,7,0,28,1,131
2011-08-10 13:53:19,Attack,247,0,250,1998759,9023,9465854,58173,381.569024408,35,212,3,0,35,213,2,0,40,5,205
2011-08-10 13:53:20,Normal,150,3,153,1092638,19461,5574685,28872,432.8483146797385,48,100,5,0,11,140,2,0,20,1,131
2011-08-10 13:53:21,Normal,143,0,143,1041527,7780,5716787,42224,345.77062234265736,37,100,6,0,13,127,2,1,32,1,110
2011-08-10 13:53:22,Normal,168,6,174,1047131,20819,6782697,23879,360.36769549425287,40,126,8,0,26,147,1,0,37,1,136
2011-08-10 13:53:23,Normal,147,4,151,1027957,21147,5489676,34927,417.65890998675496,36,104,11,0,17,131,3,0,28,1,122
2011-08-10 13:53:24,Normal,166,3,169,749482,9225,6655149,48072,159.48246346153846,29,135,5,0,4,154,11,0,31,1,137
2011-08-10 13:53:25,Attack,189,0,191,1279059,7412,7314274,3696,366.3342654031413,45,140,6,0,18,168,4,1,45,2,143
2011-08-10 13:53:26,Normal,173,3,176,861582,25946,6947507,13362,279.1465346704545,45,128,3,0,6,160,9,1,30,0,144
2011-08-10 13:53:27,Attack,144,0,146,1057009,43897,5323360,15166,332.72465897260275,42,96,8,0,17,124,5,0,36,3,107
2011-08-10 13:53:28,Normal,143,0,143,978093,11356,5244485,2432,451.42220880419575,32,98,13,0,18,120,3,2,29,1,111
2011-08-10 13:53:29,Attack,163,0,168,1072237,19867,6343366,57718,301.89953223214286,40,124,4,0,10,156,2,0,22,2,144
2011-08-10 13:53:30,Normal,154,0,154,866053,18642,5980339,60873,433.0475557012988,33,112,9,0,20,128,5,1,35,0,119
2011-08-10 13:53:31,Attack,198,3,206,1529890,60609,7817264,16392,364.95229929611645,36,163,7,0,20,177,9,0,36,1,168
2011-08-10 13:53:32,Attack,216,7,224,1219545,9952,8452135,41311,283.50595994642856,31,182,11,0,28,180,15,1,47,0,176
2011-08-10 13:53:33,Normal,180,2,182,921198,21257,6971219,60244,430.24383281868137,31,141,10,0,10,168,4,0,30,1,151
2011-08-10 13:53:34,Attack,170,3,175,1053111,7131,6769406,46917,279.4791785828571,34,129,12,0,8,162,5,0,35,2,138
2011-08-10 13:53:35,Normal,149,0,149,885382,8807,5928556,37699,445.2992327919462,32,107,10,0,8,136,5,0,27,1,120
2011-08-10 13:53:36,Attack,184,0,187,1459528,22610,7143766,31437,310.7959495668449,44,132,11,0,21,153,13,0,31,2,154
2011-08-10 13:53:37,Normal,151,3,154,766579,5358,5905765,58436,278.5350835454546,37,110,7,0,5,147,2,0,27,2,125
2011-08-10 13:53:38,Attack,162,1,164,832563,7487,6452486,46237,335.04127235365854,23,135,6,0,10,152,2,0,26,1,137
2011-08-10 13:53:39,Attack,193,3,197,1226723,21823,7986049,48793,336.62150763451774,32,157,8,0,16,173,8,0,33,2,162
2011-08-10 13:53:40,Attack,224,0,225,1056523,9062,9442568,46534,299.6421186933333,47,172,6,0,24,195,6,0,50,1,174
2011-08-10 13:53:41,Attack,186,0,187,1124301,8899,7477796,36480,372.75430412299465,41,138,8,0,19,160,8,0,38,1,147
2011-08-10 13:53:42,Normal,210,3,213,840033,25738,8952072,13715,246.69050055868541,35,173,5,0,11,199,3,0,26,2,185
2011-08-10 13:53:43,Normal,157,2,159,901152,19093,6258307,11727,328.4221089937107,36,118,5,0,5,153,1,0,23,2,134
2011-08-10 13:53:44,Normal,161,1,162,1116032,5425,6562367,50197,387.83754388271603,36,117,9,0,12,147,3,0,26,0,136
2011-08-10 13:53:45,Normal,148,0,148,752413,6391,5624882,49794,349.3857203243243,28,113,7,0,8,137,3,0,25,0,123
2011-08-10 13:53:46,Normal,203,3,206,1469635,22006,7893844,35382,353.41931657281555,42,156,8,0,15,188,3,0,28,2,176
2011-08-10 13:53:47,Normal,159,0,159,1564460,5042,5684309,42733,484.39326562264154,39,115,5,0,16,138,5,0,20,1,138
2011-08-10 13:53:48,Attack,187,3,193,1149440,21724,7330538,9044,354.0506444196891,38,150,5,0,16,171,6,0,31,2,160
2011-08-10 13:53:49,Normal,178,3,181,1174507,7780,6442267,48523,337.6899877403315,39,139,3,0,22,154,5,0,33,0,148
2011-08-10 13:53:50,Attack,260,0,261,875355,25699,10935304,2479,254.28251157854407,36,216,9,0,14,223,24,0,56,1,203
2011-08-10 13:53:51,Normal,182,3,185,1033145,20198,7485585,15029,362.26766884324326,37,139,9,0,8,173,4,0,18,2,165
2011-08-10 13:53:52,Attack,187,3,192,1011819,21754,7632347,65396,296.61943250520835,44,136,12,0,5,180,7,0,38,1,153
2011-08-10 13:53:53,Attack,164,4,169,897094,18966,7024123,54397,401.5116500887574,38,128,3,0,9,156,4,0,27,2,138
2011-08-10 13:53:54,Normal,185,0,185,986903,19694,7140040,26717,397.55652851891887,47,131,7,0,10,174,1,0,24,1,160
2011-08-10 13:53:55,Attack,143,0,146,933224,5926,5613297,45687,335.2038111164384,29,109,8,0,10,131,4,1,28,0,118
2011-08-10 13:53:56,Normal,188,3,191,1408796,20228,7414569,28539,280.9529759790576,52,135,4,0,18,170,3,0,30,0,160
2011-08-10 13:53:57,Attack,165,0,166,990529,8865,6430018,61666,280.3710744638554,35,125,6,0,9,148,9,0,31,1,134
2011-08-10 13:53:58,Normal,147,3,150,1118233,19182,5840739,13480,384.6340595866666,40,105,5,0,11,135,4,0,32,1,117
2011-08-10 13:53:59,Normal,167,0,167,1137501,6954,6530437,54473,362.6145209161677,27,135,5,0,21,144,2,0,26,2,139
2011-08-10 13:54:00,Attack,197,0,198,1073338,23192,8004375,29668,331.148981570707,36,153,9,0,32,159,7,0,56,3,139
2011-08-10 13:54:01,Attack,207,3,211,987614,10363,8375096,49158,353.1759753933649,35,171,5,0,16,184,11,0,44,0,167
2011-08-10 13:54:02,Attack,165,3,170,1073655,8064,6331420,46368,336.7198102882353,28,136,6,0,27,138,5,0,34,1,135
2011-08-10 13:54:03,Normal,182,3,185,905166,9680,7503222,40131,97.40518030810813,32,150,3,0,10,163,12,0,39,1,145
2011-08-10 13:54:04,Attack,171,0,172,731869,21490,6470075,52406,247.7836100581395,31,135,6,0,16,147,9,0,38,1,133
2011-08-10 13:54:05,Normal,315,0,315,991589,16443,10420019,65003,198.38003124126982,29,278,8,0,54,206,55,0,120,1,194
2011-08-10 13:54:06,Normal,215,3,218,894372,10192,8974396,60758,221.25270606880733,32,180,6,0,19,181,18,0,53,2,162
2011-08-10 13:54:07,Normal,225,0,225,1875502,22105,6472342,40665,733.9433938177777,25,192,8,0,70,147,8,0,64,2,159
2011-08-10 13:54:08,Normal,177,0,177,1180501,60726,6988224,1811,461.1949080734463,34,133,10,0,12,159,6,0,25,7,145
2011-08-10 13:54:09,Attack,183,3,187,1096049,7385,7528712,36378,389.92952128877005,38,144,5,0,14,166,7,0,29,1,157
2011-08-10 13:54:10,Normal,177,0,177,1232563,7554,6949201,43721,464.39485354237286,33,136,8,0,14,160,3,0,22,2,153
2011-08-10 13:54:11,Attack,163,3,170,1462089,6575,6280595,54775,627.2721598176471,28,136,6,0,21,143,6,0,24,4,142
2011-08-10 13:54:12,Normal,187,3,190,1190152,21736,7540080,53400,278.23314254736846,36,147,7,0,18,168,4,0,35,3,152
2011-08-10 13:54:13,Attack,137,0,138,735908,6540,5269878,35174,378.2373809637681,35,100,3,0,8,122,6,2,26,1,110
2011-08-10 13:54:14,Attack,175,3,179,879908,20441,7615540,37820,189.95705158659217,32,140,7,0,8,163,8,0,34,2,143
2011-08-10 13:54:15,Normal,164,0,164,822239,6891,6687028,50880,329.73655486585363,38,118,8,0,5,155,4,0,26,1,136
2011-08-10 13:54:16,Attack,177,0,178,1034754,7561,7201301,52264,183.92140638764045,31,142,5,0,12,163,3,0,26,3,149
2011-08-10 13:54:17,Normal,196,3,199,1093242,21332,8176807,15857,312.5932282613066,42,151,6,0,13,184,2,0,32,1,166
2011-08-10 13:54:18,Attack,161,0,162,858016,19888,6406898,45991,302.10470200000003,29,130,3,0,7,153,2,0,21,0,141
2011-08-10 13:54:19,Normal,170,6,176,740836,20944,7430560,18726,292.1653135056818,34,135,7,0,12,161,1,2,28,1,147
2011-08-10 13:54:20,Normal,183,0,183,876172,21088,7297786,64795,199.34987105464478,33,146,4,0,21,156,5,1,36,1,146
2011-08-10 13:54:21,Attack,151,0,153,631076,9872,6192013,40637,231.281484496732,29,117,7,0,10,142,1,0,23,2,128
2011-08-10 13:54:22,Attack,165,6,172,988000,7156,7015606,52473,371.6595223837209,37,131,4,0,11,157,4,0,30,4,138
2011-08-10 13:54:23,Attack,118,4,123,813722,17772,5031090,26620,485.61230394308944,27,88,8,0,11,111,1,0,21,0,102
2011-08-10 13:54:24,Normal,154,3,157,1042844,18435,6095009,39747,387.3688188343949,41,110,6,0,11,145,1,0,26,2,129
2011-08-10 13:54:25,Attack,163,0,164,1181859,19424,6189085,50980,492.473031445122,37,123,4,0,14,145,4,1,25,2,136
2011-08-10 13:54:26,Normal,154,0,154,718894,21210,6308039,64383,229.37090703246753,32,116,6,0,4,145,4,1,21,0,132
2011-08-10 13:54:27,Normal,170,3,173,930010,6396,6938587,40756,385.95193710404624,34,133,6,0,9,160,3,1,33,0,139
2011-08-10 13:54:28,Normal,189,0,189,924715,8906,7350787,44464,356.72983246031754,41,142,6,0,11,173,5,0,31,1,157
2011-08-10 13:54:29,Normal,154,3,157,1228859,19462,5796190,1979,504.8023021210191,38,111,8,0,18,137,1,1,27,0,128
2011-08-10 13:54:30,Attack,210,0,211,1665311,20100,8056193,47338,425.18493595734594,48,150,13,0,17,189,3,2,25,0,186
2011-08-10 13:54:31,Normal,153,0,153,911410,17875,5814465,39454,419.146238627451,37,108,8,0,7,142,1,3,31,0,121
2011-08-10 13:54:32,Attack,156,6,164,905396,20858,6571982,54794,308.5526936646342,37,120,7,0,10,151,3,0,33,1,129
2011-08-10 13:54:33,Normal,153,0,153,851374,18920,5754702,45034,299.6062854183007,30,112,11,0,6,139,8,0,25,0,128
2011-08-10 13:54:34,Normal,181,6,187,1078849,20823,6120981,7047,428.35065259358294,36,142,9,0,31,142,14,0,51,0,136
2011-08-10 13:54:35,Attack,204,0,207,938177,9390,8639289,44616,254.24961946859906,35,163,9,0,20,174,13,0,43,2,162
2011-08-10 13:54:36,Attack,229,0,231,1201188,22277,9677920,37794,267.6646728874459,35,187,9,0,12,211,8,0,33,1,196
2011-08-10 13:54:37,Attack,139,2,147,1039946,18715,5289591,53006,449.69261223809525,31,111,5,0,15,126,6,0,23,1,123
2011-08-10 13:54:38,Normal,157,0,157,1278956,19668,6020996,15151,336.82320391719736,29,119,9,0,13,138,6,0,26,1,130
2011-08-10 13:54:39,Attack,202,0,208,1084180,8955,7924933,52279,344.5179218028846,43,157,8,0,18,172,18,0,47,2,159
2011-08-10 13:54:40,Normal,173,3,176,1238187,7129,7224802,36312,257.34188989772724,29,144,3,0,19,156,1,0,23,0,153
2011-08-10 13:54:41,Normal,131,0,131,745732,7153,5181867,42570,271.0989937328244,35,94,2,0,11,115,5,0,32,0,99
2011-08-10 13:54:42,Attack,119,3,125,793367,6648,5181442,39824,257.334807008,18,98,9,0,22,99,4,0,31,1,92
2011-08-10 13:54:43,Attack,149,3,153,865612,24155,6256387,13443,333.38456673202614,34,111,8,0,17,134,2,0,41,0,112
2011-08-10 13:54:44,Attack,190,0,193,1293401,20800,7459462,33034,460.4347970569948,43,137,13,0,13,175,5,0,23,1,169
2011-08-10 13:54:45,Normal,201,0,201,1675963,19358,7640481,16631,504.3334900497512,45,143,13,0,19,181,1,0,23,1,177
2011-08-10 13:54:46,Attack,199,3,207,896427,23473,9029166,49599,265.1897854541063,35,169,3,0,15,185,7,0,57,1,149
2011-08-10 13:54:47,Normal,171,0,171,807861,42473,6966928,19063,393.6490817192982,32,126,13,0,14,153,4,0,28,2,141
2011-08-10 13:54:48,Normal,209,3,212,1610833,8518,8193420,41513,372.738896745283,40,167,5,0,35,171,6,0,39,3,170
2011-08-10 13:54:49,Normal,162,3,165,1028571,20380,6397417,11692,353.28005976363636,35,122,8,0,10,146,9,0,29,1,135
2011-08-10 13:54:50,Normal,164,3,167,615179,21619,6867623,33321,259.9567495209581,31,129,7,0,4,157,6,0,32,0,135
2011-08-10 13:54:51,Attack,169,0,171,860245,7869,6662340,57155,397.82885600000003,29,136,6,0,11,149,11,0,28,0,142
2011-08-10 13:54:52,Normal,154,10,164,883658,19575,6754276,19057,293.92421242073164,40,113,11,0,4,156,4,0,24,2,138
2011-08-10 13:54:53,Attack,165,1,167,815597,7114,6870943,42072,378.98630408383235,26,139,2,0,14,152,1,0,28,1,138
2011-08-10 13:54:54,Normal,162,0,162,923523,21711,6460320,48705,289.2329758641975,43,113,6,0,9,148,5,0,29,0,132
2011-08-10 13:54:55,Normal,158,3,161,963493,18965,6243388,11547,324.1427507639752,36,122,3,0,8,153,0,0,17,0,144
2011-08-10 13:54:56,Attack,164,0,165,902230,7741,6746883,61000,334.8564759818182,38,124,3,0,10,152,3,0,26,0,139
2011-08-10 13:54:57,Attack,174,3,178,1059453,19880,6910229,10717,253.9045353932584,43,123,12,0,10,168,0,0,26,1,151
2011-08-10 13:54:58,Attack,154,0,156,739229,6018,5962330,44327,188.82317301923078,35,114,7,0,8,144,4,0,26,4,126
2011-08-10 13:54:59,Normal,181,3,184,940791,22365,7717989,26132,295.34486377717394,42,132,10,0,12,166,6,0,34,1,149
2011-08-10 13:55:00,Attack,183,0,185,1052480,22195,7053137,25648,300.65429617837833,38,140,7,0,11,164,10,0,34,3,148
2011-08-10 13:55:01,Normal,331,0,331,1002020,14882,15291511,64690,174.30120501208458,32,284,15,0,8,320,3,0,19,10,302
2011-08-10 13:55:02,Normal,151,6,157,872250,6895,6467385,57273,244.88052113375798,33,113,11,0,12,142,3,0,34,1,122
2011-08-10 13:55:03,Attack,161,0,164,836680,64077,6598590,681,306.60758729878046,25,130,9,0,2,158,4,0,22,3,139
2011-08-10 13:55:04,Attack,159,0,161,942573,19953,6429001,38157,447.08102655900615,42,113,6,0,9,147,5,0,27,1,132
2011-08-10 13:55:05,Attack,162,3,167,840132,20598,7049309,49963,315.75217671856285,26,137,4,0,10,153,4,0,31,0,136
2011-08-10 13:55:06,Normal,180,0,180,635982,24909,7391409,4275,164.25891616111113,26,150,4,0,8,171,1,0,41,0,139
2011-08-10 13:55:07,Attack,163,0,166,917660,6671,6434776,64237,336.2215139096386,36,123,7,0,9,154,3,0,24,2,140
2011-08-10 13:55:08,Normal,222,4,226,994031,9782,8068750,34395,244.9036125530974,32,186,8,0,44,180,2,0,51,1,174
2011-08-10 13:55:09,Normal,233,0,233,1008934,10979,9892253,50039,281.04217300429184,36,192,5,0,17,212,4,0,34,2,196
2011-08-10 13:55:10,Normal,173,3,176,1031380,6352,7128408,51333,427.5380979431818,33,132,11,0,11,152,12,1,31,4,141
2011-08-10 13:55:11,Normal,201,0,201,1127185,21438,7884958,34676,282.15462991044774,38,157,6,0,10,186,5,0,26,4,170
2011-08-10 13:55:12,Attack,181,3,190,978544,51757,7149883,13442,407.1389848263158,28,159,3,0,27,159,4,0,41,1,148
2011-08-10 13:55:13,Normal,143,5,148,596274,18738,6171067,64151,276.6597010472973,27,116,5,0,13,134,1,0,25,1,122
2011-08-10 13:55:14,Attack,181,0,184,1212006,20366,7395894,42599,504.5003194184782,41,137,6,0,17,163,4,0,21,4,158
2011-08-10 13:55:15,Normal,148,3,151,854681,19930,5893051,34082,480.0652546622516,34,107,10,0,15,136,0,0,22,0,129
2011-08-10 13:55:16,Normal,182,0,182,928451,19736,7239253,18368,338.0938894835165,34,137,11,0,4,173,5,0,25,1,156
2011-08-10 13:55:17,Attack,146,0,149,726451,6805,5659736,46456,350.9984041543624,26,115,8,0,12,135,2,0,26,1,122
2011-08-10 13:55:18,Attack,167,3,172,688825,21242,6528185,19172,186.14080696511627,29,134,9,0,20,151,1,0,34,0,137
2011-08-10 13:55:19,Attack,190,0,192,1098005,7716,7825357,39106,360.9502664375,48,139,5,0,14,168,10,0,41,2,149
2011-08-10 13:55:20,Normal,236,3,239,1179830,27516,8529250,3988,268.3205171338912,39,188,12,0,35,185,19,0,63,0,175
2011-08-10 13:55:21,Attack,184,3,188,1085187,21541,7452064,13995,263.7997857234042,43,135,10,0,11,174,3,0,32,1,153
2011-08-10 13:55:22,Normal,179,3,182,830911,9834,7202002,22414,363.53194241208803,31,143,8,0,15,164,3,0,30,2,150
2011-08-10 13:55:23,Normal,176,7,183,1624500,6973,6462214,4909,353.09506175956284,40,135,8,0,25,154,4,0,29,1,152
2011-08-10 13:55:24,Attack,203,0,208,1528264,8996,7818407,54210,429.8046619375,42,154,12,0,21,182,5,0,35,2,171
2011-08-10 13:55:25,Attack,145,0,149,714447,22259,5816137,1757,317.1165027315436,30,115,4,0,11,129,8,1,29,0,119
2011-08-10 13:55:26,Attack,166,3,170,932884,6581,6532542,46068,374.7968266294118,45,120,5,0,11,153,4,2,30,0,139
2011-08-10 13:55:27,Normal,175,0,175,1210017,20499,6729049,24631,438.64139235428576,30,136,9,0,27,144,4,0,32,3,140
2011-08-10 13:55:28,Attack,240,0,242,924088,11780,8681029,13260,373.0190286983471,35,198,9,0,38,199,4,1,60,2,180
2011-08-10 13:55:29,Normal,186,3,189,685514,25729,7635036,48989,219.17596076719573,26,159,4,0,14,170,4,1,34,2,151
2011-08-10 13:55:30,Normal,167,0,167,723578,21253,6299894,31412,181.43602379640717,29,132,6,0,21,141,4,1,32,2,132
2011-08-10 13:55:31,Normal,152,0,152,810311,20358,6254835,26650,335.31703191447366,39,108,5,0,10,138,4,0,27,2,123
2011-08-10 13:55:32,Normal,139,6,145,1140056,5586,5422637,5617,423.4690487862069,44,94,7,0,18,123,4,0,25,3,117
2011-08-10 13:55:33,Attack,183,0,185,1180453,21018,6540947,1741,317.4256736216216,35,144,6,0,17,159,9,0,39,1,141
2011-08-10 13:55:34,Normal,165,3,168,1139422,20824,5940470,64877,297.76022850000004,29,126,13,0,21,140,6,1,31,3,133
2011-08-10 13:55:35,Attack,189,0,192,939492,8794,7224231,58086,449.8840916250001,32,152,8,0,17,171,4,0,29,1,162
2011-08-10 13:55:36,Normal,166,3,169,1105018,6722,6783803,56685,453.34368315976326,45,115,9,0,11,156,2,0,24,1,143
2011-08-10 13:55:37,Normal,195,0,195,781262,8964,7922525,44387,224.5565383948718,27,154,14,0,7,186,2,0,26,0,168
2011-08-10 13:55:38,Attack,163,4,168,1104859,18991,6488915,63024,374.3093735595238,33,130,5,0,10,155,3,0,27,0,141
2011-08-10 13:55:39,Attack,211,0,212,1760644,6831,8076102,54300,307.2829842264151,38,170,4,0,38,170,4,0,26,1,185
2011-08-10 13:55:40,Attack,207,0,208,1549225,19945,7851003,37747,566.1722355384616,39,151,18,0,23,173,12,0,38,4,165
2011-08-10 13:55:41,Normal,151,5,156,1479424,4990,5677789,57451,561.6781965384615,39,110,7,0,21,126,9,0,29,3,123
2011-08-10 13:55:42,Attack,221,3,225,1604756,11517,8748227,61822,254.91395207111108,33,180,12,0,27,180,18,0,36,4,185
2011-08-10 13:55:43,Normal,215,0,215,2951677,61567,6998559,15945,541.1150925813954,44,165,6,0,46,163,6,0,31,7,176
2011-08-10 13:55:44,Normal,188,3,191,1140473,20885,7339152,24461,356.1779120732984,39,145,7,0,12,176,3,0,31,3,157
2011-08-10 13:55:45,Attack,197,0,198,1031010,36643,7629749,15164,239.94509138383842,37,150,11,0,26,168,4,0,42,3,153
2011-08-10 13:55:46,Attack,187,3,191,1509608,7071,7050566,58009,465.5607961727749,46,140,5,0,18,169,4,0,30,3,157
2011-08-10 13:55:47,Normal,189,0,189,1278998,7501,7406146,57685,318.9061484708995,37,143,9,0,17,167,5,0,24,2,162
2011-08-10 13:55:48,Normal,161,0,161,797274,10018,6457030,49540,464.1412067826087,35,117,9,0,9,145,7,0,32,0,129
2011-08-10 13:55:49,Attack,180,3,185,1159435,8206,7327419,55494,442.23863357837837,46,133,6,0,17,164,4,0,31,2,152
2011-08-10 13:55:50,Normal,165,3,168,907789,6069,6172395,58430,345.0218170238095,40,128,0,0,13,152,3,0,29,0,138
2011-08-10 13:55:51,Normal,205,9,214,983681,23433,9054614,33200,286.5190453738317,32,180,2,0,18,194,2,0,25,1,185
2011-08-10 13:55:52,Normal,228,3,231,1337547,8411,9125375,58687,281.8577267099567,53,171,7,0,10,213,8,0,32,3,196
2011-08-10 13:55:53,Normal,198,4,202,1466938,6982,7737954,41382,371.1082283366337,42,148,12,0,13,185,4,0,24,2,176
2011-08-10 13:55:54,Attack,181,0,182,750589,22360,7853172,49582,208.05795096703298,35,139,8,0,15,159,8,0,40,1,141
2011-08-10 13:55:55,Normal,169,7,176,851879,7112,6699818,7673,379.99688060795455,36,133,7,0,11,162,3,0,27,0,149
2011-08-10 13:55:56,Attack,271,139,411,1739769,34174,17559717,56175,228.8139395620438,42,356,13,0,48,297,65,1,119,2,290
2011-08-10 13:55:57,Normal,243,5,248,1017626,33625,10106661,1289,256.5473339435484,39,205,4,0,18,225,5,0,29,3,216
2011-08-10 13:55:58,Normal,170,3,173,934157,8008,6819144,2449,209.7336009017341,32,135,6,0,7,165,1,0,28,2,143
2011-08-10 13:55:59,Attack,196,0,198,923716,8089,8126445,34033,321.26172362626266,36,160,2,0,32,162,4,0,47,1,150
2011-08-10 13:56:00,Attack,233,0,235,1166033,23754,9514447,58608,264.55514931489364,36,193,6,0,34,188,13,0,55,3,177
2011-08-10 13:56:01,Attack,218,3,223,1175609,11111,8941513,36316,296.239174470852,41,172,10,0,26,160,37,0,73,3,146
2011-08-10 13:56:02,Normal,245,3,248,1354923,24897,10071794,63427,302.11271035887097,47,192,9,0,38,203,7,0,55,1,191
2011-08-10 13:56:03,Attack,171,0,172,973196,21157,7160198,25660,311.1066721569768,38,123,11,0,10,153,9,0,39,0,133
2011-08-10 13:56:04,Normal,217,3,220,934642,10363,9282186,2639,195.67948828636364,37,179,4,0,18,189,13,0,51,2,167
2011-08-10 13:56:05,Normal,145,0,145,941149,19087,6078989,40882,427.9516143655173,36,100,9,0,10,133,2,0,16,0,128
2011-08-10 13:56:06,Attack,173,3,177,1163006,7421,7075928,56919,382.61700576271187,38,130,9,0,14,159,4,0,28,0,148
2011-08-10 13:56:07,Attack,197,0,198,725949,22183,8654797,60787,175.09660587373736,32,160,6,0,6,188,4,0,27,0,170
2011-08-10 13:56:08,Normal,165,1,166,1069631,7648,6750624,43298,372.33265748192764,29,129,8,0,14,147,3,2,24,1,141
2011-08-10 13:56:09,Normal,268,3,271,727141,17153,11134289,37201,177.96504573431733,37,227,7,0,45,222,4,0,66,1,204
2011-08-10 13:56:10,Attack,196,47,246,608965,14006,9229476,4137,112.94273035365853,28,215,3,0,47,174,25,0,83,1,162
2011-08-10 13:56:11,Normal,172,20,192,748800,9458,7767141,58785,289.93948882291664,27,160,5,0,18,168,6,0,38,1,153
2011-08-10 13:56:12,Normal,200,3,203,937760,21616,8303212,47605,326.8831375665024,42,153,8,0,15,186,2,0,33,1,169
2011-08-10 13:56:13,Normal,169,0,169,640547,21037,7004577,64791,313.48856671597633,31,132,6,0,10,159,0,0,28,0,141
2011-08-10 13:56:14,Normal,170,3,173,828183,21412,7085157,23869,292.9567198554913,34,135,4,0,13,158,2,0,29,1,142
2011-08-10 13:56:15,Attack,168,0,169,1112113,6879,6531051,51670,370.30694777514793,34,125,10,0,20,148,1,0,34,3,132
2011-08-10 13:56:16,Normal,129,0,129,925819,17770,5174462,29462,453.98810220155036,35,88,6,0,11,117,1,0,17,0,110
2011-08-10 13:56:17,Attack,176,3,180,1527708,7061,6999229,45654,421.55181028888893,32,139,9,0,23,154,3,0,28,1,150
2011-08-10 13:56:18,Normal,161,0,161,765141,19581,6487840,15252,335.8295915341615,39,119,3,0,8,150,3,0,30,1,130
2011-08-10 13:56:19,Normal,180,3,183,765768,7457,7656504,39305,309.05184006010927,36,140,7,0,6,177,0,0,24,0,158
2011-08-10 13:56:20,Attack,175,1,177,1013880,19594,6649106,62595,546.4089513672317,34,137,6,0,10,163,4,0,24,2,148
2011-08-10 13:56:21,Attack,194,3,198,1389687,21051,6728008,21289,310.8391223181818,43,140,15,0,22,174,2,0,37,12,149
2011-08-10 13:56:22,Attack,158,6,166,1596691,19442,6109416,20979,408.2412355301205,37,120,9,0,15,147,4,0,24,11,131
2011-08-10 13:56:23,Normal,155,1,156,1483824,17372,5413232,57072,354.1861187628205,30,116,10,0,15,137,4,0,22,11,122
2011-08-10 13:56:24,Attack,182,0,183,1841656,18750,6560570,43107,396.08114951366116,44,133,6,0,19,160,4,0,18,10,154
2011-08-10 13:56:25,Normal,210,3,213,1171065,23207,6700252,38901,258.9357954694836,47,160,6,0,7,204,2,0,65,11,137
2011-08-10 13:56:26,Normal,157,0,157,1125901,5718,6071446,-1,462.88416854140127,36,112,9,0,9,141,6,1,21,0,134
2011-08-10 13:56:27,Attack,172,0,173,937288,6482,7152458,64969,384.97526031213874,39,123,11,0,5,164,3,1,22,0,149
2011-08-10 13:56:28,Attack,155,3,159,1194512,4933,6320455,34893,391.96658276100635,44,107,8,0,9,148,1,1,25,1,132
2011-08-10 13:56:29,Normal,136,0,136,642301,19225,5347184,9174,290.3155845735294,25,105,6,0,3,126,7,0,19,1,116
2011-08-10 13:56:30,Normal,188,3,191,1106607,20791,7651039,63852,326.33350552879585,35,151,5,0,14,174,3,0,27,2,161
2011-08-10 13:56:31,Attack,179,0,181,782230,9005,7121451,57392,274.0682871049724,32,137,12,0,17,157,6,1,45,0,134
2011-08-10 13:56:32,Normal,208,9,217,1013930,10216,8683780,53484,220.4686644423963,35,180,2,0,20,192,5,0,36,2,179
2011-08-10 13:56:33,Normal,162,3,165,1038696,7546,5878345,52691,350.0131221878788,39,120,6,0,16,144,5,0,23,2,140
2011-08-10 13:56:34,Normal,158,0,158,1117636,18572,5720489,53459,277.8316753101266,32,115,11,0,11,144,2,1,23,3,131
2011-08-10 13:56:35,Normal,171,3,174,1348323,20969,6371879,12876,301.2687538218391,40,126,8,0,14,157,3,0,32,5,137
2011-08-10 13:56:36,Attack,182,0,184,1541027,8522,6153128,49542,544.7259943804347,44,128,11,0,20,158,5,0,24,4,154
2011-08-10 13:56:37,Normal,172,0,172,1035560,21558,6575392,4360,378.11710316279067,37,127,8,0,11,153,8,0,25,2,145
2011-08-10 13:56:38,Attack,154,7,162,1074764,18628,6025601,44161,367.6379738333333,44,111,7,0,10,150,2,0,22,0,140
2011-08-10 13:56:39,Normal,155,0,155,993363,18126,6327839,3177,371.23528800645164,44,107,4,0,7,147,1,0,18,1,135
2011-08-10 13:56:40,Normal,152,0,152,844378,5306,5881345,36721,421.42044173684206,36,111,5,0,3,145,4,0,23,0,129
2011-08-10 13:56:41,Attack,157,3,161,945178,20145,6318837,18178,270.0706694720497,23,129,9,0,12,145,4,0,19,0,142
2011-08-10 13:56:42,Attack,164,3,168,869993,7236,6831327,53496,208.52342924404763,32,131,5,0,9,154,5,0,34,2,132
2011-08-10 13:56:43,Attack,176,3,181,1223676,6689,7103514,48181,291.67142069060776,38,135,8,0,21,158,2,0,29,1,151
2011-08-10 13:56:44,Normal,257,1,258,1548972,26941,10549260,22023,240.14068894186047,47,208,3,0,71,181,6,0,87,3,166
2011-08-10 13:56:45,Attack,169,0,170,1760446,18470,5687582,58740,535.1028923647059,41,121,8,0,21,144,5,0,23,3,144
2011-08-10 13:56:46,Normal,159,5,164,1408407,7128,6163548,14984,486.9856645243903,47,111,6,0,19,140,5,0,24,3,137
2011-08-10 13:56:47,Normal,176,0,176,1207392,58136,6611147,14904,374.6359533920455,37,128,11,0,13,162,1,0,23,3,150
2011-08-10 13:56:48,Attack,308,0,310,1124558,14914,13293554,52166,174.35656488709674,34,266,10,0,7,296,7,0,29,1,280
2011-08-10 13:56:49,Attack,171,3,175,1173426,9828,6785343,4243,391.5264219657143,56,113,6,0,10,164,1,0,20,0,155
2011-08-10 13:56:50,Attack,140,0,142,932349,19444,5497237,52690,340.3792272042253,32,99,11,0,7,130,4,1,24,1,117
2011-08-10 13:56:51,Normal,129,3,132,1205274,17953,4761346,44376,396.6533245606061,38,83,11,0,15,115,2,0,27,1,104
2011-08-10 13:56:52,Attack,144,6,151,1188617,18526,6130293,21860,284.91948382781453,40,101,10,0,5,144,2,0,23,5,123
2011-08-10 13:56:53,Normal,160,0,160,779298,20527,6541380,8170,287.13387430625005,36,115,9,0,3,156,1,0,22,2,135
2011-08-10 13:56:54,Normal,161,14,175,866601,20522,7040923,38201,366.01028218285717,39,131,5,0,5,161,9,0,28,3,143
2011-08-10 13:56:55,Normal,152,5,157,929737,19082,6401241,44528,214.7304845477707,36,118,3,0,8,146,3,0,25,1,131
2011-08-10 13:56:56,Normal,157,0,157,897222,21336,6271319,30979,350.1837327770701,35,116,6,0,10,143,4,0,27,1,128
2011-08-10 13:56:57,Attack,165,0,166,1370314,18315,6077261,4057,404.9694225301206,51,108,7,0,11,152,3,0,23,3,140
2011-08-10 13:56:58,Normal,182,0,182,1102368,20779,7200460,14972,396.4008188186814,38,132,12,0,11,168,3,0,21,1,160
2011-08-10 13:56:59,Attack,135,3,139,1254467,16909,5329038,62566,455.6638052517986,39,92,8,0,9,128,2,0,19,1,118
2011-08-10 13:57:00,Normal,142,0,142,867939,18035,5431049,21843,438.4229871830986,40,93,9,0,10,131,1,0,19,0,122
2011-08-10 13:57:01,Normal,330,0,330,2480300,27246,14383846,21493,213.14319036666666,38,286,6,0,47,269,14,0,30,1,299
2011-08-10 13:57:02,Attack,168,6,175,1688950,20381,6277168,51332,519.0111619714285,40,124,11,0,23,143,9,0,21,2,152
2011-08-10 13:57:03,Attack,128,0,129,1082496,4761,5166530,53504,509.28246611627895,43,83,3,0,8,117,4,0,21,1,107
2011-08-10 13:57:04,Attack,177,3,181,949670,9951,7406281,57523,204.8531293701657,33,139,9,0,3,166,12,0,35,1,145
2011-08-10 13:57:05,Normal,167,0,167,810703,20107,6586372,25041,322.6168018203593,32,126,9,0,13,145,9,0,35,0,132
2011-08-10 13:57:06,Attack,146,0,147,897495,6135,5547085,64011,323.5198600544217,37,106,4,0,13,125,8,1,31,0,116
2011-08-10 13:57:07,Normal,142,3,145,1207903,18030,5776912,25947,318.2427887103448,38,102,5,0,18,125,2,0,23,2,120
2011-08-10 13:57:08,Normal,165,1,166,958229,21207,6177428,65425,353.0170248192771,38,117,11,0,10,152,3,1,29,0,136
2011-08-10 13:57:09,Attack,152,3,161,856813,49498,6006681,14214,271.840916378882,40,109,12,0,15,139,7,0,43,1,117
2011-08-10 13:57:10,Normal,185,0,185,958388,8975,7369942,61201,271.3280392216216,31,147,7,0,15,156,14,0,44,1,140
2011-08-10 13:57:11,Normal,199,0,199,1618670,9492,7305949,63371,289.0243547537688,24,168,7,0,41,150,8,0,43,0,156
2011-08-10 13:57:12,Attack,161,9,172,1008931,6892,6450010,51127,424.17000399999995,45,121,6,0,11,152,9,0,30,1,141
2011-08-10 13:57:13,Attack,145,0,148,984070,19388,5364018,20165,378.14957069594584,32,110,6,0,17,125,5,1,18,1,129
2011-08-10 13:57:14,Normal,150,0,150,1133460,19302,5440597,65564,590.6045356066667,26,110,14,0,15,129,3,3,8,2,140
2011-08-10 13:57:15,Normal,170,0,170,1040823,7330,6782704,38385,320.52043917058825,38,118,14,0,22,143,5,0,38,0,132
2011-08-10 13:57:16,Normal,121,0,121,850348,6118,4418898,60498,418.03356002479336,37,79,5,0,11,109,1,0,18,1,102
2011-08-10 13:57:17,Normal,166,0,166,955562,8462,6560962,51659,414.96205781325307,34,125,7,0,14,140,12,0,39,0,127
2011-08-10 13:57:18,Attack,148,3,153,1309923,71781,5790879,3358,384.991600496732,35,103,15,0,15,133,5,0,28,2,123
2011-08-10 13:57:19,Normal,155,12,167,943869,21212,6536008,22093,332.90211086227544,41,117,9,0,7,156,4,0,27,0,140
2011-08-10 13:57:20,Attack,168,14,183,869762,21459,6896221,30483,299.14998673224045,28,149,6,0,22,157,4,0,35,1,147
2011-08-10 13:57:21,Normal,186,3,189,896863,22945,7546433,29352,313.2893124656085,45,137,7,0,28,153,8,0,49,2,138
2011-08-10 13:57:22,Normal,191,3,194,1092139,6989,7705929,52196,281.6023783195877,40,136,18,0,5,182,7,0,31,3,160
2011-08-10 13:57:23,Attack,145,0,148,767783,48364,5705426,15673,307.1015553783784,32,109,7,0,11,135,2,0,21,2,125
2011-08-10 13:57:24,Attack,148,0,150,948487,4662,5621545,58500,194.56687788,30,114,6,0,7,140,3,0,25,2,122
2011-08-10 13:57:25,Attack,100,0,101,837091,4034,3735384,20,398.9898861386138,21,69,11,0,14,87,0,0,23,2,75
2011-08-10 13:57:26,Normal,197,0,197,1268965,20658,6458397,2054,402.8423922030456,39,148,10,0,14,161,21,1,39,3,154
2011-08-10 13:57:27,Attack,147,0,148,955327,7463,5503716,65877,424.5478372094595,47,94,7,0,10,122,15,1,31,2,114
2011-08-10 13:57:28,Normal,179,0,179,1388711,7136,6773740,-4,410.31971415642454,40,132,7,0,19,153,4,3,27,1,148
2011-08-10 13:57:29,Normal,177,0,177,1105703,6558,6605827,61754,373.52532083050846,32,134,11,0,14,158,5,0,26,4,147
2011-08-10 13:57:30,Attack,139,0,140,877940,18062,5526375,56371,469.6898985142857,36,97,7,0,5,133,2,0,19,0,120
2011-08-10 13:57:31,Normal,157,0,157,1014051,21097,6139672,21368,268.1117903057325,28,124,5,0,14,143,0,0,21,2,134
2011-08-10 13:57:32,Normal,185,3,188,1510001,20947,6690995,7874,301.0600926648936,34,142,12,0,29,155,4,0,27,2,159
2011-08-10 13:57:33,Attack,173,0,175,842603,6927,7238876,38705,423.9197477257143,38,126,11,0,11,160,4,0,39,2,134
2011-08-10 13:57:34,Attack,161,0,163,942808,6190,6604498,60288,387.63261580981595,39,117,7,0,10,147,6,0,30,0,133
2011-08-10 13:57:35,Normal,172,0,172,1161631,30079,7074535,14134,396.23020073837216,29,138,5,0,18,142,12,0,32,1,139
2011-08-10 13:57:36,Attack,170,0,171,1151808,20055,6194559,45540,436.19838287719296,46,118,7,0,23,141,7,0,33,2,136
2011-08-10 13:57:37,Normal,170,0,170,801020,7105,6463446,40592,311.37364069999995,30,128,12,0,8,159,3,0,25,0,144
2011-08-10 13:57:38,Normal,171,0,171,990988,20221,5896940,23581,308.64543560233915,28,137,6,0,8,140,23,0,40,1,130
2011-08-10 13:57:39,Attack,162,0,167,788476,6929,6540448,44553,237.89868521556886,37,126,4,0,15,143,9,0,38,1,128
2011-08-10 13:57:40,Normal,175,6,181,1527337,20351,7354531,13790,385.373362359116,40,129,12,0,17,155,9,0,34,0,147
2011-08-10 13:57:41,Normal,153,4,157,1007996,7604,5915755,49949,334.881337656051,36,115,6,0,12,141,4,0,30,2,125
2011-08-10 13:57:42,Normal,146,3,149,755715,6351,5824409,61815,356.8132425838926,30,115,4,0,8,138,3,0,19,2,128
2011-08-10 13:57:43,Attack,136,0,138,916778,21977,4971404,35703,388.9205762753623,34,101,3,0,15,121,2,0,23,3,112
2011-08-10 13:57:44,Attack,143,0,144,909231,19417,5352040,4237,253.03803405555553,34,103,7,0,8,135,1,0,22,3,119
2011-08-10 13:57:45,Attack,194,0,195,1469222,21300,7666543,41543,400.16521314871795,46,141,8,0,15,171,9,0,34,2,159
2011-08-10 13:57:46,Attack,241,0,242,1133742,12083,9953085,58579,174.33942150000001,36,196,10,0,22,210,10,0,42,0,200
2011-08-10 13:57:47,Normal,167,0,167,922766,19953,7080873,44571,374.70839271856283,34,125,8,0,8,157,2,0,19,0,148
2011-08-10 13:57:48,Attack,165,0,166,968258,20579,7040293,43280,393.3755760240964,40,119,7,0,18,148,0,0,31,0,135
2011-08-10 13:57:49,Normal,200,0,200,1239696,8400,8215972,40661,206.26219017,41,151,8,0,13,186,1,0,26,0,174
2011-08-10 13:57:50,Normal,144,0,144,861646,4619,5571933,59929,416.3216920347222,36,98,10,0,11,129,4,0,27,1,116
2011-08-10 13:57:51,Attack,151,3,156,1059735,5450,6478090,47681,436.43928862179484,22,126,8,0,11,139,6,0,27,1,128
2011-08-10 13:57:52,Normal,125,5,130,851187,8089,4831359,50731,438.95587964615385,38,83,9,0,7,121,2,0,17,2,110
2011-08-10 13:57:53,Attack,145,4,151,985739,18485,6002179,19853,322.854259615894,32,110,9,0,11,136,4,0,28,0,123
2011-08-10 13:57:54,Normal,159,0,159,1165995,6630,6290900,46402,445.5966563647799,39,111,9,0,7,146,6,0,27,2,130
2011-08-10 13:57:55,Attack,197,0,198,1260865,6865,7763130,48790,391.5493451616161,45,149,4,0,16,179,3,0,26,1,171
2011-08-10 13:57:56,Normal,173,0,173,1134266,7348,6981821,41783,335.36322671098264,38,125,10,0,13,157,3,0,23,1,149
2011-08-10 13:57:57,Normal,171,0,171,888458,7472,7219830,42458,337.7324156374269,39,126,6,0,7,158,6,0,26,0,144
2011-08-10 13:57:58,Normal,146,0,146,1331426,19790,5437706,23660,504.91446060273967,31,112,3,0,20,117,9,0,20,4,122
2011-08-10 13:57:59,Normal,154,0,154,1032390,20834,6315541,63252,380.80733536363635,37,110,7,0,10,137,7,0,26,2,126
2011-08-10 13:58:00,Attack,141,0,142,776954,6045,5893377,61736,259.99943773943664,26,105,11,0,7,132,3,0,22,0,120
2011-08-10 13:58:01,Normal,207,0,207,1240460,23312,8117944,57319,358.6200724927536,42,152,13,0,20,183,4,0,34,1,172
2011-08-10 13:58:02,Normal,158,3,161,708590,8526,6001698,40714,259.86239343478263,37,121,3,0,12,144,5,0,33,1,127
2011-08-10 13:58:03,Normal,145,0,145,761069,19522,6127555,8026,341.2448497310345,24,113,8,0,21,112,12,0,34,2,109
2011-08-10 13:58:04,Attack,199,0,200,868492,9619,8584071,44908,243.405228595,31,163,6,0,21,166,13,0,43,3,153
2011-08-10 13:58:05,Attack,164,0,165,1011277,6519,6639620,38833,291.05869729090904,34,125,6,0,16,145,4,0,23,1,141
2011-08-10 13:58:06,Attack,169,0,171,1011329,19819,6694583,15775,382.06606088888884,31,129,11,0,11,152,8,0,29,0,142
2011-08-10 13:58:07,Attack,137,0,138,905503,49887,5378618,13363,319.5758508043478,30,105,3,0,11,126,1,0,19,0,119
2011-08-10 13:58:08,Normal,152,0,152,959497,18067,5965620,57418,428.6005084276316,36,107,9,0,10,141,1,0,15,0,137
2011-08-10 13:58:09,Attack,181,0,182,1129905,7797,7472281,53514,366.23220243956047,49,127,6,0,9,170,3,0,21,0,160
2011-08-10 13:58:10,Normal,169,0,169,1076445,19685,6445682,35583,508.68109533136095,37,125,7,0,11,156,2,0,21,1,147
2011-08-10 13:58:11,Normal,141,3,144,1040616,22731,5695102,23634,303.44236406249996,28,109,7,0,16,124,4,0,22,0,122
2011-08-10 13:58:12,Attack,168,6,175,799829,10251,6965303,56104,259.5511662571429,37,133,5,0,13,154,8,0,36,1,137
2011-08-10 13:58:13,Attack,154,0,155,1131880,21346,5760340,58430,434.3973585225807,39,110,6,0,16,135,4,0,27,2,126
2011-08-10 13:58:14,Attack,220,0,221,983482,14720,8885816,21767,288.63833249321254,36,178,7,0,25,178,18,0,46,1,174
2011-08-10 13:58:15,Normal,169,0,169,857136,20707,6529742,58599,402.74636820710066,52,111,6,0,13,154,2,0,29,1,139
2011-08-10 13:58:16,Attack,222,0,223,1117364,12938,8917139,52399,241.69214419730946,50,167,6,0,42,176,5,0,58,1,163
2011-08-10 13:58:17,Normal,155,0,155,1294639,19122,5269565,58008,585.1408733806452,51,100,4,0,13,140,2,0,20,1,134
2011-08-10 13:58:18,Normal,159,0,159,1114025,19088,6661242,4388,266.73632459119494,44,107,8,0,7,141,11,0,29,2,128
2011-08-10 13:58:19,Normal,130,0,130,775448,18737,5253280,33234,315.3979905,28,92,10,0,9,121,0,0,10,1,119
2011-08-10 13:58:20,Normal,163,0,163,1505630,70380,6234907,14905,543.5873264785276,44,110,9,0,16,146,1,0,19,2,142
2011-08-10 13:58:21,Attack,169,0,170,1025157,21834,6278297,15115,388.31366836470585,35,130,4,0,17,146,6,0,31,2,136
2011-08-10 13:58:22,Normal,284,6,290,1115494,26221,12202237,40482,179.7354612482759,32,247,11,0,26,261,3,0,30,4,256
2011-08-10 13:58:23,Normal,152,0,152,1020470,6543,5970751,47963,267.35430811184216,43,105,4,0,11,141,0,0,20,4,128
2011-08-10 13:58:24,Normal,179,0,179,1043875,5992,7136295,57848,357.89604590502796,43,128,8,0,9,167,3,0,29,2,148
2011-08-10 13:58:25,Attack,121,0,125,785477,64411,4972379,14134,310.177145064,24,95,6,0,12,110,3,0,23,1,101
2011-08-10 13:58:26,Attack,168,0,170,962033,20268,6614838,4865,408.1718697941175,36,126,8,0,14,152,2,2,28,0,140
2011-08-10 13:58:27,Attack,163,0,165,834250,21346,6475273,48104,431.5538068848485,34,126,5,0,18,134,11,2,36,1,126
2011-08-10 13:58:28,Attack,157,0,158,947802,19171,6441439,63606,287.6965105,35,118,5,0,10,145,2,1,25,2,130
2011-08-10 13:58:29,Normal,129,0,129,847327,5028,4713091,45589,341.0399274728682,34,86,9,0,12,117,0,0,23,1,103
2011-08-10 13:58:30,Attack,183,0,184,984110,5865,7650178,50682,345.26891056521737,38,134,12,0,4,175,5,0,16,0,167
2011-08-10 13:58:31,Normal,124,0,124,888404,5155,4901350,62628,482.2228812016129,40,80,4,0,6,116,2,0,15,2,107
2011-08-10 13:58:32,Normal,161,3,164,683628,6595,6681943,36589,233.55601263414633,39,122,3,0,8,150,6,0,28,0,136
2011-08-10 13:58:33,Attack,133,0,135,862603,19179,5058800,44077,382.79119802962964,43,90,2,0,5,126,4,0,18,1,116
2011-08-10 13:58:34,Attack,157,3,161,1178514,13232,6309931,5133,328.1309373291926,41,113,7,0,9,152,0,0,18,1,142
2011-08-10 13:58:35,Normal,133,0,133,718982,4349,5344191,36434,338.2837811804511,30,95,8,0,4,127,2,0,18,2,113
2011-08-10 13:58:36,Attack,155,0,156,846712,20260,6368083,30587,262.40268892948717,37,110,9,0,8,146,2,0,22,2,132
2011-08-10 13:58:37,Attack,126,0,127,822930,5602,5159817,37713,311.3395249370079,31,90,6,0,6,116,5,0,22,2,103
2011-08-10 13:58:38,Normal,138,0,138,936433,4407,5206601,52877,336.6014039347825,37,95,6,0,4,131,3,0,17,1,120
2011-08-10 13:58:39,Normal,127,0,127,612003,5725,5248840,61251,387.1635555039371,28,97,2,0,6,120,1,0,20,2,105
2011-08-10 13:58:40,Normal,220,0,220,1004607,31138,9554544,16447,280.66418900454545,30,184,6,0,17,193,10,0,31,4,185
2011-08-10 13:58:41,Normal,155,0,155,1146704,7130,6268462,58679,441.3774998838709,38,100,17,0,9,135,10,1,19,3,133
2011-08-10 13:58:42,Attack,166,3,170,1298132,62796,6240979,57069,321.18720425882356,34,117,19,0,16,142,12,0,20,5,144
2011-08-10 13:58:43,Normal,196,0,196,1214156,6254,7798944,52068,458.0178424183674,41,143,12,0,17,175,4,0,29,4,162
2011-08-10 13:58:44,Normal,169,0,169,1117968,7556,6348812,16090,266.65165735502956,40,120,9,0,13,148,8,0,28,4,137
2011-08-10 13:58:45,Normal,170,0,170,948189,14741,6868156,56907,394.2721073823529,43,114,13,0,7,160,2,1,19,2,149
2011-08-10 13:58:46,Attack,146,0,147,1124417,20395,5310154,29190,430.71753580272105,37,98,12,0,16,127,4,0,27,4,115
2011-08-10 13:58:47,Attack,149,0,152,985659,19442,5891636,31759,374.14752823684216,35,109,8,0,14,134,4,0,25,3,124
2011-08-10 13:58:48,Attack,139,0,140,1316390,17561,5289289,15038,406.9896874571429,31,100,9,0,15,119,6,0,19,3,118
2011-08-10 13:58:49,Attack,138,0,139,1244746,18246,5226023,28967,349.5109532446043,37,95,7,0,9,126,4,0,25,2,112
2011-08-10 13:58:50,Normal,176,0,176,979219,23059,7308668,45976,274.6672087954546,39,126,11,0,11,164,1,0,26,0,149
2011-08-10 13:58:51,Attack,173,0,174,804194,24492,7013256,55012,222.55743859195405,39,132,3,0,19,152,3,0,33,0,141
2011-08-10 13:58:52,Normal,159,6,165,903627,19537,6900895,25237,492.0198519757576,46,114,5,0,8,155,2,0,22,1,142
2011-08-10 13:58:53,Normal,165,0,165,1219531,19009,6437284,36729,355.50377872727273,35,127,3,0,13,150,2,0,18,3,144
2011-08-10 13:58:54,Attack,145,0,146,934527,18486,5787956,32437,452.803722910959,48,92,6,0,5,140,1,0,19,0,127
2011-08-10 13:58:55,Attack,132,0,135,713773,19636,5499594,31542,367.11840425185187,34,97,4,0,14,117,4,0,22,0,113
2011-08-10 13:58:56,Attack,117,2,121,857904,3689,4835109,37453,253.7872269586777,27,90,4,0,4,114,3,0,14,0,107
2011-08-10 13:58:57,Normal,128,0,128,827366,18295,4873025,14435,428.34398765625,38,83,7,0,2,122,4,0,14,0,114
2011-08-10 13:58:58,Attack,178,0,179,1256389,66987,6923898,43566,335.6055326759776,36,130,13,0,14,163,2,0,27,2,149
2011-08-10 13:58:59,Normal,133,0,133,951351,53187,5120164,1766,314.54268916541355,28,101,4,0,8,123,2,0,26,0,107
2011-08-10 13:59:00,Normal,128,0,128,844155,21309,4615545,28882,458.1060253046875,34,85,9,0,11,115,2,0,20,0,108
2011-08-10 13:59:01,Normal,247,0,247,468970,25943,12255649,60468,104.05388307692304,23,220,4,0,4,243,0,0,16,1,230
2011-08-10 13:59:02,Normal,166,3,169,1173739,20668,6583512,18412,383.13510528994084,45,118,6,0,10,157,2,0,22,3,144
2011-08-10 13:59:03,Attack,123,0,125,1034836,17125,4784562,33046,456.5013748399999,35,79,11,0,9,113,3,0,11,0,114
2011-08-10 13:59:04,Normal,143,0,143,1100418,19145,5258446,23971,467.9963491888113,43,96,4,0,12,129,2,0,27,1,115
2011-08-10 13:59:05,Normal,159,0,159,941417,36995,6206601,28715,364.085574672956,38,117,4,0,11,147,1,0,20,1,138
2011-08-10 13:59:06,Normal,181,0,181,687316,10651,7591014,13823,223.08599599447516,39,136,6,0,5,168,8,0,32,2,147
2011-08-10 13:59:07,Attack,187,0,189,844193,22121,8258098,2137,247.57806270899468,27,156,6,0,8,172,9,0,25,2,162
2011-08-10 13:59:08,Attack,186,4,191,915705,21770,8073457,29894,341.67759161780106,31,153,7,0,11,176,4,0,26,1,164
2011-08-10 13:59:09,Attack,141,0,144,723720,8356,5576632,48085,361.3557626388889,38,101,5,0,8,129,7,0,23,2,119
2011-08-10 13:59:10,Attack,159,0,160,922581,19532,6480008,15291,296.88141468125,32,120,8,0,11,148,1,0,24,0,136
2011-08-10 13:59:11,Normal,182,0,182,1106493,72800,7510211,13622,288.20701571428566,30,144,8,0,18,157,7,0,26,2,153
2011-08-10 13:59:12,Attack,157,3,162,895858,20823,6344383,15566,387.780097037037,38,118,6,0,16,141,5,0,27,0,135
2011-08-10 13:59:13,Normal,152,0,152,842476,5254,6265753,38076,402.1071278223684,28,118,6,0,12,136,4,0,25,0,127
2011-08-10 13:59:14,Normal,218,0,218,1050026,9093,9729208,56899,326.0492648853211,47,164,7,0,14,201,3,0,32,0,186
2011-08-10 13:59:15,Attack,156,0,157,950994,19497,6074228,3978,331.92388844585986,38,111,8,0,6,149,2,0,18,2,137
2011-08-10 13:59:16,Attack,133,0,135,657771,5639,5371383,43650,396.5169077407407,29,101,5,0,10,122,3,0,24,1,109
2011-08-10 13:59:17,Attack,118,0,119,577082,41649,4775019,14340,442.1611835966387,33,82,4,0,4,111,3,1,16,0,103
2011-08-10 13:59:18,Normal,161,0,161,849911,21005,7023932,1842,309.7411886583851,34,119,8,0,34,123,2,2,43,1,117
2011-08-10 13:59:19,Attack,147,0,148,1127333,18623,5922491,50994,361.0952280067567,35,107,6,0,21,125,2,0,25,4,119
2011-08-10 13:59:20,Normal,147,0,147,555931,6515,6319197,51392,181.60135136054421,25,118,4,0,19,125,3,0,30,1,116
2011-08-10 13:59:21,Normal,179,0,179,737914,21874,7199749,61862,240.55794794972064,34,134,11,0,8,167,4,0,21,0,158
2011-08-10 13:59:22,Normal,153,6,159,947774,6621,6551131,58853,300.68889922012573,32,117,10,0,13,142,4,0,27,1,131
2011-08-10 13:59:23,Normal,163,0,163,811803,20834,6714191,37195,219.9907779447853,36,115,12,0,18,138,7,0,37,1,125
2011-08-10 13:59:24,Attack,144,0,145,940558,7668,5920429,56914,438.6456713793104,34,109,2,0,17,122,6,0,28,0,117
2011-08-10 13:59:25,Normal,176,2,178,1347450,8843,6797863,3787,313.0958996573034,36,134,8,0,20,154,4,0,30,6,141
2011-08-10 13:59:26,Normal,216,3,219,836969,9743,9047442,61189,203.33971213242012,39,165,15,0,17,199,1,2,40,0,176
2011-08-10 13:59:27,Normal,165,0,165,878409,36297,6664464,52652,228.1732833878788,34,120,11,0,15,147,1,2,26,1,138
2011-08-10 13:59:28,Attack,175,0,177,1092411,21629,7225125,60679,363.36282935593215,41,129,7,0,12,160,3,2,30,2,144
2011-08-10 13:59:29,Attack,159,0,160,998420,5871,6515789,40201,298.182303675,41,111,8,0,9,147,3,1,21,2,136
2011-08-10 13:59:30,Attack,128,0,129,999388,17979,5075619,41407,403.9446311162791,33,90,6,0,9,119,1,0,14,1,114
2011-08-10 13:59:31,Attack,165,0,168,819417,6830,6633503,16207,264.6728789940476,36,125,7,0,4,160,4,0,25,0,142
2011-08-10 13:59:32,Normal,127,3,130,959797,17372,5061733,61224,482.6040970076923,35,85,10,0,4,121,4,1,18,3,108
2011-08-10 13:59:33,Attack,162,0,165,1224116,18953,6094884,49680,335.2860362787879,39,111,15,0,13,149,3,0,25,3,137
2011-08-10 13:59:34,Normal,153,3,156,1092203,19980,5836349,49979,321.09316812820515,43,108,5,0,11,141,4,0,23,0,133
2011-08-10 13:59:35,Normal,141,0,141,825318,18912,5602637,50749,449.006579539007,33,100,8,0,6,134,1,0,16,3,122
2011-08-10 13:59:36,Attack,163,0,164,932563,19231,6805937,34656,502.2180111951219,36,126,2,0,14,147,3,0,25,1,138
2011-08-10 13:59:37,Attack,158,0,159,577220,20213,6543190,14194,280.00888355345916,33,124,2,0,20,139,0,0,34,1,124
2011-08-10 13:59:38,Normal,144,1,145,678769,20291,5781017,19064,297.88405276551725,27,113,5,0,18,125,2,0,28,0,117
2011-08-10 13:59:39,Attack,183,0,186,1035902,21365,7569256,57204,342.0818609408602,33,148,5,0,17,159,10,0,34,0,152
2011-08-10 13:59:40,Normal,166,0,166,1157972,20646,6261359,18025,388.82986983132525,35,120,11,0,14,146,6,0,35,0,131
2011-08-10 13:59:41,Attack,160,0,162,1678557,18109,5488849,4573,654.7097317592593,37,114,11,0,22,137,3,0,24,0,138
2011-08-10 13:59:42,Normal,197,3,200,803740,10738,8590528,44092,328.51340479000004,36,158,6,0,15,182,3,0,32,1,167
2011-08-10 13:59:43,Normal,165,1,166,807403,7966,7234606,50688,426.5936352951808,38,120,8,0,15,149,2,0,27,0,139
2011-08-10 13:59:44,Normal,164,0,164,1117778,19127,6575790,50959,362.2897779695122,38,116,10,0,10,152,2,0,21,1,142
2011-08-10 13:59:45,Attack,153,0,154,776279,6010,6354183,60303,276.0094475974026,33,116,5,0,14,138,2,0,29,1,124
2011-08-10 13:59:46,Normal,125,0,125,813050,19748,4940657,55782,237.46895177599998,30,89,6,0,13,109,3,0,23,1,101
2011-08-10 13:59:47,Normal,136,1,137,939987,6310,5325673,3031,340.2950535912409,36,91,10,0,8,126,2,1,17,0,120
2011-08-10 13:59:48,Normal,158,0,158,1235822,5836,6090323,61876,374.765825335443,44,102,12,0,27,130,1,0,34,2,122
2011-08-10 13:59:49,Attack,134,1,136,859795,38326,5407984,33356,380.73971297058824,30,102,4,0,10,123,3,0,25,1,110
2011-08-10 13:59:50,Attack,172,0,174,797327,8828,7198325,10966,307.062989954023,30,136,8,0,20,141,13,0,45,0,129
2011-08-10 13:59:51,Attack,189,0,190,1061534,23400,7684115,34912,420.24142452631577,42,141,7,0,15,167,8,0,33,1,156
2011-08-10 13:59:52,Attack,140,6,147,991800,18050,5702342,56598,440.70139253741496,37,103,7,0,9,134,4,0,23,2,122
2011-08-10 13:59:53,Normal,146,1,147,1240808,17366,5523607,66843,660.4142757619047,40,95,12,0,7,137,3,0,15,2,130
2011-08-10 13:59:54,Attack,157,0,158,812227,19884,6409538,49153,435.5789454050633,39,112,7,0,2,152,4,0,16,0,141
2011-08-10 13:59:55,Normal,123,0,123,987412,43619,4567170,17022,442.85852247154475,42,76,5,0,4,117,2,0,15,2,106
2011-08-10 13:59:56,Normal,140,0,140,790657,18147,5681919,35113,488.9470508571429,41,91,8,0,2,135,3,0,11,1,128
2011-08-10 13:59:57,Attack,128,0,129,950572,21321,4506127,52159,512.711689496124,29,91,9,0,9,117,3,0,19,1,109
2011-08-10 13:59:58,Attack,130,6,137,1041951,65954,5463563,29934,363.991945729927,32,98,7,0,8,125,4,0,14,2,121
2011-08-10 13:59:59,Attack,121,5,127,769592,4480,4894922,58109,338.90207255118105,28,90,9,0,4,118,5,0,23,1,103
2011-08-10 14:00:00,Attack,134,14,150,550991,21117,5905130,13533,364.8757132,29,117,4,0,6,139,5,0,23,0,127
2011-08-10 14:00:01,Attack,156,10,168,827786,7255,6817207,49365,354.2987704107142,27,132,9,0,11,150,7,0,28,0,139
2011-08-10 14:00:02,Normal,133,3,136,638767,6104,5119048,38869,231.68400607352942,22,104,10,0,8,125,3,0,19,1,116
2011-08-10 14:00:03,Normal,143,0,143,1082568,6274,5458186,60093,481.0230461258741,36,98,9,0,10,125,8,0,19,1,123
2011-08-10 14:00:04,Normal,135,0,135,1023291,3929,4689299,37896,639.3378074888888,36,92,7,0,12,122,1,0,18,0,117
2011-08-10 14:00:05,Normal,145,0,145,1029508,19227,5568326,41869,382.0509817793104,37,101,7,0,5,132,8,0,19,2,124
2011-08-10 14:00:06,Attack,170,1,172,1177427,22630,6396616,13486,388.1641917616279,35,129,8,0,15,151,6,0,26,0,146
2011-08-10 14:00:07,Normal,127,0,127,1045924,17743,5216541,25382,364.1038339212598,34,85,8,0,6,121,0,0,16,1,110
2011-08-10 14:00:08,Normal,108,0,108,810495,16792,4146402,66261,410.95038012962976,35,63,10,0,12,96,0,0,20,1,87
2011-08-10 14:00:09,Normal,135,0,135,709382,4882,5425048,35104,401.8479403259259,37,94,4,0,7,126,2,0,16,1,117
2011-08-10 14:00:10,Attack,143,2,146,995816,19572,5518588,59004,244.3526590890411,33,105,8,0,11,133,2,0,26,2,118
2011-08-10 14:00:11,Attack,145,0,146,1276965,19225,5464490,33973,496.1872743013699,38,100,8,0,14,128,4,0,19,2,125
2011-08-10 14:00:12,Attack,207,3,211,1162184,9706,8567814,33583,299.1427706824645,32,173,6,0,37,169,5,0,40,4,167
2011-08-10 14:00:13,Attack,199,1,201,943335,9602,8017774,43338,221.47822058706464,31,160,10,0,54,143,4,0,69,2,130
2011-08-10 14:00:14,Normal,132,0,132,903832,18165,5140382,3775,315.25910956818177,30,96,6,0,15,110,7,0,25,1,106
2011-08-10 14:00:15,Attack,103,0,106,689505,17278,3836229,23783,417.1241370283019,29,68,9,0,2,98,6,0,18,0,88
2011-08-10 14:00:16,Normal,109,0,109,1028419,17705,3879084,31962,753.421669908257,39,63,7,0,17,89,3,0,17,1,91
2011-08-10 14:00:17,Normal,145,0,145,985041,20545,5977641,17363,480.3140276551724,33,95,17,0,28,115,2,0,37,0,107
2011-08-10 14:00:18,Normal,110,0,110,694504,5722,4544807,4408,440.9388806818182,28,74,8,0,10,99,1,0,18,0,92
2011-08-10 14:00:19,Normal,99,0,99,853537,16879,3350480,63565,605.2412820909091,42,52,5,0,6,88,5,0,18,1,80
2011-08-10 14:00:20,Attack,99,0,102,770478,16300,3490491,43750,605.332567607843,47,49,6,0,5,93,4,0,17,1,84
2011-08-10 14:00:21,Attack,101,0,105,866209,18730,3536676,12448,403.3128346190477,34,65,6,0,17,85,3,0,18,1,86
2011-08-10 14:00:22,Attack,95,6,105,875789,16777,3841299,13019,396.8901140952381,29,70,6,0,10,90,5,0,18,2,84
2011-08-10 14:00:23,Attack,111,4,118,1149436,17648,3782969,50406,556.4692380169494,30,84,4,0,16,90,11,1,19,2,97
2011-08-10 14:00:24,Normal,99,0,99,959894,3702,3126883,52205,390.6801057373738,23,70,6,0,11,74,14,0,17,3,79
2011-08-10 14:00:25,Normal,115,0,115,1688471,5488,3529825,13635,617.3903741913043,51,58,6,0,25,86,4,0,14,3,98
2011-08-10 14:00:26,Normal,126,0,126,526080,19034,5457417,42942,306.72778085714276,22,96,8,0,19,104,2,1,24,0,101
2011-08-10 14:00:27,Attack,106,0,108,1130357,16447,3998390,13731,565.570067462963,41,59,8,0,9,96,2,1,9,1,97
2011-08-10 14:00:28,Normal,99,0,99,972573,3220,3672637,45441,569.3268913535353,31,67,1,0,12,85,1,1,8,2,88
2011-08-10 14:00:29,Normal,100,0,100,1028365,34826,3841051,2132,390.74884024,39,53,8,0,8,86,5,1,19,1,79
2011-08-10 14:00:30,Normal,120,0,120,1289100,17091,4173868,65339,512.7611812250001,44,64,12,0,13,98,9,0,18,1,100
2011-08-10 14:00:31,Attack,92,0,94,970689,16373,3223344,9344,522.3195282021277,43,43,8,0,9,82,2,1,17,2,74
2011-08-10 14:00:32,Attack,126,3,131,1136701,18457,5120878,6399,432.5148907328244,37,87,7,0,20,106,5,0,14,3,114
2011-08-10 14:00:33,Attack,133,2,136,790571,20924,4166710,15999,556.0085993382353,32,97,7,0,34,93,9,0,46,1,89
2011-08-10 14:00:34,Attack,111,0,114,912704,18427,3823098,58484,386.59883170175436,39,69,6,0,12,91,11,0,22,1,91
2011-08-10 14:00:35,Normal,97,0,97,715184,3206,3468432,38111,472.53815527835053,42,51,4,0,10,80,7,0,18,0,79
2011-08-10 14:00:36,Attack,179,0,180,1412518,19926,6853843,57817,501.031585,42,130,8,0,25,144,11,0,24,3,152
2011-08-10 14:00:37,Normal,78,0,78,674546,16208,2949552,64233,328.20347457692304,15,54,9,0,8,65,5,0,20,0,58
2011-08-10 14:00:38,Normal,94,0,94,784719,25144,3276504,14337,605.9463345106383,24,62,8,0,8,82,4,0,14,1,79
2011-08-10 14:00:39,Normal,85,0,85,979542,15474,2977496,54971,543.6012904588235,39,41,5,0,5,77,3,0,11,1,73
2011-08-10 14:00:40,Normal,128,0,128,1372694,7220,4818249,4092,622.2554101640624,40,81,7,0,27,96,5,0,23,3,101
2011-08-10 14:00:41,Attack,117,0,119,692387,21758,4983543,9228,267.5162171764706,31,82,6,0,12,98,9,0,21,4,94
2011-08-10 14:00:42,Attack,128,3,133,2026969,3924,4286818,50868,677.8275853834587,44,69,20,0,21,92,20,0,11,4,117
2011-08-10 14:00:43,Normal,133,0,133,1357738,20073,4709802,42819,532.0381030225564,36,91,6,0,25,102,6,0,15,1,116
2011-08-10 14:00:44,Attack,136,0,138,2236752,67539,4841046,26828,887.8143939347826,38,95,5,0,42,93,3,0,18,3,116
2011-08-10 14:00:45,Normal,106,0,106,1264810,15880,4014262,63368,751.5248327075473,37,59,10,0,11,94,1,0,6,1,99
2011-08-10 14:00:46,Normal,114,0,114,1077181,9042,4109869,42337,723.1806961929824,34,69,11,0,15,99,0,0,13,2,99
2011-08-10 14:00:47,Normal,82,0,82,966825,1835,3171018,56169,626.0736359512196,44,35,3,0,9,70,3,0,19,2,61
2011-08-10 14:00:48,Attack,131,0,132,1294074,19344,4997630,19260,634.241325310606,36,88,8,0,26,104,1,1,26,2,103
2011-08-10 14:00:49,Normal,95,0,95,1262594,17066,3581432,46662,969.6601471894738,35,51,9,0,18,76,1,0,14,2,79
2011-08-10 14:00:50,Normal,105,0,105,1277129,16364,3648978,22081,515.1250915047619,39,55,11,0,13,91,1,0,4,2,98
2011-08-10 14:00:51,Normal,98,0,98,1274288,14504,3241483,35052,682.6201566530611,36,51,11,0,11,86,1,0,10,2,85
2011-08-10 14:00:52,Attack,98,18,117,1152510,10068,4295041,13362,708.4967093418803,37,67,13,0,20,91,6,0,23,1,93
2011-08-10 14:00:53,Attack,139,6,147,1835692,20223,5765220,56758,353.0418123129252,39,101,7,0,30,108,9,0,22,3,120
2011-08-10 14:00:54,Attack,132,0,133,1907796,17016,5154077,49527,466.0875426240602,43,85,5,0,48,83,2,0,28,3,102
2011-08-10 14:00:55,Attack,142,0,143,1710009,62694,5590739,53956,593.4884001538461,42,90,11,0,30,112,1,0,10,1,132
2011-08-10 14:00:56,Normal,98,0,98,1096548,18065,3305714,17876,619.1728205510203,34,54,10,0,12,82,4,0,12,0,86
2011-08-10 14:00:57,Attack,82,0,85,949517,15264,2943844,14058,785.9231206235295,39,40,6,0,4,76,5,0,12,0,73
2011-08-10 14:00:58,Normal,111,0,111,1054767,25818,4144787,39577,577.317335027027,40,65,6,0,7,94,10,0,11,2,98
2011-08-10 14:00:59,Normal,90,0,90,799615,3643,3588180,40821,711.5097695222222,32,53,5,0,10,79,1,0,7,0,83
2011-08-10 14:01:00,Attack,112,0,113,1375444,17299,4039161,23780,717.4902026548672,39,70,4,0,17,86,10,0,19,3,91
2011-08-10 14:01:01,Normal,227,0,227,1246572,22692,10842448,66507,239.730752938326,36,185,6,0,11,212,4,0,6,1,220
2011-08-10 14:01:02,Attack,93,3,99,1056164,4257,3563561,33256,657.6394545454546,36,59,4,0,15,80,4,0,12,0,87
2011-08-10 14:01:03,Attack,175,0,176,1441251,18723,6769199,3108,446.27518714772737,36,133,7,0,30,136,10,0,24,1,151
2011-08-10 14:01:04,Normal,193,0,193,834580,12084,8455247,55307,358.6117522227979,38,149,6,0,20,165,8,0,30,1,161
2011-08-10 14:01:05,Attack,88,2,91,923775,16206,3178114,15335,519.5845017032967,40,46,5,0,6,80,5,0,16,0,75
2011-08-10 14:01:06,Normal,122,0,122,1384064,19272,4065577,2568,720.8616830000001,43,72,7,0,31,85,6,0,26,2,94
2011-08-10 14:01:07,Normal,100,0,100,1059348,19801,3534034,14659,682.15392331,42,52,6,0,16,84,0,0,14,2,82
2011-08-10 14:01:08,Normal,108,1,109,805107,19315,4353739,33356,393.84975288073394,33,66,10,0,17,88,4,0,21,1,87
2011-08-10 14:01:09,Attack,166,0,167,910534,23189,6730549,35872,333.4699349880239,32,127,8,0,52,113,2,0,55,1,111
2011-08-10 14:01:10,Normal,120,0,120,1377285,15806,3857191,44631,741.3743014083334,48,64,8,0,13,102,5,0,15,2,102
2011-08-10 14:01:11,Normal,138,0,138,1156350,6515,5508643,44611,440.75156306521734,36,96,6,0,12,116,10,0,23,1,113
2011-08-10 14:01:12,Normal,155,3,158,1005592,21393,6596154,57734,239.23033718987344,33,121,4,0,22,124,11,1,34,0,123
2011-08-10 14:01:13,Attack,134,0,135,1201864,44661,5188677,17695,655.9563338222222,39,88,8,0,33,97,5,0,32,0,102
2011-08-10 14:01:14,Attack,182,0,183,1592675,7501,7557992,56555,584.3531048251367,37,141,5,0,46,128,9,0,41,1,140
2011-08-10 14:01:15,Attack,92,0,93,762752,17293,3710259,9530,649.9705395268817,26,60,7,0,17,72,4,0,20,0,72
2011-08-10 14:01:16,Attack,101,0,102,1376592,2476,3311365,55186,668.6016422352941,37,58,7,0,18,82,2,0,13,2,86
2011-08-10 14:01:17,Attack,107,0,108,1415551,16682,3551472,29667,507.1434077592592,32,62,14,0,16,88,4,0,9,1,98
2011-08-10 14:01:18,Attack,153,0,155,1389192,6115,6044781,55598,505.1608044451613,45,102,8,0,19,128,8,0,24,1,130
2011-08-10 14:01:19,Attack,168,0,169,1028165,9128,6929437,2522,302.1736884082841,31,127,11,0,50,117,2,0,46,0,123
2011-08-10 14:01:20,Normal,102,0,102,955915,17841,3930020,43418,548.7959945294118,40,53,9,0,27,74,1,0,27,1,74
2011-08-10 14:01:21,Attack,142,0,143,1048253,5770,4964911,40037,415.0631316713288,31,103,9,0,34,103,6,0,36,0,106
2011-08-10 14:01:22,Normal,180,6,186,1127808,9736,7360455,40821,347.2602603763441,31,140,15,0,29,153,3,1,34,4,148
2011-08-10 14:01:23,Attack,166,0,170,1271712,21292,6537414,23617,485.7355839470588,53,113,4,0,48,117,5,0,52,1,117
2011-08-10 14:01:24,Attack,96,0,99,1035601,3220,3329785,66289,415.8987673333333,39,56,4,0,4,88,7,0,8,2,89
2011-08-10 14:01:25,Attack,94,0,95,741643,4146,3458037,3175,424.2528167894737,32,59,4,0,21,71,3,0,24,0,71
2011-08-10 14:01:26,Normal,114,0,114,1098530,18196,4186638,12387,592.2306408245613,50,55,9,0,16,93,3,2,18,0,93
2011-08-10 14:01:27,Normal,102,0,102,1106539,3488,3561918,51536,412.0800163921569,34,63,5,0,28,69,3,2,16,2,82
2011-08-10 14:01:28,Normal,160,0,160,1023849,7338,5860246,43601,576.7217365624999,34,112,14,0,27,128,5,0,28,4,127
2011-08-10 14:01:29,Normal,139,0,139,1651795,17506,4797692,63919,567.3490555323741,44,80,15,0,20,116,2,1,13,2,123
2011-08-10 14:01:30,Attack,103,0,104,1164207,15752,3337085,8034,591.7803577788461,41,61,2,0,17,83,4,0,14,4,86
2011-08-10 14:01:31,Normal,114,0,114,1539476,17070,3770779,48203,696.4369123859649,38,66,10,0,11,99,4,0,12,7,94
2011-08-10 14:01:32,Normal,94,3,97,1116257,17127,3378269,18615,580.0792468453608,34,58,5,0,11,82,4,0,12,5,79
2011-08-10 14:01:33,Normal,98,0,98,1065199,17583,3192429,49948,585.2302542040815,30,56,12,0,9,86,3,0,11,5,82
2011-08-10 14:01:34,Attack,116,0,117,1216182,3980,4250266,61219,605.3472244700855,35,75,7,0,9,106,2,0,9,6,101
2011-08-10 14:01:35,Attack,135,0,136,1298168,7252,3012626,41214,531.7203585514706,34,91,11,0,7,123,6,0,55,5,76
2011-08-10 14:01:36,Attack,138,0,139,2258472,16567,4319175,43802,298.8786955827338,27,107,5,0,55,77,7,0,21,1,117
2011-08-10 14:01:37,Attack,91,0,92,914885,3204,3043157,55181,494.00566188043484,43,41,8,0,13,78,1,0,12,2,78
2011-08-10 14:01:38,Normal,117,0,117,1212368,64496,3922971,2361,480.8947938034188,38,68,11,0,6,106,5,0,10,4,103
2011-08-10 14:01:39,Attack,93,0,95,1125813,16734,3203704,16668,719.6602462526316,36,51,8,0,13,79,3,0,13,0,80
2011-08-10 14:01:40,Attack,79,0,80,741699,18577,2498538,22629,657.1187044000001,23,51,6,0,10,66,4,0,10,1,69
2011-08-10 14:01:41,Normal,132,3,135,818482,7695,5167567,3568,247.0560707111111,30,98,7,0,15,116,4,0,13,1,121
2011-08-10 14:01:42,Normal,111,3,114,1020185,6343,4286877,53884,529.1523523157895,30,72,12,0,35,67,12,0,27,2,85
2011-08-10 14:01:43,Normal,121,0,121,1177812,18165,4071406,41507,513.0678771487603,45,68,8,0,24,94,3,0,26,1,94
2011-08-10 14:01:44,Attack,150,0,151,1202099,19830,5927695,54370,385.3711218675497,28,115,8,0,16,128,7,0,23,6,122
2011-08-10 14:01:45,Attack,97,0,98,922336,16357,3639207,26250,403.39331718367345,33,58,7,0,14,82,2,0,13,1,84
2011-08-10 14:01:46,Normal,87,0,87,618938,19411,3280675,56035,478.22212898850574,26,53,8,0,10,76,1,0,14,1,70
2011-08-10 14:01:47,Attack,82,0,83,817658,61871,2956252,17376,459.92936021686745,34,40,9,0,6,76,1,0,11,1,71
2011-08-10 14:01:48,Normal,126,0,126,1276547,20142,3879503,6152,593.549587031746,26,88,12,0,28,89,9,0,28,2,96
2011-08-10 14:01:49,Normal,130,0,130,1454104,54242,4408341,2066,841.1799557,49,78,3,0,22,103,5,0,20,2,107
2011-08-10 14:01:50,Normal,76,0,76,973178,14922,2801896,52657,959.5779395657896,40,30,6,0,3,71,2,0,7,2,67
2011-08-10 14:01:51,Attack,92,0,96,1045344,4123,3454251,4827,592.5822730833333,31,56,9,0,10,83,3,0,18,1,76
2011-08-10 14:01:52,Normal,58,6,64,677232,32945,2127786,14134,402.801051703125,21,38,5,0,7,53,4,0,10,1,53
2011-08-10 14:01:53,Normal,107,4,111,1494285,9890,3896130,36462,703.0537917927928,35,66,10,0,19,86,6,0,16,1,93
2011-08-10 14:01:54,Normal,143,0,143,1540013,10293,4963409,55708,641.4597514895106,29,105,9,0,27,97,19,0,26,0,113
2011-08-10 14:01:55,Attack,105,0,106,1307450,47851,3213216,14134,553.4973218301886,35,61,10,0,19,75,12,0,21,2,83
2011-08-10 14:01:56,Attack,157,0,158,1113076,6477,5374283,1098,331.9803341075949,34,107,17,0,17,138,3,0,27,0,131
2011-08-10 14:01:57,Attack,90,0,94,1030007,16252,3171305,15935,673.6184840957447,37,55,2,0,15,76,3,0,12,4,78
2011-08-10 14:01:58,Attack,106,0,107,1006985,4025,3519358,32930,781.2493952336449,40,58,9,0,13,91,3,0,14,0,93
2011-08-10 14:01:59,Normal,87,0,87,970997,16265,3583037,31033,676.5738819999999,28,55,4,0,8,77,2,0,9,0,77
2011-08-10 14:02:00,Attack,93,0,96,1232055,17570,3361751,1846,627.6194812083334,38,53,5,0,21,71,3,1,20,2,73
2011-08-10 14:02:01,Normal,119,0,119,1242235,16817,4029281,19731,604.0997686218487,49,53,17,0,7,110,2,0,9,5,104
2011-08-10 14:02:02,Attack,82,11,94,729533,19897,3419539,39764,569.8810316489362,35,52,7,0,7,79,8,0,18,1,75
2011-08-10 14:02:03,Normal,181,0,181,1158508,20617,8451416,54613,334.7590435248619,40,130,11,0,15,162,4,0,20,4,157
2011-08-10 14:02:04,Normal,132,0,132,1212542,6953,5047948,59256,473.43991584090907,37,87,8,0,21,108,3,0,24,2,106
2011-08-10 14:02:05,Attack,148,0,150,1170603,20613,5805135,55618,410.0595339533334,38,105,7,0,16,129,5,0,23,2,125
2011-08-10 14:02:06,Attack,101,6,108,1155107,16606,3987077,54239,796.8378842777779,32,66,10,0,9,95,4,0,6,3,99
2011-08-10 14:02:07,Attack,84,0,86,1008561,2025,2833752,55377,729.9517667674419,27,53,6,0,14,69,3,0,12,1,71
2011-08-10 14:02:08,Normal,103,3,106,697717,5011,4055658,55653,503.23760566981144,33,64,9,0,6,100,0,0,16,0,89
2011-08-10 14:02:09,Normal,86,0,86,818694,16266,3090598,13242,596.7103718139535,31,47,8,0,5,81,0,0,12,3,71
2011-08-10 14:02:10,Normal,122,0,122,837437,5044,4345706,35912,466.1573358524591,32,84,6,0,15,106,1,0,22,3,97
2011-08-10 14:02:11,Normal,108,0,108,1225305,16549,3870017,47455,684.5435307314815,51,51,6,0,13,93,2,0,9,1,98
2011-08-10 14:02:12,Attack,91,3,95,1117944,17928,3462142,37328,573.6888732105263,43,41,11,0,8,85,2,0,11,3,81
2011-08-10 14:02:13,Normal,112,0,112,1366905,16859,4114024,21761,676.2420107142858,42,62,8,0,18,93,1,0,14,3,95
2011-08-10 14:02:14,Normal,99,2,101,753083,17114,3961484,51284,535.9681111287128,31,67,3,0,10,88,3,0,14,1,86
2011-08-10 14:02:15,Normal,111,0,111,1022156,17505,4019224,27301,448.3196104144145,36,67,8,0,14,96,1,0,12,1,98
2011-08-10 14:02:16,Attack,137,1,139,869005,6371,5499616,52682,385.5900554964029,39,96,4,0,28,93,18,0,45,2,92
2011-08-10 14:02:17,Attack,97,2,101,1131034,3281,3889823,51296,772.6562183861384,37,59,5,0,12,83,6,0,15,1,84
2011-08-10 14:02:18,Attack,82,53,137,973787,19916,5698114,42092,304.90690122627734,29,100,8,0,12,115,10,0,21,1,114
2011-08-10 14:02:19,Attack,114,20,136,1505134,4066,4824322,46898,345.17402447794115,35,95,6,0,22,105,9,0,9,3,124
2011-08-10 14:02:20,Normal,117,1,118,999312,18039,4417619,62480,566.5154997033897,47,63,8,0,12,102,4,0,13,1,104
2011-08-10 14:02:21,Attack,107,0,108,1034720,4643,3701311,37196,649.7752653611111,38,64,6,0,14,91,3,0,21,2,85
2011-08-10 14:02:22,Normal,84,10,94,875006,4036,3896191,50234,512.2504590425532,24,62,8,0,12,78,4,0,14,1,79
2011-08-10 14:02:23,Attack,99,4,104,1118588,16731,3699492,12367,539.277292451923,45,53,6,0,13,88,3,0,12,1,91
2011-08-10 14:02:24,Normal,95,20,115,1294091,18528,3710931,8364,544.7997996347825,33,73,9,0,13,96,6,0,24,2,89
2011-08-10 14:02:25,Normal,128,35,163,1352190,20404,6440913,46048,453.2884255828221,39,108,16,0,18,143,2,0,19,1,142
2011-08-10 14:02:26,Attack,113,0,114,1492198,16979,4000316,34280,841.0231679561404,43,67,4,0,24,84,5,1,18,0,95
2011-08-10 14:02:27,Attack,121,0,122,1591879,17344,3870511,7952,641.4393517459018,33,81,8,0,25,87,9,1,16,0,105
2011-08-10 14:02:28,Normal,122,0,122,1208908,18068,4618243,22406,441.02901216393445,37,73,12,0,13,105,3,1,15,1,105
2011-08-10 14:02:29,Attack,98,0,99,1309736,16802,3249830,31148,610.8956531515151,35,58,6,0,12,81,5,1,13,1,84
2011-08-10 14:02:30,Normal,132,0,132,1709329,17111,4205744,60340,835.3980788484848,42,78,12,0,26,101,5,0,13,2,117
2011-08-10 14:02:31,Normal,141,0,141,1845894,5319,4797137,48362,724.4421612411347,40,95,6,0,34,96,11,0,26,6,109
2011-08-10 14:02:32,Normal,117,3,120,881077,18300,4791926,60241,393.9418500583334,36,75,9,0,19,100,1,0,20,2,98
2011-08-10 14:02:33,Attack,101,0,104,1463000,16809,3370572,54043,634.7460411634615,43,54,7,0,14,83,7,0,20,2,82
2011-08-10 14:02:34,Normal,114,0,114,1051502,16933,4302012,32688,603.908868245614,42,64,8,0,12,101,1,0,14,2,98
2011-08-10 14:02:35,Normal,96,0,96,650793,2830,3632523,78,461.6533096458333,30,56,10,0,7,86,2,1,11,1,82
2011-08-10 14:02:36,Normal,116,0,116,811219,5312,4048383,5245,336.5868704137931,34,77,5,0,30,83,3,0,37,1,78
2011-08-10 14:02:37,Attack,104,0,105,1002746,16898,3743201,9599,686.4689836571429,45,54,6,0,16,88,1,0,20,0,85
2011-08-10 14:02:38,Attack,105,1,107,1088186,16694,3530841,34119,629.7934042710281,34,65,8,0,5,99,3,0,23,2,82
2011-08-10 14:02:39,Attack,133,0,134,1781607,18394,4263387,51236,517.3985048656716,50,76,8,0,24,101,9,0,21,6,107
2011-08-10 14:02:40,Attack,96,0,97,827216,17290,3565540,29500,785.0595171752576,32,61,4,0,12,82,3,0,9,0,88
2011-08-10 14:02:41,Normal,176,0,176,2475937,52075,5552829,40716,667.6846088125001,39,130,7,0,45,125,6,0,10,4,162
2011-08-10 14:02:42,Attack,134,3,138,1306176,17203,5230481,39083,615.0599719420289,49,81,8,0,18,116,4,0,25,2,111
2011-08-10 14:02:43,Normal,111,0,111,1595358,42526,3243188,14393,797.0627802792793,39,63,9,0,29,77,5,0,22,2,87
2011-08-10 14:02:44,Normal,109,5,114,1013113,17879,4076368,14324,671.7036201491228,29,74,11,0,22,87,5,0,26,1,87
2011-08-10 14:02:45,Attack,122,1,124,1426000,17766,4033409,55437,586.4434627419356,43,73,8,0,31,86,7,0,32,4,88
2011-08-10 14:02:46,Normal,108,5,113,940552,6784,4608856,60237,320.81348027433626,29,79,5,0,23,86,4,0,27,2,84
2011-08-10 14:02:47,Attack,161,7,170,1452557,19828,6655516,19829,491.76191692941177,38,123,9,0,25,125,20,0,45,2,123
2011-08-10 14:02:48,Attack,81,1,85,633621,3852,2953076,66111,368.06243955294116,30,48,7,0,12,69,3,1,21,1,63
2011-08-10 14:02:49,Normal,102,37,139,974801,20143,5552935,45704,380.0593223093525,35,100,4,0,16,115,8,0,20,2,117
2011-08-10 14:02:50,Attack,117,19,138,1564549,17274,4826198,12306,595.6185762608695,39,93,6,0,18,110,10,0,12,3,123
2011-08-10 14:02:51,Normal,114,9,123,1135080,67505,4803854,15126,448.75868118699185,32,81,10,0,13,107,2,1,9,2,111
2011-08-10 14:02:52,Normal,115,6,121,918506,4520,5107683,56159,456.4573433471074,33,82,6,0,8,109,4,0,11,6,104
2011-08-10 14:02:53,Normal,231,1,232,1390880,23775,9874041,56197,301.8583574698276,46,172,14,0,19,201,12,0,31,6,194
2011-08-10 14:02:54,Attack,118,0,120,1361665,17859,3933006,36218,517.906245075,44,66,10,0,9,101,10,0,14,3,103
2011-08-10 14:02:55,Normal,119,0,119,1470401,17360,3930780,49065,531.6517781512605,31,80,8,0,29,88,2,0,9,2,106
2011-08-10 14:02:56,Normal,104,0,104,937210,17398,4052882,5826,638.6270962115385,33,65,6,0,12,92,0,0,9,1,93
2011-08-10 14:02:57,Attack,135,0,136,2111019,16154,4605987,38430,584.1775328382353,37,92,7,0,30,100,5,1,8,3,125
2011-08-10 14:02:58,Attack,111,0,112,1944893,16700,2814995,27918,784.8740182410714,35,72,5,0,37,72,3,0,13,1,98
2011-08-10 14:02:59,Attack,108,14,123,1464546,16554,4524380,56587,760.9656559349593,43,70,10,0,14,105,4,0,11,1,111
2011-08-10 14:03:00,Attack,241,9,252,1099464,56545,11468824,15935,231.70835225793653,50,198,4,0,9,232,11,0,29,4,219
2011-08-10 14:03:01,Attack,102,0,103,1055719,15510,3660204,64403,616.4720910873784,43,51,9,0,7,91,5,0,8,0,95
2011-08-10 14:03:02,Normal,111,3,114,1052668,19395,4364537,56799,642.8710665000001,33,70,11,0,10,95,8,1,14,0,100
2011-08-10 14:03:03,Attack,95,0,96,883787,18168,3612254,65626,519.7091420104167,33,51,12,0,3,90,3,0,7,1,88
2011-08-10 14:03:04,Normal,106,1,107,1114814,18779,3830597,24689,388.1204369719627,36,63,8,0,16,86,5,0,15,4,88
2011-08-10 14:03:05,Normal,105,0,105,1419393,15907,3460195,12206,502.84956279047617,32,67,6,0,20,80,5,0,16,3,86
2011-08-10 14:03:06,Attack,105,0,106,1351208,16689,3895315,41518,551.7002753962265,31,69,6,0,22,82,2,0,18,3,85
2011-08-10 14:03:07,Normal,98,5,103,1210464,4207,3460597,46106,505.2652541359223,32,68,3,0,20,81,2,0,11,2,90
2011-08-10 14:03:08,Attack,107,25,133,1132971,5909,5229772,65112,347.3190787518797,24,102,7,0,20,111,2,0,19,0,113
2011-08-10 14:03:09,Normal,120,24,144,1101657,20098,5258980,12175,471.5436948194444,45,91,8,0,8,125,11,0,20,4,120
2011-08-10 14:03:10,Attack,150,26,177,872407,10879,7386251,39149,254.63169542372881,30,140,7,0,22,148,7,0,39,1,137
2011-08-10 14:03:11,Normal,140,9,149,1262552,19761,5507546,15675,499.13329463087246,41,100,8,0,21,122,6,0,21,4,124
2011-08-10 14:03:12,Normal,112,7,119,1063778,69331,4486150,15915,281.0532509495799,26,87,6,0,16,89,14,0,29,4,86
2011-08-10 14:03:13,Normal,128,0,128,866692,6244,5502904,56186,465.13126104687495,29,86,13,0,14,105,9,0,21,3,104
2011-08-10 14:03:14,Normal,102,0,102,1214105,4047,3810448,48535,890.6111419607843,33,64,5,0,13,87,2,0,13,3,86
2011-08-10 14:03:15,Attack,98,0,100,987878,3271,3420456,30495,546.3335916299999,41,55,4,0,13,86,1,0,17,1,81
2011-08-10 14:03:16,Normal,123,0,123,1563878,18198,4338590,17437,648.8766348292683,42,73,8,0,27,89,7,0,26,2,95
2011-08-10 14:03:17,Normal,131,0,131,1191756,4504,5388931,51180,384.27129466412214,35,88,8,0,24,107,0,0,18,2,111
2011-08-10 14:03:18,Attack,104,18,123,1052360,18174,4807826,39081,486.4087102601626,40,73,10,0,11,104,8,0,16,1,106
2011-08-10 14:03:19,Attack,91,2,94,756905,2383,3770213,55757,631.2743799148936,34,60,0,0,5,87,2,0,7,1,86
2011-08-10 14:03:20,Attack,92,0,93,1156418,16831,2947595,21791,605.6018064731182,33,53,7,0,14,76,3,0,7,1,84
2011-08-10 14:03:21,Attack,111,0,113,1027222,30309,3996487,13443,613.4069195486725,33,67,13,0,25,84,4,0,27,0,86
2011-08-10 14:03:22,Attack,132,3,136,929556,25014,5522390,65420,526.8771215,39,90,7,0,12,111,13,0,24,1,111
2011-08-10 14:03:23,Normal,81,3,84,741012,17542,3084699,13720,644.7977420357142,30,47,7,0,8,74,2,0,12,0,69
2011-08-10 14:03:24,Attack,85,0,86,938001,16397,2925697,36748,664.0946980116281,35,43,8,0,5,78,3,0,10,2,74
2011-08-10 14:03:25,Normal,129,0,129,1112001,19023,4863950,64102,487.44013962015504,38,89,2,0,22,97,10,0,25,2,102
2011-08-10 14:03:26,Normal,119,113,232,1305848,24778,9212807,21610,347.0448950905173,46,165,21,0,26,193,12,1,34,1,195
2011-08-10 14:03:27,Attack,118,3,123,885493,6019,4642306,58533,366.90714091056907,32,87,4,0,8,109,3,3,15,1,104
2011-08-10 14:03:28,Normal,87,0,87,946439,15813,3324841,10373,578.5590210919539,31,48,8,0,9,76,2,0,7,1,79
2011-08-10 14:03:29,Attack,78,7,87,736043,16394,3228023,64009,274.8528723908046,23,54,10,0,7,76,4,0,12,0,74
2011-08-10 14:03:30,Normal,88,0,88,1061942,5557,2991458,53817,663.9525835454544,32,47,9,0,14,73,1,0,13,1,74
2011-08-10 14:03:31,Attack,118,0,120,917603,5583,4459382,61664,473.8675226833333,41,74,5,0,11,99,9,1,21,0,98
2011-08-10 14:03:32,Normal,164,3,167,884557,8165,6987552,37758,384.81954032934124,39,118,10,0,17,137,13,0,29,0,138
2011-08-10 14:03:33,Normal,103,0,103,819801,16836,4065288,16764,356.92302462135933,44,56,3,0,7,91,5,0,18,1,84
2011-08-10 14:03:34,Normal,110,0,110,991363,5191,4041425,34758,633.8674298727273,39,62,9,0,7,103,0,0,13,0,97
2011-08-10 14:03:35,Normal,125,0,125,1027197,20288,4573338,6976,495.001341608,39,79,7,0,12,108,5,0,20,2,103
2011-08-10 14:03:36,Attack,86,16,103,717396,17555,4225568,44126,288.9220038252427,34,64,5,0,5,93,5,0,13,3,86
2011-08-10 14:03:37,Normal,114,0,114,1265012,10802,3908645,49462,630.1862096929824,40,63,11,0,10,103,1,0,11,5,98
2011-08-10 14:03:38,Normal,170,1,171,1252430,40367,6890649,5361,389.2053596023392,33,133,5,0,28,142,1,0,22,2,147
2011-08-10 14:03:39,Normal,163,0,163,1049938,6757,6922281,64892,379.0327200245399,37,123,3,0,24,137,2,0,31,2,130
2011-08-10 14:03:40,Attack,108,1,110,1088592,17680,4113080,57007,397.75021202727265,37,64,9,0,12,96,2,0,16,2,91
2011-08-10 14:03:41,Attack,100,18,119,1030025,18014,4498204,8413,491.53669489915967,44,68,7,0,17,100,2,0,32,1,85
2011-08-10 14:03:42,Attack,116,18,136,893508,5761,4939919,25704,442.0885233308823,41,85,10,0,9,117,10,0,32,1,103
2011-08-10 14:03:43,Attack,159,0,160,1116393,22919,6714354,20780,496.73162280625,41,114,5,0,46,101,13,0,53,1,106
2011-08-10 14:03:44,Normal,109,0,109,653797,12225,4584310,2420,316.25133032110097,34,70,5,0,15,90,4,0,24,0,85
2011-08-10 14:03:45,Attack,107,0,108,1128794,16971,4281031,53904,700.8165860833333,31,70,7,0,33,72,3,0,29,2,77
2011-08-10 14:03:46,Normal,96,18,114,859719,19870,4585878,28297,436.21867880701757,39,70,5,0,14,98,2,0,12,2,100
2011-08-10 14:03:47,Normal,95,0,95,687417,17506,3988380,58668,326.5693426526315,30,60,5,0,11,83,1,0,11,1,82
2011-08-10 14:03:48,Attack,126,0,127,832248,20275,5434921,62386,376.11841745669284,32,87,8,0,23,92,12,0,33,1,93
2011-08-10 14:03:49,Normal,109,0,109,1054575,3787,4241851,53347,408.4458642844037,29,68,12,0,9,97,3,0,10,2,97
2011-08-10 14:03:50,Attack,89,0,91,1124019,15399,2817966,16223,424.3659972087912,34,50,7,0,14,72,5,0,15,2,72
2011-08-10 14:03:51,Normal,105,0,105,1129720,6573,3901367,41217,709.7979445809524,40,58,7,0,15,88,2,0,11,0,93
2011-08-10 14:03:52,Normal,127,3,130,1288572,18456,5070709,65417,709.0806480692307,45,77,8,0,19,101,10,0,27,1,102
2011-08-10 14:03:53,Attack,108,3,113,925440,4943,4180617,50887,643.7194944336284,34,71,8,0,17,93,3,0,18,3,92
2011-08-10 14:03:54,Normal,110,0,110,1096164,4181,3760683,51880,556.5253433,43,62,5,0,17,89,4,0,16,1,93
2011-08-10 14:03:55,Normal,114,0,114,1000879,3719,4206098,40068,795.6311630526316,44,59,11,0,13,98,2,1,20,0,94
2011-08-10 14:03:56,Normal,91,0,91,1003672,15716,3474551,24158,709.6801425714285,36,45,10,0,7,80,4,0,8,0,83
2011-08-10 14:03:57,Attack,95,40,136,882953,19404,5702572,41465,424.45679498529404,32,98,6,0,19,112,5,0,21,0,115
2011-08-10 14:03:58,Normal,107,28,135,1131331,6290,5301727,36818,452.54742204444455,36,93,6,0,16,115,4,0,14,1,120
2011-08-10 14:03:59,Normal,70,0,70,698344,15050,2609425,5914,578.9854743714285,29,35,6,0,6,62,2,0,7,1,62
2011-08-10 14:04:00,Normal,96,0,96,962208,2380,3329577,61498,533.3571945416667,44,42,10,0,5,88,2,1,10,1,85
2011-08-10 14:04:01,Attack,114,0,115,1100700,17515,4090685,9988,550.4054297652175,43,66,6,0,16,97,2,0,21,0,94
2011-08-10 14:04:02,Attack,111,3,115,1088577,18133,4264639,54257,537.2123269565217,31,73,11,0,17,96,2,0,12,0,103
2011-08-10 14:04:03,Attack,90,0,93,886515,4634,3433369,60358,659.1064740645162,38,52,3,0,10,80,3,0,16,1,76
2011-08-10 14:04:04,Attack,102,0,103,846432,17417,3940819,55215,507.35245463106787,41,52,10,0,10,91,2,0,16,1,86
2011-08-10 14:04:05,Normal,102,0,102,905234,3785,3753886,49704,494.87276691176476,38,60,4,0,11,79,12,0,22,1,79
2011-08-10 14:04:06,Attack,112,0,113,1648272,2675,3825542,50099,719.6614919734513,37,69,7,0,29,79,5,0,18,3,92
2011-08-10 14:04:07,Attack,106,0,107,975007,16852,4167759,17541,540.1606608971962,29,67,11,0,22,83,2,0,20,1,86
2011-08-10 14:04:08,Normal,116,0,116,903142,16629,4461805,62265,608.881603086207,37,71,8,0,6,108,2,0,9,5,102
2011-08-10 14:04:09,Normal,117,3,120,1218106,7008,3898174,43714,631.3845895666667,50,58,12,0,18,98,4,0,32,2,86
2011-08-10 14:04:10,Normal,113,0,113,684608,7869,3295264,3772,366.4036662654867,31,72,10,0,27,83,3,0,40,1,72
2011-08-10 14:04:11,Attack,123,5,129,1106033,20449,4994743,14696,475.8377275193798,43,77,9,0,15,109,4,1,27,1,101
2011-08-10 14:04:12,Normal,174,23,197,1029172,24970,8771536,47916,305.2714070913706,36,156,5,0,47,139,11,0,61,1,135
2011-08-10 14:04:13,Attack,65,0,66,792999,15774,2298378,4016,760.3897858636363,27,32,7,0,7,56,3,0,10,0,56
2011-08-10 14:04:14,Normal,107,0,107,1224126,4019,4007013,39733,589.1885839719627,44,55,8,0,7,93,7,0,15,5,87
2011-08-10 14:04:15,Normal,86,1,87,987032,15612,3046519,60781,705.1419388850575,29,49,9,0,15,69,3,0,10,0,77
2011-08-10 14:04:16,Normal,134,0,134,1044559,19217,5383155,52912,436.4231621268657,42,84,8,0,17,113,4,0,24,1,109
2011-08-10 14:04:17,Normal,98,0,98,843241,16972,3757425,61793,531.9250971734693,31,58,9,0,8,89,1,0,9,0,89
2011-08-10 14:04:18,Attack,114,2,117,996321,17127,4547023,14599,423.57976767521365,41,65,11,0,20,95,2,0,22,1,94
2011-08-10 14:04:19,Normal,90,0,90,760814,16117,3527150,63157,498.7299155555556,34,51,5,0,12,78,0,0,21,2,67
2011-08-10 14:04:20,Normal,104,0,104,1116653,17862,3642961,68833,441.6150493653846,38,59,7,0,8,93,3,0,14,6,84
2011-08-10 14:04:21,Normal,82,0,82,575395,17072,3017282,27106,628.134149487805,32,43,7,0,7,73,2,0,11,0,71
2011-08-10 14:04:22,Attack,93,3,97,898498,17246,3506998,6055,688.4010961340207,39,49,9,0,6,88,3,0,9,1,87
2011-08-10 14:04:23,Attack,94,7,103,975903,15828,4131037,62855,504.38021632038834,33,60,10,0,6,92,5,0,9,0,93
2011-08-10 14:04:24,Attack,100,16,120,1280806,4270,4334703,3986,608.42138685,47,65,8,0,22,94,4,0,31,4,84
2011-08-10 14:04:25,Attack,89,3,93,885053,16764,3441712,6855,654.7316689569893,35,52,6,0,7,84,2,0,14,1,78
2011-08-10 14:04:26,Normal,92,0,92,866833,5905,3576718,44424,864.6449085434782,47,40,5,0,12,75,3,2,24,1,65
2011-08-10 14:04:27,Attack,70,1,72,576984,18289,2679877,61619,565.4817330416668,26,39,7,0,5,66,0,1,8,1,62
2011-08-10 14:04:28,Attack,145,0,147,869757,19664,5779562,14779,457.23802110884355,40,102,5,0,8,136,3,0,16,1,130
2011-08-10 14:04:29,Normal,89,0,89,826065,17438,3348539,41121,541.1024370786517,41,45,3,0,7,79,3,0,19,1,69
2011-08-10 14:04:30,Normal,121,0,121,1368460,38045,4249731,27551,730.2631223719007,45,63,13,0,17,102,2,0,13,1,106
2011-08-10 14:04:31,Normal,98,0,98,713890,18005,3756430,23384,584.8562654285714,36,53,9,0,18,77,2,1,30,1,66
2011-08-10 14:04:32,Attack,102,3,106,1349261,5066,3857145,43941,611.5377189245283,38,66,2,0,16,84,6,0,14,1,91
2011-08-10 14:04:33,Normal,106,0,106,1279187,63312,3800822,13371,616.6837724622642,35,60,11,0,14,85,7,0,12,1,92
2011-08-10 14:04:34,Attack,105,3,109,1203864,2925,3924488,48575,638.9591601651375,35,66,8,0,18,88,3,0,11,2,96
2011-08-10 14:04:35,Normal,111,0,111,1324684,16787,3778440,45874,650.4031841261262,37,67,7,0,15,95,1,0,9,1,101
2011-08-10 14:04:36,Normal,99,0,99,1534201,14770,3011701,29643,768.9082347575757,40,50,9,0,11,81,7,0,12,2,85
2011-08-10 14:04:37,Normal,90,0,90,1274002,11763,3090718,14142,1139.3471624444442,41,42,7,0,12,74,4,0,8,2,80
2011-08-10 14:04:38,Normal,242,0,242,1289900,25706,11015944,62707,204.1473932520661,35,194,13,0,36,200,6,0,39,1,202
2011-08-10 14:04:39,Normal,97,0,97,1182839,5029,3632740,60367,639.8237384536081,33,58,6,0,15,79,3,0,28,4,65
2011-08-10 14:04:40,Normal,114,0,114,1024967,3710,4530302,53944,600.7512979824561,40,64,10,0,14,100,0,0,20,0,94
2011-08-10 14:04:41,Normal,89,0,89,1057864,16808,3384794,31097,518.4289630786517,40,39,10,0,11,72,6,0,20,1,68
2011-08-10 14:04:42,Normal,116,3,119,1098011,17879,4581504,1028,415.5390785714285,41,65,13,0,16,90,13,0,27,0,91
2011-08-10 14:04:43,Attack,138,0,139,1017784,18580,5424615,61528,413.0837254892087,47,82,10,0,21,114,4,0,30,1,108
2011-08-10 14:04:44,Attack,124,0,125,573046,7759,5283350,45049,144.97675419200002,31,91,3,0,17,98,10,0,33,1,91
2011-08-10 14:04:45,Attack,117,0,119,1806569,15978,3601964,25790,611.7597600420169,28,83,8,0,37,78,4,0,11,2,106
2011-08-10 14:04:46,Normal,137,0,137,1355703,18745,5071954,28315,504.72291156204386,39,90,8,0,25,111,1,0,20,2,115
2011-08-10 14:04:47,Normal,135,0,135,1385069,17753,4928063,7215,453.7767223259259,51,80,4,0,21,110,4,0,16,0,119
2011-08-10 14:04:48,Attack,133,0,135,970233,17884,5284271,60644,614.7895140962963,38,83,14,0,13,121,1,0,14,0,121
2011-08-10 14:04:49,Attack,139,0,141,843010,19963,5523734,61085,307.18503911347517,38,94,9,0,12,124,5,0,20,2,119
2011-08-10 14:04:50,Attack,108,0,109,924450,18435,3752249,12678,579.0888059724771,40,57,12,0,3,94,12,0,16,1,92
2011-08-10 14:04:51,Attack,110,0,111,892459,5232,4125124,54620,587.8280058288289,41,59,11,0,4,100,7,0,16,0,95
2011-08-10 14:04:52,Normal,103,3,106,1013359,8388,3505046,64007,707.7433875094338,48,48,10,0,16,84,6,0,24,1,80
2011-08-10 14:04:53,Attack,114,0,116,875034,4082,4285740,59414,647.4994791465518,37,71,8,0,23,86,7,0,30,0,86
2011-08-10 14:04:54,Normal,106,3,109,868046,16724,4101362,27818,460.1374867339449,35,63,11,0,4,100,5,0,8,0,101
2011-08-10 14:04:55,Normal,102,0,102,1046565,17631,3723435,51569,451.85042324509806,38,60,4,0,11,87,4,0,20,3,79
2011-08-10 14:04:56,Attack,118,0,119,1376621,67061,4081118,16447,730.5849155546218,39,74,6,0,25,91,3,0,13,4,102
2011-08-10 14:04:57,Normal,105,0,105,925118,16650,4304950,50985,508.68006406666666,41,57,7,0,20,85,0,0,20,0,85
2011-08-10 14:04:58,Normal,107,0,107,1042644,4748,3695298,3217,389.4565962616823,30,66,11,0,20,81,6,0,20,1,86
2011-08-10 14:04:59,Normal,109,0,109,1030485,39828,4180782,1542,500.7087846513761,30,76,3,0,20,84,5,0,20,2,87
2011-08-10 14:05:00,Normal,228,0,228,1214363,23304,10969718,3840,266.44163812719296,39,179,10,0,9,216,3,0,6,3,219
2011-08-10 14:05:01,Normal,115,0,115,1415070,18368,4701325,50103,256.5926620521739,40,68,7,0,14,89,12,0,16,1,98
2011-08-10 14:05:02,Normal,115,3,118,1055964,23112,4750519,54500,251.3963027288136,25,88,5,0,23,92,3,0,26,1,91
2011-08-10 14:05:03,Normal,106,0,106,955220,17104,3945961,16599,824.4090874528302,37,64,5,0,12,92,2,0,12,1,93
2011-08-10 14:05:04,Attack,118,0,119,1018065,5681,4755531,35790,539.2277773109245,41,72,6,0,12,106,1,0,17,1,101
2011-08-10 14:05:05,Attack,161,0,162,1010145,6456,6423196,58933,442.88214388271604,36,119,7,0,19,139,4,0,22,1,139
2011-08-10 14:05:06,Attack,93,0,96,1121648,15948,3318326,51359,697.5902764062499,47,44,5,0,13,79,4,0,11,1,84
2011-08-10 14:05:07,Normal,124,0,124,1367304,17019,4688585,36232,473.9977461935485,39,75,10,0,21,102,1,0,21,2,100
2011-08-10 14:05:08,Normal,152,0,152,1040124,13466,6963503,64722,231.8716793618421,36,108,8,0,44,106,2,0,46,2,104
2011-08-10 14:05:09,Normal,104,3,107,1308474,15589,3251792,30904,580.5167250841122,45,57,5,0,24,79,4,0,18,4,85
2011-08-10 14:05:10,Attack,113,1,118,1526174,4060,4049710,44274,588.5208341440679,34,77,7,0,30,83,5,0,21,3,93
2011-08-10 14:05:11,Attack,147,0,149,1241863,30022,5503032,14719,441.7865955637584,41,104,4,0,26,97,26,0,44,3,102
2011-08-10 14:05:12,Normal,107,3,110,1266251,16198,4055841,12428,463.63694281818186,45,58,7,0,22,80,8,0,23,4,83
2011-08-10 14:05:13,Normal,102,0,102,1145723,8197,3489334,66575,442.8188998137255,33,56,13,0,14,77,11,0,20,3,79
2011-08-10 14:05:14,Attack,123,0,126,1343719,22890,4790077,10385,399.35696691269845,39,80,7,0,39,86,1,0,32,0,93
2011-08-10 14:05:15,Normal,97,0,97,1501769,15886,3676206,53798,733.4381964948453,43,46,8,0,20,74,3,0,9,1,87
2011-08-10 14:05:16,Normal,181,0,181,929465,20364,7938482,62021,262.94161896685085,30,141,10,0,16,164,1,0,21,0,160
2011-08-10 14:05:17,Attack,119,0,120,1337755,3960,4679847,63186,567.4823274833332,41,71,8,0,20,93,7,0,16,3,101
2011-08-10 14:05:18,Normal,167,5,172,1801940,20254,6560608,37036,350.30570610465116,36,130,6,0,31,139,2,0,21,0,150
2011-08-10 14:05:19,Normal,139,3,142,1605155,17858,5426458,12255,535.4167268802817,40,92,10,0,22,117,3,0,15,1,125
2011-08-10 14:05:20,Normal,129,0,129,1673428,19189,4459864,25090,622.8770108217055,35,85,9,0,27,94,8,0,29,2,98
2011-08-10 14:05:21,Normal,146,0,146,1400957,8842,5692890,40383,278.0906563356164,35,100,11,0,17,110,19,0,36,6,104
2011-08-10 14:05:22,Normal,124,4,128,1615036,20749,4945283,58837,438.5374357421875,38,82,8,0,16,105,7,0,17,3,108
2011-08-10 14:05:23,Normal,121,0,121,1700310,16910,4281672,63278,714.9154036115701,29,81,11,0,35,82,4,0,24,3,94
2011-08-10 14:05:24,Normal,151,6,157,1344267,21277,6013043,26094,412.082998178344,55,96,6,0,15,137,5,0,24,1,132
2011-08-10 14:05:25,Attack,144,3,148,1390580,18828,6105158,27638,417.5931206621621,39,102,7,0,19,121,7,1,13,1,134
2011-08-10 14:05:26,Attack,126,0,127,1138876,5236,5277855,56000,370.59504060629916,34,80,13,0,25,96,4,2,16,0,109
2011-08-10 14:05:27,Attack,199,0,202,1473217,21949,6424680,56143,394.13253227227716,46,146,10,0,61,136,2,3,56,1,142
2011-08-10 14:05:28,Normal,132,2,134,1201560,7574,4963013,38605,318.9564318208955,31,94,9,0,29,100,5,0,29,3,101
2011-08-10 14:05:29,Normal,149,0,149,1269486,8454,5712208,6234,324.6681809530202,39,103,7,0,56,90,3,0,56,3,90
2011-08-10 14:05:30,Normal,136,0,136,1213783,48199,4866431,59572,420.48747227941175,32,96,8,0,31,104,1,0,26,2,108
2011-08-10 14:05:31,Attack,101,0,103,902996,5227,3588812,51533,279.8262689029126,36,60,7,0,11,79,13,0,24,3,76
2011-08-10 14:05:32,Attack,129,3,134,941899,22720,5159541,17481,367.737714141791,36,89,9,0,24,103,7,0,34,2,98
2011-08-10 14:05:33,Normal,145,0,145,1064680,67393,6078759,37958,482.0179285586207,34,106,5,0,23,118,4,0,25,2,118
2011-08-10 14:05:34,Normal,124,0,124,1483325,17167,4426434,48748,509.3986558467742,42,74,8,0,20,96,8,0,20,3,100
2011-08-10 14:05:35,Attack,181,0,182,1764388,21357,6854648,19269,504.4203324010989,36,133,13,0,32,145,5,0,26,3,152
2011-08-10 14:05:36,Normal,139,0,139,1197930,23630,4921468,56618,488.8152985971223,36,94,9,0,29,108,2,0,28,2,109
2011-08-10 14:05:37,Attack,130,0,132,1350020,3552,4560570,45522,675.8010349621212,45,81,6,0,13,115,4,0,14,3,115
2011-08-10 14:05:38,Normal,122,4,126,954088,18593,4926682,6779,316.4778021269841,37,80,9,0,5,118,3,0,22,2,102
2011-08-10 14:05:39,Normal,93,0,93,737072,3700,3725803,39782,720.3271737741937,28,59,6,0,22,71,0,0,22,2,67
2011-08-10 14:05:40,Normal,120,0,120,1072076,3843,4698161,56220,567.9204496916667,32,75,13,0,16,100,3,1,13,1,105
2011-08-10 14:05:41,Normal,114,0,114,1091477,10633,4562908,14134,321.26610566666665,33,74,7,0,16,88,10,0,25,1,88
2011-08-10 14:05:42,Normal,121,3,124,1381967,17020,5063147,28559,453.30415952419355,42,80,2,0,14,106,4,0,10,1,113
2011-08-10 14:05:43,Normal,136,0,136,1214365,6036,5394860,48135,480.1435676102942,35,91,10,0,19,113,4,0,14,0,122
2011-08-10 14:05:44,Normal,91,0,91,1124295,15611,3198784,50665,860.5541698021977,23,58,10,0,16,70,5,0,12,1,78
2011-08-10 14:05:45,Normal,142,0,142,1641746,4720,5908693,46009,516.2933800070423,29,110,3,0,29,108,5,0,23,3,116
2011-08-10 14:05:46,Attack,189,0,191,1744480,22324,7948478,443,429.44256624083766,39,146,6,0,37,148,6,0,26,0,164
2011-08-10 14:05:47,Attack,140,0,141,1169292,4956,5359840,63736,437.6554546241135,33,98,10,0,21,115,5,0,21,1,118
2011-08-10 14:05:48,Attack,141,0,146,1232135,6195,5473143,60150,460.35638410958904,45,88,13,0,17,118,11,0,26,3,116
2011-08-10 14:05:49,Normal,148,0,148,1244476,6580,5918195,58945,323.7979161486486,39,105,4,0,23,112,13,0,32,3,113
2011-08-10 14:05:50,Normal,142,0,142,1228717,53679,6212180,60482,371.09962189436624,46,91,5,0,25,110,7,0,31,3,108
2011-08-10 14:05:51,Normal,140,0,140,1326096,17730,5724939,37891,401.13713252142855,52,77,11,0,20,112,8,0,23,2,114
2011-08-10 14:05:52,Attack,87,3,93,1064169,15921,3098118,39131,540.0001229032256,44,44,5,0,16,73,4,0,13,3,77
2011-08-10 14:05:53,Attack,82,0,83,1016436,25145,3256301,1029,644.6232024578313,31,44,8,0,14,65,4,0,13,3,67
2011-08-10 14:05:54,Normal,140,0,140,1359398,5187,5981780,58946,499.3854485785714,35,99,6,0,17,116,7,0,20,1,119
2011-08-10 14:05:55,Normal,92,3,95,1083662,16789,3285378,17911,408.81252310526315,30,54,11,0,7,85,3,0,12,3,80
2011-08-10 14:05:56,Attack,89,0,90,901074,16600,3529867,17671,815.4809853111112,28,59,3,0,11,73,6,0,9,1,80
2011-08-10 14:05:57,Normal,96,0,96,985046,16104,3635415,53218,454.24629266666665,38,50,8,0,5,88,3,0,5,2,89
2011-08-10 14:05:58,Normal,133,0,133,961913,34692,5506220,58894,395.1592227669173,33,93,7,0,8,122,3,0,15,0,118
2011-08-10 14:05:59,Attack,92,0,93,924124,3813,3327291,3476,446.7285666129032,33,50,10,0,6,86,1,0,14,1,78
2011-08-10 14:06:00,Normal,81,0,81,854395,15319,2866084,63693,554.9679134567901,33,40,8,0,5,76,0,0,4,2,75
2011-08-10 14:06:01,Normal,114,0,114,962497,19095,4288516,61662,544.7994759385965,41,65,8,0,7,104,3,0,14,1,99
2011-08-10 14:06:02,Normal,96,3,99,759171,17205,3682319,52120,353.99349935353536,34,57,8,0,5,88,6,0,15,1,82
2011-08-10 14:06:03,Normal,160,0,160,878836,22359,7332573,20307,343.531629825,32,118,10,0,16,140,4,0,23,1,136
2011-08-10 14:06:04,Normal,188,0,188,913831,12172,8665279,2562,236.27834825531917,27,152,9,0,46,139,3,0,47,1,140
2011-08-10 14:06:05,Normal,84,0,84,592987,16492,3471617,1059,497.46100489285726,28,48,8,0,18,65,1,0,21,0,63
2011-08-10 14:06:06,Normal,171,0,171,1019747,11572,6994475,3860,358.7432520292398,30,136,5,0,49,111,11,0,60,1,110
2011-08-10 14:06:07,Attack,91,0,93,1039128,3779,3190696,138,689.7850740537634,26,59,8,0,15,76,2,0,14,0,79
2011-08-10 14:06:08,Attack,130,0,132,1185861,19125,4954747,3665,603.2855374090908,39,82,11,0,23,104,5,0,26,1,105
2011-08-10 14:06:09,Attack,171,0,174,768795,7957,7528744,44005,282.29444739655173,27,141,6,0,44,127,3,0,45,2,127
2011-08-10 14:06:10,Normal,173,0,173,1021269,9161,6380868,55077,382.4072830346821,50,114,9,0,49,117,7,0,57,1,114
2011-08-10 14:06:11,Normal,115,0,115,908786,19463,4448179,38019,377.66114810434783,33,71,11,0,5,106,4,0,14,1,100
2011-08-10 14:06:12,Normal,134,3,137,1289853,4295,4939095,52735,519.7440614525548,39,89,9,0,26,108,2,1,22,1,114
2011-08-10 14:06:13,Attack,105,0,110,918001,16752,4421224,34964,551.9013868454546,27,73,10,0,14,86,9,1,16,0,94
2011-08-10 14:06:14,Attack,145,0,146,1597782,20572,4873029,25001,455.6406933082192,39,103,4,0,37,103,6,0,30,3,113
2011-08-10 14:06:15,Normal,99,0,99,984926,4448,3522169,3423,521.6427190303029,35,58,6,0,15,80,4,0,24,2,73
2011-08-10 14:06:16,Normal,94,0,94,1062093,16348,3215156,27392,439.8413009893617,31,57,6,0,14,77,3,0,9,2,83
2011-08-10 14:06:17,Attack,104,0,106,1231723,27076,3758887,14770,410.10316873584895,37,62,7,0,12,90,4,0,14,2,90
2011-08-10 14:06:18,Normal,110,0,110,1024880,54517,4528830,14134,220.8799763909091,32,72,6,0,12,90,8,0,20,1,89
2011-08-10 14:06:19,Normal,153,0,153,1370876,19565,5921565,43689,390.6836113333333,47,101,5,0,12,139,2,0,17,2,134
2011-08-10 14:06:20,Attack,89,0,90,797543,2732,3358968,47233,464.7802496444444,36,50,4,0,7,80,3,0,13,1,76
2011-08-10 14:06:21,Normal,120,0,120,1274401,19925,4911729,3849,428.3953655750001,40,71,9,0,15,98,7,0,14,0,106
2011-08-10 14:06:22,Normal,108,3,111,1064366,62784,4267478,60437,465.46376499099097,35,72,4,0,16,89,6,0,17,2,91
2011-08-10 14:06:23,Normal,141,0,141,1347344,18309,5717962,58419,518.7757353049645,44,89,8,0,14,117,10,0,22,1,118
2011-08-10 14:06:24,Normal,119,0,119,1257071,18561,4531131,29805,501.8822215966386,38,74,7,0,18,98,3,0,16,1,102
2011-08-10 14:06:25,Normal,160,3,163,1442459,20203,4752616,25053,512.126334184049,46,107,10,0,27,105,31,0,51,5,107
2011-08-10 14:06:26,Normal,151,0,151,1653112,33717,5100413,1541,439.8818946556292,49,95,7,0,41,99,10,1,41,2,106
2011-08-10 14:06:27,Normal,113,0,113,1079560,29052,4397686,58821,381.0533553451328,34,74,5,0,20,90,3,0,25,0,88
2011-08-10 14:06:28,Attack,158,0,159,1153348,20944,5402940,58001,476.1954546477987,38,116,5,0,36,116,6,1,38,1,119
2011-08-10 14:06:29,Attack,123,0,124,1058053,17806,4362117,59712,402.8517535080645,34,84,6,0,36,81,6,1,37,1,85
2011-08-10 14:06:30,Attack,112,0,115,1172889,17849,4537033,55746,412.1134940086956,37,73,5,0,20,87,7,1,30,0,84
2011-08-10 14:06:31,Normal,120,0,120,1049697,5236,4538459,48326,345.62582096666665,34,78,8,0,22,85,13,0,30,2,87
2011-08-10 14:06:32,Normal,106,5,111,1172566,29957,4405371,61244,372.7925111531531,27,72,12,0,10,98,3,0,12,3,96
2011-08-10 14:06:33,Normal,98,0,98,1397659,15870,3586230,47833,419.7800898163266,45,44,9,0,11,81,6,0,11,2,85
2011-08-10 14:06:34,Attack,100,1,103,939096,3997,3971080,45235,362.989336592233,30,63,10,0,21,77,4,1,17,3,82
2011-08-10 14:06:35,Normal,143,0,143,1469248,12409,4945117,62239,413.427283048951,45,92,6,0,32,109,2,0,29,3,111
2011-08-10 14:06:36,Attack,121,0,122,947994,16656,4377615,40255,452.32505941803277,43,72,7,0,20,96,4,2,26,1,95
2011-08-10 14:06:37,Normal,112,0,112,1086047,19049,4439216,50765,465.65108951785714,36,70,6,0,25,84,3,0,17,0,95
2011-08-10 14:06:38,Attack,119,0,120,1100898,17905,4993228,23344,408.1831149083334,42,71,7,0,20,94,6,0,24,0,95
2011-08-10 14:06:39,Normal,219,0,219,1272407,9377,9170227,55101,261.7103379497717,27,184,8,0,34,181,4,0,53,0,166
2011-08-10 14:06:40,Attack,131,0,132,1058592,18378,5813448,46398,436.16414944696976,34,94,4,0,25,103,4,0,27,5,100
2011-08-10 14:06:41,Normal,120,0,120,1564478,15784,4410509,61386,460.0589790833333,36,74,9,0,20,90,8,1,15,10,95
2011-08-10 14:06:42,Normal,130,3,133,1866143,61767,4797690,59594,363.2389955639099,43,84,6,0,19,105,9,0,13,7,112
2011-08-10 14:06:43,Normal,131,0,131,1087535,8740,5438188,41802,314.0180839007633,28,91,12,0,15,105,11,0,14,6,111
2011-08-10 14:06:44,Normal,151,0,151,1570085,19241,4951704,10139,454.1929216092716,37,96,18,0,39,109,3,0,34,8,108
2011-08-10 14:06:45,Normal,188,0,188,1728804,21204,5836551,28978,360.5510589521277,33,149,6,0,23,156,9,0,61,5,121
2011-08-10 14:06:46,Normal,188,0,188,1720488,22651,7403842,60401,461.2333829734042,38,142,8,0,42,108,38,0,72,4,111
2011-08-10 14:06:47,Normal,149,0,149,1253060,18530,6208978,60422,375.67647338926173,37,106,6,0,16,131,2,0,16,5,126
2011-08-10 14:06:48,Normal,84,0,84,974561,17147,3125869,13797,555.2622220238094,33,46,5,0,10,72,1,1,17,3,64
2011-08-10 14:06:49,Attack,103,0,104,888045,4005,4160948,37830,582.6196891442307,28,69,7,0,9,93,2,0,11,0,93
2011-08-10 14:06:50,Attack,102,11,114,1097755,16301,4202448,16198,552.3725487807018,42,63,9,0,14,96,4,0,16,2,96
2011-08-10 14:06:51,Attack,97,4,107,791366,17027,3733258,42419,562.4787840186916,38,65,4,0,9,91,7,0,23,0,84
2011-08-10 14:06:52,Normal,116,3,119,1038703,34198,4617953,1550,439.10805746218483,31,78,10,0,11,104,4,0,14,3,102
2011-08-10 14:06:53,Normal,142,0,142,887970,47018,5745604,14271,433.8287574788733,36,98,8,0,24,117,1,0,25,1,116
2011-08-10 14:06:54,Normal,176,0,176,1372362,23532,7648308,51711,286.9067030113636,52,117,7,0,56,114,6,0,76,2,98
2011-08-10 14:06:55,Attack,158,0,161,1009825,20759,6971933,15676,285.73051318633543,30,122,9,0,54,103,3,1,59,3,99
2011-08-10 14:06:56,Normal,114,3,117,1125059,18471,4518844,31858,466.57813702564107,32,72,13,0,13,98,6,0,21,4,92
2011-08-10 14:06:57,Attack,178,0,179,1095401,21953,8256737,58952,297.385455972067,39,137,3,0,21,152,6,0,26,1,152
2011-08-10 14:06:58,Normal,99,0,99,581415,3292,3706156,52197,422.12117325252524,22,70,7,0,13,83,2,1,15,0,84
2011-08-10 14:06:59,Attack,103,0,104,1181856,16305,3160770,7444,444.61958898076927,41,52,11,0,10,80,14,0,25,1,77
2011-08-10 14:07:00,Normal,238,0,238,1073159,10449,11328830,56564,342.79860059243697,49,179,10,0,8,226,4,0,12,1,224
2011-08-10 14:07:01,Attack,95,3,99,767600,18516,3659537,45170,546.8265461616162,30,61,8,0,11,83,5,0,14,1,84
2011-08-10 14:07:02,Normal,108,17,125,1284739,49013,4684267,13363,606.234966664,36,84,5,0,13,109,3,0,11,0,113
2011-08-10 14:07:03,Normal,97,16,113,870910,3950,4132863,58161,497.5473614247787,36,72,5,0,12,95,6,0,18,1,94
2011-08-10 14:07:04,Normal,105,0,105,620199,20360,4080434,19300,363.2837637047619,28,68,8,1,12,80,12,1,25,0,78
2011-08-10 14:07:05,Normal,193,0,193,779984,9897,9116731,45951,310.25807750777204,40,150,3,0,20,156,17,0,39,0,154
2011-08-10 14:07:06,Normal,116,0,116,1058443,4411,4794721,34815,580.2069728965517,38,73,5,0,16,88,12,0,24,0,91
2011-08-10 14:07:07,Normal,118,0,118,970049,17178,4873981,36440,509.77120641525426,42,70,6,0,16,102,0,0,18,1,98
2011-08-10 14:07:08,Normal,157,0,157,1160481,12315,6235943,56352,299.89814129299367,33,114,10,0,53,100,4,0,54,3,99
2011-08-10 14:07:09,Normal,157,0,157,1290891,6639,6206446,51695,338.8109941656051,34,117,6,0,41,105,11,0,40,0,115
2011-08-10 14:07:10,Attack,175,0,176,1819869,19927,5873502,47626,446.64786449999997,35,131,10,0,41,127,8,0,37,6,132
2011-08-10 14:07:11,Attack,126,0,127,1127971,20433,4565088,17482,539.5713346299212,32,90,5,0,28,96,3,0,34,1,92
2011-08-10 14:07:12,Attack,145,3,151,736025,7664,6858437,51008,297.29485666887416,34,113,4,0,22,120,9,0,29,1,121
2011-08-10 14:07:13,Normal,95,0,95,852877,9354,3646720,3579,408.890833536842,34,56,5,0,5,85,5,0,12,3,80
2011-08-10 14:07:14,Normal,101,0,101,870571,10464,3742694,60957,606.2491117821783,48,52,1,0,7,93,1,0,13,3,85
2011-08-10 14:07:15,Normal,115,0,115,657827,5578,4461674,3468,457.9629436521739,31,83,1,0,16,94,5,0,23,1,91
2011-08-10 14:07:16,Attack,127,0,129,1406764,5632,4443438,53615,596.8200375581396,48,71,10,0,21,103,5,0,21,5,103
2011-08-10 14:07:17,Attack,127,0,128,1020457,5310,4900236,54061,426.9536603359375,41,82,5,0,17,107,4,0,24,4,100
2011-08-10 14:07:18,Attack,190,0,191,1075330,8495,7862543,53143,325.28198064397907,41,141,9,0,30,151,10,0,37,1,152
2011-08-10 14:07:19,Normal,174,0,174,1221879,19438,6439136,22321,443.28521352873554,41,127,6,0,33,137,4,0,31,11,131
2011-08-10 14:07:20,Attack,203,0,205,871439,11692,8582496,53919,240.78532051707316,32,164,9,0,39,155,11,0,49,2,153
2011-08-10 14:07:21,Normal,127,0,127,579621,8181,5228153,37315,323.5357679842519,33,92,2,0,26,97,4,0,32,0,95
2011-08-10 14:07:22,Normal,139,3,142,1044320,18956,5706543,65448,465.4045271056338,50,80,12,0,14,124,4,0,16,0,126
2011-08-10 14:07:23,Attack,162,0,164,793502,7619,6913813,40053,281.63701504268295,31,125,8,0,16,138,10,0,29,1,134
2011-08-10 14:07:24,Normal,158,0,158,1060433,7390,6584687,52267,358.4333492151899,37,117,4,0,36,109,13,0,48,0,110
2011-08-10 14:07:25,Normal,102,0,102,847603,19243,3928985,56104,641.0375922843137,35,62,5,0,11,83,8,0,18,1,83
2011-08-10 14:07:26,Normal,121,4,125,900707,19979,4680998,21384,423.41536395200006,36,84,5,0,14,97,12,2,28,1,94
2011-08-10 14:07:27,Normal,103,2,105,1051630,17375,3925969,23064,449.7737176190476,37,62,6,0,17,84,4,0,22,1,82
2011-08-10 14:07:28,Normal,165,0,165,2237839,4778,6947236,56071,569.0714134303029,44,113,8,0,37,118,9,1,20,3,141
2011-08-10 14:07:29,Normal,124,0,124,1525764,17599,4770634,21900,707.7327261048387,50,66,8,0,9,108,6,1,8,2,113
2011-08-10 14:07:30,Normal,142,0,142,1445948,23107,5388857,9291,445.2240917535211,37,99,6,0,26,111,5,0,35,2,104
2011-08-10 14:07:31,Attack,197,0,198,3815658,18825,8979641,26468,815.6887530858586,48,141,9,0,62,121,14,1,20,2,176
2011-08-10 14:07:32,Attack,183,3,187,2568564,67461,8844807,59916,661.2831458823529,37,137,13,0,43,134,10,0,18,3,166
2011-08-10 14:07:33,Attack,124,0,129,1108150,5917,4824231,50928,406.67043523255813,37,81,11,0,19,100,10,0,27,0,101
2011-08-10 14:07:34,Normal,133,0,133,1411407,27346,4983498,14732,812.4139790225563,50,77,6,0,14,118,1,0,15,3,114
2011-08-10 14:07:35,Normal,107,1,108,1080685,18489,4057667,44637,480.9813052685185,43,58,7,0,6,93,7,2,12,5,90
2011-08-10 14:07:36,Normal,82,0,82,905259,15807,2701922,50152,447.7997868292683,34,42,6,0,12,65,5,0,10,0,70
2011-08-10 14:07:37,Attack,87,0,88,752672,16531,3232583,7028,485.59514463636367,26,51,11,0,8,75,5,0,14,0,73
2011-08-10 14:07:38,Attack,159,0,160,1465150,20756,6549660,40437,379.45383448125,44,112,4,0,22,127,11,0,29,4,127
2011-08-10 14:07:39,Attack,107,2,110,1124156,16474,3877395,3869,384.32687213636353,39,63,8,0,9,98,3,0,9,1,100
2011-08-10 14:07:40,Normal,97,6,103,915284,4164,3658733,57641,697.7461719514563,31,62,10,0,19,81,3,0,16,1,86
2011-08-10 14:07:41,Attack,115,4,121,966004,16733,4505376,47586,271.51990436363633,35,75,11,0,11,107,3,0,16,4,101
2011-08-10 14:07:42,Normal,136,3,139,1282661,19859,5973289,28932,497.8941660647483,42,83,14,0,33,96,10,0,35,3,101
2011-08-10 14:07:43,Attack,122,0,123,1185982,20457,5235629,11115,542.7351076504066,28,90,5,0,28,91,4,0,23,3,97
2011-08-10 14:07:44,Normal,122,0,122,1748879,16114,4355586,59060,538.9861760491802,39,71,12,0,8,110,4,0,8,4,110
2011-08-10 14:07:45,Normal,125,0,125,1524868,16507,3889137,26928,401.958733848,41,75,9,0,23,95,7,0,16,2,106
2011-08-10 14:07:46,Normal,148,0,148,1321555,20745,5216001,13789,472.22178681756753,33,111,4,0,36,102,10,0,31,2,115
2011-08-10 14:07:47,Normal,111,0,111,1053284,2631,4242684,53252,469.8766985765767,46,59,6,0,9,97,5,0,17,3,91
2011-08-10 14:07:48,Normal,168,0,168,958704,21757,7008374,53016,414.7507209523809,40,113,15,0,43,116,9,0,55,2,111
2011-08-10 14:07:49,Normal,221,0,221,1144989,24135,10223808,51791,320.1365508506788,43,171,7,0,20,196,5,0,18,0,202
2011-08-10 14:07:50,Normal,115,0,115,706193,21738,4779753,44204,252.09866339130437,31,80,4,0,22,85,8,0,33,1,81
2011-08-10 14:07:51,Normal,113,0,113,972586,19099,3843026,18091,449.9111423539823,28,79,6,0,17,72,24,0,35,0,77
2011-08-10 14:07:52,Attack,128,3,132,878245,6644,4516815,49432,457.5416485,40,85,7,0,12,94,26,0,36,0,96
2011-08-10 14:07:53,Attack,107,10,120,919522,17432,4109538,4936,605.5552075833332,41,71,8,0,18,96,6,0,21,1,98
2011-08-10 14:07:54,Attack,145,0,150,978129,6372,5198372,55502,387.5647279000001,49,93,8,0,24,111,15,0,41,1,108
2011-08-10 14:07:55,Normal,116,0,116,1319526,3572,3897169,61124,533.9984951293103,45,67,4,0,22,82,12,0,29,2,85
2011-08-10 14:07:56,Normal,166,3,169,822072,23714,7140382,33439,437.2296605798817,40,121,8,0,40,122,7,0,46,1,122
2011-08-10 14:07:57,Normal,132,0,132,846955,18524,4839822,13596,368.72457519696974,38,85,9,0,12,112,8,0,21,0,110
2011-08-10 14:07:58,Attack,106,0,108,1518376,68199,3436381,4817,564.2722243611111,31,70,7,0,18,76,14,0,23,1,84
2011-08-10 14:07:59,Normal,126,0,126,939132,17547,4715866,60821,465.78677003968255,31,88,7,0,15,103,8,0,17,0,109
2011-08-10 14:08:00,Attack,85,0,87,928654,15998,3069420,5768,480.76917697701157,31,48,8,0,8,79,0,0,9,2,76
2011-08-10 14:08:01,Normal,120,0,120,1458875,19005,4182138,49405,686.45623745,38,74,8,0,20,91,9,0,14,1,105
2011-08-10 14:08:02,Attack,115,3,120,1300886,2882,4511651,3011,502.4176256583333,44,68,8,0,15,102,3,0,19,1,99
2011-08-10 14:08:03,Normal,84,0,84,979746,3942,3219479,48928,496.885771797619,32,46,6,0,13,70,1,0,17,2,65
2011-08-10 14:08:04,Attack,166,0,167,974569,21502,7324249,3273,360.7491658742515,39,125,3,0,25,138,4,0,29,2,136
2011-08-10 14:08:05,Normal,208,0,208,991934,11314,8677765,3869,219.99358694230767,37,164,7,0,66,136,6,0,75,1,131
2011-08-10 14:08:06,Normal,122,0,122,918959,5038,4639950,3310,567.9514976229508,41,74,7,0,16,101,5,0,20,0,102
2011-08-10 14:08:07,Normal,112,0,112,861701,18868,4648108,3015,673.7036325714287,32,73,7,0,12,95,5,0,18,0,94
2011-08-10 14:08:08,Normal,101,0,101,1080833,2651,3982558,3277,743.9274968415842,38,53,10,0,13,82,5,1,13,1,87
2011-08-10 14:08:09,Normal,132,0,132,1335593,4458,5119869,52927,665.9386164318183,42,87,3,0,15,112,5,0,12,1,118
2011-08-10 14:08:10,Normal,103,0,103,1013325,17282,3347487,22935,532.6814295825243,34,63,6,0,12,88,3,0,21,3,79
2011-08-10 14:08:11,Normal,126,3,129,813112,23487,4553182,50566,269.6962156046512,34,89,6,0,34,85,10,0,42,2,85
2011-08-10 14:08:12,Normal,114,4,118,1054283,17611,4618465,2985,495.95923588983055,37,69,12,0,12,103,3,0,12,0,106
2011-08-10 14:08:13,Attack,100,0,101,1014446,16536,3455274,29771,435.9694594554455,42,51,8,0,11,84,6,0,20,1,80
2011-08-10 14:08:14,Attack,112,0,115,750117,5266,4597335,54407,497.9513420347826,39,71,5,0,20,93,2,0,24,2,87
2011-08-10 14:08:15,Attack,130,0,133,1256365,7770,5261533,1560,525.2696737443608,49,77,7,0,22,110,1,0,22,1,109
2011-08-10 14:08:16,Normal,94,0,94,1044638,16471,3199269,17680,806.4771976276593,40,46,8,0,11,80,3,0,9,0,85
2011-08-10 14:08:17,Normal,115,0,115,1202422,4748,4448569,51762,504.99194731304345,47,62,6,0,16,92,7,0,23,1,91
2011-08-10 14:08:18,Normal,99,0,99,955161,5591,3330973,65829,471.5011082121212,41,51,7,0,10,84,5,0,16,1,82
2011-08-10 14:08:19,Attack,96,0,98,1363316,12007,3421749,24517,376.25353876530613,39,54,5,0,16,77,5,0,7,2,89
2011-08-10 14:08:20,Normal,153,0,153,1810501,11217,5592233,8681,511.76994870588226,41,99,13,0,32,116,5,0,27,4,122
2011-08-10 14:08:21,Attack,106,0,110,1054894,19737,3734622,37079,711.1221157090907,39,67,4,0,17,86,7,0,23,1,85
2011-08-10 14:08:22,Normal,105,3,108,1325351,3602,3994521,53061,637.580132537037,28,72,8,0,21,85,2,0,13,4,91
2011-08-10 14:08:23,Attack,79,0,80,803317,3513,2625645,55812,755.711760025,34,41,5,0,10,67,3,0,11,1,68
2011-08-10 14:08:24,Normal,110,0,110,847540,15813,4271092,56270,501.7819292363636,39,64,7,0,5,102,3,0,16,2,92
2011-08-10 14:08:25,Normal,140,0,140,984530,19175,5763971,33826,390.65091344285713,40,92,8,0,9,122,9,0,13,2,125
2011-08-10 14:08:26,Attack,134,0,135,1201039,5936,4932954,54174,484.3465917333333,46,77,12,0,16,114,5,0,20,2,113
2011-08-10 14:08:27,Normal,89,3,92,944133,2663,3223917,51739,630.1182187173913,30,55,7,0,13,74,4,1,13,0,78
2011-08-10 14:08:28,Normal,119,0,119,1573417,2690,4269943,48974,581.7670243529412,45,66,8,0,28,86,4,1,12,0,106
2011-08-10 14:08:29,Normal,135,0,135,1157135,17285,4743444,6676,507.2931901555556,37,92,6,0,19,102,13,1,27,0,106
2011-08-10 14:08:30,Normal,146,0,146,1108497,19396,5290931,39408,635.6191721164383,38,99,9,0,14,122,10,0,31,2,111
2011-08-10 14:08:31,Normal,179,0,179,1066426,9020,7197226,21795,416.60985387150834,41,129,9,0,30,141,7,1,42,5,131
2011-08-10 14:08:32,Normal,112,3,115,1028595,17199,4202503,1183,389.8789058521738,35,74,6,0,22,89,4,0,22,0,93
2011-08-10 14:08:33,Normal,86,0,86,794299,17155,3152809,32779,475.089523488372,31,50,5,0,8,73,5,0,14,1,71
2011-08-10 14:08:34,Attack,117,0,118,1026762,18371,4122613,34653,535.4691463728814,46,64,8,0,18,99,1,0,20,2,95
2011-08-10 14:08:35,Attack,153,0,154,938569,6226,6378058,3067,276.00476614935064,38,112,4,0,24,127,3,0,28,4,122
2011-08-10 14:08:36,Attack,162,0,165,2879116,17107,4430511,39965,270.0134834666667,43,117,5,0,55,100,10,0,17,1,147
2011-08-10 14:08:37,Normal,168,0,168,2925750,4656,4581684,51982,295.30281816666667,34,127,7,0,57,100,10,1,10,1,156
2011-08-10 14:08:38,Normal,85,0,85,695054,17177,2864798,40097,646.2124271882354,31,45,9,0,6,74,5,0,16,2,67
2011-08-10 14:08:39,Normal,118,0,118,1417202,4244,3948119,30266,766.2321466525424,37,73,8,0,19,93,6,0,14,4,100
2011-08-10 14:08:40,Attack,109,0,110,1010184,19007,4320446,30968,554.7943078909091,33,69,8,0,9,96,5,0,11,2,97
2011-08-10 14:08:41,Normal,92,0,92,696839,19339,3858471,57227,397.0159088043478,35,50,7,0,3,84,5,0,14,0,78
2011-08-10 14:08:42,Attack,112,3,117,1175887,18687,3905425,25347,467.819297991453,38,70,9,0,21,93,3,0,21,1,94
2011-08-10 14:08:43,Normal,98,0,98,1601793,15124,2797197,55889,486.86814139795916,45,48,5,0,15,74,7,2,13,6,79
2011-08-10 14:08:44,Attack,119,3,126,1381592,3294,3941646,62467,646.0081486349205,31,87,8,0,28,93,5,0,27,1,98
2011-08-10 14:08:45,Normal,124,0,124,1595793,17735,4242929,20475,523.2429973790323,29,86,9,0,20,94,10,0,15,1,108
2011-08-10 14:08:46,Normal,109,0,109,998004,6310,4059389,55129,614.8387233394495,36,68,5,0,13,84,12,0,19,2,88
2011-08-10 14:08:47,Attack,124,0,125,1524127,17009,4327795,51498,521.146926624,39,78,8,0,31,93,1,0,20,1,104
2011-08-10 14:08:48,Normal,113,0,113,1135342,62497,4599473,60218,564.548148079646,35,73,5,0,14,92,7,0,19,2,92
2011-08-10 14:08:49,Normal,108,0,108,1378729,16627,4060182,48364,559.658800324074,41,60,7,0,16,84,6,2,15,2,91
2011-08-10 14:08:50,Normal,153,0,153,921119,6216,6731680,57425,309.3489026666666,30,118,5,0,29,118,6,0,37,0,116
2011-08-10 14:08:51,Normal,89,0,89,1268013,55427,2878863,15127,741.1953710674159,42,40,7,0,14,74,1,0,9,1,79
2011-08-10 14:08:52,Attack,115,3,120,1500962,17235,4052574,36289,524.9113050666667,42,69,9,0,21,97,2,0,11,4,105
2011-08-10 14:08:53,Normal,90,0,90,1284220,15266,2683837,65438,738.5286925666667,30,50,10,0,23,64,3,0,11,5,74
2011-08-10 14:08:54,Normal,102,0,102,1357960,16912,3204951,27191,650.6386690686275,31,65,6,0,15,80,7,0,7,0,95
2011-08-10 14:08:55,Normal,101,0,101,1292379,62452,3560234,41860,649.910117128713,32,64,5,0,19,80,2,0,8,4,89
2011-08-10 14:08:56,Attack,135,0,138,1683408,21158,4543860,4490,639.5435372391305,53,80,5,0,27,109,2,0,19,4,115
2011-08-10 14:08:57,Attack,97,0,102,851398,4225,3850436,65496,476.425656127451,46,48,8,0,9,91,2,0,14,0,88
2011-08-10 14:08:58,Normal,102,3,105,1251610,17700,3710305,46360,525.7287578095238,44,58,3,0,10,88,7,0,11,2,92
2011-08-10 14:08:59,Normal,88,0,88,868031,17426,2867655,40227,501.8191834886364,33,44,11,0,11,74,3,0,15,3,70
2011-08-10 14:09:00,Normal,247,0,247,857284,12894,11672977,41708,207.12478942914976,35,209,3,0,18,224,3,2,23,0,224
2011-08-10 14:09:01,Attack,125,0,126,1522231,4555,4588257,56295,529.4929085396824,45,74,7,0,13,105,6,2,12,3,111
2011-08-10 14:09:02,Normal,112,3,115,1176783,17525,4271284,39806,691.7361887478261,42,66,7,0,14,97,4,0,11,1,103
2011-08-10 14:09:03,Attack,100,0,102,1237715,17512,3652454,14147,480.5577577941176,33,61,8,0,13,83,6,0,14,1,86
2011-08-10 14:09:04,Normal,154,0,154,866229,20553,6125200,58836,404.48965302597406,38,108,8,0,14,132,8,0,26,3,125
2011-08-10 14:09:05,Attack,163,0,164,1404755,22832,6493929,9297,347.19505901829274,30,125,9,0,13,139,12,0,23,3,138
2011-08-10 14:09:06,Normal,94,0,94,1046589,2393,3198588,35086,445.2505190531917,25,61,8,0,16,75,3,0,13,4,77
2011-08-10 14:09:07,Normal,105,0,105,921846,18139,3726334,19436,549.5103599523809,35,66,4,0,24,80,1,0,19,1,85
2011-08-10 14:09:08,Attack,106,0,107,891482,3852,3621561,53625,402.1559133364486,38,64,5,0,9,96,2,0,10,2,95
2011-08-10 14:09:09,Normal,107,0,107,1147243,4141,4055546,45809,557.0359897850467,38,58,11,0,5,98,4,0,13,0,94
2011-08-10 14:09:10,Normal,95,0,95,884703,18112,3948307,8226,374.75683573684194,25,61,9,0,9,81,5,0,28,2,65
2011-08-10 14:09:11,Normal,122,0,122,857100,19523,4984321,1823,582.6796164016392,36,79,7,0,6,115,1,0,34,1,87
2011-08-10 14:09:12,Normal,95,3,98,896709,3434,4018871,57408,598.1264230510204,38,55,5,0,9,86,3,0,12,1,85
2011-08-10 14:09:13,Attack,105,0,106,1428352,15985,3840000,28702,367.12818500000003,43,55,8,0,9,93,4,0,17,2,87
2011-08-10 14:09:14,Normal,81,0,81,777908,16025,2982489,44336,757.5781192469135,24,53,4,0,9,67,5,0,13,1,67
2011-08-10 14:09:15,Normal,89,0,89,851782,42276,3413335,13363,551.4071979325843,44,39,6,0,4,82,3,0,7,0,82
2011-08-10 14:09:16,Normal,119,0,119,1227202,17900,4328538,14963,649.3741154705882,44,69,6,0,14,102,3,0,22,2,95
2011-08-10 14:09:17,Attack,104,1,107,816972,18896,4309895,65070,444.34854778504666,30,75,2,0,18,87,2,0,26,2,79
2011-08-10 14:09:18,Attack,119,0,123,888374,17157,4826679,51602,538.9387144308943,38,74,11,0,13,105,5,0,28,2,93
2011-08-10 14:09:19,Normal,73,0,73,923566,15311,2725904,15658,817.5112583835617,37,31,5,0,6,64,3,0,12,0,61
2011-08-10 14:09:20,Normal,110,0,110,800513,18377,4577750,12435,473.27153951818167,32,71,7,0,7,101,2,0,26,0,84
2011-08-10 14:09:21,Normal,163,0,163,1004921,8581,6960851,59356,430.69953723926375,38,117,8,0,14,144,5,0,67,1,95
2011-08-10 14:09:22,Attack,85,3,89,835883,15850,3292134,28142,594.1513810337078,33,49,7,0,5,80,4,0,5,1,83
2011-08-10 14:09:23,Normal,92,0,92,987740,2486,3325317,61846,535.8770784891303,31,57,4,0,10,79,3,0,12,1,79
2011-08-10 14:09:24,Attack,80,0,83,882023,15788,3048423,15676,676.3548851686747,36,42,5,0,10,70,3,0,15,2,66
2011-08-10 14:09:25,Normal,96,0,96,1032207,16055,3182359,50734,613.9212858229167,39,53,4,0,16,79,1,0,11,1,83
2011-08-10 14:09:26,Attack,109,0,110,983538,16194,4307162,14049,470.0669733727272,39,64,7,0,9,100,1,0,11,2,97
2011-08-10 14:09:27,Normal,74,0,74,698601,15511,2670371,35230,630.3063920405406,34,37,3,0,8,65,0,1,15,1,57
2011-08-10 14:09:28,Normal,102,3,105,961162,18101,3973429,10663,474.69353427619046,37,63,5,0,8,91,5,1,16,3,85
2011-08-10 14:09:29,Attack,85,0,89,1109691,16775,2808498,25379,444.79300698876403,40,43,6,0,13,73,3,0,17,2,70
2011-08-10 14:09:30,Normal,103,0,103,855216,33093,3796970,11205,474.50545315533986,33,62,8,0,11,88,3,1,20,0,82
2011-08-10 14:09:31,Normal,111,0,111,966467,17076,4355763,17845,391.30052997297315,43,61,7,0,13,96,1,1,14,0,97
2011-08-10 14:09:32,Normal,115,3,118,942248,65795,4680928,13362,400.9156176864408,31,79,8,0,11,103,3,1,32,0,85
2011-08-10 14:09:33,Attack,137,0,138,627639,5819,6129287,51093,381.06909507246377,31,103,4,0,6,131,1,0,38,1,99
2011-08-10 14:09:34,Attack,116,3,120,1197871,6753,4809322,2354,560.541548,39,73,8,0,11,107,2,0,17,2,101
2011-08-10 14:09:35,Normal,89,0,89,965353,15556,3105750,49231,729.8438600449438,36,48,5,0,6,80,2,1,8,2,78
2011-08-10 14:09:36,Normal,89,0,89,924081,16753,3048411,55645,490.8526102808989,42,39,8,0,8,81,0,0,8,0,81
2011-08-10 14:09:37,Normal,103,0,103,976584,16603,3692736,11329,817.0531628834951,51,45,7,0,9,93,1,0,10,0,93
2011-08-10 14:09:38,Attack,138,0,139,882631,18748,5648999,10324,271.0844562014388,41,88,10,0,42,97,0,0,47,0,91
2011-08-10 14:09:39,Attack,139,0,143,737081,20185,6113557,9651,319.70990913286715,35,103,5,0,21,108,14,0,35,0,108
2011-08-10 14:09:40,Normal,145,0,145,689630,20760,5805680,13597,385.5326267586207,25,112,8,0,16,99,30,0,48,1,96
2011-08-10 14:09:41,Normal,114,0,114,737882,5488,4630512,3389,261.11136145614034,39,73,2,0,5,97,12,0,19,0,95
2011-08-10 14:09:42,Normal,84,3,87,806946,16936,3148614,54010,558.1404600000002,36,45,6,0,4,80,3,0,9,3,75
2011-08-10 14:09:43,Attack,93,0,94,1047773,2565,3489859,41098,686.9700539255318,27,53,14,0,10,77,7,0,11,0,83
2011-08-10 14:09:44,Normal,100,0,100,975801,16693,3187811,17863,696.75956433,35,56,9,0,7,81,12,0,19,0,79
2011-08-10 14:09:45,Attack,99,0,101,859237,3474,3388203,1234,589.6851289108911,42,53,6,0,6,90,5,0,12,0,89
2011-08-10 14:09:46,Normal,84,0,84,795542,18400,3055923,13921,452.0319331309524,34,48,2,0,11,73,0,0,9,3,72
2011-08-10 14:09:47,Attack,121,0,122,1157246,16580,3584715,64643,429.7646141967213,46,69,7,0,23,92,7,0,37,2,83
2011-08-10 14:09:48,Normal,102,2,104,892053,4181,3316325,996,688.8243700865385,46,52,6,0,11,90,3,0,17,2,85
2011-08-10 14:09:49,Normal,114,0,114,761823,8179,4520908,49893,390.20000336842105,40,70,4,0,14,93,7,0,29,1,84
2011-08-10 14:09:50,Attack,102,0,103,1003458,17499,3363338,34780,496.459389330097,41,54,8,0,11,85,7,0,23,1,79
2011-08-10 14:09:51,Normal,99,0,99,1098885,42594,3828499,13363,508.050521080808,44,52,3,0,8,82,9,0,23,0,76
2011-08-10 14:09:52,Normal,102,3,105,697676,16993,3867952,53552,422.8378205428571,30,66,9,0,5,99,1,0,18,0,87
2011-08-10 14:09:53,Normal,87,0,87,710825,17705,3379589,1106,591.8255408390805,35,46,6,0,14,72,1,0,21,0,66
2011-08-10 14:09:54,Normal,106,0,106,912995,17235,3932725,34227,420.2737960849057,30,68,8,0,22,80,4,0,25,1,79
2011-08-10 14:09:55,Attack,94,0,95,1140306,3790,3334519,61959,720.1292745999997,41,45,9,0,15,77,3,0,19,2,74
2011-08-10 14:09:56,Normal,127,0,127,1205788,17822,4460729,52947,450.57447281889756,36,79,12,0,11,114,2,0,16,0,111
2011-08-10 14:09:57,Attack,112,0,114,1545620,3940,3917390,53293,642.4403375614035,40,72,2,0,24,80,10,0,15,2,96
2011-08-10 14:09:58,Attack,105,0,106,1203703,3319,3750640,33310,683.5032129433961,46,54,6,0,17,87,2,0,16,1,87
2011-08-10 14:09:59,Attack,105,3,110,1072616,17616,4187070,44745,558.7692370999999,36,66,8,0,22,81,7,0,28,2,80
2011-08-10 14:10:00,Attack,84,0,89,1194241,3097,2905895,37610,568.9358331348315,36,47,6,0,12,67,10,0,18,3,68
2011-08-10 14:10:01,Normal,101,0,101,1221549,19422,3450134,22400,724.3329373861387,39,54,8,0,20,81,0,0,19,3,79
2011-08-10 14:10:02,Normal,85,3,88,976989,17300,3006700,7881,629.2564666704545,41,35,12,0,9,72,7,0,17,3,68
2011-08-10 14:10:03,Normal,82,0,82,863944,16729,2742522,56488,897.8333069634147,31,42,9,0,5,71,6,0,15,2,63
2011-08-10 14:10:04,Attack,97,0,98,1081660,2689,3674206,52670,655.9642111224489,40,51,7,0,28,65,5,0,29,1,68
2011-08-10 14:10:05,Normal,73,0,73,864130,16005,2506561,66076,596.8532400136986,37,30,6,0,5,62,6,0,16,4,53
2011-08-10 14:10:06,Attack,80,0,84,1152154,1953,2300190,51048,641.866051345238,33,45,6,0,16,61,7,0,20,1,63
2011-08-10 14:10:07,Normal,84,0,84,1511987,14736,2473142,23174,890.8186117857142,30,46,8,0,23,56,5,0,15,1,67
2011-08-10 14:10:08,Attack,74,0,75,937101,1065,2293000,57819,890.7060269066665,44,27,4,0,16,57,2,0,17,1,57
2011-08-10 14:10:09,Normal,61,16,77,901427,16237,2545641,38096,427.02699393506504,30,38,9,0,7,64,6,0,13,1,62
2011-08-10 14:10:10,Normal,78,0,78,1219521,37218,2355049,14916,737.6689786025642,34,33,11,0,19,54,5,0,14,4,60
2011-08-10 14:10:11,Attack,103,0,104,1610878,17234,3572713,31498,771.7293614038462,31,65,8,0,28,67,9,0,26,1,77
2011-08-10 14:10:12,Normal,74,3,77,1024913,2099,2631633,47213,630.5997509480519,42,27,8,0,8,66,3,0,8,1,68
2011-08-10 14:10:13,Normal,74,0,74,1287801,60114,2508076,31612,718.9466973243244,27,42,5,0,18,50,6,0,9,1,64
2011-08-10 14:10:14,Normal,81,0,81,1008417,15810,3146671,61094,583.7117025802469,34,35,12,0,3,77,1,0,18,2,61
2011-08-10 14:10:15,Normal,81,0,81,959972,4119,2739569,29897,410.2737979506173,35,39,7,0,12,65,4,0,15,1,65
2011-08-10 14:10:16,Normal,54,0,54,757118,14337,1831408,35801,744.4559646666665,25,22,7,0,7,47,0,0,7,0,47
2011-08-10 14:10:17,Normal,71,0,71,924893,15907,2320281,47319,714.1917835352114,36,25,10,0,15,56,0,0,13,0,57
2011-08-10 14:10:18,Attack,61,0,62,921089,15251,1997624,30847,1030.012147564516,31,25,6,0,10,49,2,1,8,1,53
2011-08-10 14:10:19,Normal,92,0,92,882504,20883,3296374,65518,580.8126496847826,44,39,9,0,16,75,1,0,22,0,70
2011-08-10 14:10:20,Attack,106,0,107,930044,24675,4074844,1625,417.49722059813087,42,57,8,0,27,79,1,0,26,0,81
2011-08-10 14:10:21,Attack,129,0,132,1123075,22894,4682581,50074,349.3211030227273,36,88,8,0,27,99,6,0,29,1,101
2011-08-10 14:10:22,Normal,156,3,159,479357,12359,7582307,37416,209.6554520754717,23,131,5,0,23,135,1,0,25,0,134
2011-08-10 14:10:23,Normal,128,0,128,1199317,7643,4576819,3754,462.69370665624996,35,85,8,0,29,97,2,0,26,2,100
2011-08-10 14:10:24,Normal,155,0,155,922234,11170,7112348,54657,283.07066705161293,37,107,11,0,58,96,1,0,64,0,91
2011-08-10 14:10:25,Attack,94,0,96,630798,18128,3974264,27595,468.8524527291667,30,52,14,0,9,79,8,0,24,0,72
2011-08-10 14:10:26,Normal,103,0,103,1132245,18025,3469350,62233,672.7684062524274,39,53,11,0,18,77,8,0,27,2,74
2011-08-10 14:10:27,Attack,118,0,121,924676,17812,4380842,49606,303.9565061900826,28,84,9,0,18,95,7,1,21,1,98
2011-08-10 14:10:28,Normal,130,0,130,1112417,19450,4750631,16248,339.4786103615385,31,93,6,0,7,112,10,1,16,2,111
2011-08-10 14:10:29,Normal,87,3,90,925693,16030,3028656,60872,488.57172684444447,38,42,10,0,9,71,9,1,18,0,71
2011-08-10 14:10:30,Attack,94,3,98,1011408,16834,3168885,62891,518.3869691326531,39,56,3,0,26,61,11,0,32,1,65
2011-08-10 14:10:31,Normal,72,9,81,861119,3269,3058518,22815,284.2404127407408,24,51,6,0,10,65,5,1,19,2,59
2011-08-10 14:10:32,Attack,145,5,151,951336,20788,6069158,24751,302.61539629139065,22,121,8,0,45,101,5,0,49,3,99
2011-08-10 14:10:33,Normal,231,0,231,875557,13102,10920096,50329,224.91468437662337,37,185,9,0,77,152,2,0,92,1,138
2011-08-10 14:10:34,Normal,148,0,148,1403371,19346,6212075,3308,530.9160904797299,48,89,11,0,10,132,5,1,18,2,127
2011-08-10 14:10:35,Normal,91,0,91,980751,16539,3168356,20341,895.0665546043955,37,41,13,0,17,68,6,0,26,0,65
2011-08-10 14:10:36,Normal,121,0,121,820756,17549,5149687,11515,432.49365642148763,37,77,7,0,14,107,0,0,21,1,99
2011-08-10 14:10:37,Normal,88,0,88,563819,5021,3577033,51320,516.9074443977273,31,51,6,0,8,76,4,0,18,0,69
2011-08-10 14:10:38,Normal,97,0,97,856075,62896,3424699,14355,743.457499556701,35,52,10,0,23,74,0,0,28,2,67
2011-08-10 14:10:39,Attack,85,0,86,856071,15594,3165045,53506,1095.8643253488372,29,53,4,0,23,58,5,0,28,1,57
2011-08-10 14:10:40,Normal,96,0,96,749190,6285,3864808,51300,381.3559733541667,32,57,7,0,19,72,5,0,25,1,70
2011-08-10 14:10:41,Normal,98,0,98,939078,18515,3770033,38170,776.6099741734694,35,55,8,0,27,63,8,0,31,2,65
2011-08-10 14:10:42,Attack,121,3,129,689386,21355,5437231,52004,469.02882482945733,30,84,15,0,18,98,13,0,33,1,94
2011-08-10 14:10:43,Normal,75,0,75,865631,15156,2804513,63053,616.2315627866667,39,26,10,0,7,63,4,1,14,1,59
2011-08-10 14:10:44,Normal,73,4,77,958673,16131,2388285,62351,795.0707397922079,30,46,1,0,19,52,6,0,21,2,54
2011-08-10 14:10:45,Normal,96,0,96,1385780,15574,2849479,13684,905.4943970104167,39,49,8,0,21,71,4,0,20,1,75
2011-08-10 14:10:46,Attack,70,0,72,1056562,16659,2320567,3375,880.1801065694444,35,33,4,0,17,50,5,0,15,1,55
2011-08-10 14:10:47,Normal,103,0,103,1139804,22459,4063991,7665,407.58530183495157,40,54,9,0,21,79,3,0,23,3,77
2011-08-10 14:10:48,Attack,74,0,77,1108091,1678,2329225,53514,824.9045043636362,37,35,5,0,14,59,4,0,13,0,64
2011-08-10 14:10:49,Normal,101,0,101,1396840,17430,3612019,63165,948.628495762376,44,51,6,0,25,73,3,0,20,1,80
2011-08-10 14:10:50,Normal,97,2,99,895088,17484,3235684,16415,567.3561281818182,34,58,7,0,20,73,6,0,21,1,76
2011-08-10 14:10:51,Attack,103,1,105,1663407,2884,3249874,65233,478.0655603333334,35,63,7,0,18,76,11,0,13,1,91
2011-08-10 14:10:52,Normal,113,3,116,1244435,3456,4494182,51057,423.92723723275856,37,75,4,0,10,103,3,0,9,2,105
2011-08-10 14:10:53,Attack,93,0,94,1355366,2885,2939964,1780,901.5933477021277,35,53,6,0,18,71,5,0,18,2,74
2011-08-10 14:10:54,Normal,83,0,83,983618,15925,3092818,18683,706.0032046024095,44,32,7,0,14,68,1,0,19,0,64
2011-08-10 14:10:55,Attack,196,0,198,986483,21314,9161885,11231,278.8447052979798,36,148,14,0,14,178,6,0,20,0,178
2011-08-10 14:10:56,Normal,105,0,105,973898,15755,4001233,35888,663.1962265238094,51,50,4,0,15,86,4,0,15,1,89
2011-08-10 14:10:57,Normal,83,0,83,921408,16509,3274575,56776,513.7260012530121,33,41,9,0,11,69,3,0,16,0,67
2011-08-10 14:10:58,Normal,71,0,71,858069,16083,2535040,52412,591.7649053239437,35,31,5,0,11,56,4,0,13,0,58
2011-08-10 14:10:59,Normal,90,3,93,989051,61410,3216110,13363,704.2283807741936,39,47,7,0,14,75,4,0,18,0,74
2011-08-10 14:11:00,Attack,69,3,73,703598,15630,2448980,7349,735.8333376712329,33,35,5,0,8,65,0,0,8,4,60
2011-08-10 14:11:01,Normal,238,1,239,740953,23210,11737809,13442,296.55553076569043,34,196,9,0,22,215,2,0,23,2,214
2011-08-10 14:11:02,Normal,104,3,107,1058886,19301,3828283,4352,738.1037253271029,30,69,8,0,16,84,7,0,15,1,91
2011-08-10 14:11:03,Attack,82,0,87,807216,16911,3091126,32743,376.65255760919536,35,42,10,0,13,71,3,0,22,1,64
2011-08-10 14:11:04,Normal,100,0,100,908004,4650,3996932,2744,482.80033712,31,56,13,0,22,73,5,0,26,2,72
2011-08-10 14:11:05,Normal,77,0,77,1071793,59980,2737205,13486,912.2334849870131,37,33,7,0,18,56,3,0,14,0,63
2011-08-10 14:11:06,Normal,91,0,91,1039024,15129,3327678,49212,1003.2744287032967,45,38,8,0,5,84,2,0,11,1,79
2011-08-10 14:11:07,Attack,96,0,97,1151616,2300,3521453,53626,551.8694212680413,36,51,10,0,10,83,4,0,16,0,80
2011-08-10 14:11:08,Normal,65,0,65,732213,17133,2195096,16602,730.3575335076923,35,25,5,0,4,57,4,0,12,0,53
2011-08-10 14:11:09,Attack,84,0,86,823336,60659,3178980,13622,454.7403810000001,33,50,3,0,15,63,7,1,22,1,63
2011-08-10 14:11:10,Normal,75,0,75,1319730,14943,2248310,40234,805.9077171066668,38,32,5,0,15,60,0,0,7,4,64
2011-08-10 14:11:11,Attack,149,0,150,1128084,35840,6013775,14133,592.1107871666667,46,95,9,0,25,116,9,0,28,2,120
2011-08-10 14:11:12,Attack,94,3,98,1002711,16559,3594118,13300,479.6967547040816,30,57,11,0,8,83,7,0,16,1,81
2011-08-10 14:11:13,Normal,73,0,73,878404,14877,2473108,53683,544.9466143150685,36,27,10,0,9,64,0,0,17,2,54
2011-08-10 14:11:14,Attack,94,0,95,1183010,15897,3588960,62931,735.6301652736843,37,52,6,0,12,78,5,0,12,3,79
2011-08-10 14:11:15,Normal,72,0,72,897171,14859,2424846,10556,714.3225756805556,34,31,7,0,11,60,1,0,8,1,63
2011-08-10 14:11:16,Normal,126,0,126,1081370,18519,5159967,7293,494.3614599920635,36,82,8,0,12,109,5,0,25,0,101
2011-08-10 14:11:17,Normal,289,0,289,1133523,28567,12524134,29233,222.34572256747407,32,243,14,0,22,260,7,0,36,1,252
2011-08-10 14:11:18,Normal,119,0,119,941402,21100,5132427,53020,402.378071907563,34,80,5,0,22,83,14,0,41,1,76
2011-08-10 14:11:19,Normal,147,0,147,967180,7760,6505579,56045,498.3490097210884,31,110,6,0,28,117,2,0,57,0,90
2011-08-10 14:11:20,Normal,125,0,125,1224797,16540,4565677,49651,575.7820975200001,46,68,11,0,8,114,3,0,19,1,105
2011-08-10 14:11:21,Attack,92,0,94,657223,17738,3282382,20233,370.4568915425531,36,54,4,0,12,78,4,0,27,2,65
2011-08-10 14:11:22,Attack,119,6,126,991309,19560,4732463,34694,514.9754182857142,44,72,10,0,17,106,3,0,21,1,104
2011-08-10 14:11:23,Normal,161,0,161,1108575,7279,6736070,52193,410.6552578757764,31,118,12,0,9,151,1,0,38,0,123
2011-08-10 14:11:24,Attack,83,0,98,1122223,70117,2904452,4307,507.7944416938776,35,57,6,0,13,73,12,0,23,2,73
2011-08-10 14:11:25,Attack,175,0,176,888738,23857,7101188,44788,278.0075096875,43,128,5,0,29,144,3,0,36,1,139
2011-08-10 14:11:26,Normal,85,0,85,975949,17358,3008769,33970,419.12385284705886,37,38,10,0,6,77,2,0,14,2,69
2011-08-10 14:11:27,Normal,128,0,128,1283966,17978,5334703,43890,305.8172473671875,31,91,6,0,18,106,3,1,14,2,111
2011-08-10 14:11:28,Attack,121,0,124,1290901,17183,4069483,22975,604.1726416290322,44,70,10,0,15,106,2,1,11,1,111
2011-08-10 14:11:29,Normal,99,0,99,1063324,2963,3238494,56003,443.2800743636363,23,69,7,0,17,79,2,1,14,2,82
2011-08-10 14:11:30,Attack,116,3,124,1130289,4820,4856136,48961,496.60920929032255,42,70,12,0,12,109,3,0,17,1,106
2011-08-10 14:11:31,Attack,61,0,62,782822,14708,2123706,5401,617.8504050322581,30,25,7,0,8,54,0,0,7,2,52
2011-08-10 14:11:32,Normal,138,3,141,1984219,16782,5117947,22900,583.2426352624113,38,92,11,0,37,99,5,0,27,5,109
2011-08-10 14:11:33,Normal,139,0,139,1487846,4805,5313343,53341,447.78187877697843,50,80,9,0,14,122,3,0,18,5,116
2011-08-10 14:11:34,Attack,130,0,131,1456103,18397,5143042,39498,480.35587411450376,39,86,6,0,12,114,4,1,23,2,105
2011-08-10 14:11:35,Attack,135,0,136,914821,20553,5628174,6431,371.9799838088235,38,90,8,0,9,124,2,1,45,2,88
2011-08-10 14:11:36,Normal,95,0,95,1184496,15470,3079907,10309,623.830484831579,49,39,7,0,11,83,1,0,11,2,82
2011-08-10 14:11:37,Normal,106,0,106,1406347,17027,3587317,30287,867.3940831037736,26,72,8,0,19,85,2,0,10,1,95
2011-08-10 14:11:38,Normal,112,0,112,1297155,17373,3512099,27359,594.9522906875,27,80,5,0,21,90,1,0,9,2,101
2011-08-10 14:11:39,Normal,133,0,133,1368742,40906,4631848,38397,599.4429422706767,39,84,10,0,18,111,4,0,13,1,119
2011-08-10 14:11:40,Normal,104,0,104,1208002,32766,3555921,14905,614.7230316057693,42,60,2,0,13,90,1,0,12,2,90
2011-08-10 14:11:41,Normal,87,0,87,1123818,63284,2996277,68015,557.8411349885058,41,37,9,0,10,77,0,0,7,5,75
2011-08-10 14:11:42,Attack,102,3,106,1351519,21638,3505209,34526,553.4462131509434,40,60,6,0,15,86,5,0,14,5,87
2011-08-10 14:11:43,Normal,125,0,125,1046636,18425,5156585,55537,502.06657367199983,43,75,7,0,9,112,4,0,18,1,106
2011-08-10 14:11:44,Normal,82,0,82,1063785,17568,2800181,13789,544.6335398048781,27,46,9,0,7,67,7,1,12,1,69
2011-08-10 14:11:45,Attack,99,0,104,1111207,5426,3273052,41566,611.041599375,44,54,6,0,13,87,4,0,22,2,79
2011-08-10 14:11:46,Normal,116,0,116,1040475,19651,4772203,52257,390.16671182758625,33,78,5,0,11,98,7,0,18,3,94
2011-08-10 14:11:47,Normal,85,0,85,872868,3005,2937266,57303,510.7952784470589,40,39,6,0,12,71,2,0,14,2,69
2011-08-10 14:11:48,Normal,139,0,139,1048225,51936,5506926,61614,452.91987241007195,51,80,8,0,6,129,4,0,9,1,128
2011-08-10 14:11:49,Attack,98,0,100,708014,18498,3946160,48321,551.36497045,29,65,6,0,17,82,1,0,22,1,77
2011-08-10 14:11:50,Normal,116,1,117,1570790,17545,3705117,30514,898.9375376495726,38,74,5,0,28,86,3,0,12,7,98
2011-08-10 14:11:51,Attack,122,0,125,1441970,18722,4082107,12645,567.7373033680001,38,85,2,0,17,105,3,0,16,9,100
2011-08-10 14:11:52,Normal,128,3,131,1125530,20422,4525562,8135,345.5739399541985,36,93,2,0,34,95,2,0,48,9,74
2011-08-10 14:11:53,Normal,177,0,177,1284655,20905,7089425,61340,270.77643428248587,45,127,5,0,13,158,6,0,29,7,141
2011-08-10 14:11:54,Normal,124,2,126,1094175,18852,4821390,21933,381.05537326984137,34,82,10,0,8,112,6,0,20,6,99
2011-08-10 14:11:55,Attack,102,0,103,781303,27520,2871055,1,426.5027130291262,25,71,7,0,7,90,6,0,34,3,66
2011-08-10 14:11:56,Attack,214,0,215,1324828,24666,8819115,41561,303.2883965441861,32,177,6,0,26,150,39,0,85,2,128
2011-08-10 14:11:57,Normal,90,0,90,1052128,16826,3154903,40730,694.5622271222222,39,41,10,0,8,79,3,0,13,3,74
2011-08-10 14:11:58,Normal,81,0,81,886801,15344,3029119,56416,686.4494668395063,28,44,9,0,5,73,3,0,3,0,77
2011-08-10 14:11:59,Normal,93,0,93,1069676,15689,3528417,61059,774.5635803118279,35,53,5,0,10,81,2,0,7,1,85
2011-08-10 14:12:00,Normal,194,3,197,1006608,21715,8906824,25736,248.50511237055838,37,154,6,0,27,167,2,1,27,3,166
2011-08-10 14:12:01,Normal,87,0,87,675343,17420,3363048,56202,570.0119556206897,33,46,8,0,6,79,2,0,14,1,72
2011-08-10 14:12:02,Normal,153,3,156,889346,10037,6799815,55209,324.38418876282054,31,119,6,0,36,105,15,0,47,1,108
2011-08-10 14:12:03,Attack,168,0,169,1406980,20407,6297441,19498,525.4567501242603,44,113,12,0,22,140,7,0,21,0,148
2011-08-10 14:12:04,Normal,122,0,122,842415,7222,4915175,56554,436.0323866229508,36,77,9,0,14,106,2,0,16,0,106
2011-08-10 14:12:05,Normal,90,0,90,788490,17594,3400638,58341,690.9241609333335,33,53,4,0,15,71,4,0,15,1,72
2011-08-10 14:12:06,Attack,106,0,110,1144439,16921,3899820,52682,622.0866870454546,39,66,5,0,11,94,5,0,15,2,93
2011-08-10 14:12:07,Normal,98,0,98,914349,16266,3632613,3382,438.0068878163266,44,43,11,0,7,90,1,0,14,2,82
2011-08-10 14:12:08,Normal,98,4,102,1104447,28947,3910387,14274,581.6902556666668,34,63,5,0,14,86,2,0,12,1,89
2011-08-10 14:12:09,Normal,125,0,125,1364205,18162,4678809,28618,721.7990957599999,44,78,3,0,22,99,4,0,19,0,106
2011-08-10 14:12:10,Attack,92,0,94,758235,4089,3379541,4343,523.6934953617022,30,57,7,0,14,78,2,0,20,0,74
2011-08-10 14:12:11,Normal,86,0,86,1073981,3464,2937837,29291,787.6805950232557,36,38,12,0,14,68,4,0,11,1,74
2011-08-10 14:12:12,Attack,123,3,129,593104,14144,5385591,12920,281.4941549147287,31,90,8,0,25,100,4,0,39,1,89
2011-08-10 14:12:13,Normal,145,0,145,979361,19215,6177404,55009,379.35883549655176,41,101,3,0,11,131,3,0,17,0,128
2011-08-10 14:12:14,Normal,127,0,127,919984,4239,4997989,36449,551.7667919999999,38,78,11,0,11,115,1,0,21,0,106
2011-08-10 14:12:15,Normal,143,0,143,813627,20504,6174740,10259,447.5165433916085,32,99,12,0,44,93,4,2,54,1,88
2011-08-10 14:12:16,Attack,106,0,107,1068097,7033,3591673,22560,616.5649943084113,43,59,5,0,5,98,4,0,16,2,88
2011-08-10 14:12:17,Attack,84,0,85,1003222,15211,3162439,13162,620.0451954,39,37,9,0,7,73,5,0,12,0,73
2011-08-10 14:12:18,Normal,104,0,104,1340667,2406,3369940,39707,721.3067860384615,35,65,4,0,20,80,4,0,12,0,92
2011-08-10 14:12:19,Normal,113,0,113,1063693,16912,4049910,53145,781.2876387433628,35,71,7,0,16,94,3,0,14,1,98
2011-08-10 14:12:20,Normal,101,0,101,1185858,17220,3752079,21521,567.9842665247523,33,58,10,0,23,73,5,0,22,2,77
2011-08-10 14:12:21,Normal,149,0,149,592334,63319,6743800,13362,183.93867371140942,26,119,4,0,33,106,10,0,71,1,77
2011-08-10 14:12:22,Normal,126,3,129,1171315,69240,5063350,930,524.6770906434108,51,67,11,0,12,113,4,0,40,2,87
2011-08-10 14:12:23,Normal,127,0,127,1122141,18469,4902885,59594,373.42041971653555,41,75,11,0,10,115,2,0,24,4,99
2011-08-10 14:12:24,Attack,153,0,155,1778846,17212,5538903,9948,500.4026761161291,55,94,6,0,22,125,8,0,19,1,135
2011-08-10 14:12:25,Normal,163,0,163,916216,6581,6738712,51868,380.255485392638,40,114,8,0,10,143,9,0,35,0,127
2011-08-10 14:12:26,Normal,140,0,140,1031298,10657,5664384,3253,513.0184808285715,43,87,10,0,37,96,7,0,48,2,90
2011-08-10 14:12:27,Attack,123,0,128,1111067,5795,5039698,50391,342.87981371875,38,80,10,0,26,92,8,2,33,0,93
2011-08-10 14:12:28,Normal,98,0,98,635238,7059,3543632,50918,383.2941676020409,34,60,4,0,18,76,3,1,22,1,74
2011-08-10 14:12:29,Normal,119,0,119,1068151,4481,4156928,61327,501.42468773109243,35,80,4,0,17,99,3,0,20,1,98
2011-08-10 14:12:30,Attack,114,3,118,1176645,18003,4307375,51586,525.0559585338983,30,78,10,0,21,88,8,1,19,0,98
2011-08-10 14:12:31,Attack,90,0,91,1016492,25431,3259147,31629,672.9242608681318,20,64,7,0,14,72,5,0,11,0,79
2011-08-10 14:12:32,Normal,165,3,168,1077263,21620,7121975,10629,288.6436846666667,40,119,9,0,19,142,7,0,26,2,140
2011-08-10 14:12:33,Attack,95,0,97,935223,3948,3227880,55136,486.595231,45,48,4,0,20,76,1,0,21,1,75
2011-08-10 14:12:34,Normal,149,0,149,1375415,6006,5185829,61491,647.2480377583892,42,95,12,0,28,117,4,0,26,2,120
2011-08-10 14:12:35,Normal,98,0,98,1079486,16522,3502470,22237,636.170332132653,40,52,6,0,11,84,2,1,10,1,85
2011-08-10 14:12:36,Normal,141,0,141,1302794,18849,5840955,22691,454.5108169574469,42,90,9,0,21,120,0,0,14,1,125
2011-08-10 14:12:37,Normal,90,0,90,812571,3458,3315700,53092,745.1291311333333,33,50,7,0,9,80,1,0,16,1,72
2011-08-10 14:12:38,Attack,115,0,117,945137,4398,4593691,4006,586.6073941965811,28,79,10,0,27,87,3,0,27,2,88
2011-08-10 14:12:39,Normal,112,1,113,1131672,19586,4498262,59172,185.69074444247786,37,70,6,0,12,93,8,0,17,1,95
2011-08-10 14:12:40,Normal,88,0,88,1054533,16666,3024999,20841,861.2178013068183,46,34,8,0,5,80,3,0,8,4,75
2011-08-10 14:12:41,Normal,110,0,110,1488602,17917,3681497,26718,693.5891637818182,35,69,6,0,20,85,5,0,12,5,93
2011-08-10 14:12:42,Normal,109,3,112,1474545,19059,3792510,26171,559.2088032500001,31,75,6,0,12,94,6,0,12,2,98
2011-08-10 14:12:43,Normal,84,0,84,727014,16681,3284812,2522,443.0747269404762,29,46,9,0,4,78,2,0,7,1,76
2011-08-10 14:12:44,Normal,101,0,101,1194428,12651,3730268,13702,589.0113756039603,48,46,7,0,7,92,2,0,10,1,89
2011-08-10 14:12:45,Attack,98,0,99,768386,18310,3694210,61184,498.89905518181814,34,60,5,0,9,87,3,0,14,0,84
2011-08-10 14:12:46,Normal,106,0,106,969583,18732,4319210,61717,550.9242386320755,28,68,10,0,17,88,1,0,23,4,78
2011-08-10 14:12:47,Normal,81,0,81,724049,16144,3156946,55282,440.51330220987654,23,48,10,0,8,72,1,0,6,0,75
2011-08-10 14:12:48,Attack,80,0,88,1182287,1891,2967046,51689,517.529310306818,30,52,6,0,18,67,3,0,16,3,69
2011-08-10 14:12:49,Normal,81,0,81,586402,17347,3055738,2678,420.16572649382715,28,46,7,0,3,74,4,0,12,0,68
2011-08-10 14:12:50,Normal,94,0,94,1026857,2487,3290157,1891,431.07748401063833,32,53,9,0,2,89,3,0,6,3,85
2011-08-10 14:12:51,Normal,91,0,91,1307839,16384,3025851,62184,830.2412356483518,36,47,8,0,11,77,3,0,12,3,74
2011-08-10 14:12:52,Attack,101,3,105,987573,17000,3812832,29118,404.20505116190475,38,59,8,0,11,91,3,0,13,3,88
2011-08-10 14:12:53,Normal,107,0,107,1142855,16878,3887350,27623,308.48867781308417,39,63,5,0,8,93,6,0,14,4,89
2011-08-10 14:12:54,Attack,91,0,94,1123915,15680,3417803,66271,584.9358645851063,34,47,13,0,7,80,7,0,9,3,82
2011-08-10 14:12:55,Normal,140,0,140,970142,19069,5751545,29903,287.82105947857144,33,99,8,0,17,121,2,0,19,1,120
2011-08-10 14:12:56,Normal,98,0,98,923023,16790,3569176,5152,614.3389162755102,40,50,8,0,6,88,4,0,12,0,86
2011-08-10 14:12:57,Normal,85,0,85,1215262,16045,3124552,10165,570.3232553058823,37,41,7,0,9,72,4,0,12,0,73
2011-08-10 14:12:58,Normal,102,0,102,1229081,16993,3652890,39382,742.2459486078433,47,47,8,0,11,87,4,0,11,1,90
2011-08-10 14:12:59,Attack,81,3,86,1157961,16034,2866987,62825,528.2487221627906,35,44,7,0,9,74,3,0,13,0,73
2011-08-10 14:13:00,Normal,97,3,100,702114,16812,3957800,19357,519.11387294,29,63,8,0,8,86,6,0,17,0,83
2011-08-10 14:13:01,Normal,244,0,244,804878,25026,11948733,47511,204.35835467213113,37,196,11,0,9,229,6,0,17,0,227
2011-08-10 14:13:02,Normal,78,3,81,665582,17153,2875994,62941,412.805700037037,32,45,4,0,6,71,4,0,14,0,67
2011-08-10 14:13:03,Attack,111,0,112,806616,5444,3813706,61556,513.4714951607144,33,73,5,0,27,82,2,0,29,0,82
2011-08-10 14:13:04,Normal,122,0,122,1052716,19738,4902527,12606,389.1863688196721,32,80,10,0,22,97,3,0,19,0,103
2011-08-10 14:13:05,Normal,166,0,166,1073340,6600,6719118,49744,476.3850236445783,38,119,9,0,31,132,3,0,29,0,137
2011-08-10 14:13:06,Attack,168,0,169,1002841,6681,6053628,51957,305.67195876331357,39,116,14,0,24,144,1,0,25,2,142
2011-08-10 14:13:07,Normal,86,0,86,876794,3158,3217502,2327,504.443393627907,48,32,6,0,5,78,3,0,9,1,76
2011-08-10 14:13:08,Normal,105,0,105,824612,17895,4008323,56954,492.72270726666665,40,57,8,0,4,100,1,0,5,3,97
2011-08-10 14:13:09,Attack,91,0,95,936747,17121,3253651,55041,672.6542639473683,34,49,12,0,15,78,2,0,19,0,76
2011-08-10 14:13:10,Normal,160,0,160,1072825,39576,6459667,13442,397.78057606875,44,105,11,0,13,138,9,0,26,1,133
2011-08-10 14:13:11,Normal,127,3,130,1280832,11968,4907770,52273,496.3000677769231,44,76,10,0,14,111,5,0,20,2,108
2011-08-10 14:13:12,Attack,160,7,168,882121,22490,7245788,62830,373.27677986904763,38,124,6,0,6,151,10,1,21,2,145
2011-08-10 14:13:13,Attack,139,0,140,984617,19969,5375508,37582,490.3069380357143,32,102,6,0,24,111,5,0,32,2,105
2011-08-10 14:13:14,Normal,239,0,239,1248113,24755,10493050,54231,270.3510183640167,37,192,10,0,39,190,10,0,48,4,187
2011-08-10 14:13:15,Attack,142,0,145,1118204,19315,5626027,9088,501.48560622758623,41,93,11,0,16,126,3,0,22,0,123
2011-08-10 14:13:16,Normal,125,13,138,990993,6395,5695175,40732,455.84177097826085,34,88,16,0,13,113,12,0,28,0,110
2011-08-10 14:13:17,Normal,106,0,106,910585,4104,4238705,51691,256.89366,31,69,6,0,20,85,1,0,22,1,83
2011-08-10 14:13:18,Attack,154,0,155,1423127,49341,5820879,7828,461.03926224516124,40,106,9,0,37,110,8,0,43,1,111
2011-08-10 14:13:19,Normal,121,0,121,917146,4895,5054211,40585,620.765032892562,25,85,11,0,21,96,4,0,20,1,98
2011-08-10 14:13:20,Attack,163,0,164,1261790,8494,7007697,48269,365.5118526097561,36,119,9,0,27,135,2,0,33,1,129
2011-08-10 14:13:21,Normal,195,0,195,951122,26884,8909278,19143,210.53408272820514,32,160,3,0,44,139,12,0,58,0,136
2011-08-10 14:13:22,Normal,196,4,200,706650,27019,9235189,2852,227.82901091,30,159,11,0,44,155,1,0,89,1,110
2011-08-10 14:13:23,Normal,140,0,140,1090745,21561,5715520,19955,414.23881704285714,34,96,10,0,17,121,2,0,39,0,101
2011-08-10 14:13:24,Normal,171,0,171,1247109,7203,6781380,45218,481.0234713625731,38,128,5,0,20,147,4,0,58,1,111
2011-08-10 14:13:25,Normal,155,0,155,1520221,6276,5960554,55189,377.00232082580646,37,110,8,0,20,128,7,0,40,3,111
2011-08-10 14:13:26,Normal,129,0,129,1090258,6900,4649689,52798,486.477406868217,35,86,8,0,14,105,10,0,28,1,99
2011-08-10 14:13:27,Attack,96,0,97,1005324,16043,3325710,34907,627.1083002783506,36,50,11,0,9,84,3,1,21,2,73
2011-08-10 14:13:28,Normal,84,0,84,779444,16131,3126302,62627,579.5103692380953,26,50,8,0,7,74,1,2,8,0,74
2011-08-10 14:13:29,Normal,130,0,130,981170,6231,5232587,49562,366.2974218538461,49,75,6,0,21,107,2,0,37,1,92
2011-08-10 14:13:30,Attack,139,3,146,1395173,40894,5408366,15675,662.0794804657534,38,104,4,0,23,112,11,0,43,4,99
2011-08-10 14:13:31,Normal,120,0,120,839747,6176,4930679,60515,387.89338603333334,42,71,7,0,8,106,5,1,33,3,83
2011-08-10 14:13:32,Normal,153,3,156,1133027,7237,6387938,58078,394.5246877179487,48,104,4,0,12,142,1,1,50,6,98
2011-08-10 14:13:33,Normal,99,0,99,777138,5474,3852043,50347,348.18961502020204,36,57,6,0,9,86,4,0,20,1,78
2011-08-10 14:13:34,Attack,105,0,106,861489,36225,4093139,14141,381.51788222641505,39,60,7,0,7,96,3,0,12,3,91
2011-08-10 14:13:35,Normal,101,0,101,935529,16517,3924719,12730,579.7236787128713,35,62,4,0,7,92,2,0,15,2,84
2011-08-10 14:13:36,Attack,94,0,97,840238,17209,3113519,45804,518.2093754639175,41,47,9,0,8,85,4,0,18,1,78
2011-08-10 14:13:37,Attack,133,0,134,1074382,17952,5784840,49028,287.136709141791,45,81,8,0,19,111,4,0,27,1,106
2011-08-10 14:13:38,Normal,117,0,117,810711,5194,4924248,52315,458.3603442393162,26,86,5,0,31,83,3,0,33,1,83
2011-08-10 14:13:39,Attack,102,0,103,1120382,16791,3410991,28248,555.4259862135921,44,56,3,0,14,86,3,0,15,3,85
2011-08-10 14:13:40,Normal,104,0,104,967400,16152,3824066,31422,500.90714316346146,33,64,7,0,10,93,1,0,14,3,87
2011-08-10 14:13:41,Attack,117,0,119,1124831,4277,4731678,52278,422.4601139411765,42,68,9,0,16,98,5,0,21,3,95
2011-08-10 14:13:42,Normal,115,3,118,1233709,18554,4913984,3537,329.3552971525424,32,72,14,0,20,83,15,0,28,3,86
2011-08-10 14:13:43,Normal,102,0,102,1148141,16371,3732276,61827,615.6599425490195,43,52,7,0,12,88,2,0,10,0,92
2011-08-10 14:13:44,Normal,99,0,99,665766,18176,3892811,23911,532.1768129292929,34,57,8,0,5,94,0,0,8,2,88
2011-08-10 14:13:45,Normal,66,0,66,726612,15470,2573108,54902,677.6511775909091,33,31,2,0,6,59,1,0,7,2,57
2011-08-10 14:13:46,Normal,102,0,102,862458,6387,3654138,53698,295.827466127451,36,59,7,0,11,90,1,0,15,1,86
2011-08-10 14:13:47,Normal,96,0,96,755745,16232,3995466,46422,595.2639785,31,60,5,0,11,80,5,0,18,0,78
2011-08-10 14:13:48,Attack,102,0,103,1015330,16810,3424232,64489,536.2610351456311,34,61,8,0,11,81,7,4,13,1,88
2011-08-10 14:13:49,Normal,97,0,97,1099701,16579,3558962,2239,385.10466890721653,34,55,8,0,22,75,0,0,17,1,79
2011-08-10 14:13:50,Attack,109,0,112,1054772,3852,3738946,53610,646.0496153035714,39,64,9,0,11,98,3,0,8,1,103
2011-08-10 14:13:51,Attack,103,0,107,1056611,16735,3626245,26005,518.803544906542,36,69,2,0,16,87,4,0,9,1,97
2011-08-10 14:13:52,Normal,100,3,103,927920,18292,3714961,46741,396.30429203883506,39,53,11,0,8,94,1,0,13,3,87
2011-08-10 14:13:53,Normal,113,0,113,1056158,18127,3657998,3868,509.23872058407073,45,57,11,0,12,97,4,0,16,1,96
2011-08-10 14:13:54,Normal,123,0,123,930157,4629,4798476,41436,440.426164601626,44,73,6,0,7,110,6,0,15,1,107
2011-08-10 14:13:55,Attack,83,0,84,783289,16135,2856452,55369,517.2587012023808,38,38,8,0,5,74,4,1,17,1,66
2011-08-10 14:13:56,Normal,116,0,116,1080641,18041,4024893,44822,549.2121959137932,38,71,7,0,21,95,0,0,17,3,96
2011-08-10 14:13:57,Attack,116,0,118,1189458,18258,4104684,29291,576.3565481779661,38,66,14,0,21,92,5,0,27,0,90
2011-08-10 14:13:58,Normal,82,0,82,677230,4877,2969692,14252,513.6381400853659,33,42,7,0,4,75,3,0,13,1,68
2011-08-10 14:13:59,Normal,129,0,129,686301,6646,5808729,42741,279.42900268217056,29,95,5,0,21,90,18,0,41,0,88
2011-08-10 14:14:00,Attack,92,3,96,1081891,17108,3497459,49599,548.992193125,28,61,7,0,10,76,10,0,18,3,74
2011-08-10 14:14:01,Normal,107,0,107,1109266,17533,4221829,39445,546.0857198411214,35,68,4,0,13,91,3,0,18,0,89
2011-08-10 14:14:02,Attack,77,3,81,939310,17682,3255866,59973,848.3480789012345,37,39,5,0,7,72,2,0,9,1,71
2011-08-10 14:14:03,Normal,118,3,121,1009590,19128,4740392,7662,433.90571054545455,41,74,6,0,14,105,2,0,14,1,106
2011-08-10 14:14:04,Normal,130,0,130,951699,6039,5191977,56790,470.7345185692307,33,88,9,0,15,112,3,0,19,1,110
2011-08-10 14:14:05,Normal,87,2,89,800844,16064,3205401,16232,488.74815525842695,32,52,5,0,8,78,3,0,12,1,76
2011-08-10 14:14:06,Normal,75,0,75,773707,50142,2558166,14133,603.7935662666667,33,37,5,0,3,69,3,0,7,2,66
2011-08-10 14:14:07,Normal,119,0,119,873064,4888,5010217,16842,455.4249374789916,40,74,5,0,10,103,6,0,14,1,104
2011-08-10 14:14:08,Normal,83,0,83,721083,4398,2678268,36196,344.8269573373494,30,49,4,0,16,64,3,0,18,1,64
2011-08-10 14:14:09,Attack,97,0,101,927676,16419,3606302,55368,646.4142739207921,41,56,4,0,9,89,3,0,14,0,87
2011-08-10 14:14:10,Normal,109,0,109,1262254,16959,3461197,27786,977.9239621284403,46,59,4,0,14,90,5,0,16,3,89
2011-08-10 14:14:11,Normal,86,0,86,654585,16920,3237812,47879,402.9668026627907,38,46,2,0,4,80,2,0,5,0,81
2011-08-10 14:14:12,Attack,82,3,90,835501,3754,3042785,42631,454.56912843333333,36,48,6,0,8,77,5,0,14,1,75
2011-08-10 14:14:13,Normal,87,0,87,1044487,16493,2617214,30757,642.3455782643679,39,40,8,0,8,79,0,0,10,2,75
2011-08-10 14:14:14,Normal,87,0,87,844386,13453,3207793,49442,477.34683271264356,40,41,6,0,4,81,2,0,10,1,76
2011-08-10 14:14:15,Normal,79,0,79,1401358,14202,2273284,32087,1085.1305251392405,24,42,13,0,17,60,2,0,3,0,76
2011-08-10 14:14:16,Attack,105,0,106,1137519,16722,3556821,26542,603.7403019433962,31,65,10,0,8,94,4,0,16,2,88
2011-08-10 14:14:17,Normal,105,0,105,942883,53790,4071119,854,639.9449634571428,29,69,7,0,22,75,8,0,24,0,81
2011-08-10 14:14:18,Attack,82,0,85,814869,59392,2221350,13363,550.1661655294116,32,44,9,0,10,70,4,1,23,0,62
2011-08-10 14:14:19,Normal,102,0,102,987156,70043,3843444,13363,597.2088537156862,38,55,9,0,12,86,4,0,13,0,88
2011-08-10 14:14:20,Normal,100,0,100,757909,17209,3883023,49046,416.80533171999997,27,66,7,0,5,90,5,0,29,0,71
2011-08-10 14:14:21,Attack,99,0,100,1035673,17637,3139428,7810,843.8183170899999,34,59,7,0,15,81,4,0,14,3,82
2011-08-10 14:14:22,Normal,97,3,100,1135314,19632,3561409,5011,323.59403371,35,58,7,0,14,85,1,0,14,2,83
2011-08-10 14:14:23,Attack,135,0,138,1080281,19302,5768471,29278,270.77966018115944,45,87,6,0,49,85,4,0,55,1,82
2011-08-10 14:14:24,Normal,96,0,96,1159815,17547,3257727,31128,503.7772119375001,41,48,7,0,14,78,4,0,21,3,71
2011-08-10 14:14:25,Normal,86,0,86,794357,3309,2671427,57264,581.0139355813953,35,39,12,0,3,83,0,0,1,0,84
2011-08-10 14:14:26,Normal,101,0,101,1029701,51253,3397292,52305,532.6110857128713,35,56,10,0,17,82,2,0,16,1,84
2011-08-10 14:14:27,Normal,90,0,90,904644,16983,3093205,9236,894.4685579555558,39,42,9,0,10,77,1,2,9,0,79
2011-08-10 14:14:28,Normal,80,0,80,769239,16008,2697301,60921,641.5008720124999,34,40,6,0,8,67,3,2,11,2,66
2011-08-10 14:14:29,Normal,94,0,94,770002,15991,3674726,50258,395.8099710319149,35,53,6,0,5,89,0,0,11,1,82
2011-08-10 14:14:30,Attack,117,0,118,779216,6067,3676554,53350,300.29926464406776,38,73,7,0,21,88,8,1,34,2,80
2011-08-10 14:14:31,Normal,111,3,114,920703,8104,3958114,1234,535.9604004912281,41,64,9,0,12,100,2,0,12,0,102
2011-08-10 14:14:32,Normal,95,3,98,804348,16018,3828873,32468,360.6241727857143,32,61,5,0,4,89,4,1,8,0,89
2011-08-10 14:14:33,Attack,73,0,79,846791,15553,2383273,31666,549.0174608607595,33,42,4,0,8,65,6,0,20,2,56
2011-08-10 14:14:34,Normal,85,3,88,986168,16309,3088887,26850,356.49208557954546,29,51,8,0,14,73,1,0,6,0,82
2011-08-10 14:14:35,Normal,112,4,116,1423660,3676,3753475,49665,480.98280524137937,33,76,7,0,25,87,4,0,19,0,97
2011-08-10 14:14:36,Normal,76,0,76,832843,3106,2947815,34400,476.6689327499999,28,44,4,0,6,66,4,0,8,0,68
2011-08-10 14:14:37,Attack,106,0,107,863329,16386,4009280,35285,518.8248221214953,33,65,9,0,9,95,3,0,11,0,96
2011-08-10 14:14:38,Normal,112,0,112,1175322,3402,4160646,36361,578.6349961696429,33,73,6,0,21,90,1,0,26,1,85
2011-08-10 14:14:39,Attack,96,0,98,1108133,15787,3544570,56306,693.2959424183674,44,44,10,0,12,83,3,0,18,0,80
2011-08-10 14:14:40,Normal,92,0,92,960792,2983,3375198,46067,570.8290846086957,39,49,4,0,11,79,2,0,12,0,80
2011-08-10 14:14:41,Attack,93,0,94,1014525,15291,3295348,59922,685.2161931702127,47,41,6,0,5,87,2,0,8,1,84
2011-08-10 14:14:42,Normal,121,3,124,1455693,9479,4430461,8739,532.5178222661291,41,78,5,0,20,97,7,0,15,2,107
2011-08-10 14:14:43,Normal,80,0,80,745426,15789,2785230,2781,521.967546675,32,41,7,0,6,72,2,0,14,0,66
2011-08-10 14:14:44,Attack,92,0,95,1027354,15782,3711467,46857,551.0627300315789,42,43,10,0,8,84,3,0,12,0,83
2011-08-10 14:14:45,Normal,81,0,81,758843,18005,2862293,45849,762.844732691358,43,35,3,0,8,72,1,0,14,0,67
2011-08-10 14:14:46,Normal,104,0,104,988338,18298,3831670,31182,678.3446081634615,55,41,8,0,6,94,4,0,13,0,91
2011-08-10 14:14:47,Normal,88,0,88,820995,17124,2978545,27903,418.44773443181805,29,47,12,0,4,81,3,0,12,0,75
2011-08-10 14:14:48,Normal,98,0,98,1007897,16763,3650358,50071,519.6105961530611,39,51,8,0,9,89,0,0,9,1,88
2011-08-10 14:14:49,Normal,131,0,131,953765,10386,4891772,50824,480.38725471755725,40,82,9,0,43,82,6,0,54,1,76
2011-08-10 14:14:50,Normal,96,0,96,910222,16089,3793010,59627,597.5904729479166,40,49,7,0,5,86,5,0,10,0,86
2011-08-10 14:14:51,Attack,110,0,111,1002754,19489,4060263,26827,344.71836385585584,45,55,11,0,7,97,7,0,14,3,93
2011-08-10 14:14:52,Normal,89,3,92,554142,17222,3671585,51274,452.5102829456522,32,56,4,0,3,81,8,0,13,0,79
2011-08-10 14:14:53,Normal,142,0,142,1014851,6330,5350984,45160,449.56740435211265,40,94,8,0,6,131,5,0,13,3,126
2011-08-10 14:14:54,Attack,84,0,88,1022034,16609,3219129,54540,653.2521301590909,46,36,6,0,6,81,1,0,12,0,76
2011-08-10 14:14:55,Normal,94,0,94,924072,17880,3094212,36965,505.9645132872341,41,45,8,0,20,73,1,0,18,6,70
2011-08-10 14:14:56,Attack,101,0,102,947943,17453,3839672,52128,520.6115913235294,34,60,8,0,12,86,4,0,15,1,86
2011-08-10 14:14:57,Normal,128,1,129,935565,5766,4949339,54856,438.5621785426357,37,84,8,0,13,110,6,0,12,3,114
2011-08-10 14:14:58,Attack,95,0,97,619817,18345,3734932,58693,359.56797144329886,34,60,3,0,22,73,2,0,27,2,68
2011-08-10 14:14:59,Normal,127,9,136,653163,21430,5388304,47635,304.0283525,35,93,8,0,20,115,1,0,28,1,107
2011-08-10 14:15:00,Attack,55,0,57,597749,15663,1712077,4790,549.3630433157895,26,28,3,0,15,40,2,0,19,0,38
2011-08-10 14:15:01,Normal,215,3,218,800689,24409,10362904,1803,189.7919805229358,34,174,10,0,6,207,5,0,17,2,199
2011-08-10 14:15:02,Normal,105,3,108,1083505,17729,4127770,12737,358.0984779444444,34,67,7,0,9,90,9,0,30,0,78
2011-08-10 14:15:03,Normal,80,0,80,1099823,15926,2681500,49670,898.0329653125,36,36,8,0,9,65,5,1,12,0,68
2011-08-10 14:15:04,Normal,78,0,78,1255054,15384,2747215,5651,848.8446382307692,43,31,4,0,9,62,7,0,16,1,61
2011-08-10 14:15:05,Attack,133,0,135,1105015,7573,5323671,41340,367.9928674666667,34,95,6,0,41,89,5,0,46,0,88
2011-08-10 14:15:06,Normal,129,1,130,1279705,5428,4691946,54840,729.961837123077,47,77,6,0,22,105,2,1,23,1,105
2011-08-10 14:15:07,Normal,136,0,136,1114949,19619,4438671,43754,466.63493984558824,41,86,9,0,41,87,7,1,56,1,79
2011-08-10 14:15:08,Normal,126,1,127,1042632,20171,4651147,64258,425.4832231496064,34,86,7,0,22,104,1,0,23,5,99
2011-08-10 14:15:09,Attack,207,3,212,1111683,8895,8675159,56122,262.1028636792453,37,164,11,0,10,198,4,0,11,3,198
2011-08-10 14:15:10,Normal,86,4,90,1091685,15762,2995621,25112,551.2516826555556,37,47,6,0,13,75,2,0,12,1,77
2011-08-10 14:15:11,Normal,112,0,112,1307284,39739,4079146,14905,634.0700150267858,40,65,7,0,15,95,2,0,6,2,104
2011-08-10 14:15:12,Attack,92,6,99,734245,16322,3861366,16385,500.73893312121214,31,55,13,0,6,89,4,0,12,0,87
2011-08-10 14:15:13,Normal,95,0,95,865549,2727,3585134,53766,383.2920455684211,35,53,7,0,4,91,0,0,11,1,82
2011-08-10 14:15:14,Normal,95,0,95,969499,2286,3441508,59180,470.1551777052631,42,44,9,0,18,74,3,0,23,3,69
2011-08-10 14:15:15,Attack,101,0,103,1263421,16345,3536075,48392,471.6765570873787,31,59,13,0,15,83,5,0,17,1,85
2011-08-10 14:15:16,Normal,102,0,102,1174162,2327,3867224,4235,837.1135799313727,42,56,4,0,15,85,2,0,12,3,87
2011-08-10 14:15:17,Attack,127,0,131,718460,19328,5053517,26951,392.2928937328244,26,102,3,0,14,110,7,0,19,0,112
2011-08-10 14:15:18,Normal,175,0,175,1101368,20091,7021534,40303,404.8078116228571,46,122,7,0,29,141,5,0,37,1,137
2011-08-10 14:15:19,Attack,175,0,176,852916,9662,7721913,35457,291.0978361193182,39,124,13,0,25,142,9,0,37,0,139
2011-08-10 14:15:20,Normal,160,0,160,1024624,22571,6475212,55262,288.19912365,42,106,12,0,30,111,19,0,52,1,107
2011-08-10 14:15:21,Attack,119,0,120,655708,21024,4762769,12939,453.78431355833334,32,85,3,0,22,94,4,0,26,0,94
2011-08-10 14:15:22,Normal,136,3,139,911618,20745,5890381,16454,344.7590758489209,28,103,8,0,13,114,12,0,26,2,111
2011-08-10 14:15:23,Normal,139,0,139,1081924,5994,5854955,52123,371.68166621582736,36,96,7,0,12,121,6,0,19,1,119
2011-08-10 14:15:24,Normal,98,0,98,1115482,15912,3279292,18460,575.8724985204082,31,64,3,0,19,75,4,0,17,1,80
2011-08-10 14:15:25,Normal,101,0,101,982495,17650,3740766,50313,446.4180569801982,35,60,6,0,10,84,6,1,21,0,80
2011-08-10 14:15:26,Attack,89,0,91,726113,17522,3276098,64289,491.4923560439561,30,50,11,0,12,77,2,0,14,0,76
2011-08-10 14:15:27,Normal,96,0,96,923901,2643,3598276,55216,502.67424621875006,32,56,8,0,12,81,2,1,12,3,80
2011-08-10 14:15:28,Normal,93,0,93,1037227,2516,3227417,50955,363.85939482795703,35,53,5,0,11,73,7,2,18,2,71
2011-08-10 14:15:29,Normal,101,0,101,1449994,68234,3824817,14214,613.3715049009901,39,56,6,0,18,82,1,0,13,1,87
2011-08-10 14:15:30,Attack,143,3,147,601303,8227,6353444,51947,322.7048383061224,22,117,8,0,6,136,5,0,41,2,104
2011-08-10 14:15:31,Normal,82,0,82,531445,4698,3589935,63259,501.43586771951215,26,51,5,0,7,74,0,1,31,1,49
2011-08-10 14:15:32,Attack,125,6,132,968483,17661,4974567,23799,616.379404340909,53,71,8,0,10,120,2,0,27,0,105
2011-08-10 14:15:33,Attack,129,0,130,1223322,18653,4480507,63132,591.3130499461539,45,81,4,0,27,103,0,0,29,2,99
2011-08-10 14:15:34,Normal,81,0,81,711168,5671,2850385,64028,573.6150602839506,36,37,8,0,10,71,0,0,14,1,66
2011-08-10 14:15:35,Normal,82,0,82,1211078,2029,2584036,61122,811.9702175365854,39,35,8,0,10,70,1,1,8,2,71
2011-08-10 14:15:36,Attack,92,0,93,1352159,2494,2995218,13288,843.8896659569892,34,44,14,0,11,78,3,0,10,2,79
2011-08-10 14:15:37,Normal,103,0,103,807090,3415,3770931,36707,351.36468725242713,36,61,6,0,8,94,1,0,12,1,90
2011-08-10 14:15:38,Attack,98,0,101,1139515,15924,3247116,10094,642.1892993168316,29,65,7,0,14,82,5,0,14,1,85
2011-08-10 14:15:39,Normal,106,0,106,985154,20876,3930536,1118,585.2174537169811,38,58,10,0,11,90,5,0,21,0,85
2011-08-10 14:15:40,Attack,96,2,99,979765,15985,3572912,46092,620.8329372323232,34,57,8,0,10,85,4,0,13,1,85
2011-08-10 14:15:41,Normal,102,0,102,1067244,16713,3293356,56013,780.3262877745096,38,53,11,0,9,89,4,0,15,3,83
2011-08-10 14:15:42,Attack,234,3,239,787575,25389,9420539,15407,210.4131670083682,27,199,13,0,53,178,8,0,64,1,174
2011-08-10 14:15:43,Normal,143,5,148,891184,19969,6343335,18660,379.0462905878378,27,109,12,0,10,137,1,0,9,1,138
2011-08-10 14:15:44,Normal,129,16,145,1707746,17714,4888123,27085,393.1499094344827,43,98,4,0,24,113,8,0,24,3,118
2011-08-10 14:15:45,Normal,95,0,95,1348305,4277,3282874,2918,527.4192233263158,32,55,8,0,23,72,0,0,20,3,72
2011-08-10 14:15:46,Normal,114,0,114,1274939,6022,4024832,1434,702.9576380701754,48,60,6,0,21,89,3,1,30,1,83
2011-08-10 14:15:47,Attack,139,0,143,1354345,3991,5212281,52072,493.07333532867136,44,91,8,0,17,117,9,0,15,2,126
2011-08-10 14:15:48,Normal,109,0,109,1084803,47806,3844700,13622,532.2680642293578,23,79,7,0,20,86,3,0,10,1,98
2011-08-10 14:15:49,Normal,88,0,88,1012479,15833,3335830,12683,583.1049366136363,44,39,5,0,8,79,1,0,11,0,76
2011-08-10 14:15:50,Normal,118,0,118,1261349,16904,4300851,40524,769.3861992372881,36,75,7,0,21,93,4,0,13,1,104
2011-08-10 14:15:51,Attack,90,0,92,794922,2446,3214698,53721,567.4943629891304,42,49,1,0,10,76,6,0,23,3,66
2011-08-10 14:15:52,Normal,109,17,126,794667,6815,4460213,51654,419.89965228571435,36,84,6,0,16,106,4,0,32,1,93
2011-08-10 14:15:53,Normal,131,0,131,777102,19030,5116829,4861,417.76038573282443,32,95,4,0,18,107,6,0,22,2,107
2011-08-10 14:15:54,Attack,140,0,141,1171600,17777,5706082,5226,461.7709794680851,41,85,15,0,26,110,5,0,31,2,108
2011-08-10 14:15:55,Normal,84,0,84,1070281,14851,2853628,59143,737.9518704404763,33,47,4,0,19,62,3,0,10,1,73
2011-08-10 14:15:56,Normal,105,0,105,830813,17460,4139372,32961,646.4137809904762,31,68,6,0,13,84,8,0,26,0,79
2011-08-10 14:15:57,Attack,136,0,140,859617,70973,5735503,4307,409.00585125,41,95,4,0,12,125,3,0,16,2,122
2011-08-10 14:15:58,Normal,97,0,97,995255,47194,3516492,14134,613.9491461443299,41,47,9,0,11,85,1,0,12,1,84
2011-08-10 14:15:59,Attack,86,0,89,671939,16432,3338299,9536,289.3011257865169,27,58,4,0,6,81,2,0,11,2,75
2011-08-10 14:16:00,Normal,102,0,102,1131087,16805,3902421,34114,532.9112188333334,45,48,9,0,4,96,2,0,8,1,93
2011-08-10 14:16:01,Attack,107,0,108,1028704,17331,3980977,21085,748.7704496388889,34,65,9,0,14,90,4,0,18,0,89
2011-08-10 14:16:02,Normal,292,6,298,2321050,26757,11612761,32430,261.31554575503355,40,248,10,0,77,190,31,0,74,3,220
2011-08-10 14:16:03,Attack,136,0,137,1488494,18988,4480701,4176,606.9142755255475,44,85,8,0,31,98,8,0,34,2,101
2011-08-10 14:16:04,Normal,136,0,136,1305928,6169,5079097,3620,500.32181083823525,30,100,6,0,20,107,9,0,18,1,117
2011-08-10 14:16:05,Normal,90,0,90,1182685,1512,3387779,48771,668.6185204,45,40,5,0,7,81,2,0,12,0,78
2011-08-10 14:16:06,Normal,75,6,81,931696,2975,3195429,60498,584.1783287777779,29,48,4,0,16,62,3,0,19,1,61
2011-08-10 14:16:07,Normal,169,2,171,1129591,22384,7051457,61714,427.681809631579,38,126,7,0,15,118,38,0,55,0,116
2011-08-10 14:16:08,Attack,150,7,159,758883,7954,6561464,39009,331.3135256918238,31,121,7,0,26,105,28,0,50,1,107
2011-08-10 14:16:09,Normal,136,2,138,696308,19587,5327986,20405,345.9055546594203,24,106,8,0,21,88,29,0,48,0,90
2011-08-10 14:16:10,Normal,147,0,147,787189,6105,5782201,34760,349.0117277551021,43,89,15,0,14,124,9,0,32,2,113
2011-08-10 14:16:11,Normal,142,0,142,1164248,6723,5398542,41854,514.6385023661973,45,86,11,0,31,109,2,0,37,2,103
2011-08-10 14:16:12,Attack,120,3,124,716287,18501,4625676,43497,412.9126643629031,33,82,9,0,15,100,9,0,25,1,97
2011-08-10 14:16:13,Normal,156,0,156,992829,52513,6388301,14149,386.11469144871796,26,120,10,0,26,120,10,0,38,4,114
2011-08-10 14:16:14,Normal,111,0,111,1007682,20326,4422683,46601,749.852193072072,35,68,8,0,15,91,5,0,21,1,89
2011-08-10 14:16:15,Attack,97,3,102,873875,4854,3912564,60474,677.1391048333334,36,64,2,0,23,74,5,0,27,1,74
2011-08-10 14:16:16,Normal,143,2,145,734548,7420,6103686,41402,239.70589828275862,34,104,7,0,18,121,6,0,25,1,118
2011-08-10 14:16:17,Normal,132,5,137,665873,7418,5695776,40229,498.9622429562044,25,105,7,0,43,91,3,0,45,2,90
2011-08-10 14:16:18,Attack,106,0,108,967732,3797,3839584,53643,419.90934399074075,41,57,10,0,12,94,2,0,10,2,96
2011-08-10 14:16:19,Attack,132,1,134,673813,20559,5594773,36152,286.75880530597016,32,98,4,0,7,121,6,0,23,1,110
2011-08-10 14:16:20,Attack,90,0,95,703888,17600,3462912,11617,609.6412408736844,30,57,8,0,9,84,2,0,11,1,83
2011-08-10 14:16:21,Normal,117,0,117,787839,5983,4679016,62264,536.7386843418803,32,77,8,0,16,97,4,0,34,2,81
2011-08-10 14:16:22,Attack,127,3,132,944985,20082,4718748,32943,411.16020479545455,46,79,7,0,19,110,3,0,29,1,101
2011-08-10 14:16:23,Normal,136,4,140,988972,12778,5203980,4914,364.5223505714286,39,95,6,0,18,97,25,0,44,2,94
2011-08-10 14:16:24,Attack,116,0,118,721413,20196,4429466,59720,352.7588977881356,32,79,7,0,21,91,6,0,34,1,83
2011-08-10 14:16:25,Normal,162,0,162,1668772,19204,6260186,24683,474.5208664691358,52,103,7,0,23,134,5,0,24,1,137
2011-08-10 14:16:26,Normal,101,0,101,1190760,2725,3946702,37426,571.7700826732672,26,67,8,0,21,76,4,0,16,0,85
2011-08-10 14:16:27,Normal,130,0,130,1209349,18168,5175229,15875,325.30372546923076,35,84,11,0,26,101,1,2,27,1,100
2011-08-10 14:16:28,Normal,104,0,104,1389867,62506,3994044,13799,617.7593400865385,32,63,9,0,22,78,2,2,11,0,91
2011-08-10 14:16:29,Attack,106,0,109,861249,17269,4125274,57356,440.74053377064223,27,71,11,0,14,90,5,0,15,0,94
2011-08-10 14:16:30,Normal,97,0,97,838782,16903,3790605,62777,342.6749954536083,36,52,9,0,9,85,2,1,10,1,85
2011-08-10 14:16:31,Normal,91,3,94,1022242,47232,3491978,14905,486.2385179468085,35,53,6,0,7,85,2,0,14,2,78
2011-08-10 14:16:32,Normal,98,6,104,824366,18005,4041583,53781,431.9587662019231,36,63,5,0,15,87,2,0,12,1,91
2011-08-10 14:16:33,Attack,113,0,114,864531,18385,4593051,42161,543.6266705175439,33,73,8,0,15,98,1,0,24,1,89
2011-08-10 14:16:34,Normal,87,0,87,850937,3318,3286139,3537,506.1916055402299,30,51,6,0,8,78,1,0,6,3,78
2011-08-10 14:16:35,Normal,146,0,146,754380,7445,6141843,43288,327.84496747945207,38,103,5,0,36,109,1,0,42,0,104
2011-08-10 14:16:36,Attack,105,0,106,895555,16702,4006392,29449,488.0665165283019,41,60,5,0,13,92,1,0,21,0,85
2011-08-10 14:16:37,Normal,137,9,146,696589,20793,5661995,57756,283.93954896575343,35,106,5,0,13,123,10,0,33,1,111
2011-08-10 14:16:38,Normal,111,19,130,860202,18589,5256882,25820,406.8378587076923,40,86,4,0,14,103,13,0,28,0,101
2011-08-10 14:16:39,Attack,162,6,170,1766062,21619,6511689,38944,637.2506170352941,40,124,6,0,36,119,15,0,37,2,131
2011-08-10 14:16:40,Normal,146,0,146,794232,8616,6486692,2089,213.3761560410959,37,101,8,0,19,121,6,0,34,2,110
2011-08-10 14:16:41,Attack,119,0,122,826025,9226,4465659,1834,399.25248278688525,42,68,12,0,26,89,7,0,32,1,89
2011-08-10 14:16:42,Normal,176,3,179,749179,24832,7873676,49441,299.6492853575419,38,130,11,0,33,130,16,0,42,1,136
2011-08-10 14:16:43,Attack,177,0,178,995226,8047,7781253,9310,247.13929361797756,31,144,3,0,15,160,3,0,25,2,151
2011-08-10 14:16:44,Attack,74,0,75,678267,15631,2731323,43614,526.65063144,33,37,5,0,4,65,6,0,15,1,59
2011-08-10 14:16:45,Attack,120,0,121,1176536,5303,4478077,60119,560.7778362892564,25,89,7,0,23,94,4,0,24,1,96
2011-08-10 14:16:46,Normal,133,0,133,1316943,19442,4826676,39470,506.13588415037594,54,76,3,0,24,108,1,0,27,3,103
2011-08-10 14:16:47,Normal,108,0,108,1221084,21143,3587209,64526,550.1355589722222,35,68,5,0,23,81,4,0,16,2,89
2011-08-10 14:16:48,Normal,156,0,156,1503396,18485,5874353,36342,485.20379125000005,34,110,12,0,28,115,13,0,33,3,120
2011-08-10 14:16:49,Normal,159,0,159,1307657,9659,6495328,43345,441.9393185534591,50,103,6,0,33,118,8,0,44,3,112
2011-08-10 14:16:50,Attack,142,0,144,1100322,20929,5769843,15173,426.4930944236111,34,104,6,0,20,116,8,0,25,2,117
2011-08-10 14:16:51,Normal,104,0,104,866986,18984,4201053,58121,506.5424723557692,34,65,5,0,10,84,10,0,22,2,80
2011-08-10 14:16:52,Normal,121,3,124,1116554,4682,4585752,36711,297.34715105645165,35,77,12,0,12,109,3,0,21,2,101
2011-08-10 14:16:53,Normal,110,0,110,919900,18037,3683980,51886,472.7679174545455,53,49,8,0,4,103,3,0,10,1,99
2011-08-10 14:16:54,Attack,117,0,118,1028387,17013,4133723,44239,582.1671198050847,44,66,8,0,28,85,5,0,33,2,83
2011-08-10 14:16:55,Normal,98,26,124,709387,5941,5359205,41647,321.8426538709678,36,81,7,0,18,104,2,0,24,1,99
2011-08-10 14:16:56,Normal,177,3,180,897149,10757,5444632,49636,342.96482977222223,38,136,6,0,39,118,23,0,71,1,108
2011-08-10 14:16:57,Normal,90,2,92,759729,17366,3497242,50806,731.2278740652175,37,49,6,0,9,82,1,0,18,0,74
2011-08-10 14:16:58,Normal,126,3,129,890512,19691,4158543,15486,445.18414177519384,30,91,8,0,11,111,7,0,42,0,87
2011-08-10 14:16:59,Attack,142,0,145,1035937,72197,4918313,3192,360.5653287103448,29,108,8,0,18,122,5,0,41,1,103
2011-08-10 14:17:00,Attack,200,0,201,1054521,14472,6079031,54865,311.52000214925374,30,157,14,0,80,115,6,0,91,7,103
2011-08-10 14:17:01,Normal,316,0,316,1598000,17937,13172076,53098,166.82811215189875,21,286,9,0,64,240,12,0,77,9,230
2011-08-10 14:17:02,Attack,185,6,193,1180656,26140,6676768,62848,289.03824106217616,44,146,3,0,53,135,5,0,78,10,105
2011-08-10 14:17:03,Normal,116,0,116,1267342,17070,3632855,56804,548.2196250603449,37,72,7,0,20,90,6,0,26,10,80
2011-08-10 14:17:04,Attack,100,0,101,1019578,5121,3509901,33818,509.7308700099011,43,53,5,0,13,82,6,0,25,6,70
2011-08-10 14:17:05,Attack,118,0,121,954626,17979,4663830,37821,504.36675241322314,26,86,9,0,17,100,4,0,23,1,97
2011-08-10 14:17:06,Attack,125,0,126,855162,12169,4832206,21891,370.50665146031747,42,79,5,0,11,113,2,0,36,1,89
2011-08-10 14:17:07,Normal,150,0,150,1208819,7625,5238619,48129,386.3427752466667,40,101,9,0,31,108,11,0,51,2,97
2011-08-10 14:17:08,Normal,82,0,82,862827,17452,3034890,1107,478.6678896829267,33,38,11,0,7,72,3,0,12,0,70
2011-08-10 14:17:09,Normal,104,0,104,1149916,16845,4075222,13870,729.0723765961538,37,58,9,0,12,90,2,0,16,1,87
2011-08-10 14:17:10,Normal,99,0,99,999453,3640,3860525,53705,494.27473614141417,37,53,9,0,8,89,2,0,12,4,82
2011-08-10 14:17:11,Attack,144,0,148,962723,7619,5714791,54343,335.49336913513514,29,111,8,0,15,129,4,0,27,2,119
2011-08-10 14:17:12,Normal,119,3,122,1232321,21298,4490718,49608,557.2830746803278,43,65,14,0,17,103,2,0,17,1,104
2011-08-10 14:17:13,Normal,115,0,115,964100,5151,4108567,15341,354.52866871304343,44,68,3,0,18,90,7,0,28,1,84
2011-08-10 14:17:14,Normal,83,0,83,742914,17020,3223032,29518,530.8610625421687,31,45,7,0,9,73,1,0,11,0,72
2011-08-10 14:17:15,Attack,127,1,130,1385001,38672,4025585,46616,636.7161649384616,42,77,11,0,21,104,5,0,18,3,109
2011-08-10 14:17:16,Normal,99,0,99,643048,3201,3732102,50960,323.44991613131316,25,72,2,0,17,81,1,0,14,2,83
2011-08-10 14:17:17,Normal,97,0,97,1037752,18261,3311721,52479,418.8992415979382,39,47,11,0,20,75,2,0,23,2,72
2011-08-10 14:17:18,Normal,113,0,113,1131562,11442,4184112,3676,610.3378087787611,37,66,10,0,13,98,2,0,13,1,99
2011-08-10 14:17:19,Normal,77,0,77,828322,62862,2876139,62428,383.376304103896,27,42,8,0,3,71,3,0,9,2,66
2011-08-10 14:17:20,Attack,88,0,89,1299117,19562,3480260,25572,468.6872149438202,26,52,11,0,20,64,5,0,14,3,72
2011-08-10 14:17:21,Attack,115,2,118,769105,20244,4594804,23409,307.3623209491526,25,85,8,0,10,103,5,0,19,1,98
2011-08-10 14:17:22,Normal,107,3,110,1202154,16638,3940673,46800,551.1516100181817,45,56,9,0,12,95,3,0,13,1,96
2011-08-10 14:17:23,Attack,93,0,95,940480,38563,3221413,17846,606.7208814,33,56,6,0,17,75,3,0,19,1,75
2011-08-10 14:17:24,Normal,107,0,107,764915,11401,3977504,1542,387.44942771962627,34,70,3,0,19,83,5,0,31,2,74
2011-08-10 14:17:25,Attack,115,0,117,1137242,17168,4652237,8833,495.05098279487186,47,63,7,0,11,101,5,0,16,2,99
2011-08-10 14:17:26,Attack,117,0,118,1123426,39833,4028397,13385,573.3838249915254,36,70,12,0,19,92,7,0,21,0,96
2011-08-10 14:17:27,Attack,69,0,70,601035,16098,2392396,9619,533.2425127571429,28,35,7,0,3,60,5,2,11,0,57
2011-08-10 14:17:28,Normal,119,0,119,1327406,43277,4342860,2494,509.97068456302526,41,69,9,0,13,99,7,0,17,1,101
2011-08-10 14:17:29,Normal,97,0,97,1228900,15571,4053363,10842,420.7035600721649,36,51,10,0,15,78,4,0,25,1,71
2011-08-10 14:17:30,Attack,142,0,143,1115331,19978,5845543,4970,379.1308812027971,43,91,9,0,13,127,1,2,22,1,118
2011-08-10 14:17:31,Normal,114,0,114,1068044,19566,4061181,12596,600.892602140351,44,66,4,0,12,101,1,0,10,2,102
2011-08-10 14:17:32,Attack,96,6,104,1140542,15868,3858359,29606,552.8556903942308,44,48,12,0,9,90,5,0,15,1,88
2011-08-10 14:17:33,Normal,87,0,87,1102239,15244,2975506,36333,723.070514505747,43,39,5,0,10,75,2,0,9,1,77
2011-08-10 14:17:34,Normal,94,0,94,952597,54971,3135178,522,602.8614716914893,43,48,3,0,5,88,0,1,13,1,79
2011-08-10 14:17:35,Normal,75,0,75,522546,5243,2995691,55881,373.6408097866667,29,43,3,0,5,66,4,0,12,0,63
2011-08-10 14:17:36,Attack,100,0,101,890993,15992,3624150,6946,552.30934709901,38,54,9,0,7,93,1,0,10,0,90
2011-08-10 14:17:37,Normal,106,0,106,1022471,17636,4110421,61621,525.0668456886791,37,52,17,0,14,83,9,0,27,2,77
2011-08-10 14:17:38,Normal,114,0,114,915707,17737,4179883,45806,483.88735086842104,48,53,13,0,10,104,0,0,12,1,100
2011-08-10 14:17:39,Normal,87,0,87,913833,2275,3458711,64885,564.8120661724138,35,43,9,0,11,76,0,0,12,1,74
2011-08-10 14:17:40,Normal,99,6,105,1021428,17874,4011190,52782,620.2939625714286,37,63,5,0,7,93,4,1,18,2,85
2011-08-10 14:17:41,Attack,148,5,154,1019019,7295,5960143,2834,425.7432478636364,34,113,7,0,16,130,8,0,30,1,122
2011-08-10 14:17:42,Attack,103,3,107,1069228,16947,3969357,60318,550.5193439719626,39,59,9,0,13,87,7,0,13,1,93
2011-08-10 14:17:43,Normal,157,0,157,1031459,18843,7440286,17642,341.4623267898089,35,114,8,0,15,141,1,0,11,0,146
2011-08-10 14:17:44,Attack,97,0,100,935862,68975,3740728,2765,513.8144570600001,33,57,10,0,8,86,6,0,19,0,81
2011-08-10 14:17:45,Normal,106,0,106,1023395,16061,4072548,37130,714.4828630660376,42,52,12,0,9,94,3,0,18,1,87
2011-08-10 14:17:46,Attack,113,0,115,1063179,6302,4134921,37350,498.78941313913055,38,72,5,0,10,99,6,0,20,4,91
2011-08-10 14:17:47,Attack,85,0,86,662465,16397,3178427,57120,684.9289849534883,31,54,1,0,8,76,2,0,14,1,71
2011-08-10 14:17:48,Attack,102,0,104,1255296,25160,3698461,14913,747.7289619423077,46,46,12,0,15,86,3,0,20,3,81
2011-08-10 14:17:49,Normal,91,0,91,614093,4216,3327334,57782,620.9468919230769,25,58,8,0,11,80,0,0,23,0,68
2011-08-10 14:17:50,Normal,106,0,106,1454822,17623,3738342,10470,778.2810673584905,44,55,7,0,12,89,5,0,18,1,87
2011-08-10 14:17:51,Attack,111,0,113,1282631,69319,3992786,3129,665.2537274867257,34,76,3,0,12,96,5,0,11,0,102
2011-08-10 14:17:52,Normal,95,3,98,1425148,16019,3431992,45749,715.3108581836734,45,47,6,0,10,79,9,0,12,1,85
2011-08-10 14:17:53,Attack,93,0,95,954830,15837,3631654,57994,616.9428583578947,40,44,11,0,2,90,3,0,10,0,85
2011-08-10 14:17:54,Normal,97,0,97,918201,16358,3358773,32987,590.250819,32,58,7,0,13,77,7,0,19,2,76
2011-08-10 14:17:55,Normal,94,0,94,1595157,16170,2753030,13213,1127.8047487234044,33,54,7,0,25,67,2,0,11,0,83
2011-08-10 14:17:56,Normal,112,0,112,1023969,18365,4079658,67306,494.74003886607153,38,67,7,0,10,92,10,0,20,3,88
2011-08-10 14:17:57,Attack,170,0,171,1440036,23596,6805546,16302,481.1041551988304,39,120,12,0,33,124,14,0,40,0,130
2011-08-10 14:17:58,Normal,101,0,101,1005927,3905,3569529,41058,684.6628025445544,31,62,8,0,14,76,11,0,17,1,83
2011-08-10 14:17:59,Normal,89,0,89,1004731,8759,2612260,3704,767.0916244382022,32,49,8,0,10,73,6,0,13,1,75
2011-08-10 14:18:00,Normal,101,0,101,944320,18151,3468147,22125,651.7248022970297,35,57,9,0,7,88,6,0,15,3,82
2011-08-10 14:18:01,Attack,84,0,85,865284,16100,3021984,48454,458.31719611764703,29,49,7,0,7,73,5,0,6,2,77
2011-08-10 14:18:02,Normal,138,6,144,968818,20696,6023421,11044,477.6371308263889,41,98,5,0,17,124,3,0,21,3,120
2011-08-10 14:18:03,Attack,105,0,106,789695,4788,4150207,45432,311.518719264151,27,70,9,0,8,93,5,0,15,2,88
2011-08-10 14:18:04,Normal,95,0,95,1321240,16609,3226840,62278,478.5295097052632,29,57,9,0,7,86,2,0,16,5,74
2011-08-10 14:18:05,Attack,104,0,107,842596,8760,4104244,49431,438.73932968224307,24,73,10,0,10,94,3,0,22,1,83
2011-08-10 14:18:06,Normal,108,1,109,1086219,16772,3933170,23390,462.9531344311927,40,56,13,0,4,98,7,0,10,4,94
2011-08-10 14:18:07,Attack,98,0,99,679773,18290,3860115,35989,380.22359616161623,24,69,6,0,11,86,2,0,11,1,86
2011-08-10 14:18:08,Attack,105,0,106,1196147,15688,3792715,9424,510.7253803867925,37,45,24,0,5,98,3,0,6,2,98
2011-08-10 14:18:09,Attack,103,0,104,1231080,16290,3956942,2589,618.6211455576923,39,54,11,0,10,92,2,0,8,1,95
2011-08-10 14:18:10,Normal,128,0,128,1138546,5846,5460512,54201,408.7858973046875,35,88,5,0,17,108,3,0,30,0,98
2011-08-10 14:18:11,Normal,69,3,72,830657,19840,2534664,56988,494.3000137777778,31,31,10,0,6,61,5,0,15,2,55
2011-08-10 14:18:12,Attack,114,6,121,1082585,18292,4446148,58025,453.90334653719015,34,79,8,0,12,98,11,0,17,2,102
2011-08-10 14:18:13,Normal,111,0,111,924792,11345,4440030,3974,460.63859349549546,37,62,12,0,15,95,1,0,20,2,89
2011-08-10 14:18:14,Attack,97,0,98,1079948,16366,3353986,23629,771.5716388265306,36,50,12,0,12,81,5,0,16,1,80
2011-08-10 14:18:15,Normal,125,0,125,1148455,18705,5107398,19370,453.0313070080001,38,82,5,0,18,99,8,0,28,2,95
2011-08-10 14:18:16,Normal,111,0,111,1024781,4401,4379604,51461,552.8372684594596,43,63,5,0,16,87,8,0,24,1,86
2011-08-10 14:18:17,Normal,115,0,115,915319,4489,4415603,65431,561.7125396956523,37,66,12,0,11,97,7,0,18,0,97
2011-08-10 14:18:18,Attack,85,0,87,1041514,16568,3016197,49527,714.344198367816,38,39,10,0,14,72,1,0,15,1,71
2011-08-10 14:18:19,Normal,101,0,101,1161053,15876,3354288,11238,504.23874300000006,34,55,12,0,10,88,3,0,14,4,83
2011-08-10 14:18:20,Normal,96,0,96,818813,17001,3638583,23572,572.5192842708333,32,58,6,0,9,83,4,0,17,1,77
2011-08-10 14:18:21,Normal,90,0,90,1154762,15781,2896855,11712,789.1176410444444,39,42,9,0,10,77,3,0,13,2,75
2011-08-10 14:18:22,Attack,103,3,108,1006158,16526,4369785,37504,496.8957878055554,35,63,10,0,6,98,4,0,7,1,100
2011-08-10 14:18:23,Normal,99,0,99,1081975,17991,3426472,57917,561.7595881010102,46,48,5,0,11,84,4,0,19,3,77
2011-08-10 14:18:24,Attack,115,0,116,1138523,19080,3783171,42698,530.8924140344828,38,73,5,0,17,93,6,0,21,3,92
2011-08-10 14:18:25,Normal,78,0,78,1049458,14761,2466122,7993,751.5503821410257,35,36,7,0,9,68,1,0,9,1,67
2011-08-10 14:18:26,Attack,107,0,111,1157108,16740,4290582,55742,421.0620494594594,39,63,9,0,17,91,3,0,16,1,94
2011-08-10 14:18:27,Normal,112,0,112,1204033,17309,3949944,59867,643.6123991696428,38,65,9,0,14,93,3,2,12,3,94
2011-08-10 14:18:28,Attack,84,0,86,857447,15288,3128771,1746,636.7659196511629,34,48,4,0,6,78,2,0,7,0,79
2011-08-10 14:18:29,Attack,75,0,77,878005,15609,2617577,56596,667.8083915324675,37,35,5,0,7,68,1,1,12,2,62
2011-08-10 14:18:30,Attack,97,0,98,974356,16129,3545131,51744,432.1950524591836,36,60,2,0,6,87,4,1,13,2,82
2011-08-10 14:18:31,Normal,100,0,100,1103975,18050,3973355,54810,308.82971054999996,37,54,9,0,8,90,2,0,24,1,75
2011-08-10 14:18:32,Attack,98,6,105,754662,17505,3998084,50434,304.90925427619044,39,61,5,0,10,91,4,0,25,1,79
2011-08-10 14:18:33,Attack,83,2,87,945666,3400,3337093,53841,495.5272468160918,33,50,4,0,11,71,5,0,16,1,70
2011-08-10 14:18:34,Normal,114,0,114,1479969,4266,3679819,50423,732.0651066754384,35,72,7,0,21,91,1,1,12,2,99
2011-08-10 14:18:35,Normal,113,0,113,917975,17625,4000686,33139,542.6201825309735,38,66,9,0,11,101,1,0,13,2,98
2011-08-10 14:18:36,Normal,85,0,85,921177,15713,3029373,38496,500.95643729411773,41,40,4,0,8,74,3,0,11,5,69
2011-08-10 14:18:37,Normal,127,0,127,1413838,56437,4460223,635,519.7721775433071,43,73,11,0,12,110,5,0,13,1,113
2011-08-10 14:18:38,Normal,140,0,140,1796924,18271,4079267,25856,742.9769795214286,41,88,11,0,31,104,5,0,22,4,114
2011-08-10 14:18:39,Attack,129,0,130,1246657,18799,5254577,44843,404.70748756153847,31,90,9,0,21,103,6,0,25,3,102
2011-08-10 14:18:40,Normal,142,0,142,689399,8113,6545621,50814,276.5702915633803,32,106,4,0,10,127,5,0,16,1,125
2011-08-10 14:18:41,Normal,85,0,85,940352,49875,2986611,51712,717.1142085882352,31,47,7,0,15,67,3,0,15,2,67
2011-08-10 14:18:42,Normal,144,3,147,1689282,4134,5351871,4486,804.725703027211,36,104,7,0,36,103,8,0,26,3,117
2011-08-10 14:18:43,Attack,121,0,125,1710036,25357,3944252,56235,512.1478093280001,39,81,5,0,29,94,2,0,25,1,97
2011-08-10 14:18:44,Attack,105,0,106,1559364,15852,3421221,25818,733.3001814433962,31,69,6,0,24,82,0,0,6,3,96
2011-08-10 14:18:45,Attack,92,0,93,966900,17447,3509728,34681,495.82071008602156,40,49,4,0,7,83,3,0,16,0,77
2011-08-10 14:18:46,Normal,114,0,114,754410,5490,4503002,54816,289.86794600877204,31,77,6,0,12,95,7,0,25,0,88
2011-08-10 14:18:47,Attack,107,0,109,1011154,17287,3921809,17245,570.1863119541284,40,63,6,0,12,96,1,0,18,3,87
2011-08-10 14:18:48,Normal,124,0,124,1191282,4500,4828547,57967,527.1316307580646,50,72,2,0,13,107,4,0,14,1,109
2011-08-10 14:18:49,Attack,106,0,107,1060650,18326,4084343,4527,542.7021969626168,24,77,6,0,15,85,7,0,14,0,93
2011-08-10 14:18:50,Attack,138,0,139,742800,19362,5510887,64916,295.13653007194245,30,105,4,0,39,98,2,0,41,3,95
2011-08-10 14:18:51,Attack,105,0,106,991019,17169,3907533,28122,560.8128461792452,32,67,7,0,23,75,8,0,23,0,83
2011-08-10 14:18:52,Normal,111,3,114,1017565,18423,4355637,24834,595.3963291929823,40,68,6,0,12,98,4,0,22,1,90
2011-08-10 14:18:53,Attack,116,0,117,1133953,5361,4542319,1550,541.0039522820513,38,70,9,0,8,102,7,0,12,3,102
2011-08-10 14:18:54,Attack,140,0,141,779171,7383,5784085,60595,389.1698573617021,37,98,6,0,15,125,1,0,22,0,119
2011-08-10 14:18:55,Normal,203,0,203,1041316,9559,8897795,33069,236.2985576157636,43,155,5,0,23,176,4,0,38,0,165
2011-08-10 14:18:56,Normal,102,0,102,929668,17555,3870533,66322,293.3601893235294,27,70,5,0,14,87,1,0,17,1,84
2011-08-10 14:18:57,Normal,125,3,128,840504,18971,4812551,3921,340.03317300000003,38,82,8,0,27,99,2,0,34,1,93
2011-08-10 14:18:58,Normal,138,0,138,1141854,18978,5482312,50837,522.6845650724638,29,106,3,0,29,104,5,0,31,2,105
2011-08-10 14:18:59,Normal,116,0,116,946892,18133,4615553,46114,465.90993434482755,40,70,6,0,12,102,2,0,12,1,102
2011-08-10 14:19:00,Normal,100,0,100,945008,20847,3719549,2213,535.3493422799999,30,64,6,0,15,78,7,0,20,1,78
2011-08-10 14:19:01,Normal,230,0,230,1168600,23830,11027962,7136,282.71839872608695,38,185,7,0,15,212,3,0,13,1,216
2011-08-10 14:19:02,Normal,119,6,125,998795,6859,5234041,48684,356.41898428800005,30,92,3,0,32,89,4,0,28,3,94
2011-08-10 14:19:03,Normal,131,0,131,734896,20186,5400483,54135,422.95144531297706,33,93,5,0,32,96,3,0,36,0,95
2011-08-10 14:19:04,Attack,115,0,117,890505,18199,3705809,15640,256.0202729658119,36,73,8,0,23,90,4,0,29,3,85
2011-08-10 14:19:05,Normal,173,0,173,1791541,19084,6296071,53728,296.1314542138728,44,121,8,0,22,124,27,0,36,5,132
2011-08-10 14:19:06,Attack,179,0,181,1049854,22701,8032203,42041,323.8761836353591,35,141,5,0,26,140,15,0,43,1,136
2011-08-10 14:19:07,Normal,114,0,114,865498,18372,4409616,60431,354.7239006140351,29,77,8,0,10,103,1,0,10,1,102
2011-08-10 14:19:08,Attack,146,0,149,1022850,6923,6179248,57054,538.2872024765101,43,96,10,0,9,135,5,0,12,4,133
2011-08-10 14:19:09,Normal,100,0,100,1326423,15893,3621779,4052,667.62027961,43,47,10,0,8,89,3,0,12,3,84
2011-08-10 14:19:10,Attack,88,0,90,1094587,15023,3102591,28657,655.0601964666666,37,48,5,0,11,76,3,0,12,3,75
2011-08-10 14:19:11,Attack,123,0,124,1097368,21349,4549118,55338,542.7881643306451,30,85,9,0,13,107,4,0,22,1,101
2011-08-10 14:19:12,Attack,197,3,201,926148,8077,8512832,52306,220.8381336368159,40,151,10,0,7,191,3,0,13,1,186
2011-08-10 14:19:13,Normal,87,0,87,813314,16548,3192177,28939,520.5313589770115,33,42,12,0,5,79,3,0,9,1,76
2011-08-10 14:19:14,Attack,91,0,92,725923,16449,3106867,54718,415.32574041304355,35,52,5,0,5,85,2,0,11,0,81
2011-08-10 14:19:15,Attack,108,0,109,851232,16912,3971681,18036,387.9554182385322,36,63,10,0,11,95,3,0,14,0,95
2011-08-10 14:19:16,Normal,94,0,94,1054103,16622,3903716,61509,525.4911290744681,32,55,7,0,17,76,1,0,11,2,80
2011-08-10 14:19:17,Normal,171,0,171,922866,8133,7174003,52523,229.23895573099418,40,128,3,0,45,104,22,0,67,0,104
2011-08-10 14:19:18,Normal,98,0,98,849318,11837,3114670,53276,479.73955976530607,36,53,9,0,9,77,12,0,21,1,76
2011-08-10 14:19:19,Normal,95,0,95,959142,16055,3582375,2041,585.9412552315789,40,46,9,0,9,82,4,0,15,0,80
2011-08-10 14:19:20,Attack,99,0,100,981523,17528,3670078,63360,626.45627827,34,58,8,0,9,85,6,0,12,1,86
2011-08-10 14:19:21,Normal,102,0,102,920456,18129,3927770,42796,593.8154995882353,39,59,4,0,12,83,7,0,24,0,77
2011-08-10 14:19:22,Normal,126,5,131,1411034,17705,4516842,10480,559.9560741984732,46,81,4,0,14,114,3,0,11,2,118
2011-08-10 14:19:23,Normal,85,1,86,1014203,2550,3029194,52974,519.2383449418605,45,31,10,0,7,78,1,0,11,1,74
2011-08-10 14:19:24,Normal,113,0,113,1016136,3146,4280844,53160,567.0457393185841,41,67,5,0,9,103,1,0,10,3,100
2011-08-10 14:19:25,Attack,98,0,100,935305,19190,3584819,61282,518.57998706,35,57,8,0,10,82,8,0,24,1,75
2011-08-10 14:19:26,Normal,94,0,94,1015834,15467,3296956,5427,775.5909181914892,39,47,8,0,8,84,2,0,11,1,81
2011-08-10 14:19:27,Attack,106,0,108,911606,16914,4019821,59047,505.54145875,30,69,9,0,12,87,8,1,17,1,88
2011-08-10 14:19:28,Normal,109,0,109,1268148,2690,3844720,4426,553.0829629174311,42,61,6,0,15,82,10,2,18,0,89
2011-08-10 14:19:29,Attack,92,0,95,696422,5121,3230677,4430,537.4906758526316,28,56,11,0,12,79,3,1,24,0,69
2011-08-10 14:19:30,Normal,110,0,110,1185179,17107,3854370,66368,514.4657868272727,39,62,9,0,12,94,4,0,13,2,94
2011-08-10 14:19:31,Attack,123,0,125,959492,18091,4361576,52279,490.566813808,41,66,18,0,10,111,4,0,32,1,92
2011-08-10 14:19:32,Attack,85,3,92,926188,3313,3291642,62382,460.68321922826084,38,52,2,0,15,72,4,1,17,2,72
2011-08-10 14:19:33,Attack,94,3,98,770214,16809,3795322,21419,446.0308242857143,26,58,14,0,11,84,3,0,19,0,79
2011-08-10 14:19:34,Normal,109,3,112,811361,16989,4406413,6128,342.1319240089286,32,71,9,0,4,105,3,0,8,1,103
2011-08-10 14:19:35,Attack,71,0,72,847519,14582,2467790,17166,873.7931582638889,36,33,3,0,3,68,1,0,8,1,62
2011-08-10 14:19:36,Attack,99,0,100,1181638,16184,3442553,39017,588.55055718,34,53,13,0,9,89,2,0,10,1,87
2011-08-10 14:19:37,Normal,96,2,98,1147981,2949,2837290,56336,660.7399182653062,36,52,10,0,15,77,6,0,22,0,75
2011-08-10 14:19:38,Normal,138,0,138,1551105,16943,4816635,63966,501.9582588333334,59,66,13,0,12,116,10,0,33,1,104
2011-08-10 14:19:39,Normal,105,0,105,932992,16659,3705082,30252,591.1310615904762,38,59,8,0,15,87,3,0,20,1,84
2011-08-10 14:19:40,Normal,120,11,131,1068050,11281,4882771,12479,385.1269017633587,39,83,9,0,11,113,7,0,18,4,109
2011-08-10 14:19:41,Normal,163,1,164,977686,6667,7310051,44606,307.97137262804875,21,135,8,0,27,123,14,0,39,7,117
2011-08-10 14:19:42,Attack,177,3,181,1052934,22923,7738476,50934,226.46781416574584,32,131,18,0,34,134,13,0,38,8,135
2011-08-10 14:19:43,Normal,140,0,140,1204977,19007,5106279,28019,523.6356196071429,35,98,7,0,16,120,4,0,12,2,125
2011-08-10 14:19:44,Normal,148,0,148,1198356,18988,5710825,4069,358.45507308108114,36,108,4,0,36,109,3,0,36,2,110
2011-08-10 14:19:45,Normal,126,0,126,1231190,17795,4361201,62249,456.8390233174603,39,81,6,0,32,89,5,0,34,3,87
2011-08-10 14:19:46,Attack,114,0,116,788945,6614,4790060,58580,340.4094078534483,31,81,4,0,25,87,4,0,31,1,84
2011-08-10 14:19:47,Normal,111,0,111,1065840,3047,3991980,55033,510.2869270720721,43,57,11,0,11,93,7,0,22,1,88
2011-08-10 14:19:48,Attack,105,0,107,872011,3842,4344066,56354,334.16375575700937,33,69,5,0,18,84,5,0,25,0,81
2011-08-10 14:19:49,Normal,169,0,169,1038009,7676,6088814,55909,322.2047718165681,35,130,4,0,28,135,6,0,38,2,129
2011-08-10 14:19:50,Attack,156,0,159,1340953,8134,5993862,61669,402.2051680188679,45,100,14,0,17,129,13,0,37,2,120
2011-08-10 14:19:51,Normal,128,0,128,990188,6030,5094573,61578,256.77532353906247,33,87,8,0,17,108,3,0,38,1,89
2011-08-10 14:19:52,Normal,109,3,112,1362678,3460,4704072,43693,609.1653392232141,36,69,7,0,9,99,4,0,16,2,94
2011-08-10 14:19:53,Attack,110,0,112,920945,18435,4287371,33770,437.18570575000007,40,65,7,0,10,95,7,0,23,1,87
2011-08-10 14:19:54,Normal,135,0,135,814770,5898,5382403,5207,290.36064982222223,28,103,4,0,8,123,4,0,16,1,118
2011-08-10 14:19:55,Normal,94,0,94,839814,16802,3603456,29982,590.7003671489362,39,46,9,0,6,84,4,0,22,0,72
2011-08-10 14:19:56,Attack,113,0,114,1122139,4127,3812781,60724,487.89848110526316,37,73,4,0,9,95,10,0,24,1,88
2011-08-10 14:19:57,Attack,86,0,87,839238,2848,3444069,57955,679.1947639655172,35,42,10,0,3,80,4,0,13,0,74
2011-08-10 14:19:58,Normal,107,0,107,1114567,17214,3824597,1632,641.0030988130842,37,62,8,0,11,92,4,0,13,0,94
2011-08-10 14:19:59,Attack,145,0,146,1119491,18263,5861606,34510,388.35082765068495,39,99,8,0,13,132,1,0,17,0,129
2011-08-10 14:20:00,Normal,93,0,93,885385,17126,3180699,2100,406.12912120430104,29,57,7,0,15,73,5,0,20,1,71
2011-08-10 14:20:01,Normal,82,0,82,716671,16526,3254451,3802,710.6420482682927,36,40,6,0,9,71,2,0,17,0,65
2011-08-10 14:20:02,Normal,90,3,93,977143,16352,3092942,49593,832.4893276236558,36,48,9,0,14,71,8,0,19,0,73
2011-08-10 14:20:03,Attack,121,3,127,1371627,17592,4248560,2573,434.0269811574803,35,80,12,0,19,100,8,0,17,2,107
2011-08-10 14:20:04,Normal,80,0,80,950309,1302,3219423,59578,686.3822610999999,41,33,6,0,8,68,4,0,19,0,61
2011-08-10 14:20:05,Normal,78,0,78,590451,3373,3102366,51912,677.1757589487178,29,42,7,0,7,69,2,0,12,0,66
2011-08-10 14:20:06,Normal,78,0,78,1008110,17768,2239711,18035,906.0309948974359,33,38,7,0,17,58,2,1,16,2,60
2011-08-10 14:20:07,Attack,212,0,215,1110254,25365,9092299,21689,357.35617163255813,36,171,8,0,14,191,10,0,21,1,193
2011-08-10 14:20:08,Normal,139,0,139,846322,6332,5788389,48994,543.383962942446,31,106,2,0,31,105,3,0,27,0,111
2011-08-10 14:20:09,Attack,250,0,251,1050348,24824,10339905,22346,205.7988783306773,40,203,8,0,35,211,5,0,45,0,206
2011-08-10 14:20:10,Normal,226,0,226,1088597,16831,9132344,3828,276.80176633628315,41,180,5,0,12,211,3,0,18,2,206
2011-08-10 14:20:11,Attack,95,0,99,816358,31010,3316752,16807,612.2066774949495,42,50,7,0,14,80,5,0,20,2,77
2011-08-10 14:20:12,Normal,101,3,104,886211,16477,3942330,54300,550.2241646730769,45,53,6,0,7,94,3,0,7,2,95
2011-08-10 14:20:13,Normal,110,0,110,1423250,17332,3577283,53691,478.9730801363637,44,58,8,0,12,92,6,0,15,1,94
2011-08-10 14:20:14,Attack,96,0,97,1286571,16486,3374680,13174,582.4004009381443,40,47,10,0,11,83,3,0,10,2,85
2011-08-10 14:20:15,Attack,115,0,116,1323751,17061,4039683,24668,590.0312409999999,27,80,9,0,18,96,2,0,19,0,97
2011-08-10 14:20:16,Normal,96,0,96,957972,3157,3082116,43035,480.88768401041654,34,56,6,0,21,73,2,0,27,0,69
2011-08-10 14:20:17,Attack,118,0,120,947464,19163,4927609,42593,374.8352570083334,28,82,10,0,18,93,9,0,27,0,93
2011-08-10 14:20:18,Attack,76,0,77,631234,17116,2973223,65452,634.7638213116883,32,40,5,0,7,69,1,0,15,0,62
2011-08-10 14:20:19,Normal,121,0,121,996611,38588,4739235,6832,540.245581016529,34,80,7,0,10,106,5,0,9,0,112
2011-08-10 14:20:20,Normal,142,0,142,1699901,18833,4722560,31304,721.0002141619719,46,89,7,0,25,113,4,0,20,5,116
2011-08-10 14:20:21,Normal,99,0,99,1792526,42309,2852742,15756,887.8360396565655,42,53,4,0,21,73,5,0,10,3,86
2011-08-10 14:20:22,Normal,108,3,111,1269078,16628,3877289,9304,504.7225526576576,50,53,8,0,12,97,2,0,7,3,101
2011-08-10 14:20:23,Normal,95,0,95,1005519,15613,3369422,18381,773.936159610526,37,46,12,0,8,86,1,0,4,1,90
2011-08-10 14:20:24,Attack,70,0,71,1003028,14449,2768165,55015,603.1753475211269,28,35,8,0,8,61,2,0,6,0,65
2011-08-10 14:20:25,Normal,102,0,102,1314121,15483,4124425,6807,534.9868990882352,30,66,6,0,15,83,4,0,7,1,93
2011-08-10 14:20:26,Normal,98,0,98,1109139,16682,3740180,17886,515.3359563571429,35,59,4,0,18,77,3,0,7,3,88
2011-08-10 14:20:27,Normal,93,0,93,979352,2272,3735350,51891,508.13620153763435,39,50,4,0,8,83,1,1,7,0,85
2011-08-10 14:20:28,Attack,101,0,102,1608264,15293,3884806,26797,464.2601521078431,41,53,8,0,14,80,7,1,12,2,86
2011-08-10 14:20:29,Normal,110,0,110,1504687,49948,4012521,1030,567.6115424454546,37,69,4,0,26,78,6,0,12,2,95
2011-08-10 14:20:30,Attack,120,0,121,1286671,17262,4468099,31637,554.1754083884297,34,76,11,0,17,100,3,1,15,1,104
2011-08-10 14:20:31,Normal,85,0,85,1400555,12968,2843241,59961,774.6898603764705,25,52,8,0,21,57,7,0,13,2,70
2011-08-10 14:20:32,Attack,103,3,109,1392701,49156,3984391,59708,652.531371183486,32,71,6,0,19,83,6,1,11,1,96
2011-08-10 14:20:33,Normal,98,0,98,1506520,12963,3381747,1542,621.5366831836735,46,45,7,0,22,70,6,0,13,2,83
2011-08-10 14:20:34,Normal,126,3,129,1680583,19774,5200391,38384,271.460792372093,38,89,2,0,32,93,4,0,21,1,107
2011-08-10 14:20:35,Attack,101,0,103,1326095,18935,3600582,59596,586.4926865242719,46,53,4,0,20,80,2,1,21,1,80
2011-08-10 14:20:36,Attack,117,0,118,992014,4528,4371119,34010,494.72275201694913,41,71,6,0,14,104,0,0,8,2,108
2011-08-10 14:20:37,Normal,163,0,163,1455605,19601,6592094,33894,342.9868286441718,40,118,5,0,17,112,34,0,38,1,122
2011-08-10 14:20:38,Attack,134,4,139,1054906,9561,5627956,49536,395.81802289928055,39,90,10,0,14,122,3,0,13,1,125
2011-08-10 14:20:39,Attack,100,2,103,974606,4522,4019681,40911,625.8559291262135,29,57,17,0,11,91,1,0,10,0,93
2011-08-10 14:20:40,Normal,113,0,113,1864723,15319,3580244,18127,680.3068105221239,46,60,7,0,27,85,1,0,11,3,99
2011-08-10 14:20:41,Normal,94,0,94,1178783,3685,3080013,48043,583.3003660531915,37,51,6,0,18,72,4,0,20,0,74
2011-08-10 14:20:42,Normal,121,3,124,2087333,51905,3579538,60456,752.277283217742,39,79,6,0,36,82,5,1,15,3,106
2011-08-10 14:20:43,Normal,140,0,140,1475239,5089,5430874,47457,577.3531777428572,43,88,9,0,18,119,2,1,15,4,121
2011-08-10 14:20:44,Normal,100,0,100,1081035,29583,3520946,14208,558.41470236,29,63,8,0,10,86,4,0,15,1,84
2011-08-10 14:20:45,Attack,102,2,105,1022701,3770,4031554,39254,561.9207344666667,36,64,5,0,14,88,3,0,8,2,95
2011-08-10 14:20:46,Normal,98,0,98,1393909,3568,3212287,43637,566.2516453571429,38,51,9,0,15,79,4,0,11,2,85
2011-08-10 14:20:47,Normal,84,0,84,723350,18232,3174130,54877,510.0469750833333,28,39,17,0,8,75,1,0,16,0,67
2011-08-10 14:20:48,Normal,109,0,109,1076673,17028,4034095,64859,665.5132361192663,38,57,14,0,12,97,0,0,16,0,93
2011-08-10 14:20:49,Attack,105,0,108,1188806,58795,4022728,6166,545.0659255648148,38,64,6,0,13,89,6,0,19,0,89
2011-08-10 14:20:50,Normal,106,0,106,708890,21812,2815128,3518,462.60281449999997,27,71,8,0,26,78,2,0,29,1,76
2011-08-10 14:20:51,Attack,135,0,136,1600386,55097,4932380,14904,674.3380966544117,41,89,6,0,24,105,7,0,17,3,116
2011-08-10 14:20:52,Normal,91,3,94,945058,19696,3943758,47892,415.4300169361702,20,68,6,0,10,80,4,0,15,3,76
2011-08-10 14:20:53,Attack,102,0,105,1166838,4681,3777796,4034,556.6655909047619,26,73,6,0,18,83,4,0,16,2,86
2011-08-10 14:20:54,Normal,114,0,114,1559994,16258,4276209,55775,563.952545,47,60,7,0,12,98,4,0,10,2,102
2011-08-10 14:20:55,Normal,94,0,94,1183048,4695,3584647,54177,567.6050944787235,49,40,5,0,12,82,0,0,15,3,76
2011-08-10 14:20:56,Attack,118,0,119,1057263,4824,4499723,47511,394.73702211764703,43,69,7,0,7,107,5,0,18,0,101
2011-08-10 14:20:57,Attack,74,0,75,813494,18102,2602250,28604,441.67107086666664,28,40,7,0,9,62,4,0,12,0,63
2011-08-10 14:20:58,Normal,111,0,111,1494943,48440,4153224,60458,519.7665748108109,37,64,10,0,13,94,4,0,16,2,92
2011-08-10 14:20:59,Attack,107,0,108,1201819,17887,3425029,25290,565.4030758981481,36,61,11,0,16,91,1,0,24,2,82
2011-08-10 14:21:00,Attack,263,0,264,1136192,13323,11922832,51393,206.10007542424242,37,214,13,0,21,232,11,0,33,2,229
2011-08-10 14:21:01,Normal,146,0,146,1343999,6487,5540953,5928,312.3787382191781,49,91,6,0,15,129,2,0,23,3,120
2011-08-10 14:21:02,Normal,100,3,103,1240437,18176,4153884,61842,516.5088753106796,40,55,8,0,16,83,4,0,16,1,86
2011-08-10 14:21:03,Normal,114,0,114,1079698,39781,4160831,14555,502.19065790350885,33,68,13,0,7,102,5,0,14,2,97
2011-08-10 14:21:04,Normal,102,0,102,835644,18699,4238039,8737,419.50448198039214,33,66,3,0,5,92,5,0,4,1,97
2011-08-10 14:21:05,Normal,104,3,107,1391898,15065,3870669,57722,424.5700448878505,39,58,10,0,19,87,1,0,4,1,102
2011-08-10 14:21:06,Attack,88,1,90,698976,16839,3450754,25282,437.8228448222222,31,56,3,0,11,74,3,2,15,0,75
2011-08-10 14:21:07,Normal,92,0,92,905687,21345,3171151,58946,678.5395222826087,37,49,6,0,24,65,3,0,21,0,71
2011-08-10 14:21:08,Normal,100,0,100,1073003,6066,3592661,49158,564.26730748,26,69,5,0,14,80,6,0,14,0,86
2011-08-10 14:21:09,Normal,141,0,141,2055653,66092,4856842,15108,667.5818089787234,46,91,4,0,34,97,10,0,24,3,114
2011-08-10 14:21:10,Attack,124,0,128,993157,51530,5164826,52346,438.2196219921875,29,90,9,0,13,111,4,0,12,0,116
2011-08-10 14:21:11,Normal,142,0,142,940665,7747,5890145,50702,422.46685738732384,41,96,5,0,8,121,13,0,20,2,120
2011-08-10 14:21:12,Attack,136,3,141,823081,19544,5762432,63851,352.12267226241136,30,102,9,0,11,125,5,0,17,1,123
2011-08-10 14:21:13,Normal,99,0,99,1063399,5672,3460273,40781,705.6523961616161,32,58,9,0,15,77,7,0,18,2,79
2011-08-10 14:21:14,Attack,101,0,103,1352729,15482,3723687,30050,840.9095178737865,33,64,6,0,16,84,3,0,10,0,93
2011-08-10 14:21:15,Normal,102,0,102,1381446,15080,3720003,33702,686.713207215686,54,43,5,0,13,87,2,0,11,1,89
2011-08-10 14:21:16,Normal,132,2,134,1270577,3823,5789838,54761,458.1191669104477,37,89,8,0,21,107,6,0,20,1,113
2011-08-10 14:21:17,Attack,81,0,82,853639,2710,2985503,51897,596.9208463536586,30,44,8,0,14,66,2,0,14,0,67
2011-08-10 14:21:18,Attack,120,0,121,870658,19109,4627155,14139,455.70026786776856,39,73,9,0,10,106,5,0,24,2,95
2011-08-10 14:21:19,Attack,120,0,121,1540076,17158,4157670,35864,686.8104242727273,38,76,7,0,21,98,2,0,14,3,104
2011-08-10 14:21:20,Attack,104,0,105,1577425,16133,3466022,13350,852.6626086857142,35,63,7,0,22,78,5,0,6,2,97
2011-08-10 14:21:21,Attack,118,0,119,853829,17424,4636568,20288,423.832833697479,33,83,3,0,17,97,5,0,17,3,98
2011-08-10 14:21:22,Normal,117,3,120,1494092,6065,4076909,66984,562.1937938833332,30,87,3,0,33,82,5,0,20,5,95
2011-08-10 14:21:23,Normal,113,0,113,952629,18893,3675102,58103,639.8153599469027,34,77,2,0,24,73,16,0,41,2,70
2011-08-10 14:21:24,Normal,123,0,123,1214519,5481,4281394,50919,427.8994016178861,35,82,6,0,24,88,11,0,36,2,85
2011-08-10 14:21:25,Normal,102,0,102,819745,26166,3738073,13883,592.0421887156863,28,66,8,0,18,72,12,0,26,2,74
2011-08-10 14:21:26,Normal,128,0,128,1122811,17542,4664319,34814,577.0469977968751,39,79,10,0,13,100,15,0,18,0,110
2011-08-10 14:21:27,Attack,105,0,107,1536267,15608,3776059,15426,802.9783432149533,37,64,6,0,23,74,9,1,10,1,95
2011-08-10 14:21:28,Normal,105,3,108,1137303,16408,3830277,64224,553.572537425926,40,62,6,0,24,81,1,2,22,1,83
2011-08-10 14:21:29,Normal,160,16,176,1935707,21055,7134308,6922,438.7134757727272,37,131,8,0,38,127,11,0,27,2,147
2011-08-10 14:21:30,Normal,124,10,134,1347368,19468,5461917,34596,198.76453328358207,31,99,4,0,26,107,1,0,32,4,98
2011-08-10 14:21:31,Attack,107,0,109,1038095,16115,3635959,15947,556.1290717614678,39,57,13,0,13,91,4,1,13,1,94
2011-08-10 14:21:32,Normal,132,3,135,1711809,13223,4383949,41928,633.789477037037,44,85,6,0,25,102,7,1,13,4,118
2011-08-10 14:21:33,Attack,142,0,145,1627349,4301,5448217,62392,467.92983635172413,31,105,9,0,26,102,16,1,25,3,116
2011-08-10 14:21:34,Normal,130,0,130,1360475,18552,5173793,4306,611.1994557384617,29,86,15,0,18,93,19,0,30,2,98
2011-08-10 14:21:35,Attack,93,3,98,996736,3103,3785225,51403,676.268415377551,38,54,6,0,13,83,2,0,14,2,82
2011-08-10 14:21:36,Normal,101,0,101,1451330,2380,3529723,34371,504.87247076237617,27,64,10,0,15,81,5,0,10,2,89
2011-08-10 14:21:37,Normal,178,0,178,1733981,21797,6843626,22886,380.8527157247191,33,133,12,0,27,149,2,0,48,4,125
2011-08-10 14:21:38,Normal,132,0,132,1568546,4329,4967211,57505,428.27407359090915,39,87,6,0,21,104,7,0,23,4,105
2011-08-10 14:21:39,Attack,109,6,117,1276519,18487,4612089,15017,541.94071491453,35,70,12,0,21,91,5,0,21,0,96
2011-08-10 14:21:40,Attack,92,0,93,1068423,15635,3474775,37150,533.4415189677419,34,52,7,0,10,80,3,0,7,3,83
2011-08-10 14:21:41,Attack,106,0,107,1119648,16550,4501465,35598,448.41835242056067,28,73,6,0,16,78,13,0,20,1,86
2011-08-10 14:21:42,Attack,119,3,123,1227535,3557,4672808,43393,507.6486731869919,25,86,12,0,28,88,7,0,19,2,102
2011-08-10 14:21:43,Normal,104,0,104,1512185,15317,3608300,52185,835.8303750384615,32,62,10,0,16,81,7,0,9,1,94
2011-08-10 14:21:44,Normal,95,0,95,1081709,16186,3590292,47297,572.5559359894737,34,58,3,0,17,76,2,0,10,4,81
2011-08-10 14:21:45,Normal,135,0,135,1277470,5361,5325443,59918,283.15236858518523,43,83,9,0,30,101,4,0,28,1,105
2011-08-10 14:21:46,Normal,137,0,137,973243,20769,4938813,11282,322.60024666423357,36,95,6,0,34,102,1,0,31,2,104
2011-08-10 14:21:47,Attack,104,0,105,1352635,16429,3578139,35095,541.7518592571428,37,63,5,0,21,80,4,0,15,4,86
2011-08-10 14:21:48,Attack,99,0,100,1317902,17648,3538317,2053,540.63223445,28,66,6,0,24,73,3,0,9,3,88
2011-08-10 14:21:49,Normal,110,2,112,1331530,67337,3399188,14214,577.6236224553571,29,77,6,0,36,71,5,0,30,1,81
2011-08-10 14:21:50,Normal,100,0,100,1286814,53643,3678264,59100,356.29049798000005,36,61,3,0,16,80,4,0,13,1,86
2011-08-10 14:21:51,Normal,88,0,88,1297413,57828,2952420,10032,731.3444509886363,35,49,4,0,19,67,2,0,9,5,74
2011-08-10 14:21:52,Attack,135,3,141,1727767,4818,5120253,50701,468.5261612695036,43,93,5,0,18,109,14,0,10,2,129
2011-08-10 14:21:53,Normal,117,0,117,1981296,9174,3826687,11464,631.1982314273505,47,62,8,0,30,82,5,0,15,2,99
2011-08-10 14:21:54,Attack,115,0,119,1328094,17810,4372375,5598,591.5862652773109,32,78,9,0,31,85,3,0,23,1,95
2011-08-10 14:21:55,Normal,154,0,154,1184169,57775,6388579,59683,460.8412906428572,40,105,9,0,29,119,6,0,33,1,120
2011-08-10 14:21:56,Attack,92,1,97,971814,57975,3725967,771,446.79173667010315,30,58,9,0,20,72,5,0,13,1,83
2011-08-10 14:21:57,Normal,111,0,111,1037367,4312,4090751,52453,502.083705990991,44,62,5,0,22,84,5,0,24,1,86
2011-08-10 14:21:58,Normal,120,0,120,1164007,3827,3747286,65287,447.79137532500005,29,79,12,0,29,86,5,0,30,1,89
2011-08-10 14:21:59,Normal,125,0,125,1167337,17759,4593886,28079,291.0634779999999,32,83,10,0,19,104,2,0,25,1,99
2011-08-10 14:22:00,Attack,93,0,94,910307,15918,3099321,5251,685.3677639148937,39,44,11,0,9,84,0,1,7,1,86
2011-08-10 14:22:01,Attack,112,0,113,802952,8273,4887366,45917,242.78747564601773,30,77,6,0,22,87,4,0,28,1,84
2011-08-10 14:22:02,Attack,115,9,125,983497,21032,4848172,18337,543.0041766880001,37,82,6,0,18,100,7,0,20,1,104
2011-08-10 14:22:03,Attack,234,0,235,1509662,10394,9619276,45882,393.3164174510638,39,184,12,0,28,188,19,0,34,1,200
2011-08-10 14:22:04,Normal,134,0,134,942149,6544,5432977,57042,403.8022420373134,34,84,16,0,18,113,3,0,30,0,104
2011-08-10 14:22:05,Normal,122,3,125,1225152,4473,4070091,57452,510.60771182400003,35,76,14,0,16,97,12,0,25,1,99
2011-08-10 14:22:06,Normal,112,0,112,1193039,3231,3746560,47401,533.1195764553571,43,59,10,0,11,95,6,0,18,3,91
2011-08-10 14:22:07,Normal,120,0,120,1148779,4758,4340772,52681,501.22224248333333,44,67,9,0,11,96,13,0,29,1,90
2011-08-10 14:22:08,Normal,100,0,100,1178348,17288,3214019,35446,706.1489870400001,45,44,11,0,13,86,1,0,16,3,81
2011-08-10 14:22:09,Attack,125,0,126,563013,8583,3218937,1751,310.05008747619047,24,92,10,0,10,115,1,0,52,1,72
2011-08-10 14:22:10,Normal,100,0,100,1116975,16373,3406254,58501,205.3538205,33,57,10,0,5,91,4,0,12,7,81
2011-08-10 14:22:11,Normal,96,0,96,1206035,3379,3554266,764,519.1266760729167,30,56,10,0,10,81,5,0,17,8,70
2011-08-10 14:22:12,Attack,119,3,124,909080,5341,4163969,48111,500.4364198145161,25,93,6,0,9,109,6,0,20,11,93
2011-08-10 14:22:13,Attack,127,0,130,1300499,5065,4459308,763,426.6256438923077,38,88,4,0,15,113,2,0,15,8,106
2011-08-10 14:22:14,Normal,120,0,120,860481,5411,4878088,54245,359.63682984166667,27,88,5,0,25,88,7,0,33,7,80
2011-08-10 14:22:15,Attack,106,0,107,1188331,3999,3603621,39999,471.85605038317755,29,72,6,0,20,82,5,0,10,1,95
2011-08-10 14:22:16,Normal,149,0,149,1587890,22012,5255640,26480,430.7075814362416,35,106,8,0,29,114,6,0,40,1,108
2011-08-10 14:22:17,Attack,124,0,126,1440612,18641,4775993,851,563.5042170634921,31,88,7,0,23,91,12,0,35,1,89
2011-08-10 14:22:18,Normal,142,0,142,1302948,6095,5135578,39102,354.2906450633803,32,106,4,0,19,107,16,0,30,3,109
2011-08-10 14:22:19,Normal,126,0,126,640255,5869,5431083,58270,398.9633298095238,32,85,9,0,11,113,2,0,15,0,111
2011-08-10 14:22:20,Normal,92,0,92,821054,11383,2979263,3104,546.0585584999999,31,58,3,0,17,73,2,0,11,1,80
2011-08-10 14:22:21,Attack,114,0,116,1299618,4190,3928157,5335,754.9406363189655,43,69,4,0,16,94,6,0,17,3,95
2011-08-10 14:22:22,Normal,133,3,136,1048453,20090,5186188,40350,393.2109788970588,33,98,5,0,26,96,14,0,38,2,95
2011-08-10 14:22:23,Attack,150,0,152,650783,9195,6697213,57647,314.1928070394737,31,116,5,0,24,112,16,0,49,0,103
2011-08-10 14:22:24,Attack,166,6,173,1130474,24385,6853263,40882,428.92099704046245,46,123,4,0,54,108,11,0,62,0,111
2011-08-10 14:22:25,Normal,139,0,139,2128901,4587,4394202,51656,613.6824470359711,44,88,7,0,31,102,6,0,18,1,120
2011-08-10 14:22:26,Normal,128,0,128,1710730,3810,4564848,39030,651.4386354140624,36,87,5,0,28,93,7,0,19,1,108
2011-08-10 14:22:27,Normal,128,0,128,1813947,3539,4267404,53453,694.139344640625,39,83,6,0,30,93,4,1,15,3,109
2011-08-10 14:22:28,Normal,115,0,115,1194925,17461,4184249,2167,423.2163687739131,32,75,8,0,14,93,6,2,11,3,99
2011-08-10 14:22:29,Normal,97,0,97,940323,4832,3552329,14985,482.74711759793814,38,50,9,0,10,87,0,0,14,2,81
2011-08-10 14:22:30,Attack,100,0,101,1409011,9304,3657963,3883,667.9194123960394,40,49,12,0,13,84,3,1,12,1,87
2011-08-10 14:22:31,Normal,110,0,110,1414194,16533,3606210,42877,705.2508235454545,36,64,10,0,26,75,9,0,17,1,92
2011-08-10 14:22:32,Normal,90,3,93,1008597,17496,3386962,14257,377.77434378494627,26,59,8,0,9,80,4,0,8,1,84
2011-08-10 14:22:33,Attack,142,0,143,1489012,19205,5210852,20600,495.65500769930054,41,93,9,0,25,115,3,0,30,4,109
2011-08-10 14:22:34,Attack,148,0,149,2004444,17223,5153735,60264,420.7425666778524,56,86,7,0,29,117,3,0,19,1,129
2011-08-10 14:22:35,Normal,116,0,116,666641,18552,4782872,11480,247.2601605775862,28,82,6,0,21,94,1,0,26,2,88
2011-08-10 14:22:36,Attack,119,3,125,986187,4307,5225734,52793,507.1651648320001,45,74,6,0,11,108,5,1,17,1,105
2011-08-10 14:22:37,Normal,97,0,97,1008847,16629,3624471,4748,517.8316481546392,41,50,6,0,9,87,1,0,10,0,87
2011-08-10 14:22:38,Attack,142,0,147,1783086,10569,4440741,56644,718.3386264081633,48,92,7,0,29,113,5,0,33,0,114
2011-08-10 14:22:39,Normal,88,0,88,1092487,15164,3330424,15718,581.6962188295455,39,38,11,0,10,75,3,0,7,2,79
2011-08-10 14:22:40,Normal,103,0,103,1041381,18545,3630133,25226,414.74711903883497,33,59,11,0,9,89,5,0,12,4,86
2011-08-10 14:22:41,Normal,118,0,118,1118882,5120,4757529,38196,467.8295599915254,34,73,11,0,33,80,5,0,35,5,78
2011-08-10 14:22:42,Attack,154,3,162,1429744,20422,5902005,11034,575.66062945679,40,102,20,0,28,115,19,0,26,5,131
2011-08-10 14:22:43,Attack,141,17,159,1247373,26989,6465658,259,371.0123467295598,40,113,6,0,21,129,9,0,25,5,129
2011-08-10 14:22:44,Attack,105,7,113,1456125,3303,3777031,49626,686.6288463185841,35,69,9,0,20,85,8,0,14,3,96
2011-08-10 14:22:45,Attack,138,0,140,2106977,3500,4406845,55475,551.5508384857144,36,95,9,0,30,101,9,0,14,4,122
2011-08-10 14:22:46,Normal,127,0,127,1320293,5929,4488993,40586,516.0585418740158,36,80,11,0,39,83,5,0,31,2,93
2011-08-10 14:22:47,Normal,117,0,117,1575311,3789,4046499,54227,605.0102142307691,45,62,10,0,20,96,1,0,11,3,103
2011-08-10 14:22:48,Normal,133,0,133,697987,19082,5299835,27104,266.83602102255634,32,91,10,0,17,112,4,0,22,3,108
2011-08-10 14:22:49,Normal,108,0,108,1052144,18432,4381494,54426,647.7240478888889,30,76,2,0,32,74,2,0,27,1,80
2011-08-10 14:22:50,Normal,109,0,109,747525,4543,4412809,57709,527.654073174312,35,63,11,0,12,95,2,0,19,1,88
2011-08-10 14:22:51,Attack,205,0,206,1109710,9202,8780963,30981,322.25539681553397,40,160,6,0,17,170,19,0,39,1,166
2011-08-10 14:22:52,Normal,136,3,139,1586066,62982,4945214,14658,610.443452971223,35,100,4,0,24,105,10,0,17,1,120
2011-08-10 14:22:53,Normal,165,2,167,1296127,10640,6506158,54065,458.933294257485,39,121,7,0,20,142,5,0,28,4,135
2011-08-10 14:22:54,Attack,124,0,125,1211122,17979,4160725,58458,623.5416629120001,51,63,11,0,12,109,4,0,16,1,108
2011-08-10 14:22:55,Attack,118,0,119,1214628,20784,4098983,25266,624.3545255042015,32,72,15,0,26,86,7,0,25,1,93
2011-08-10 14:22:56,Normal,82,0,82,926439,2269,3017215,56498,856.6683845975609,33,45,4,0,12,67,3,0,8,0,74
2011-08-10 14:22:57,Attack,99,0,100,934779,17628,3619281,59552,329.07330957,39,56,5,0,8,90,2,0,17,1,82
2011-08-10 14:22:58,Normal,98,0,98,938832,17178,3882588,41769,739.2592617346938,42,51,5,0,10,86,2,0,16,1,81
2011-08-10 14:22:59,Attack,155,0,157,1408437,22157,5962567,43896,451.2822866305732,39,112,6,0,23,109,25,0,45,2,109
2011-08-10 14:23:00,Normal,226,0,226,901884,11253,11385118,49566,266.60615615044253,25,188,13,0,8,200,18,0,27,1,198
2011-08-10 14:23:01,Normal,176,0,176,980454,23416,7245460,15901,349.7872131534091,43,126,7,0,7,148,21,0,58,0,118
2011-08-10 14:23:02,Normal,106,3,109,1270031,3978,3912719,53384,596.5239703577981,41,59,9,0,16,83,10,0,20,2,87
2011-08-10 14:23:03,Attack,108,0,110,1787810,19884,3214864,46243,831.0959046,42,59,9,0,31,70,9,0,23,3,83
2011-08-10 14:23:04,Attack,120,0,121,1006584,7784,4209024,48105,385.2720266694214,42,63,15,0,19,84,17,0,39,5,76
2011-08-10 14:23:05,Attack,82,1,85,1066875,3501,3180971,58819,666.8230365176471,42,37,6,0,12,72,1,0,25,2,58
2011-08-10 14:23:06,Attack,89,3,95,948578,16775,3550045,9563,551.9855728842106,35,58,2,0,14,77,4,0,34,0,61
2011-08-10 14:23:07,Normal,68,0,68,944071,1428,2429754,58553,838.1327819705883,37,22,9,0,9,56,3,0,7,0,61
2011-08-10 14:23:08,Normal,87,0,87,1022190,2635,2396855,46331,856.7831651609195,37,43,7,0,28,57,2,0,21,1,65
2011-08-10 14:23:09,Normal,98,0,98,964235,23269,3356234,13630,529.8093734285713,36,54,8,0,15,80,3,0,21,3,74
2011-08-10 14:23:10,Normal,109,0,109,1032485,18266,4159282,20100,618.9528055229357,41,59,9,0,22,81,5,1,27,3,79
2011-08-10 14:23:11,Normal,74,3,77,789857,19943,2383864,17906,921.4737835064934,34,31,12,0,7,62,8,0,17,4,56
2011-08-10 14:23:12,Attack,114,6,121,1840846,7567,3228766,2495,771.6429143719009,42,64,15,0,33,77,11,0,26,3,92
2011-08-10 14:23:13,Normal,104,0,104,1217215,15364,3484007,9955,801.945009951923,50,48,6,0,25,77,0,2,24,4,76
2011-08-10 14:23:14,Normal,83,0,83,1031281,15590,2757554,58013,982.9444701686747,45,28,10,0,10,71,2,0,12,2,69
2011-08-10 14:23:15,Attack,87,0,88,1059896,3582,3008653,63558,600.616190875,34,45,9,0,24,60,4,0,25,1,62
2011-08-10 14:23:16,Attack,94,0,96,1336486,16169,2956914,10220,740.3846169479166,50,41,5,0,16,75,4,1,19,3,74
2011-08-10 14:23:17,Normal,79,0,79,1383366,2640,2508349,54345,673.2192967088608,40,34,5,0,17,58,4,0,12,2,65
2011-08-10 14:23:18,Attack,95,0,96,1330169,17565,3213764,41029,784.5659059791666,40,45,11,0,20,75,1,0,19,3,72
2011-08-10 14:23:19,Normal,90,0,90,917219,16343,2946395,43577,589.4840726333332,31,54,5,0,10,71,7,2,13,1,76
2011-08-10 14:23:20,Attack,68,0,70,791281,16170,2107051,45383,527.6849278857144,36,31,3,0,9,53,8,0,16,1,53
2011-08-10 14:23:21,Normal,78,0,78,885130,18702,2413481,7268,956.223411794872,40,30,8,0,6,62,10,0,16,0,62
2011-08-10 14:23:22,Normal,242,3,245,1580711,24887,10181730,37772,330.16578508163263,38,197,10,0,20,219,6,0,14,3,228
2011-08-10 14:23:23,Attack,149,0,150,1988700,16129,5251974,15683,846.7813968133333,45,96,9,0,34,108,8,0,24,1,125
2011-08-10 14:23:24,Attack,111,0,112,1027944,19706,3963546,64437,518.7469530982142,30,74,8,0,9,96,7,0,17,0,95
2011-08-10 14:23:25,Normal,105,0,105,1098729,16110,3664724,61981,655.3875992666665,38,62,5,0,11,90,4,0,11,4,89
2011-08-10 14:23:26,Attack,120,0,122,1950701,16336,3899418,22446,908.5612162704917,48,66,8,0,28,90,4,0,13,1,108
2011-08-10 14:23:27,Attack,95,0,96,1003637,6468,3329954,13362,606.57550903125,25,63,8,0,17,74,4,1,12,0,83
2011-08-10 14:23:28,Normal,89,0,89,720236,16544,3162149,8566,363.3456739101123,31,49,9,0,17,62,8,2,25,2,60
2011-08-10 14:23:29,Normal,106,0,106,854089,17884,4203974,59767,504.75153876415095,31,66,9,0,20,85,1,0,19,0,87
2011-08-10 14:23:30,Normal,100,0,100,948129,3328,4008686,-2,538.4762382800001,29,67,4,0,21,71,5,3,28,1,69
2011-08-10 14:23:31,Normal,95,0,95,1111619,2034,3208710,60889,563.4883774,36,49,10,0,10,78,4,3,10,2,82
2011-08-10 14:23:32,Normal,149,3,152,1437438,4974,5363742,44040,409.1809594868421,51,94,7,0,17,129,6,0,21,3,128
2011-08-10 14:23:33,Attack,116,0,117,1270830,17023,4068126,25815,476.3518280512819,33,74,10,0,22,92,3,0,27,3,87
2011-08-10 14:23:34,Normal,158,0,158,877782,20667,5599883,15777,306.02217934810125,33,118,7,0,21,133,4,0,43,4,111
2011-08-10 14:23:35,Normal,308,0,308,1102264,32984,9660963,51128,206.00780311688317,28,272,8,0,27,261,20,0,164,3,141
2011-08-10 14:23:36,Attack,226,0,227,1003684,26314,7577304,39475,246.81853166960352,37,184,6,0,19,202,6,0,100,2,125
2011-08-10 14:23:37,Attack,148,3,152,1055058,6889,5393151,51918,510.9714167236842,34,105,13,0,11,133,8,0,56,1,95
2011-08-10 14:23:38,Normal,145,0,145,1193956,7319,5790380,23001,502.69948270344827,36,101,8,0,11,123,11,0,37,1,107
2011-08-10 14:23:39,Attack,143,0,146,1061211,7468,4428065,37309,409.35585287671233,43,97,6,0,8,130,8,0,61,2,83
2011-08-10 14:23:40,Normal,132,1,133,1064897,19121,4840472,40427,645.8434099398496,32,89,12,0,12,116,5,0,31,0,102
2011-08-10 14:23:41,Attack,97,0,100,1121600,16342,3493360,35984,650.67291438,36,53,11,0,18,79,3,0,21,1,78
2011-08-10 14:23:42,Normal,118,3,121,1270044,4181,4602021,53290,686.997998677686,33,83,5,0,19,94,8,0,15,1,105
2011-08-10 14:23:43,Normal,87,0,87,685852,16454,3295946,38206,399.37805152873557,31,51,5,0,14,71,2,0,19,0,68
2011-08-10 14:23:44,Attack,100,0,101,1331424,3377,3302263,60236,751.826740237624,39,55,7,0,21,78,2,0,15,3,83
2011-08-10 14:23:45,Normal,114,0,114,931884,7543,4286181,3664,547.6208759035088,42,66,6,0,12,98,3,1,15,3,96
2011-08-10 14:23:46,Attack,120,0,122,1215952,6828,4456021,4701,565.5868407786885,26,92,4,0,28,88,6,0,20,2,100
2011-08-10 14:23:47,Attack,152,0,153,1183453,6122,5750413,50086,471.2604008431373,45,103,5,0,26,117,10,0,41,1,111
2011-08-10 14:23:48,Attack,130,1,133,1275012,70345,4905203,5712,430.8735800827068,41,85,7,0,26,100,7,0,29,3,101
2011-08-10 14:23:49,Normal,118,0,118,1025142,5349,4380910,52112,450.1390232288135,31,75,12,0,18,94,6,0,27,0,91
2011-08-10 14:23:50,Normal,131,0,131,1152542,19201,5261865,45970,491.6100824351145,35,85,11,0,9,108,14,0,26,1,104
2011-08-10 14:23:51,Normal,133,0,133,1539106,18521,4661066,27808,667.1257469699248,37,89,7,0,18,104,11,0,30,3,100
2011-08-10 14:23:52,Normal,151,3,154,1180747,20490,6195183,53729,350.7061477077922,39,110,5,0,21,125,8,0,48,2,103
2011-08-10 14:23:53,Normal,99,0,99,831117,16655,3305317,16073,531.5306953434343,39,55,5,0,7,91,1,0,28,1,70
2011-08-10 14:23:54,Attack,120,0,121,796650,19992,4583419,42570,466.5556158016529,30,85,6,0,16,103,2,0,15,2,104
2011-08-10 14:23:55,Normal,90,0,90,785039,47932,3430065,14134,343.6072933222222,29,51,10,0,5,83,1,1,4,1,85
2011-08-10 14:23:56,Normal,120,0,120,1346099,16758,4178698,52662,627.1285382,34,74,12,0,23,94,3,0,22,0,98
2011-08-10 14:23:57,Attack,96,2,99,891740,16459,3715022,45312,364.95954864646467,33,61,5,0,8,88,3,0,13,0,86
2011-08-10 14:23:58,Attack,101,0,103,888931,36493,3834726,13363,479.56290679611647,35,61,7,0,10,86,7,0,15,0,87
2011-08-10 14:23:59,Normal,135,0,135,1293966,8992,4884367,16199,580.2087949333333,50,74,11,0,8,121,6,0,17,3,114
2011-08-10 14:24:00,Attack,101,0,102,858249,17309,4091899,18372,342.25418693137254,35,58,9,0,6,93,3,0,15,1,86
2011-08-10 14:24:01,Normal,88,0,88,993340,3295,2958474,53920,639.1437324886364,32,54,2,0,11,73,4,0,13,1,74
2011-08-10 14:24:02,Attack,163,3,170,1319650,8340,6162909,54812,441.2311424647059,36,126,8,0,46,113,11,0,52,1,117
2011-08-10 14:24:03,Normal,157,0,157,1904532,11875,5596284,35033,389.80532503184713,48,101,8,0,33,110,14,0,23,2,132
2011-08-10 14:24:04,Normal,111,0,111,862436,18352,4099990,11598,396.4166346306306,39,62,10,0,10,95,6,0,21,3,87
2011-08-10 14:24:05,Attack,98,0,99,1242407,17198,3555199,35041,696.3211828484848,37,56,6,0,11,82,6,0,13,3,83
2011-08-10 14:24:06,Normal,104,0,104,1092750,18438,3641968,8340,775.2945620192307,40,57,7,0,7,93,4,0,11,3,90
2011-08-10 14:24:07,Attack,106,3,110,1184202,3142,3894781,39637,503.61608225454546,42,61,7,0,15,91,4,0,9,3,98
2011-08-10 14:24:08,Attack,118,0,119,987280,17872,4553528,13490,616.7235380588235,42,68,9,0,12,104,3,0,19,1,99
2011-08-10 14:24:09,Attack,89,0,90,1139568,2043,3117103,5006,665.1012599444443,24,56,10,0,19,70,1,0,16,1,73
2011-08-10 14:24:10,Normal,78,0,78,1040396,16480,2398898,17961,695.3125274230769,36,33,9,0,13,65,0,0,7,0,71
2011-08-10 14:24:11,Normal,129,0,129,1570712,18387,4315371,16365,440.12580099224806,35,85,9,0,27,96,6,0,27,4,98
2011-08-10 14:24:12,Normal,123,3,126,1495564,4600,4616474,45333,547.8765999603174,42,75,9,0,17,105,4,0,26,4,95
2011-08-10 14:24:13,Normal,152,0,152,1581512,13281,5538003,4697,542.1584917960527,45,93,14,0,35,106,11,0,38,2,112
2011-08-10 14:24:14,Normal,224,0,224,1171589,24959,6489730,17663,298.71428475446424,35,184,5,0,62,130,32,0,81,0,142
2011-08-10 14:24:15,Attack,278,1,280,1521595,14893,11604655,65357,261.77309856071435,38,231,11,0,48,206,26,0,64,3,211
2011-08-10 14:24:16,Normal,192,0,192,1079425981,19620,7336803,14132,383.959041859375,31,151,10,0,22,163,7,0,30,1,159
2011-08-10 14:24:17,Normal,135,0,135,1187667,11925,5536638,1846,425.43767985185184,34,92,9,0,19,114,2,0,20,0,115
2011-08-10 14:24:18,Attack,82,0,85,907559,1722,3154101,45855,598.2750654705882,29,45,11,0,6,75,4,0,7,1,76
2011-08-10 14:24:19,Attack,75,0,76,705446,15705,2723792,34858,411.99532271052635,34,40,2,0,6,69,0,1,4,1,71
2011-08-10 14:24:20,Normal,97,0,97,1119227,2115,3528912,50341,708.8147412577321,39,51,7,0,13,81,3,0,12,0,82
2011-08-10 14:24:21,Attack,136,0,138,1373160,4313,5087209,49891,540.3759439710145,32,103,3,0,20,113,5,0,12,0,125
2011-08-10 14:24:22,Normal,104,3,107,1153620,2989,4123842,60614,495.936520364486,40,62,5,0,8,97,2,0,12,3,91
2011-08-10 14:24:23,Attack,179,0,184,1489289,73974,7639932,5221,433.75947235326083,39,134,11,0,30,134,20,0,71,3,110
2011-08-10 14:24:24,Normal,108,0,108,1054068,17301,3955183,48252,732.9681881666667,42,60,6,0,10,97,1,0,14,0,93
2011-08-10 14:24:25,Normal,114,0,114,1128705,17770,4032044,7210,521.4665576754386,34,72,8,0,9,103,2,0,16,2,96
2011-08-10 14:24:26,Attack,137,0,138,1284340,11712,4913056,5474,473.3508705072464,49,84,5,0,18,118,2,0,16,3,118
2011-08-10 14:24:27,Attack,86,0,87,731727,17857,3262891,56875,416.04322517241377,28,55,4,0,10,75,1,1,13,1,71
2011-08-10 14:24:28,Normal,103,0,103,964410,16840,3437021,54939,542.244282669903,44,52,7,0,12,87,2,2,18,0,82
2011-08-10 14:24:29,Attack,91,0,93,1094877,51951,3282479,14133,803.6348358709675,37,49,7,0,11,71,10,1,14,1,77
2011-08-10 14:24:30,Attack,88,0,89,895770,16180,3331792,49085,509.265677730337,35,49,5,0,5,78,5,1,10,1,76
2011-08-10 14:24:31,Normal,132,0,132,793142,18812,5757289,46867,321.67502631060603,29,95,8,0,31,99,2,0,34,0,98
2011-08-10 14:24:32,Normal,141,3,144,1029168,18597,5317029,7040,605.5907242569444,52,80,12,0,8,130,6,0,21,2,121
2011-08-10 14:24:33,Normal,120,0,120,1024746,4377,4828694,44410,540.1716767583333,39,75,6,0,16,94,10,0,22,0,98
2011-08-10 14:24:34,Normal,101,3,104,805648,19144,3903019,1529,485.6825517596154,27,71,6,0,18,80,6,0,13,0,91
2011-08-10 14:24:35,Normal,125,0,125,667705,19665,5461504,43336,195.56577099999996,37,81,7,0,22,91,12,0,36,1,88
2011-08-10 14:24:36,Attack,112,0,114,910433,20846,3930261,63582,591.8312011754387,45,60,9,0,12,98,4,0,20,0,94
2011-08-10 14:24:37,Normal,131,4,135,1312805,19420,5365497,33055,500.93731233333335,47,82,6,0,23,106,6,0,28,3,104
2011-08-10 14:24:38,Normal,100,0,100,1142184,16612,3663381,36823,671.4541999,31,64,5,0,15,84,1,0,15,0,82
2011-08-10 14:24:39,Attack,120,0,123,916372,4337,4715082,33881,608.726014398374,33,83,7,0,13,106,4,0,37,1,83
2011-08-10 14:24:40,Attack,115,0,117,980064,24427,4528728,1038,718.7934725470085,39,68,10,0,9,104,4,0,32,3,81
2011-08-10 14:24:41,Normal,83,0,83,999149,15132,3258874,46004,767.1052438554217,41,35,7,0,6,74,3,0,4,2,76
2011-08-10 14:24:42,Attack,123,3,127,1009212,4001,4930656,59905,385.5963568740159,40,77,10,0,8,114,5,0,14,0,113
2011-08-10 14:24:43,Normal,121,0,121,1211896,4446,4391197,51129,390.43197945454546,40,74,7,0,25,89,7,0,25,2,94
2011-08-10 14:24:44,Attack,113,0,118,1337961,15768,3880299,62232,500.7395339915254,35,73,10,0,16,97,5,0,11,0,103
2011-08-10 14:24:45,Normal,100,0,100,733537,4358,3826788,36911,379.94134873,31,65,4,0,21,78,1,0,22,1,77
2011-08-10 14:24:46,Normal,126,0,126,929852,6826,5135244,28933,397.6286849603175,22,91,13,0,22,100,4,0,21,0,104
2011-08-10 14:24:47,Attack,214,0,216,1091633,10987,9235166,58448,234.18523351851852,35,176,5,0,36,171,9,0,41,0,175
2011-08-10 14:24:48,Attack,152,1,154,930330,22065,4744062,39420,391.25056351298707,36,110,8,0,12,133,9,0,49,1,104
2011-08-10 14:24:49,Normal,119,0,119,964365,18426,4266064,55176,433.59153393277313,43,69,7,0,13,103,3,0,15,0,103
2011-08-10 14:24:50,Attack,124,0,126,675315,7275,4325082,1825,335.1838513650794,28,92,6,0,31,89,6,0,37,0,88
2011-08-10 14:24:51,Attack,102,0,104,1034686,18763,3861637,25650,726.9713413557693,38,63,3,0,16,81,7,0,21,1,81
2011-08-10 14:24:52,Normal,123,3,126,1093024,4425,4513287,45585,468.1546468650793,36,84,6,0,27,97,2,0,23,3,99
2011-08-10 14:24:53,Normal,136,4,140,898010,7305,3951303,2540,285.66178114285714,25,104,11,0,50,90,0,0,55,1,83
2011-08-10 14:24:54,Normal,124,0,124,910771,17510,3972185,43029,616.3321314596775,32,85,7,0,32,88,4,0,28,0,95
2011-08-10 14:24:55,Normal,105,0,105,826018,17967,3857093,57103,670.325805447619,37,64,4,0,20,80,5,0,29,1,75
2011-08-10 14:24:56,Normal,119,0,119,674492,19900,4927995,59335,427.2190500840336,38,74,7,0,13,103,3,0,30,0,89
2011-08-10 14:24:57,Attack,118,0,121,1072040,70186,4095819,3520,578.8848017272727,36,78,7,0,9,104,7,1,17,1,100
2011-08-10 14:24:58,Normal,93,0,93,1099052,16548,3262547,64224,449.86005363440864,38,53,2,0,9,82,2,0,8,2,83
2011-08-10 14:24:59,Normal,105,0,105,944829,17813,3983325,54099,449.98157202857146,31,63,11,0,7,95,3,0,15,1,89
2011-08-10 14:25:00,Attack,221,0,223,1114470,22192,10674684,62360,331.21086405829595,35,181,7,0,15,206,2,0,19,0,204
2011-08-10 14:25:01,Attack,120,2,123,1254239,5025,4935783,44895,738.1148674552848,34,82,7,0,14,107,2,0,14,0,108
2011-08-10 14:25:02,Normal,116,3,119,680359,22743,4724492,19906,220.9769996638655,25,88,6,0,19,96,4,0,25,0,94
2011-08-10 14:25:03,Attack,119,0,122,1235591,16936,4222657,25219,356.1002296967212,41,76,5,0,20,97,5,0,24,1,97
2011-08-10 14:25:04,Normal,126,0,126,1236401,5676,3914490,14779,493.8214550793651,36,84,6,0,27,86,13,0,31,3,91
2011-08-10 14:25:05,Attack,141,0,145,1118400,12671,5444123,4359,226.10878228965518,30,101,14,0,15,121,8,1,24,0,121
2011-08-10 14:25:06,Normal,116,0,116,1340122,16995,4123664,13527,414.324525137931,37,71,8,0,20,84,12,0,24,3,87
2011-08-10 14:25:07,Normal,151,3,154,1624627,8361,5911447,41128,446.90896497402593,55,93,6,0,28,117,9,0,39,2,112
2011-08-10 14:25:08,Attack,121,0,124,1380257,19384,4482968,49738,538.579597016129,48,70,6,0,24,93,7,0,26,2,96
2011-08-10 14:25:09,Normal,113,0,113,1035661,5963,4092244,28846,587.9649574247788,41,66,6,0,13,91,9,0,22,2,89
2011-08-10 14:25:10,Attack,130,0,131,986272,20501,5260896,49164,409.0611568244274,24,99,8,0,42,79,10,0,47,1,83
2011-08-10 14:25:11,Attack,106,0,107,1309847,18050,4065947,52466,626.1853153925234,27,71,9,0,17,86,4,0,14,0,93
2011-08-10 14:25:12,Attack,134,3,138,1217092,4750,5412388,53369,748.1798341014492,47,82,9,0,20,113,5,0,17,1,119
2011-08-10 14:25:13,Normal,118,0,118,1181209,16761,4357106,59293,508.1485067542373,47,64,7,0,13,104,1,0,11,1,106
2011-08-10 14:25:14,Normal,112,0,112,1357373,16379,4415688,57870,548.3320175446429,30,75,7,0,16,93,3,0,11,2,98
2011-08-10 14:25:15,Normal,100,0,100,684339,16864,3993086,62742,696.4484241699997,33,60,7,0,8,92,0,0,5,1,93
2011-08-10 14:25:16,Normal,75,0,75,978642,2216,2684938,3850,889.8711261333333,28,43,4,0,11,61,3,0,7,1,66
2011-08-10 14:25:17,Normal,124,0,124,1009816,4546,4934373,53535,362.44770858064516,29,89,6,0,15,107,2,0,19,2,103
2011-08-10 14:25:18,Attack,110,0,111,744271,21370,4649133,26833,355.67488290090085,40,65,6,0,10,94,7,0,26,1,84
2011-08-10 14:25:19,Normal,91,0,91,1084213,17375,3233451,65565,797.749356098901,37,49,5,0,17,70,4,0,13,3,74
2011-08-10 14:25:20,Normal,101,0,101,1112111,53684,3688654,1110,449.13214214851496,45,52,4,0,9,91,1,0,14,2,85
2011-08-10 14:25:21,Normal,96,0,96,1284434,3619,3050848,59682,592.6734795729167,38,51,7,0,14,80,2,0,10,3,83
2011-08-10 14:25:22,Attack,143,3,147,1650516,5724,5377162,45777,509.04572261904764,46,96,5,0,26,114,7,0,21,2,123
2011-08-10 14:25:23,Normal,86,0,86,834247,15316,2846123,13600,547.6060678255814,34,46,6,0,8,78,0,0,9,2,75
2011-08-10 14:25:24,Attack,87,0,92,614189,3720,3555348,52761,309.5147059565217,19,70,3,0,18,71,3,0,20,0,72
2011-08-10 14:25:25,Normal,109,0,109,1017479,18619,4199103,12509,623.4051448990825,37,59,13,0,15,81,13,0,21,2,86
2011-08-10 14:25:26,Attack,100,0,104,1188112,3660,3941356,50813,535.4508255673077,40,54,10,0,11,88,5,0,21,1,82
2011-08-10 14:25:27,Normal,80,0,80,594549,23191,3109970,13362,513.062072525,22,53,5,0,11,67,1,1,17,0,62
2011-08-10 14:25:28,Normal,99,0,99,883748,62416,3714326,52174,350.7515435151515,32,61,6,0,7,91,1,0,15,5,79
2011-08-10 14:25:29,Attack,100,0,101,1076143,17910,3568920,27468,485.3172603366337,41,51,9,0,20,76,4,1,17,1,82
2011-08-10 14:25:30,Attack,103,0,105,805749,17464,4053482,29287,637.7222800285715,38,64,3,0,18,83,2,2,27,0,75
2011-08-10 14:25:31,Attack,98,0,100,813799,17590,3873770,43290,550.28793063,32,58,10,0,7,88,5,0,13,0,86
2011-08-10 14:25:32,Attack,100,3,104,867810,3075,3941969,57381,466.98173256730774,39,55,10,0,10,90,3,1,23,2,78
2011-08-10 14:25:33,Attack,105,0,108,773763,4831,4021100,59455,300.3365674259259,25,73,10,0,6,94,8,0,19,1,88
2011-08-10 14:25:34,Normal,118,0,118,935236,38558,4886739,13443,458.7095661610169,42,68,8,0,7,109,2,0,38,0,80
2011-08-10 14:25:35,Normal,94,0,94,936795,17061,3455680,2976,674.0184896170213,44,48,2,0,12,81,1,0,18,1,75
2011-08-10 14:25:36,Normal,101,0,101,687918,17609,3701575,29903,384.3185645841584,30,67,4,0,6,94,1,0,7,1,93
2011-08-10 14:25:37,Normal,93,3,96,988469,15913,3159135,13567,724.7567006875,48,39,9,0,6,84,6,0,15,0,81
2011-08-10 14:25:38,Normal,147,0,147,1024593,18801,6058802,18586,444.74331297278917,42,98,7,0,17,128,2,0,18,1,127
2011-08-10 14:25:39,Attack,92,0,94,662557,18046,3692808,15209,459.06864091489354,29,57,8,0,13,77,4,0,19,0,75
2011-08-10 14:25:40,Normal,100,0,100,1093105,18518,3562095,14984,894.56482589,44,49,7,0,14,81,5,0,15,1,82
2011-08-10 14:25:41,Normal,149,0,149,1137003,19254,6014228,65079,446.8652920268456,34,104,11,0,15,130,4,0,17,1,131
2011-08-10 14:25:42,Normal,125,4,129,1152176,5872,5102898,63316,454.48059273643406,35,74,20,0,14,95,20,0,18,0,111
2011-08-10 14:25:43,Attack,91,0,92,1177668,7928,3218665,38371,563.3215342391305,33,52,7,0,16,72,4,0,18,0,74
2011-08-10 14:25:44,Normal,107,0,107,1369293,17137,3660885,12499,545.2333681401869,32,68,7,0,22,85,0,0,17,4,85
2011-08-10 14:25:45,Attack,139,0,142,1391793,18056,5813539,21614,476.5362969366197,45,87,10,0,18,117,7,0,16,1,125
2011-08-10 14:25:46,Normal,102,0,102,1401601,68906,3757235,14905,557.3707573137256,37,58,7,0,22,77,3,0,20,2,79
2011-08-10 14:25:47,Attack,89,1,93,930398,17190,3230696,44868,535.2088483763441,37,49,7,0,11,81,1,0,11,1,81
2011-08-10 14:25:48,Normal,134,0,134,725627,10513,5829973,13524,499.1907537089552,35,95,4,0,20,112,2,0,24,0,110
2011-08-10 14:25:49,Normal,87,0,87,971462,16651,3319528,62233,545.0381394137931,39,43,5,0,11,73,3,0,14,0,73
2011-08-10 14:25:50,Normal,108,0,108,828507,18456,4669573,53294,335.29310026851846,34,69,5,0,20,85,3,0,24,0,84
2011-08-10 14:25:51,Attack,165,0,168,1343511,8744,6922451,53426,377.339265547619,34,129,5,0,81,83,4,0,74,2,92
2011-08-10 14:25:52,Normal,91,4,95,811029,17159,3667537,57196,559.5085709368421,27,61,7,0,12,80,3,0,11,1,83
2011-08-10 14:25:53,Attack,137,0,139,1342236,23240,5504711,68168,447.5489954892086,34,98,7,0,20,114,5,0,27,8,104
2011-08-10 14:25:54,Attack,175,0,176,1212778,23541,7665904,50519,448.56485058522725,38,131,7,0,69,100,7,0,76,1,99
2011-08-10 14:25:55,Normal,90,0,90,1167548,15479,3003927,63606,671.1965273666667,34,51,5,0,14,73,3,0,12,3,75
2011-08-10 14:25:56,Normal,100,0,100,991163,4421,3587728,45673,424.5503668899999,40,51,9,0,10,86,4,0,23,1,76
2011-08-10 14:25:57,Normal,103,0,103,993867,4251,3527877,62524,486.1613728349514,24,72,7,0,13,87,3,0,17,0,86
2011-08-10 14:25:58,Normal,139,0,139,1034974,7704,5047396,53668,515.0381835611511,48,83,8,0,25,112,2,0,24,3,111
2011-08-10 14:25:59,Normal,103,0,103,811371,4515,3711056,51954,489.97138259223306,28,67,8,0,26,76,1,0,25,0,78
2011-08-10 14:26:00,Attack,105,0,106,1222789,17713,3757306,32401,718.9874854622643,42,61,3,0,14,86,6,0,14,3,89
2011-08-10 14:26:01,Normal,101,0,101,765382,16903,3874996,50441,608.9049523069307,39,58,4,0,8,91,2,0,10,1,90
2011-08-10 14:26:02,Normal,94,3,97,970001,18489,3579449,55004,545.904686597938,42,51,4,0,10,81,6,0,11,1,84
2011-08-10 14:26:03,Normal,163,0,163,2449492,19409,5222669,36096,376.3400300920245,39,115,9,0,40,110,13,0,18,2,143
2011-08-10 14:26:04,Attack,165,0,166,1830005,6489,5925923,57748,331.39201709638553,38,125,3,0,61,98,7,0,45,1,120
2011-08-10 14:26:05,Normal,100,0,100,1082338,5166,3874988,13363,587.57177089,41,51,8,0,7,92,1,0,12,0,87
2011-08-10 14:26:06,Attack,70,0,72,825908,16538,2675832,6235,220.66694426388892,31,37,4,0,6,61,5,0,10,1,61
2011-08-10 14:26:07,Normal,131,3,134,1174389,6156,5501198,57747,398.2550465373135,34,89,11,0,19,106,9,0,23,2,109
2011-08-10 14:26:08,Attack,150,0,152,1375637,6229,6076606,59644,427.6619114736842,35,111,6,0,26,118,8,0,27,0,125
2011-08-10 14:26:09,Normal,168,0,168,938873,9232,7292924,4602,357.21584899404763,37,127,4,0,30,133,5,0,27,1,140
2011-08-10 14:26:10,Normal,93,0,93,945528,63397,3355071,9779,638.1989236236559,37,46,10,0,12,79,2,0,13,2,78
2011-08-10 14:26:11,Normal,119,0,119,912911,4558,4188987,37286,347.05532459663857,29,83,7,0,25,93,1,0,24,2,92
2011-08-10 14:26:12,Normal,121,3,124,908075,18460,4952416,22594,448.19617420967734,31,82,11,0,13,110,1,0,10,1,113
2011-08-10 14:26:13,Attack,84,2,89,834611,2635,3392151,4461,574.5045783033707,38,47,4,0,10,77,2,0,8,1,80
2011-08-10 14:26:14,Attack,118,0,121,1277549,16714,3904350,34216,583.7538274462811,35,77,9,0,22,98,1,0,16,2,102
2011-08-10 14:26:15,Attack,140,3,147,1572698,5728,5186933,64072,720.0472730136054,40,97,10,0,29,109,9,0,29,2,115
2011-08-10 14:26:16,Normal,100,0,100,1277725,17027,3808953,58037,733.18641106,25,71,4,0,25,72,3,0,15,0,84
2011-08-10 14:26:17,Normal,95,0,95,780364,16568,3874710,3552,490.0741259157894,32,57,6,0,12,80,3,0,17,1,77
2011-08-10 14:26:18,Normal,103,0,103,798326,17494,3962192,1852,476.12200538834963,31,66,6,0,7,92,4,0,9,2,92
2011-08-10 14:26:19,Normal,129,0,129,1062773,18822,4926008,15509,563.5186245271318,38,86,5,0,11,113,5,0,11,0,118
2011-08-10 14:26:20,Normal,102,0,102,1126259,3816,3572709,47800,573.8051192058823,42,51,9,0,10,89,3,0,10,1,91
2011-08-10 14:26:21,Attack,109,0,111,954902,17632,4287285,59541,608.1643022612614,42,55,14,0,10,97,4,0,17,1,93
2011-08-10 14:26:22,Attack,100,3,104,873260,22922,3858379,8103,378.2086740096154,37,64,3,0,8,91,5,0,15,3,86
2011-08-10 14:26:23,Normal,144,0,144,899665,7171,6286899,51275,437.3877266597222,41,98,5,0,29,105,10,0,48,0,96
2011-08-10 14:26:24,Normal,119,0,119,946724,18454,4747167,64877,421.91654350420157,38,72,9,0,7,110,2,0,13,0,105
2011-08-10 14:26:25,Attack,95,0,103,670760,6587,3569679,54450,457.73895530097093,36,60,7,0,6,87,10,0,18,2,83
2011-08-10 14:26:26,Normal,154,0,154,1101225,18782,6726621,52068,431.35786545454545,48,102,4,0,13,140,1,0,12,1,140
2011-08-10 14:26:27,Attack,103,0,107,968365,17562,3901096,35717,586.8863653738318,36,57,14,0,10,91,4,2,13,0,92
2011-08-10 14:26:28,Normal,114,0,114,1118183,17951,4344935,23467,676.0690050877195,40,68,6,0,18,89,6,1,27,2,84
2011-08-10 14:26:29,Attack,136,0,138,1000512,24666,4722545,44084,485.4468491666666,32,99,7,0,13,107,17,1,31,2,103
2011-08-10 14:26:30,Normal,115,0,115,1252219,19118,3960906,47661,553.6481222869565,36,66,13,0,21,90,4,0,15,2,97
2011-08-10 14:26:31,Normal,111,0,111,1378737,44059,3746160,13362,579.2239686036036,38,66,7,0,18,85,8,0,17,1,93
2011-08-10 14:26:32,Attack,93,3,97,1241965,16656,3343483,27967,809.4007261752578,37,54,6,0,15,73,9,0,15,3,77
2011-08-10 14:26:33,Normal,100,0,100,1259500,15596,3511235,50783,557.54510952,35,62,3,0,20,77,3,0,12,2,86
2011-08-10 14:26:34,Attack,145,0,146,935416,20347,5833809,10233,408.75627991095894,35,108,3,0,40,100,6,0,43,1,101
2011-08-10 14:26:35,Attack,98,0,101,848540,19780,3567548,63439,367.52675513861385,33,58,10,0,14,81,5,1,13,1,86
2011-08-10 14:26:36,Attack,141,0,142,874322,20713,6085212,51729,378.7469784788733,32,101,9,0,21,120,1,0,23,1,117
2011-08-10 14:26:37,Normal,103,0,103,1029228,16708,4076770,20643,624.6959102427185,42,56,5,0,11,91,1,0,10,0,93
2011-08-10 14:26:38,Normal,109,3,112,902235,18057,4411277,56081,671.3580607767856,40,69,3,0,6,103,3,0,13,0,99
2011-08-10 14:26:39,Normal,140,0,140,1000295,6479,5962938,54091,546.3474819285714,42,85,13,0,6,129,5,0,18,1,121
2011-08-10 14:26:40,Normal,116,3,119,1014736,4353,4917079,55044,539.8112223109243,37,75,7,0,9,109,1,0,8,3,108
2011-08-10 14:26:41,Normal,92,25,117,726538,5474,4752647,34584,437.3083010170941,31,73,13,0,13,97,7,0,19,1,97
2011-08-10 14:26:42,Attack,121,11,133,1216548,18491,5285530,11720,382.55103493984967,42,85,6,0,17,114,2,0,16,5,112
2011-08-10 14:26:43,Attack,128,0,129,816202,8199,5524805,3775,257.5571439844961,32,88,9,0,40,85,4,0,44,1,84
2011-08-10 14:26:44,Normal,112,0,112,792182,16464,4126987,64462,378.799404875,36,69,7,0,10,97,5,0,19,2,91
2011-08-10 14:26:45,Normal,104,0,104,584854,19803,3055214,12953,424.77133987499997,35,67,2,0,14,69,21,0,37,1,66
2011-08-10 14:26:46,Attack,97,0,98,906591,17525,3292719,60846,656.465712112245,33,59,6,0,9,80,9,0,14,3,81
2011-08-10 14:26:47,Normal,97,0,97,882603,41202,3513437,14133,569.9852809175258,37,53,7,0,11,84,2,0,16,2,79
2011-08-10 14:26:48,Attack,108,0,110,1122730,16450,4122955,43126,612.5687080181816,39,63,8,0,8,98,4,0,14,1,95
2011-08-10 14:26:49,Normal,183,0,183,1603348,15387,7093465,43730,446.15643877595625,47,126,10,0,61,111,11,0,70,0,113
2011-08-10 14:26:50,Attack,153,0,155,1007414,20623,6212596,11942,272.9448380064516,33,113,9,0,11,133,11,0,36,2,117
2011-08-10 14:26:51,Normal,131,0,131,1804849,18702,4345450,9980,597.530355610687,38,89,4,0,27,97,7,0,19,2,110
2011-08-10 14:26:52,Normal,131,3,134,1244578,24143,4493373,52349,668.582797455224,51,73,10,0,16,103,15,0,26,0,108
2011-08-10 14:26:53,Attack,152,0,154,1279679,24245,5438874,59631,344.0667059220779,36,108,10,0,40,98,16,0,50,1,103
2011-08-10 14:26:54,Normal,119,0,119,1102399,22974,4132861,18718,456.57136061344545,41,72,6,0,14,89,16,0,29,3,87
2011-08-10 14:26:55,Attack,123,11,135,1051752,19945,5155138,61477,581.4574582148147,41,89,5,0,8,113,14,0,24,0,111
2011-08-10 14:26:56,Attack,137,6,144,889861,20437,6052266,63106,352.93839361111105,41,97,6,0,25,101,18,0,39,1,103
2011-08-10 14:26:57,Attack,140,2,143,1267097,17234,5710773,64547,503.30401560839164,36,100,7,0,23,117,3,0,19,1,123
2011-08-10 14:26:58,Normal,139,0,139,1330494,21079,4789899,19736,774.8967691798562,53,81,5,0,28,105,6,0,30,0,109
2011-08-10 14:26:59,Normal,220,1,221,1057418,11118,10398471,32260,239.1191615565611,37,178,6,0,9,206,6,0,13,1,207
2011-08-10 14:27:00,Normal,107,0,107,1314527,4285,3595426,47244,627.2253568037384,41,59,7,0,11,91,5,0,14,1,92
2011-08-10 14:27:01,Normal,130,0,130,1365098,18347,4418901,15609,639.7636420384616,46,80,4,0,14,111,5,0,11,3,116
2011-08-10 14:27:02,Normal,119,3,122,873952,18227,4852231,43372,533.4924044016393,44,72,6,0,19,99,4,0,23,2,96
2011-08-10 14:27:03,Normal,124,0,124,1029869,17885,4619617,37067,525.7829298467742,56,64,4,0,6,114,4,0,19,6,99
2011-08-10 14:27:04,Attack,139,0,141,1376460,19687,4867437,65648,417.8962316099291,47,86,8,0,19,106,16,0,31,1,109
2011-08-10 14:27:05,Normal,111,0,111,839390,6016,4187410,50472,510.38208373873863,37,69,5,0,17,83,11,0,26,0,85
2011-08-10 14:27:06,Normal,89,0,89,800162,18178,3387529,61066,343.9785400561797,22,63,4,0,9,72,8,0,12,0,77
2011-08-10 14:27:07,Attack,105,0,108,817854,17689,4374963,63007,542.8377494166666,34,67,7,0,11,92,4,1,17,0,91
2011-08-10 14:27:08,Normal,82,0,82,843675,17489,2995732,19388,443.3407245975609,27,53,2,0,4,73,5,0,12,1,69
2011-08-10 14:27:09,Attack,124,3,130,1113965,18645,4704300,45434,331.8513363384616,39,83,8,0,17,102,11,0,32,1,97
2011-08-10 14:27:10,Normal,86,0,86,837645,41303,3273916,14134,548.1687563139535,24,54,8,0,19,63,4,0,25,1,60
2011-08-10 14:27:11,Attack,147,0,149,1115238,40424,6240487,17989,411.8840212013423,38,105,6,0,22,121,6,0,36,6,107
2011-08-10 14:27:12,Normal,134,3,137,1284933,5343,5529777,57094,440.8788987080292,43,89,5,0,23,111,3,0,25,5,107
2011-08-10 14:27:13,Normal,149,0,149,953979,8886,5958637,7974,403.2170857718121,32,108,9,0,35,107,7,0,38,5,106
2011-08-10 14:27:14,Attack,249,0,250,1750010,25144,10549707,28554,271.848010592,43,195,12,0,44,186,20,0,65,20,165
2011-08-10 14:27:15,Normal,103,0,103,980522,4642,3473224,62270,624.5326364757282,35,59,9,0,13,90,0,0,15,2,85
2011-08-10 14:27:16,Attack,111,0,112,1286046,13054,3767571,1652,796.7464445357143,36,68,8,0,16,94,2,0,16,0,96
2011-08-10 14:27:17,Attack,101,0,102,829127,17479,4063147,17749,423.9006163921568,35,59,8,0,19,81,2,0,18,1,83
2011-08-10 14:27:18,Attack,92,0,93,993243,2917,3226554,50005,544.6323522795699,28,60,5,0,13,76,4,0,13,0,80
2011-08-10 14:27:19,Normal,145,0,145,1089324,19635,4119199,59250,361.8226032482758,42,99,4,0,15,127,3,0,53,1,91
2011-08-10 14:27:20,Normal,95,2,97,996794,17265,3481036,25489,614.9769521340206,24,67,6,0,26,69,2,0,18,6,73
2011-08-10 14:27:21,Normal,147,0,147,1018889,20442,5499297,40470,452.0750039387756,30,104,13,0,14,124,9,0,18,8,121
2011-08-10 14:27:22,Normal,114,3,117,1077716,4117,4031678,58093,597.1840508376068,37,74,6,0,18,97,2,0,13,8,95
2011-08-10 14:27:23,Normal,107,0,107,982407,4409,3613830,55335,418.7660302897196,40,63,4,0,19,86,2,0,21,9,77
2011-08-10 14:27:24,Normal,127,0,127,799146,4670,4260499,66317,395.3395849370078,38,82,7,0,26,99,2,0,30,7,90
2011-08-10 14:27:25,Attack,88,0,90,1055846,18179,2818394,62175,661.3754650777778,33,47,10,0,15,72,3,0,15,5,70
2011-08-10 14:27:26,Normal,119,0,119,684526,6536,4853279,48398,465.8249267310924,32,75,12,0,10,98,11,0,23,0,96
2011-08-10 14:27:27,Normal,93,0,93,683469,3707,3494419,60416,442.8076981612904,30,53,10,0,8,79,4,2,13,1,77
2011-08-10 14:27:28,Attack,102,0,104,1165589,18135,3789931,62646,616.3490109134616,39,58,7,0,18,80,6,0,34,0,70
2011-08-10 14:27:29,Normal,105,0,105,1206190,16531,3933645,7900,586.1416302952381,42,55,8,0,12,89,4,0,17,1,87
2011-08-10 14:27:30,Attack,92,0,95,706775,16542,3364548,50740,603.6281360947371,30,58,7,0,19,74,2,0,26,1,68
2011-08-10 14:27:31,Normal,115,0,115,832355,6898,4153734,58397,531.4864497304349,30,73,12,0,14,96,5,0,27,2,86
2011-08-10 14:27:32,Attack,97,3,102,683068,4383,3326673,1456,358.69856090196083,37,59,6,0,8,91,2,1,16,0,85
2011-08-10 14:27:33,Normal,98,0,98,1044675,16446,3333310,59333,714.6315302959183,44,48,6,0,11,84,2,1,15,2,80
2011-08-10 14:27:34,Normal,105,0,105,1032878,16947,3645098,59059,820.6332992857142,40,58,7,0,13,90,1,1,12,0,92
2011-08-10 14:27:35,Attack,103,0,105,762703,18096,4129512,6062,625.8871063333333,38,63,4,0,8,90,7,0,21,0,84
2011-08-10 14:27:36,Normal,123,0,123,356978,9464,5280509,59453,352.83290740650415,20,97,6,0,10,92,21,0,37,0,86
2011-08-10 14:27:37,Attack,123,0,124,1078133,18918,4765509,8515,571.4452374919354,38,80,6,0,7,110,7,0,10,1,113
2011-08-10 14:27:38,Attack,92,0,94,1010549,3550,3091784,53811,511.94668528723395,44,43,7,0,14,77,3,0,17,1,76
2011-08-10 14:27:39,Attack,137,3,141,1024821,6932,5238424,54025,397.7909047304965,43,93,5,0,41,91,9,0,48,1,92
2011-08-10 14:27:40,Normal,85,6,91,872184,17413,3448728,10401,457.0823774505495,36,44,11,0,16,73,2,0,17,2,72
2011-08-10 14:27:41,Normal,125,4,129,1080700,4871,4055816,4455,365.69388170542635,35,80,14,0,20,106,3,0,36,4,89
2011-08-10 14:27:42,Normal,215,3,218,1342470,12145,10062444,55183,304.9209895550459,26,190,2,0,45,166,7,0,31,1,186
2011-08-10 14:27:43,Normal,145,0,145,899404,20942,6488376,6295,547.6911045655172,28,111,6,0,41,92,12,0,50,0,95
2011-08-10 14:27:44,Normal,88,0,88,623804,3181,3641286,65187,394.2093308863636,32,51,5,0,19,68,1,0,17,0,71
2011-08-10 14:27:45,Attack,96,0,97,916641,16818,3459393,46140,698.9890876391752,40,49,8,0,15,81,1,0,19,1,77
2011-08-10 14:27:46,Normal,108,0,108,788465,19382,3847243,7120,532.2972203703704,30,68,10,0,19,84,5,0,24,0,84
2011-08-10 14:27:47,Normal,158,0,158,1111679,19416,6088158,10619,322.7219058987342,40,111,7,0,28,112,18,0,42,2,114
2011-08-10 14:27:48,Normal,96,0,96,891519,4081,3205587,1133,444.7030081979167,29,63,4,0,19,76,1,0,16,0,80
2011-08-10 14:27:49,Attack,116,0,117,803691,6446,4077968,39108,367.6363286581197,34,78,5,0,24,87,6,0,31,2,84
2011-08-10 14:27:50,Normal,80,0,80,1135822,15005,2768936,52741,760.9069869000001,26,45,9,0,15,60,5,0,12,4,63
2011-08-10 14:27:51,Attack,99,0,105,1091417,16712,3733965,16294,551.9175510190477,35,66,4,0,18,79,8,0,23,1,81
2011-08-10 14:27:52,Normal,124,3,127,1329341,5584,5158097,61395,487.77477292125974,37,86,4,0,28,90,9,0,30,3,94
2011-08-10 14:27:53,Attack,99,6,108,1053615,18064,3170019,62030,654.3030532222222,28,72,8,0,13,86,9,0,19,2,87
2011-08-10 14:27:54,Normal,149,0,149,942660,12854,5287066,4093,285.9549129597316,37,107,5,0,20,113,16,0,37,2,109
2011-08-10 14:27:55,Normal,85,0,85,935408,16446,3246872,11516,479.2325806705883,29,52,4,0,13,71,1,0,16,1,68
2011-08-10 14:27:56,Attack,112,1,114,1078395,17730,3903492,17006,471.79550462280696,42,64,8,0,15,96,3,0,14,1,99
2011-08-10 14:27:57,Normal,122,0,122,1330376,7020,4532579,61335,590.002521409836,47,70,5,0,17,102,3,0,14,2,106
2011-08-10 14:27:58,Attack,114,0,116,618428,36260,4437531,13363,276.6924627327586,32,80,4,0,8,93,15,0,38,0,78
2011-08-10 14:27:59,Attack,123,0,124,1101936,17385,5104762,49453,497.87039957258065,36,77,11,0,13,106,5,0,22,0,102
2011-08-10 14:28:00,Attack,91,0,93,1312398,51608,2926465,14214,761.9905877526879,35,49,9,0,14,74,5,0,16,2,74
2011-08-10 14:28:01,Normal,142,0,142,1383125,22457,5005606,53643,492.70516165492955,41,92,9,0,25,100,17,0,38,2,101
2011-08-10 14:28:02,Normal,93,3,96,947983,16976,3323081,19164,720.3327945208333,30,57,9,0,13,79,4,0,8,0,88
2011-08-10 14:28:03,Normal,113,0,113,961784,53327,4191393,13363,582.452911778761,41,67,5,0,13,97,3,0,11,0,102
2011-08-10 14:28:04,Normal,104,0,104,1014802,12123,3349491,6667,352.2951560769231,43,58,3,0,11,85,8,0,16,5,83
2011-08-10 14:28:05,Normal,113,0,113,1220901,17661,3683052,18759,624.2356740796461,50,53,10,0,8,91,14,0,26,1,86
2011-08-10 14:28:06,Normal,109,0,109,897200,4253,3506578,2742,696.4000518348623,40,66,3,0,14,87,8,0,21,2,85
2011-08-10 14:28:07,Attack,129,0,130,776188,9472,3999423,2215,507.8559062769231,39,88,3,0,24,94,12,0,38,1,91
2011-08-10 14:28:08,Normal,84,0,84,707001,2915,3181023,58141,355.47605548809526,36,41,7,0,10,74,0,0,16,1,67
2011-08-10 14:28:09,Normal,101,3,104,929348,9686,3877160,4111,438.4923378173077,38,52,14,0,8,93,3,0,13,1,90
2011-08-10 14:28:10,Attack,108,0,109,1009930,4190,3952185,37821,380.64644366055046,26,78,5,0,22,83,4,0,31,0,78
2011-08-10 14:28:11,Normal,128,3,131,1477854,47589,5169641,61070,510.2893142519084,38,79,14,0,17,105,9,0,22,0,109
2011-08-10 14:28:12,Attack,106,6,114,1217804,17403,4267633,64611,490.72745107894735,37,71,6,0,13,93,8,0,17,1,96
2011-08-10 14:28:13,Normal,132,0,132,1048992,18311,4950042,65270,502.5564854090908,36,89,7,0,21,108,3,0,22,1,109
2011-08-10 14:28:14,Attack,97,0,99,1158250,48050,2660560,15172,587.5651852626263,40,48,11,0,18,73,8,0,20,4,75
2011-08-10 14:28:15,Normal,108,0,108,972329,4410,3871415,44781,532.4713550555555,33,70,5,0,24,81,3,0,19,0,89
2011-08-10 14:28:16,Normal,106,1,107,776236,5339,3591340,52264,453.7559097009345,39,61,7,0,7,98,2,0,12,1,94
2011-08-10 14:28:17,Normal,127,0,127,1745227,17418,5311240,23858,552.6878806220473,32,85,10,0,23,97,7,0,14,1,112
2011-08-10 14:28:18,Attack,124,0,125,921087,7741,5004207,52758,453.97723504,44,74,7,0,8,111,4,2,13,0,112
2011-08-10 14:28:19,Attack,76,0,78,693924,15158,2956658,58452,584.8721528589743,38,33,7,0,5,71,2,0,9,0,69
2011-08-10 14:28:20,Attack,116,0,117,1504948,2745,3965755,45532,872.4708844273505,43,68,6,0,17,96,4,0,7,2,108
2011-08-10 14:28:21,Attack,135,0,136,1468969,19103,5151516,5076,545.8577968750001,34,91,11,0,14,109,13,0,26,5,103
2011-08-10 14:28:22,Normal,89,9,98,892210,17358,3745638,31405,338.8646136632653,21,68,9,0,11,83,4,0,20,3,75
2011-08-10 14:28:23,Normal,124,0,124,806825,11683,4363989,51985,361.76714689516126,30,86,8,0,15,96,13,0,29,4,91
2011-08-10 14:28:24,Normal,92,2,94,1279585,22770,3016647,15933,553.7815008085106,31,60,3,0,17,74,3,0,9,6,79
2011-08-10 14:28:25,Normal,90,0,90,921670,4273,3030677,44522,497.0525886,33,49,8,0,11,73,6,0,12,2,76
2011-08-10 14:28:26,Normal,141,0,141,854740,21023,5185916,58965,370.42613913475174,37,98,6,0,25,111,5,0,36,1,104
2011-08-10 14:28:27,Normal,73,0,73,611802,34399,2895513,53024,358.98840094520557,29,38,6,0,4,67,1,1,9,1,62
2011-08-10 14:28:28,Attack,113,0,115,966630,17313,4147681,56074,453.2899378956522,39,67,9,0,6,103,5,1,10,1,103
2011-08-10 14:28:29,Attack,69,0,70,789660,2606,2160950,61000,530.0778085857144,30,38,2,0,6,61,1,2,13,2,53
2011-08-10 14:28:30,Normal,90,0,90,948751,2034,3228479,39581,524.6113289444444,38,43,9,0,5,85,0,0,5,1,83
2011-08-10 14:28:31,Attack,114,0,116,1229280,16147,4254627,38885,562.6485473103447,44,62,10,0,16,96,3,1,18,2,95
2011-08-10 14:28:32,Normal,121,3,124,1402863,17982,4492151,6157,626.0205194838709,44,74,6,0,27,90,7,0,27,1,96
2011-08-10 14:28:33,Attack,136,0,142,1154172,34466,5320089,13443,493.9778619295775,35,93,14,0,21,114,7,0,28,0,114
2011-08-10 14:28:34,Normal,140,0,140,977711,19621,5799454,16764,356.70280295714286,38,88,14,0,20,115,4,1,22,1,115
2011-08-10 14:28:35,Attack,92,0,96,828754,6205,3016537,59901,619.1515297187501,38,50,8,0,8,77,11,0,23,1,72
2011-08-10 14:28:36,Normal,106,0,106,974104,6490,3199883,40488,461.5995623301886,42,57,7,0,6,91,9,0,17,1,88
2011-08-10 14:28:37,Normal,87,0,87,1044660,15915,3019614,16246,612.390825045977,41,43,3,0,11,74,2,0,12,1,74
2011-08-10 14:28:38,Normal,150,0,150,1161699,18389,5854054,30973,718.7664419733334,50,93,7,0,16,130,4,0,20,1,129
2011-08-10 14:28:39,Attack,94,3,98,867103,17307,3441675,62545,555.1104001632654,36,51,11,0,11,78,9,0,18,2,78
2011-08-10 14:28:40,Attack,113,0,115,686952,7672,4471620,38215,397.29255075652173,40,69,6,0,7,97,11,0,16,1,98
2011-08-10 14:28:41,Attack,125,0,126,1594447,18291,4559915,54727,625.0988058809525,42,73,11,0,28,88,10,0,17,3,106
2011-08-10 14:28:42,Attack,131,3,136,911916,8604,5613268,3978,232.0951262647059,42,75,19,0,11,99,26,0,22,1,113
2011-08-10 14:28:43,Normal,128,0,128,1083858,18268,4949842,59388,353.5417078125,39,83,6,0,16,109,3,0,20,3,105
2011-08-10 14:28:44,Normal,122,0,122,974667,18236,5120995,30152,516.1445103360657,32,84,6,0,19,100,3,0,36,2,84
2011-08-10 14:28:45,Normal,131,0,131,893938,6035,5562898,55353,372.1809181755725,39,88,4,0,26,94,11,0,38,1,92
2011-08-10 14:28:46,Normal,112,0,112,935776,5126,4581668,56350,401.19916939285713,39,68,5,0,24,82,6,0,28,0,84
2011-08-10 14:28:47,Normal,114,0,114,1058140,6518,4315551,55443,520.3772356491228,36,72,6,0,22,88,4,0,21,3,90
2011-08-10 14:28:48,Attack,216,0,217,986258,10450,9634216,54480,305.2159862811059,42,165,10,0,13,179,25,0,38,2,176
2011-08-10 14:28:49,Normal,107,0,107,958555,5808,3992476,45877,475.6521739158879,30,68,9,0,15,87,5,0,19,1,87
2011-08-10 14:28:50,Normal,104,0,104,960160,2550,3601011,38442,665.8818399711538,35,55,14,0,13,87,4,0,15,0,89
2011-08-10 14:28:51,Normal,172,0,172,1161798,20115,7233415,40062,378.8133660116279,42,126,4,0,19,143,10,0,30,1,141
2011-08-10 14:28:52,Attack,138,3,143,1487448,24066,5504334,14985,529.6310607062939,51,85,7,0,23,110,10,0,30,2,111
2011-08-10 14:28:53,Normal,161,0,161,1110745,22039,7235160,63515,308.0867836397515,29,124,8,0,25,126,10,0,34,0,127
2011-08-10 14:28:54,Attack,151,0,153,802826,21570,6481285,38284,354.0560020130719,40,107,6,0,24,126,3,0,44,0,108
2011-08-10 14:28:55,Normal,121,0,121,752238,7398,4776548,49531,473.8010503801653,33,81,7,0,19,99,3,0,23,2,96
2011-08-10 14:28:56,Attack,104,0,106,848158,18023,3789291,32056,477.9735698584905,35,56,15,0,7,95,4,0,20,1,85
2011-08-10 14:28:57,Normal,104,0,104,1094971,16274,3651503,15106,511.2593419807693,40,59,5,0,13,86,5,0,11,3,90
2011-08-10 14:28:58,Normal,104,0,104,881790,3205,4273024,53431,590.0467670480768,37,56,11,0,15,85,4,0,18,1,84
2011-08-10 14:28:59,Normal,108,0,108,1422606,2566,3477796,54003,601.1573818888888,29,68,11,0,25,80,3,0,13,1,93
2011-08-10 14:29:00,Normal,253,0,253,1832321,10334,11944059,51831,202.1962645177866,36,204,13,0,21,222,10,0,10,3,240
2011-08-10 14:29:01,Attack,117,0,119,1312612,7602,3959270,5553,551.2700893361344,31,81,7,0,23,92,4,0,12,3,104
2011-08-10 14:29:02,Attack,105,3,112,1301452,3971,3389799,59144,688.5770443839285,34,70,8,0,23,81,8,0,17,3,92
2011-08-10 14:29:03,Attack,111,0,115,966530,13548,4043475,2075,426.182365478261,30,74,11,0,15,95,5,0,23,2,90
2011-08-10 14:29:04,Normal,134,0,134,787010,6143,5456794,40780,319.2725479104477,27,106,1,0,21,109,4,0,21,3,109
2011-08-10 14:29:05,Normal,92,0,92,744059,6579,3252030,23155,412.9594292934782,31,52,9,0,19,72,1,0,24,2,66
2011-08-10 14:29:06,Normal,101,0,101,923190,3279,3828809,55046,500.48287942574257,39,54,8,0,15,85,1,0,22,1,78
2011-08-10 14:29:07,Normal,109,0,109,1227229,3668,3876088,53083,624.8826690091744,40,61,8,0,18,89,2,0,17,3,89
2011-08-10 14:29:08,Normal,148,4,152,1105823,7224,5999531,52783,321.87583930921056,39,105,8,0,43,108,1,0,39,2,110
2011-08-10 14:29:09,Normal,152,0,152,1088827,19288,6172338,59004,412.16779078289477,33,112,7,0,18,131,3,0,15,2,135
2011-08-10 14:29:10,Attack,114,3,118,938296,4148,4647348,59805,539.2369850338982,32,79,7,0,11,106,1,0,12,2,104
2011-08-10 14:29:11,Normal,87,0,87,1052270,16674,2770060,6009,511.7857223908045,32,55,0,0,16,70,1,0,10,0,77
2011-08-10 14:29:12,Normal,86,3,89,1390419,6979,2908775,45391,795.1651955842697,28,54,7,0,18,68,3,0,14,1,74
2011-08-10 14:29:13,Attack,118,0,119,1432669,17776,3739094,64943,422.20849577310935,31,82,6,0,29,83,7,0,29,0,90
2011-08-10 14:29:14,Normal,129,0,129,1058528,20382,5151786,56462,424.8510470465116,32,94,3,0,18,103,8,0,18,0,111
2011-08-10 14:29:15,Attack,235,0,243,1205120,11258,11277801,52801,248.94179342798353,48,186,9,0,17,207,19,0,36,1,206
2011-08-10 14:29:16,Normal,114,0,114,1193554,16398,4171958,52648,612.3534501842106,46,58,10,0,9,102,3,0,11,1,102
2011-08-10 14:29:17,Attack,113,0,117,919388,18496,4102291,8836,634.1442519487181,49,62,6,0,8,102,7,0,16,0,101
2011-08-10 14:29:18,Normal,118,0,118,953256,17726,4768111,13314,255.3645442627119,36,77,5,0,13,103,2,0,13,1,104
2011-08-10 14:29:19,Normal,124,0,124,930210,7954,4444382,1516,525.6895234032257,40,75,9,0,13,109,2,0,20,0,104
2011-08-10 14:29:20,Normal,92,0,92,730502,15956,3117523,10653,486.5198574456522,38,42,12,0,5,87,0,0,11,0,81
2011-08-10 14:29:21,Normal,111,0,111,996577,5725,4119776,37467,447.80613938738736,39,55,17,0,13,94,4,0,16,0,95
2011-08-10 14:29:22,Attack,116,3,120,1256237,4857,4133777,53309,449.67985574999994,44,69,7,0,14,95,11,0,22,1,97
2011-08-10 14:29:23,Attack,96,0,100,957623,3766,3508911,1524,612.26490608,37,57,6,0,9,84,7,0,14,0,86
2011-08-10 14:29:24,Attack,125,0,126,992829,18099,4833288,17144,450.12337960317467,36,83,7,0,13,101,12,0,27,1,97
2011-08-10 14:29:25,Normal,152,0,152,1129905,20521,5593042,12780,525.0647751907894,44,101,7,0,11,135,6,0,20,2,130
2011-08-10 14:29:26,Normal,108,0,108,1065935,11422,3776553,4178,573.3049177222222,42,57,9,0,12,93,3,0,13,1,94
2011-08-10 14:29:27,Normal,112,0,112,1053214,3801,4289332,17272,543.0344972053571,43,61,8,0,8,103,1,0,15,0,95
2011-08-10 14:29:28,Normal,95,2,97,1178710,15814,3235515,63612,770.3979212371135,48,42,7,0,8,85,3,1,10,0,86
2011-08-10 14:29:29,Normal,98,0,98,965899,2931,3295189,57430,612.4127119285714,31,64,3,0,16,78,2,2,16,1,79
2011-08-10 14:29:30,Normal,143,3,146,1195361,8605,5675372,53926,436.96666513698625,39,102,5,0,24,103,18,1,43,1,101
2011-08-10 14:29:31,Attack,180,0,183,2215476,19883,6402049,68609,655.411185295082,36,141,6,0,48,125,9,1,29,11,142
2011-08-10 14:29:32,Normal,108,3,111,1295915,5170,3963716,58496,567.9529736846847,37,64,10,0,17,92,2,0,12,4,95
2011-08-10 14:29:33,Normal,104,0,104,1210075,16723,3700332,46533,470.4686173846154,42,51,11,0,9,94,1,0,13,6,85
2011-08-10 14:29:34,Normal,96,3,99,1287144,16131,3651115,10920,503.09405696969696,28,63,8,0,15,79,5,0,10,1,88
2011-08-10 14:29:35,Attack,117,0,118,1307290,15979,4495521,13018,603.7258724830508,42,68,8,0,11,104,3,0,13,2,103
2011-08-10 14:29:36,Attack,79,0,81,1020439,14819,2783089,34492,402.8954605061728,27,52,2,0,15,62,4,0,16,1,64
2011-08-10 14:29:37,Normal,110,0,110,1340995,1938,3731719,48489,573.9667181818182,53,44,13,0,10,99,1,0,11,2,95
2011-08-10 14:29:38,Attack,106,0,110,1424375,17038,3681293,49740,859.5405295272727,39,66,5,0,21,84,5,0,16,1,93
2011-08-10 14:29:39,Normal,93,0,93,958165,17776,3465210,59373,738.4504799677417,37,49,7,0,17,68,8,0,20,0,73
2011-08-10 14:29:40,Normal,128,0,128,1319710,17017,4834127,12811,541.4914868437501,36,85,7,0,17,105,6,0,21,1,106
2011-08-10 14:29:41,Normal,126,3,129,1197529,6087,4649154,37204,486.79925277519385,45,73,11,0,23,101,5,0,29,1,99
2011-08-10 14:29:42,Normal,121,3,124,1400327,5411,4333728,2396,444.8438985080645,32,81,11,0,21,99,4,0,15,4,104
2011-08-10 14:29:43,Attack,93,0,94,835964,9374,3266731,36427,649.864377319149,31,60,3,0,10,81,3,0,12,1,80
2011-08-10 14:29:44,Attack,59,0,62,552982,15281,2058622,63741,648.5627748548388,28,29,5,0,9,52,1,0,9,0,53
2011-08-10 14:29:45,Attack,98,0,103,880464,2956,3880746,34405,501.8762564660193,34,64,5,0,12,86,5,0,19,2,82
2011-08-10 14:29:46,Normal,93,0,93,1030805,6644,3139469,14393,627.4226646344085,48,38,7,0,11,82,0,0,11,2,80
2011-08-10 14:29:47,Normal,79,0,79,594825,2942,3085564,56629,470.3856344050631,27,48,4,0,9,70,0,0,12,1,65
2011-08-10 14:29:48,Normal,91,0,91,1004847,18088,3420603,4280,617.3377757582418,41,42,8,0,12,78,1,0,11,1,79
2011-08-10 14:29:49,Normal,116,0,116,1290835,19173,3952316,57160,418.43424261206894,33,69,14,0,17,96,3,0,21,3,91
2011-08-10 14:29:50,Normal,134,0,134,991168,7378,5176704,42538,552.1185847761194,41,84,9,0,17,115,2,0,18,0,115
2011-08-10 14:29:51,Attack,109,0,110,789631,6514,4570097,50429,554.4945039181817,37,68,5,0,13,96,1,0,17,1,92
2011-08-10 14:29:52,Normal,148,3,151,1417049,20141,6190823,14905,445.6509676953642,49,95,7,0,57,85,9,0,60,2,88
2011-08-10 14:29:53,Normal,98,0,98,1164501,3052,3150034,40772,437.95890805102033,38,53,7,0,10,84,4,0,7,3,88
2011-08-10 14:29:54,Normal,84,0,84,733035,3375,3095926,51896,541.0320526785714,35,41,8,0,14,70,0,0,16,0,67
2011-08-10 14:29:55,Normal,155,0,155,1100875,7155,6451269,60498,459.9172160580645,38,111,6,0,31,123,1,0,29,3,123
2011-08-10 14:29:56,Attack,133,0,135,763644,19163,5192011,2076,445.5510089333333,34,93,8,0,17,113,5,0,21,1,110
2011-08-10 14:29:57,Attack,93,0,96,989306,1987,3683187,54275,551.1748043541666,35,57,4,0,9,83,4,0,16,0,80
2011-08-10 14:29:58,Normal,81,0,81,941783,2595,2804400,3639,728.4029793333333,39,32,10,0,7,72,2,0,11,0,69
2011-08-10 14:29:59,Attack,97,0,99,795860,18576,3683871,771,444.2264650505051,42,50,7,0,5,91,3,0,12,1,86
2011-08-10 14:30:00,Normal,83,0,83,882823,16270,3423844,42000,630.9731809277108,34,46,3,0,15,58,10,0,18,0,64
2011-08-10 14:30:01,Normal,109,2,111,1028622,42604,4049167,13622,559.3983800900901,34,71,6,0,13,91,7,0,11,1,98
2011-08-10 14:30:02,Normal,72,3,75,618214,17446,3117479,62888,622.64671572,31,39,5,0,7,67,1,0,13,0,62
2011-08-10 14:30:03,Attack,66,0,67,957669,52500,2091019,41987,1128.2969423731342,35,27,5,0,9,53,5,0,10,1,55
2011-08-10 14:30:04,Normal,74,0,74,910938,2298,2559569,11573,791.3228497027027,45,22,7,0,3,70,1,0,10,2,62
2011-08-10 14:30:05,Attack,80,1,82,1076152,14989,3197997,22761,559.6860204878049,37,35,10,0,8,73,1,0,8,1,73
2011-08-10 14:30:06,Attack,108,0,110,1102109,19164,4230277,2207,589.6482938999999,37,61,12,0,25,79,6,0,27,2,80
2011-08-10 14:30:07,Normal,62,0,62,854638,1312,1870320,55611,893.1545701612903,29,26,7,0,9,50,3,0,10,1,51
2011-08-10 14:30:08,Normal,74,0,74,1124618,14499,2376358,28002,790.5749611486488,47,20,7,0,12,62,0,0,11,2,61
2011-08-10 14:30:09,Normal,76,0,76,748459,15764,2527889,12017,680.4805869210527,46,22,8,0,6,68,2,0,18,1,57
2011-08-10 14:30:10,Normal,76,2,78,1244406,17086,2918159,7758,229.46158910256412,37,38,3,0,22,55,1,0,15,1,62
2011-08-10 14:30:11,Normal,101,0,101,1063762,5266,2849990,55382,617.0975306633663,44,49,8,0,8,90,3,0,22,3,76
2011-08-10 14:30:12,Normal,93,6,99,1219074,19732,2683409,2448,629.9805931313131,34,55,10,0,28,66,5,0,33,4,61
2011-08-10 14:30:13,Attack,82,0,85,1046451,6656,2799844,5004,689.7380415411766,43,31,11,0,9,70,6,0,14,1,70
2011-08-10 14:30:14,Normal,68,0,68,902791,15117,2515452,45304,769.5821209117647,42,18,8,0,4,63,1,0,3,0,65
2011-08-10 14:30:15,Normal,74,0,74,1297452,60316,2284168,49526,953.3603534324327,32,35,7,0,14,59,1,0,13,2,58
2011-08-10 14:30:16,Normal,118,0,118,841795,20009,3711029,3872,447.68482540677957,31,80,7,0,11,86,21,0,37,0,81
2011-08-10 14:30:17,Attack,95,0,98,707864,17663,3504854,6735,429.57884570408163,39,52,7,0,9,81,8,0,27,3,68
2011-08-10 14:30:18,Attack,83,0,88,1014534,15491,2582722,37216,866.3510743636363,37,43,8,0,17,63,8,0,20,1,64
2011-08-10 14:30:19,Normal,66,0,66,869157,13939,2339897,32069,1102.9408860151514,47,12,7,0,4,61,1,0,6,0,60
2011-08-10 14:30:20,Attack,77,0,79,967042,1935,2474261,54563,731.6925966455697,42,31,6,0,9,67,3,0,8,4,67
2011-08-10 14:30:21,Normal,105,0,105,1149761,19341,3676942,20410,572.1061612666667,37,60,8,0,18,82,5,0,22,1,81
2011-08-10 14:30:22,Normal,89,3,92,1224390,31166,2889157,14905,712.3674022391306,35,47,10,0,12,72,8,0,16,2,73
2011-08-10 14:30:23,Normal,84,0,84,997644,16995,2535419,2389,841.954722559524,40,35,9,0,16,66,2,0,11,2,71
2011-08-10 14:30:24,Normal,80,0,80,823485,17253,2587608,18701,366.2962256375,39,36,4,0,11,66,2,0,18,1,59
2011-08-10 14:30:25,Attack,83,0,84,1088685,27264,2954598,61123,754.7243031666667,43,35,6,0,16,64,4,0,18,2,63
2011-08-10 14:30:26,Attack,82,0,83,913903,16205,2691704,55821,516.7083732048192,36,43,4,0,6,66,11,0,18,1,64
2011-08-10 14:30:27,Attack,86,0,90,1029373,3732,3047491,42606,820.1579546555554,47,32,11,0,8,76,6,0,15,1,74
2011-08-10 14:30:28,Normal,101,0,101,1089253,3818,3561958,62892,555.4042108514851,46,47,8,0,14,81,5,1,23,1,76
2011-08-10 14:30:29,Normal,89,0,89,1145615,15840,3216729,61436,645.8946130561799,32,49,8,0,15,70,2,2,25,1,60
2011-08-10 14:30:30,Normal,92,0,92,1047540,18137,3474668,65224,621.5512186413044,28,58,6,0,23,67,2,0,20,0,70
2011-08-10 14:30:31,Normal,209,0,209,976456,22925,8836190,39143,231.1840949330144,35,166,8,0,9,196,2,2,8,1,198
2011-08-10 14:30:32,Normal,126,3,129,1286204,4283,4574786,47015,336.10544534883724,43,79,7,0,12,109,8,0,20,0,109
2011-08-10 14:30:33,Normal,127,2,129,1422114,4378,4556548,63567,551.9170919224807,52,68,9,0,17,106,6,0,22,2,104
2011-08-10 14:30:34,Attack,112,0,113,1279091,62923,3961265,9965,412.54773703539826,28,71,14,0,10,99,4,0,15,4,94
2011-08-10 14:30:35,Normal,76,0,76,689891,2885,2930462,363,534.9916041447369,28,40,8,0,9,66,1,0,20,0,56
2011-08-10 14:30:36,Normal,108,0,108,977962,45130,4211744,13622,425.9080860185185,44,57,7,0,10,95,3,0,17,1,88
2011-08-10 14:30:37,Normal,77,0,77,746819,14893,2727803,43268,669.2869259480519,42,30,5,0,3,73,0,1,5,1,71
2011-08-10 14:30:38,Attack,95,0,96,908036,2914,3245968,52912,619.6420025000001,38,46,12,0,9,85,2,0,16,1,78
2011-08-10 14:30:39,Attack,97,0,101,1184225,22754,3212783,14142,607.3804555445545,34,59,8,0,22,75,4,0,19,2,79
2011-08-10 14:30:40,Attack,161,0,166,889941,7536,6412981,52741,362.6251514036145,37,121,8,0,27,126,13,0,34,1,130
2011-08-10 14:30:41,Attack,131,0,135,1143686,3985,5054798,45692,445.4173069555556,43,83,9,0,25,96,14,0,39,1,95
2011-08-10 14:30:42,Normal,153,3,156,1157932,65191,6135570,36284,340.0405055320512,45,102,9,0,10,142,4,0,15,2,138
2011-08-10 14:30:43,Normal,99,3,102,1028039,3373,3850829,37523,389.0660573725491,40,52,10,0,11,89,2,0,11,0,91
2011-08-10 14:30:44,Normal,106,0,106,1062187,4636,3851620,48390,655.7162318867923,42,53,11,0,12,94,0,0,18,1,87
2011-08-10 14:30:45,Normal,115,0,115,897382,17179,4851677,63952,658.5930172608695,43,67,5,0,14,100,1,0,17,1,96
2011-08-10 14:30:46,Attack,101,0,103,1060881,16442,3435533,3273,735.5542767572815,36,64,3,0,19,82,2,0,19,2,82
2011-08-10 14:30:47,Attack,78,0,80,730166,15501,2836786,18671,485.0061274625,33,38,9,0,5,73,2,0,6,2,72
2011-08-10 14:30:48,Attack,89,0,91,916067,3626,3487269,53187,536.9084943846153,33,49,9,0,11,78,2,0,10,0,81
2011-08-10 14:30:49,Normal,67,0,67,723202,16143,2395440,45754,695.6661740895523,35,28,4,0,8,59,0,0,5,0,62
2011-08-10 14:30:50,Normal,97,0,97,722595,16434,3626274,12287,441.4267502474226,35,52,10,0,5,91,1,0,12,0,85
2011-08-10 14:30:51,Normal,78,0,78,735849,16205,2855235,56202,598.271251371795,25,46,7,0,8,67,3,0,17,0,61
2011-08-10 14:30:52,Normal,126,3,129,1569139,3893,5211219,50741,398.2284484573644,31,88,10,0,29,96,4,0,19,0,110
2011-08-10 14:30:53,Normal,102,0,102,1329123,4419,3739714,58518,379.0388447941176,30,69,3,0,24,76,2,0,23,3,76
2011-08-10 14:30:54,Normal,101,0,101,1245166,16832,3546271,23044,767.2504315445543,32,62,7,0,20,79,2,0,13,0,86
2011-08-10 14:30:55,Attack,89,0,90,1013864,2318,3002802,58729,822.9074725888888,42,41,7,0,10,80,0,0,11,0,79
2011-08-10 14:30:56,Normal,165,0,165,1353447,20380,6789474,58232,434.1590454606061,38,120,7,0,52,109,4,0,51,0,114
2011-08-10 14:30:57,Normal,104,0,104,792031,4596,4133785,57396,386.55441277884614,28,68,8,0,19,81,4,0,21,1,82
2011-08-10 14:30:58,Normal,104,0,104,825863,3635,3857794,34623,531.491177173077,33,60,11,0,10,94,0,0,9,0,95
2011-08-10 14:30:59,Normal,71,0,71,781800,14799,2683056,64908,694.9892911690142,33,31,7,0,6,64,1,0,3,0,68
2011-08-10 14:31:00,Attack,231,0,233,865612,12404,10928227,64138,215.09327210729614,39,186,8,0,12,215,6,0,17,2,214
2011-08-10 14:31:01,Attack,96,0,97,892584,17863,3312845,27255,444.76401172164947,34,54,9,0,10,84,3,0,18,1,78
2011-08-10 14:31:02,Attack,103,3,111,701046,19910,4167401,9257,317.860212936937,33,68,10,0,10,95,5,1,19,0,92
2011-08-10 14:31:03,Normal,99,0,99,878957,3762,3634762,45231,657.4371132222221,44,53,2,0,9,89,1,0,12,1,86
2011-08-10 14:31:04,Normal,99,0,99,948770,18064,3720350,63100,567.7290234242424,34,56,9,0,7,89,3,0,12,2,84
2011-08-10 14:31:05,Normal,104,0,104,848173,16026,3532414,61591,331.03718478846156,48,51,5,0,5,98,1,0,18,0,86
2011-08-10 14:31:06,Attack,75,0,76,746273,2549,2579068,57391,832.5285148289473,34,36,6,0,7,68,1,0,10,1,65
2011-08-10 14:31:07,Normal,119,0,119,1144197,5383,4345353,63031,592.2065321848739,48,64,7,0,10,106,3,0,12,0,106
2011-08-10 14:31:08,Attack,100,0,101,767514,17548,3889800,62812,587.5947941782177,39,55,7,0,9,90,2,0,11,1,89
2011-08-10 14:31:09,Attack,94,0,98,723363,16591,3245904,14005,488.71399871428576,34,59,5,0,20,75,3,0,19,1,78
2011-08-10 14:31:10,Normal,102,0,102,784284,16487,3783973,20393,472.712026490196,33,64,5,0,6,94,2,0,8,4,90
2011-08-10 14:31:11,Normal,80,0,80,1014335,60385,2555796,13362,922.9709661,40,39,1,0,9,67,4,0,6,1,73
2011-08-10 14:31:12,Normal,88,3,91,732825,16895,3620752,52501,460.96662218681314,37,50,4,0,7,82,2,0,7,2,82
2011-08-10 14:31:13,Attack,145,0,146,1241321,4428,5535531,59190,514.5997877808219,37,99,10,0,27,116,3,0,16,3,127
2011-08-10 14:31:14,Normal,125,3,128,1038392,18263,5076601,26883,350.1411889609375,38,81,9,0,22,102,4,0,30,4,94
2011-08-10 14:31:15,Normal,120,0,120,1264067,17382,4597241,6080,466.51144047500003,40,69,11,0,16,97,7,0,21,0,99
2011-08-10 14:31:16,Normal,103,0,103,1035117,3936,4217081,55708,348.43995375728156,42,54,7,0,20,72,11,0,35,0,68
2011-08-10 14:31:17,Normal,93,0,93,947616,2513,3498202,45665,359.19165404301083,33,54,6,0,13,77,3,0,15,0,78
2011-08-10 14:31:18,Normal,122,0,122,1006681,21261,4510245,55803,476.5192861639344,39,72,11,0,12,108,2,0,17,0,105
2011-08-10 14:31:19,Normal,125,0,125,971951,13720,4366000,5216,455.090090384,38,78,9,0,28,97,0,0,30,2,92
2011-08-10 14:31:20,Normal,95,1,96,925470,11528,3325459,7651,353.8448096458333,25,61,10,0,25,71,0,0,20,2,74
2011-08-10 14:31:21,Attack,121,0,125,795879,17700,5001606,54354,232.54133854399996,31,88,6,0,4,115,6,0,9,2,114
2011-08-10 14:31:22,Attack,81,3,85,1010599,16226,2828719,61294,605.9177928588236,44,32,9,0,8,73,4,0,8,1,76
2011-08-10 14:31:23,Attack,112,0,115,1139326,17476,3996764,26808,504.3820318434782,35,68,12,0,22,91,2,0,14,1,99
2011-08-10 14:31:24,Normal,115,0,115,1136780,17508,4132777,19458,429.41584357391315,38,68,9,0,14,96,5,0,9,4,102
2011-08-10 14:31:25,Normal,102,0,102,801613,16690,4140746,22372,478.86632531372544,48,50,4,0,2,99,1,0,7,0,95
2011-08-10 14:31:26,Normal,76,0,76,693621,17764,2701156,19552,793.4337697763158,31,37,8,0,11,64,1,0,11,0,65
2011-08-10 14:31:27,Normal,102,0,102,664832,20675,3789190,15858,497.79538068627454,36,60,6,0,6,92,4,0,11,0,91
2011-08-10 14:31:28,Attack,80,0,83,612714,2651,3350782,51284,285.7114085301204,27,50,6,0,16,63,2,2,18,0,64
2011-08-10 14:31:29,Attack,148,0,149,1001327,18193,5329962,21723,463.1930107248322,41,96,12,0,25,116,6,2,29,1,117
2011-08-10 14:31:30,Attack,134,0,139,788221,22479,5084602,39376,329.63132515827334,32,96,11,0,28,103,7,1,36,1,101
2011-08-10 14:31:31,Normal,96,0,96,672335,16435,3684580,38859,404.23416388541665,40,52,4,0,2,91,3,0,15,0,81
2011-08-10 14:31:32,Normal,83,3,86,853427,16008,3371505,11408,449.838107511628,25,51,10,0,8,76,2,0,9,1,76
2011-08-10 14:31:33,Normal,94,8,102,1013410,3871,3225045,60746,537.1803135196077,49,46,7,0,4,89,9,0,11,0,91
2011-08-10 14:31:34,Normal,112,10,122,996410,17946,4620388,63997,502.08074683606554,35,84,3,0,12,102,7,1,12,0,109
2011-08-10 14:31:35,Normal,117,0,117,1086224,4881,4840009,49296,263.2397031025641,35,71,11,0,13,101,3,0,23,1,93
2011-08-10 14:31:36,Normal,116,0,116,996008,19312,4522902,8978,352.00651924137924,30,82,4,0,18,90,8,0,24,0,92
2011-08-10 14:31:37,Normal,111,0,111,1256735,16966,4353577,35204,411.4136259639639,39,65,7,0,7,93,10,1,18,0,93
2011-08-10 14:31:38,Normal,108,0,108,1214676,16952,3483300,63532,583.4489887129629,36,57,15,0,21,85,2,0,26,1,81
2011-08-10 14:31:39,Normal,113,0,113,1015171,16921,4078132,12792,455.681433699115,20,78,15,0,14,88,11,0,21,2,90
2011-08-10 14:31:40,Normal,152,0,152,1562438,19738,5495502,51136,562.6266885328947,46,94,12,0,20,126,6,0,24,5,123
2011-08-10 14:31:41,Normal,165,0,165,1014119,7147,7631165,58242,280.20758912121215,40,119,6,0,10,149,6,0,16,3,146
2011-08-10 14:31:42,Attack,156,3,162,1041072,21695,6553539,61668,382.19804719753085,53,86,23,0,17,121,24,0,35,3,124
2011-08-10 14:31:43,Attack,103,0,104,1063633,3142,3973279,61102,720.7489645096152,41,55,8,0,11,91,2,0,11,2,90
2011-08-10 14:31:44,Attack,96,0,98,587532,4292,3679669,43150,421.23985253061215,28,64,6,0,7,86,5,0,15,2,81
2011-08-10 14:31:45,Normal,103,3,106,788376,3210,4331231,50696,590.0305827075472,35,58,13,0,9,94,3,0,13,1,92
2011-08-10 14:31:46,Normal,103,0,103,1007852,17837,3652655,57173,467.6358542621359,41,59,3,0,14,87,2,0,15,2,85
2011-08-10 14:31:47,Normal,100,0,100,756280,16907,3781530,16995,597.52267936,35,54,11,0,13,86,1,0,18,2,80
2011-08-10 14:31:48,Normal,103,0,103,914622,4982,3960200,53098,637.3421145436891,35,64,4,0,15,83,5,0,20,3,80
2011-08-10 14:31:49,Attack,163,0,165,1069417,74276,6838670,14473,263.02841733939397,47,110,8,0,26,125,14,0,45,2,118
2011-08-10 14:31:50,Attack,84,0,85,935806,2895,2734092,39768,763.5152679999999,40,43,2,0,9,75,1,0,5,1,79
2011-08-10 14:31:51,Attack,113,0,116,1041380,17188,3815248,29695,489.8942903103448,33,61,22,0,12,99,5,0,23,3,90
2011-08-10 14:31:52,Normal,80,3,83,630047,16322,3130801,21525,461.6436136024096,24,56,3,0,12,70,1,0,15,1,67
2011-08-10 14:31:53,Normal,121,0,121,1272238,3912,4275363,60650,656.163771016529,39,71,11,0,19,98,4,0,13,1,107
2011-08-10 14:31:54,Normal,128,0,128,1315063,17424,4271773,63070,459.80987758593756,45,76,7,0,18,108,2,0,8,1,118
2011-08-10 14:31:55,Attack,104,0,106,1171121,16660,3737543,13362,777.4505380943395,40,57,9,0,21,83,2,0,18,0,88
2011-08-10 14:31:56,Normal,93,0,93,1056869,48659,3337964,14134,881.7102564516127,31,56,6,0,11,79,3,0,10,1,81
2011-08-10 14:31:57,Normal,80,0,80,1156407,16276,2617616,29643,440.38692702500003,29,42,9,0,12,65,3,0,15,0,65
2011-08-10 14:31:58,Normal,108,0,108,1156106,17018,3578322,60498,738.3534932592593,43,56,9,0,13,93,2,0,12,2,94
2011-08-10 14:31:59,Normal,105,0,105,1136315,44808,3829844,14393,317.5397717619048,44,53,8,0,11,94,0,0,14,2,89
2011-08-10 14:32:00,Normal,95,0,95,904611,17703,3472729,58740,406.0450968105264,34,51,10,0,9,81,4,1,12,0,83
2011-08-10 14:32:01,Normal,105,0,105,976634,5395,4081732,44068,531.7544601047618,41,58,6,0,11,93,1,0,11,1,93
2011-08-10 14:32:02,Normal,112,17,129,952263,10225,5337300,54472,287.1735692403101,33,85,11,0,26,89,14,0,39,3,87
2011-08-10 14:32:03,Attack,138,0,139,1501125,4523,5842527,40891,455.78044217985615,45,89,5,0,26,110,3,0,27,1,111
2011-08-10 14:32:04,Attack,95,0,98,696212,16120,3687201,47979,478.3371393979592,36,55,7,0,9,88,1,0,10,0,88
2011-08-10 14:32:05,Attack,112,0,116,1052143,3478,4242147,44632,393.38263010344826,40,63,13,0,3,106,7,0,8,3,105
2011-08-10 14:32:06,Normal,72,0,72,633923,16019,2838289,49677,572.4135049722222,37,28,7,0,3,68,1,0,6,0,66
2011-08-10 14:32:07,Normal,102,0,102,917480,18569,4125348,55614,522.2801079509804,35,60,7,0,15,86,1,0,9,0,92
2011-08-10 14:32:08,Normal,99,0,99,812721,18275,3568026,1271,641.5029866767677,47,46,6,0,9,87,3,0,12,0,87
2011-08-10 14:32:09,Attack,118,0,120,1187856,21100,4119878,57295,499.34555646666666,34,78,8,0,27,88,5,0,24,1,95
2011-08-10 14:32:10,Normal,95,0,95,757389,3521,3853582,56999,454.32271241052644,23,69,3,0,11,83,1,0,13,0,82
2011-08-10 14:32:11,Attack,93,0,94,795523,19648,3528523,43335,598.3596271276596,37,50,7,0,11,80,3,0,8,0,86
2011-08-10 14:32:12,Attack,102,3,107,1064783,16476,3883643,34031,662.8749325046729,43,62,2,0,11,93,3,0,7,1,99
2011-08-10 14:32:13,Normal,96,0,96,928593,16613,3485515,17102,527.42671309375,27,63,6,0,13,80,3,0,10,0,86
2011-08-10 14:32:14,Normal,97,0,97,922080,2809,3684508,42644,665.8631945773195,37,56,4,0,18,71,8,0,18,0,78
2011-08-10 14:32:15,Normal,116,0,116,959879,18082,4445977,59317,527.4815272586208,39,70,7,0,11,99,6,0,17,1,98
2011-08-10 14:32:16,Attack,86,3,94,1029090,16214,2850993,59083,713.5483576914893,40,52,2,0,17,74,3,0,23,0,71
2011-08-10 14:32:17,Normal,118,0,118,1191703,18013,4419931,24176,376.9237709406779,32,77,9,0,12,95,11,0,26,2,90
2011-08-10 14:32:18,Normal,86,0,86,847294,15347,3324453,36371,718.0938637906975,35,48,3,0,16,68,2,0,17,0,69
2011-08-10 14:32:19,Normal,142,0,142,1074573,18307,5749948,42592,312.5495274084507,33,98,11,0,17,123,2,0,21,2,119
2011-08-10 14:32:20,Normal,148,0,148,1067002,5659,6211723,60500,302.2667911013514,38,107,3,0,13,135,0,0,15,0,133
2011-08-10 14:32:21,Normal,105,0,105,1017752,17617,3691659,60305,691.1183427809523,37,60,8,0,17,87,1,0,22,2,80
2011-08-10 14:32:22,Normal,131,3,134,1114865,19572,5358268,63864,533.0854417238806,28,95,11,0,27,104,3,0,33,2,99
2011-08-10 14:32:23,Normal,87,0,87,828845,18577,3503122,14219,495.1635551954023,26,50,11,0,5,75,7,0,12,1,74
2011-08-10 14:32:24,Attack,87,0,90,1000847,2033,3018666,5300,608.0878701,36,46,8,0,14,71,5,0,12,2,76
2011-08-10 14:32:25,Attack,147,0,148,846078,7505,4212314,55298,449.09390534459465,40,101,7,0,11,134,3,0,44,0,104
2011-08-10 14:32:26,Attack,158,0,160,844901,21043,6095981,41545,369.8792850375,42,107,11,0,5,152,3,0,27,0,133
2011-08-10 14:32:27,Normal,103,0,103,1206620,7454,3303205,42783,516.3786813689319,29,65,9,0,23,74,6,0,22,1,80
2011-08-10 14:32:28,Normal,95,4,99,705179,17737,3693993,1564,459.87970805050503,30,58,11,0,12,79,7,1,20,1,77
2011-08-10 14:32:29,Normal,154,10,164,1226190,7350,4569707,2353,398.32612424999996,40,117,7,0,23,139,1,1,56,1,106
2011-08-10 14:32:30,Normal,102,10,112,1039859,16906,3889068,16340,509.2413076517857,32,70,10,0,11,100,0,1,12,8,91
2011-08-10 14:32:31,Attack,136,0,137,1130459,9338,4987942,2003,383.32513184671535,39,87,11,0,25,106,6,0,33,8,96
2011-08-10 14:32:32,Attack,125,3,129,901514,13158,5116400,5847,321.2177390852713,25,91,13,0,28,98,3,0,36,10,83
2011-08-10 14:32:33,Attack,130,0,133,925160,19572,5123849,6802,364.29840843609026,37,90,6,0,16,115,2,0,23,7,103
2011-08-10 14:32:34,Normal,157,0,157,1196837,21598,6105443,43067,473.18776094904456,38,105,14,0,24,128,4,1,36,8,112
2011-08-10 14:32:35,Normal,151,0,151,995034,5930,5720739,37810,435.76683619205295,41,105,5,0,12,136,3,0,24,1,126
2011-08-10 14:32:36,Normal,88,0,88,807495,3299,3078940,770,601.7862139431819,30,54,4,0,6,79,2,1,8,1,78
2011-08-10 14:32:37,Attack,108,0,110,1034133,18433,3946315,33590,369.363656109091,35,66,9,0,14,93,3,0,12,1,97
2011-08-10 14:32:38,Normal,90,0,90,1021493,15512,3533326,62641,550.7082839,27,54,9,0,8,78,4,0,12,2,76
2011-08-10 14:32:39,Normal,103,0,103,1169863,5207,3453322,53352,353.42126191262145,23,73,7,0,15,75,13,0,25,2,76
2011-08-10 14:32:40,Normal,83,0,83,955647,18059,2686062,14132,552.3697127710843,41,37,5,0,10,73,0,0,6,3,74
2011-08-10 14:32:41,Normal,116,0,116,738195,17665,4708910,51910,489.33808508620695,31,81,4,0,12,104,0,0,12,3,101
2011-08-10 14:32:42,Normal,89,3,92,873776,4337,3512654,35031,670.3645971304347,38,44,10,0,14,77,1,0,16,2,74
2011-08-10 14:32:43,Normal,103,0,103,925707,17126,3844678,65202,625.511847407767,45,50,8,0,6,94,3,0,12,3,88
2011-08-10 14:32:44,Normal,96,0,96,904432,17544,3298946,14321,632.8292620625001,40,52,4,0,9,87,0,0,15,1,80
2011-08-10 14:32:45,Attack,100,0,104,761724,4023,3719272,63463,325.21909575,39,56,9,0,16,85,3,0,25,0,79
2011-08-10 14:32:46,Attack,117,2,120,1439294,5043,4326369,55886,465.5322213583333,38,74,8,0,15,102,3,0,21,1,98
2011-08-10 14:32:47,Attack,208,3,213,895964,11522,9464091,52662,289.4028641596244,34,174,5,0,26,146,41,0,61,0,152
2011-08-10 14:32:48,Normal,113,6,119,1046576,17402,4523788,24451,495.41235205882356,48,60,11,0,20,96,3,0,18,0,100
2011-08-10 14:32:49,Normal,120,0,120,1197143,18949,4243780,42155,601.9697170583333,34,76,10,0,39,81,0,0,33,1,86
2011-08-10 14:32:50,Normal,124,0,124,1065302,19997,4669392,14391,559.0803523145161,40,75,9,0,14,105,5,0,24,1,98
2011-08-10 14:32:51,Normal,143,0,143,1066237,18320,5773174,56811,523.2060495104895,40,93,10,0,22,114,7,0,22,0,121
2011-08-10 14:32:52,Attack,141,3,147,829859,20434,5936557,29768,470.50756799999994,43,98,6,0,32,102,13,0,43,1,102
2011-08-10 14:32:53,Attack,86,1,88,1085602,16019,2786362,45717,590.3247208636365,45,38,5,0,10,77,1,0,13,2,72
2011-08-10 14:32:54,Attack,107,5,115,1042290,38764,3859695,2414,635.389328478261,47,58,10,0,13,99,3,0,15,1,99
2011-08-10 14:32:55,Normal,82,0,82,735640,16055,3223157,12086,545.2510327926831,36,39,7,0,6,75,1,0,13,0,69
2011-08-10 14:32:56,Normal,130,0,130,1011918,18250,5396685,18087,509.7188440999999,29,92,9,0,13,115,2,0,12,0,118
2011-08-10 14:32:57,Normal,132,0,132,908289,7654,4812170,3553,620.5565741515151,38,85,9,0,17,113,2,0,30,0,102
2011-08-10 14:32:58,Attack,128,0,130,1537930,18346,3981514,13828,775.3095155692308,33,91,6,0,32,93,5,0,26,0,104
2011-08-10 14:32:59,Normal,113,0,113,1179208,16321,4241369,28794,503.040848159292,43,66,4,0,13,96,4,0,29,1,83
2011-08-10 14:33:00,Normal,230,0,230,1036556,23812,11247760,11376,169.69954652608695,38,189,3,0,8,221,1,0,11,3,216
2011-08-10 14:33:01,Normal,157,0,157,833378,21866,6810353,59213,330.5629967579618,30,123,4,0,39,109,9,0,50,2,105
2011-08-10 14:33:02,Normal,217,3,220,1833629,22221,8088872,50600,522.2853257545455,45,171,4,0,37,175,8,0,45,2,173
2011-08-10 14:33:03,Normal,229,0,229,927016,26136,11396822,34743,224.06929758515287,32,191,6,0,29,194,6,0,36,3,190
2011-08-10 14:33:04,Normal,144,0,144,1860307,21909,5313582,54241,580.8062244236112,42,91,11,0,28,112,4,0,26,3,115
2011-08-10 14:33:05,Normal,95,0,95,896391,17452,3206159,34984,673.2086887263158,35,57,3,0,16,73,6,0,14,0,81
2011-08-10 14:33:06,Attack,118,3,122,1216329,4217,4710015,66072,595.4985866639344,42,74,6,0,15,106,1,0,9,3,109
2011-08-10 14:33:07,Attack,96,0,97,1201188,62809,3146847,29316,623.8293518350516,34,55,8,0,12,80,5,0,8,1,88
2011-08-10 14:33:08,Attack,122,0,125,1840734,15807,3773988,46797,700.776850128,38,78,9,0,26,95,4,0,9,2,114
2011-08-10 14:33:09,Normal,110,0,110,989807,64559,3610756,17234,503.73396003636367,39,65,6,0,17,90,3,0,20,3,87
2011-08-10 14:33:10,Normal,105,0,105,953877,38477,4591969,14134,430.80095270476187,33,67,5,0,17,83,5,0,20,1,84
2011-08-10 14:33:11,Normal,389,3,392,919635,85260,20022792,13961,196.34455479081635,32,352,8,0,19,369,4,0,19,2,371
2011-08-10 14:33:12,Normal,129,6,135,1319852,19756,5123616,51194,424.4296612,38,86,11,0,17,112,6,0,14,1,120
2011-08-10 14:33:13,Attack,205,0,206,1341672,22729,9148753,48072,336.5523394660194,46,153,7,0,26,171,9,0,25,4,176
2011-08-10 14:33:14,Attack,133,0,134,1196460,5273,4664534,56331,310.9983291268657,33,87,14,0,18,109,7,0,15,2,117
2011-08-10 14:33:15,Attack,101,0,104,963831,16353,3372517,41846,618.9141469230769,35,60,9,0,13,82,9,0,20,1,82
2011-08-10 14:33:16,Normal,131,0,131,1178268,17123,5029781,34059,459.89682106870237,39,83,9,0,18,109,4,0,13,1,117
2011-08-10 14:33:17,Normal,91,0,91,762584,3690,3780165,44329,314.58771836263736,30,54,7,0,9,81,1,0,10,1,80
2011-08-10 14:33:18,Attack,93,3,98,1465297,15629,3250417,55839,738.4360794693878,30,59,9,0,25,69,4,0,16,1,81
2011-08-10 14:33:19,Attack,149,0,151,1564551,9471,5542396,41219,540.7412262649007,32,111,8,0,36,95,20,0,47,1,103
2011-08-10 14:33:20,Normal,122,0,122,981214,19971,4725533,63042,387.39352404918026,33,81,8,0,24,92,6,0,32,0,90
2011-08-10 14:33:21,Normal,156,0,156,899778,7148,6812024,55279,473.11660392948716,37,113,6,0,17,135,4,0,19,0,137
2011-08-10 14:33:22,Normal,124,3,127,814915,18738,5548606,35675,308.00604087401575,30,91,6,0,28,98,1,0,29,1,97
2011-08-10 14:33:23,Normal,107,4,111,1215948,16680,4121273,43767,585.5865172882883,42,62,7,0,15,93,3,0,14,0,97
2011-08-10 14:33:24,Normal,110,0,110,1101880,17266,4224722,62402,581.9444393818183,37,68,5,0,18,92,0,0,17,0,92
2011-08-10 14:33:25,Normal,117,0,117,1352495,17549,4327633,52690,584.9465865555554,44,68,5,0,11,99,7,0,15,1,100
2011-08-10 14:33:26,Normal,122,0,122,922174,5880,4644814,58308,294.3600189016394,37,77,8,0,18,100,4,0,24,1,97
2011-08-10 14:33:27,Attack,246,0,247,824715,28306,11261843,27005,240.89101993117407,31,208,8,0,16,228,3,0,28,0,219
2011-08-10 14:33:28,Attack,116,0,119,831249,19600,4835225,58142,562.543467159664,24,85,10,0,18,89,10,2,29,0,87
2011-08-10 14:33:29,Attack,243,0,245,3106894,8568,8716707,36075,560.8991871306123,36,196,13,0,75,136,33,1,62,7,174
2011-08-10 14:33:30,Normal,139,0,139,1140734,4757,5904502,58712,502.20560287769786,30,100,9,0,13,119,7,0,11,2,126
2011-08-10 14:33:31,Normal,116,0,116,1475295,23706,4020684,1287,534.1978983017241,47,65,4,0,16,92,8,0,16,5,95
2011-08-10 14:33:32,Normal,147,3,150,818493,23474,6131621,2497,459.2145059533334,43,100,7,0,20,124,5,1,27,3,119
2011-08-10 14:33:33,Attack,97,0,98,673777,16969,3676903,6625,513.706022122449,29,63,6,0,7,89,2,0,13,2,83
2011-08-10 14:33:34,Normal,165,0,165,1053509,6887,6895497,64674,303.2745652,35,121,9,0,29,129,6,1,30,5,128
2011-08-10 14:33:35,Attack,168,0,170,1041838,25713,6746390,33069,331.30836634117645,30,136,4,0,25,139,6,0,35,1,134
2011-08-10 14:33:36,Attack,143,0,145,695881,19484,5772865,38764,401.24846861379314,30,109,6,0,11,128,6,0,16,1,128
2011-08-10 14:33:37,Normal,151,0,151,783660,9641,6415217,60973,320.9595038410596,33,111,7,0,15,125,11,0,33,2,116
2011-08-10 14:33:38,Normal,114,0,114,696553,4905,4542739,51469,439.05756852631583,24,84,6,0,16,97,1,0,14,2,98
2011-08-10 14:33:39,Attack,119,0,121,1078110,4457,4879689,41086,575.3616960826447,41,69,11,0,14,102,5,0,16,0,105
2011-08-10 14:33:40,Attack,111,0,113,1128168,10717,3990532,56760,539.0884482477876,46,62,5,0,11,101,1,0,17,1,95
2011-08-10 14:33:41,Normal,100,0,100,1098950,18402,3552767,53852,574.4679978500001,38,50,12,0,5,92,3,0,16,0,83
2011-08-10 14:33:42,Normal,114,3,117,1286585,5469,4422733,34492,391.45280076923075,37,75,5,0,15,99,3,0,8,1,107
2011-08-10 14:33:43,Normal,105,0,105,887206,5955,3979309,48271,422.8026789904762,36,60,9,0,14,88,3,0,17,1,87
2011-08-10 14:33:44,Normal,105,0,105,883021,16967,3969507,13898,475.01193438095237,36,57,12,0,7,94,4,0,13,0,90
2011-08-10 14:33:45,Normal,122,0,122,853482,17255,4935594,14699,405.34549599180326,39,74,9,0,11,108,3,0,22,1,99
2011-08-10 14:33:46,Normal,90,0,90,1139513,17691,3073964,34424,636.0775046444445,40,44,6,0,11,76,3,0,14,1,75
2011-08-10 14:33:47,Normal,140,0,140,1120644,18111,5489801,27622,589.4027397642858,46,89,5,0,30,110,0,0,30,1,109
2011-08-10 14:33:48,Attack,103,0,104,724480,3406,3934308,8,388.90709070192304,28,69,7,0,9,92,3,0,20,1,83
2011-08-10 14:33:49,Attack,101,3,107,979084,4502,3753550,42583,509.2423903551402,34,68,5,0,15,89,3,0,21,1,85
2011-08-10 14:33:50,Attack,106,0,110,999423,16923,4182414,53389,406.6490994818181,28,76,6,0,15,88,7,0,15,2,92
2011-08-10 14:33:51,Normal,84,2,86,880622,15895,3434911,51535,486.58844055813944,38,41,7,0,11,74,1,0,11,2,73
2011-08-10 14:33:52,Normal,93,3,96,697573,19222,3573037,43019,504.2095878541666,29,63,4,0,8,84,4,0,10,2,84
2011-08-10 14:33:53,Normal,84,0,84,1002478,44789,2851614,14133,691.3138401547619,45,35,4,0,5,79,0,0,3,2,79
2011-08-10 14:33:54,Normal,92,0,92,944656,16079,3476820,14567,545.6297374891303,31,53,8,0,8,82,2,0,11,2,79
2011-08-10 14:33:55,Attack,104,0,105,934134,16237,3524762,8846,496.01867407619056,43,50,12,0,8,94,2,1,9,0,96
2011-08-10 14:33:56,Attack,111,0,112,996442,16752,4773145,22836,660.8846626160713,35,64,13,0,10,100,2,0,14,1,96
2011-08-10 14:33:57,Attack,117,0,119,708068,19877,4652102,37032,383.09419574789916,30,82,7,0,8,109,2,0,22,3,93
2011-08-10 14:33:58,Normal,97,0,97,502422,7351,3272805,51467,368.10348705154644,30,60,7,0,15,79,3,0,27,1,69
2011-08-10 14:33:59,Normal,107,0,107,1123560,3081,3929328,6969,520.1301312897197,32,72,3,0,13,92,2,0,16,3,88
2011-08-10 14:34:00,Attack,135,0,136,1178980,17876,5286220,53410,671.1953476617647,52,78,6,0,19,114,3,0,20,1,115
2011-08-10 14:34:01,Attack,196,0,197,1258905,21387,8778118,42513,384.9044385989847,35,159,3,0,22,168,7,0,29,1,167
2011-08-10 14:34:02,Normal,105,3,108,1038187,63186,4157898,13363,342.4233477407408,37,68,3,0,10,94,4,0,16,0,91
2011-08-10 14:34:03,Normal,162,0,162,1129340,7730,6859650,40481,434.6641814382716,44,109,9,0,10,142,10,0,26,1,134
2011-08-10 14:34:04,Normal,102,0,102,997387,9449,4007117,5177,655.8988415,40,53,9,0,7,94,1,0,11,2,89
2011-08-10 14:34:05,Normal,134,0,134,1350148,19478,5198389,31799,876.3274013880596,51,77,6,0,12,117,5,0,14,1,118
2011-08-10 14:34:06,Normal,108,0,108,1154539,17214,3646319,17851,397.37087404629636,28,76,4,0,16,90,2,0,15,3,90
2011-08-10 14:34:07,Normal,84,0,84,795228,16420,3039285,29970,626.1798495238095,32,45,7,0,12,71,1,0,13,2,68
2011-08-10 14:34:08,Normal,123,0,123,1076345,4293,5224153,49639,490.8876241707317,34,84,5,0,9,112,2,0,12,1,110
2011-08-10 14:34:09,Attack,92,0,93,1098683,15812,3305986,28296,732.3701247634407,44,43,6,0,7,81,5,0,9,2,81
2011-08-10 14:34:10,Attack,102,0,103,1146336,16289,3725095,17618,680.1853800388346,32,62,9,0,14,86,3,0,10,3,90
2011-08-10 14:34:11,Attack,108,0,112,1183901,3951,4117211,57536,341.2905057767857,39,64,9,0,11,98,3,0,13,1,98
2011-08-10 14:34:12,Normal,144,3,147,801527,54010,6429489,850,404.2026261632653,25,114,8,0,15,131,1,0,21,2,124
2011-08-10 14:34:13,Normal,126,0,126,1025529,18225,5709870,28424,432.2460622777778,23,96,7,0,18,105,3,0,13,1,112
2011-08-10 14:34:14,Normal,78,0,78,798591,1928,3068471,64803,509.1406282692308,31,38,9,0,5,73,0,0,9,1,67
2011-08-10 14:34:15,Normal,166,0,166,822016,22265,7715433,18820,306.8819148614458,38,120,8,0,37,124,5,0,42,2,122
2011-08-10 14:34:16,Attack,104,0,106,964827,17706,3430416,23524,541.3078946509434,32,65,9,0,14,85,7,0,15,2,89
2011-08-10 14:34:17,Attack,103,5,109,1190217,17418,4283409,10619,513.5841968165138,29,71,9,0,22,83,4,0,17,1,91
2011-08-10 14:34:18,Attack,123,9,135,909372,19425,4896562,22503,538.7548133407407,43,84,8,0,13,113,9,0,24,3,108
2011-08-10 14:34:19,Normal,104,0,104,961184,2548,4358918,52464,552.6234966826922,37,60,7,0,14,87,3,0,13,0,91
2011-08-10 14:34:20,Normal,136,3,139,1069903,19475,5307195,5056,508.94691647482017,43,85,11,0,15,120,4,0,25,0,114
2011-08-10 14:34:21,Attack,117,0,118,979896,7385,4603859,14393,494.9400380169492,35,73,10,0,19,90,9,0,27,2,89
2011-08-10 14:34:22,Attack,112,4,118,1583920,16756,4514030,25770,623.2184204915255,30,78,10,0,23,89,6,0,21,0,96
2011-08-10 14:34:23,Normal,113,0,113,781521,18716,4759722,43326,357.2711016725663,30,79,4,0,11,99,3,0,13,0,100
2011-08-10 14:34:24,Normal,109,0,109,868271,6720,3907497,34926,495.82869161467886,31,68,10,0,7,93,9,0,16,1,92
2011-08-10 14:34:25,Normal,120,0,120,1255372,16830,4565337,55102,607.4832290166665,39,77,4,0,10,106,4,0,10,2,108
2011-08-10 14:34:26,Normal,139,0,139,927290,7518,5622078,65008,274.7700743165468,30,103,6,0,45,86,8,0,53,0,86
2011-08-10 14:34:27,Normal,113,0,113,1104408,18083,4771586,35693,396.1894557876106,34,71,8,0,20,88,5,0,25,2,86
2011-08-10 14:34:28,Normal,152,0,152,719733,21411,6559001,12952,373.6366007171053,32,110,10,0,43,99,9,1,57,0,94
2011-08-10 14:34:29,Normal,88,0,88,838411,16133,2892048,20222,467.14192693181815,30,57,1,0,16,67,2,3,15,2,67
2011-08-10 14:34:30,Attack,168,0,170,718248,22171,7536518,21732,328.8698505882353,33,132,5,0,30,126,14,0,40,0,129
2011-08-10 14:34:31,Attack,87,0,88,855491,15579,3002742,47861,809.0999808068183,34,47,7,0,9,78,1,0,6,0,82
2011-08-10 14:34:32,Attack,96,3,101,593220,16518,4000666,31765,308.7320575940594,37,60,4,0,6,92,3,0,12,0,89
2011-08-10 14:34:33,Normal,123,0,123,958543,6187,4888820,58317,336.1016918861788,40,80,3,0,8,109,5,1,16,4,102
2011-08-10 14:34:34,Normal,106,4,110,743697,4431,4183646,48595,463.3834237454544,33,70,7,0,19,82,9,0,28,2,80
2011-08-10 14:34:35,Normal,85,0,85,721197,3765,3223031,45215,708.3585881411766,32,47,6,0,3,79,3,0,13,1,71
2011-08-10 14:34:36,Attack,175,0,177,1581575,19277,6073784,45039,463.4473825254237,47,123,7,0,18,154,5,0,33,1,143
2011-08-10 14:34:37,Normal,105,0,105,1077195,16804,3379764,57690,700.2326309428571,39,58,8,0,13,90,2,0,11,0,94
2011-08-10 14:34:38,Attack,100,0,101,932356,17263,3726212,32238,412.86128555445555,25,66,10,0,13,81,7,0,19,1,81
2011-08-10 14:34:39,Attack,124,0,128,837264,19293,4891705,54743,307.7649802734375,33,85,10,0,14,105,9,0,20,3,105
2011-08-10 14:34:40,Normal,118,0,118,942302,17859,4732897,60803,676.4372430254235,39,70,9,0,9,105,4,0,19,1,98
2011-08-10 14:34:41,Normal,86,0,86,633778,21493,3544301,34680,438.9958020930232,30,45,11,0,7,72,7,0,11,0,75
2011-08-10 14:34:42,Attack,130,3,134,1373262,19513,5235204,32269,511.2853775373134,37,73,24,0,13,96,25,0,21,3,110
2011-08-10 14:34:43,Attack,99,0,102,828202,3428,4002544,34241,576.9468232745098,31,64,7,0,11,88,3,0,21,0,81
2011-08-10 14:34:44,Normal,120,0,120,842277,18247,5007596,51388,362.22715208333335,28,79,13,0,14,105,1,0,17,1,101
2011-08-10 14:34:45,Normal,120,0,120,1241034,18197,4493646,34989,564.2878557666666,33,81,6,0,27,90,3,0,17,1,102
2011-08-10 14:34:46,Normal,115,0,115,1183595,18197,4109350,29458,484.8011592173914,36,69,10,0,17,92,6,0,17,0,98
2011-08-10 14:34:47,Normal,105,0,105,1053777,16918,4155730,17942,523.3699603619048,31,67,7,0,11,91,3,0,12,1,92
2011-08-10 14:34:48,Normal,111,0,111,1396598,16478,4382983,61276,722.2419694774775,43,61,7,0,13,95,3,0,12,1,98
2011-08-10 14:34:49,Normal,99,0,99,951604,5463,4227183,52297,446.62739653535345,38,57,4,0,15,83,1,0,14,0,85
2011-08-10 14:34:50,Normal,100,0,100,959411,4807,3610688,53816,546.72055882,33,62,5,0,7,85,8,0,17,2,80
2011-08-10 14:34:51,Attack,95,3,100,939151,35760,3844554,14905,453.5182829500001,33,64,3,0,12,81,7,0,14,2,83
2011-08-10 14:34:52,Attack,89,3,95,953641,3059,3706420,54681,410.1928352842106,41,50,4,0,6,84,5,0,13,0,82
2011-08-10 14:34:53,Attack,79,0,84,817347,16223,3007389,3039,628.2993781428571,38,41,5,0,3,77,4,0,10,1,73
2011-08-10 14:34:54,Normal,149,0,149,1688860,4350,5326083,50731,661.2156846912753,51,86,12,0,11,130,8,0,10,1,138
2011-08-10 14:34:55,Normal,119,0,119,1545485,47301,4162499,15756,417.3766858319328,43,65,11,0,16,101,2,0,9,3,107
2011-08-10 14:34:56,Normal,111,0,111,1674893,15896,3398230,61221,710.791580945946,53,55,3,0,15,93,3,0,16,2,93
2011-08-10 14:34:57,Normal,84,0,84,911617,16099,3121840,4770,516.9209147142858,44,35,5,0,8,74,2,0,10,0,74
2011-08-10 14:34:58,Attack,83,2,87,962442,16648,3017200,43553,854.7211119655173,27,51,9,0,11,75,1,0,8,1,78
2011-08-10 14:34:59,Attack,97,0,99,891671,6171,3627330,56835,419.2633031212122,29,64,6,0,10,86,3,0,15,2,82
2011-08-10 14:35:00,Attack,218,0,221,1057210,23578,10741929,34673,334.52020888235296,46,170,5,0,13,203,5,0,17,2,202
2011-08-10 14:35:01,Normal,79,0,79,888017,3542,2628531,49366,563.3972571772152,31,44,4,0,11,67,1,0,11,0,67
2011-08-10 14:35:02,Normal,94,3,97,1011587,18331,3551665,34178,695.6830109690721,43,48,6,0,11,82,4,0,23,0,72
2011-08-10 14:35:03,Attack,91,0,94,1388759,45705,3319419,27399,608.3613383085107,44,47,3,0,10,75,9,0,16,2,76
2011-08-10 14:35:04,Attack,109,0,110,1110321,17846,3906943,63948,404.28022639090904,41,58,11,0,16,85,9,0,25,1,84
2011-08-10 14:35:05,Normal,164,0,164,779362,7620,7813277,51849,332.84714872560977,34,124,6,0,19,124,21,0,38,0,126
2011-08-10 14:35:06,Normal,129,0,129,1466602,17856,4895887,27835,434.8918176589147,43,76,10,0,28,92,9,0,31,2,96
2011-08-10 14:35:07,Normal,73,0,73,1115014,16066,2776845,55063,732.4941173561642,36,31,6,0,10,57,6,0,10,2,61
2011-08-10 14:35:08,Normal,81,0,81,1584079,15358,2150671,51627,1135.8643029382717,31,46,4,0,15,57,9,0,10,3,67
2011-08-10 14:35:09,Normal,89,0,89,1296435,14401,3312929,52050,518.6581810561798,39,36,14,0,9,77,3,0,8,4,77
2011-08-10 14:35:10,Normal,63,0,63,1088284,14701,1913732,8858,861.6565621428571,23,31,9,0,11,47,5,0,9,1,53
2011-08-10 14:35:11,Normal,72,4,76,1294650,22165,2199326,14904,1138.6048105789475,27,45,4,0,22,49,5,0,5,3,68
2011-08-10 14:35:12,Attack,64,3,68,806760,14942,2180356,20652,822.7603441470587,35,25,8,0,5,59,3,1,8,0,60
2011-08-10 14:35:13,Attack,75,0,77,898720,16143,2407291,61332,659.9828972077922,32,33,12,0,10,60,6,1,18,1,58
2011-08-10 14:35:14,Attack,68,0,75,1000605,14673,2372841,40551,637.7395535733334,33,35,7,0,9,56,9,1,13,1,61
2011-08-10 14:35:15,Normal,72,0,72,892900,15850,2301745,39860,777.8624075972223,31,38,3,0,6,62,4,0,7,0,65
2011-08-10 14:35:16,Normal,122,0,122,1132401,15397,4686191,91,713.0478589180328,35,80,7,0,16,99,7,0,16,1,105
2011-08-10 14:35:17,Normal,114,0,114,865351,19230,4172601,17870,673.9857360877194,38,69,7,0,28,77,9,0,30,0,83
2011-08-10 14:35:18,Normal,258,0,258,781938,14598,8809910,1227,252.8444382751938,31,221,6,0,24,188,46,0,67,0,191
2011-08-10 14:35:19,Attack,108,0,109,1108178,3898,3112785,50443,538.1255105871559,29,68,12,0,18,71,20,0,31,1,77
2011-08-10 14:35:20,Attack,101,0,103,1169948,3311,3764657,52622,610.1474445436893,45,48,10,0,15,85,3,0,20,0,81
2011-08-10 14:35:21,Attack,154,0,156,1172824,9172,5467119,58681,400.2502356153846,45,101,10,0,41,89,26,0,67,1,88
2011-08-10 14:35:22,Normal,119,6,125,1027513,5936,4342026,3234,510.85848376800004,40,78,7,0,14,91,20,0,29,0,94
2011-08-10 14:35:23,Normal,91,0,91,1115183,17429,2836978,59647,772.2698056373628,34,46,11,0,12,65,14,0,22,3,66
2011-08-10 14:35:24,Attack,77,0,79,1071967,14951,2220466,24184,560.5636772025316,35,33,11,0,7,56,16,0,19,1,57
2011-08-10 14:35:25,Attack,91,0,93,948092,16911,3119897,30427,574.5423414408602,39,47,7,0,7,78,7,1,16,2,75
2011-08-10 14:35:26,Normal,65,0,65,767890,15829,2410616,32810,868.9804646923077,30,29,6,0,9,53,3,0,9,2,54
2011-08-10 14:35:27,Normal,66,0,66,1052408,1472,1903331,58079,674.8140113636364,36,24,6,0,6,57,2,1,8,5,53
2011-08-10 14:35:28,Normal,99,0,99,1509740,5718,3004981,54455,795.3040325252524,30,56,13,0,21,67,9,2,16,3,75
2011-08-10 14:35:29,Normal,148,0,148,1322498,22954,5790114,42097,491.477570027027,39,101,8,0,21,124,3,0,19,5,124
2011-08-10 14:35:30,Normal,201,0,201,1074658,11045,8435045,44807,248.95533777611942,32,162,7,0,14,181,5,1,19,1,180
2011-08-10 14:35:31,Normal,119,0,119,941823,6180,4759337,55293,680.1489382016806,41,72,6,0,10,106,3,0,11,1,107
2011-08-10 14:35:32,Normal,99,3,102,1026601,19809,3400986,44726,528.9208823823529,41,55,6,0,11,89,2,0,17,5,80
2011-08-10 14:35:33,Attack,79,0,82,995026,69092,2687454,3740,633.0260101097562,35,42,5,0,10,68,3,1,16,1,63
2011-08-10 14:35:34,Attack,123,0,127,788715,5420,4620694,3952,392.520847944882,25,94,8,0,12,102,13,0,23,0,103
2011-08-10 14:35:35,Attack,124,0,127,1005009,22564,4592038,52049,410.68241987401575,46,73,8,0,12,109,6,0,26,2,99
2011-08-10 14:35:36,Normal,116,0,116,1247891,20885,4681609,46656,590.3749759913794,43,62,11,0,17,95,2,2,19,0,97
2011-08-10 14:35:37,Normal,89,0,89,879695,16043,3185286,62924,548.1434673033708,38,45,6,0,6,78,4,1,9,1,78
2011-08-10 14:35:38,Normal,87,0,87,882369,17924,3153865,31562,662.4234536321837,35,44,8,0,9,76,2,0,13,0,74
2011-08-10 14:35:39,Normal,120,0,120,955315,11490,4602258,50837,389.98819645833333,38,74,8,0,10,108,2,0,20,3,97
2011-08-10 14:35:40,Attack,150,0,151,1221361,18962,6258064,21857,413.2395944039735,34,104,13,0,14,137,0,0,16,0,134
2011-08-10 14:35:41,Attack,96,0,97,1059221,17604,3006672,30099,617.5246817628866,40,51,6,0,15,78,4,0,11,3,83
2011-08-10 14:35:42,Attack,89,3,94,962152,17352,3551225,49055,762.0935795000001,37,51,6,0,8,83,3,0,14,0,80
2011-08-10 14:35:43,Normal,102,0,102,825218,3834,4038306,50273,540.7967326666667,28,61,13,0,18,83,1,0,20,2,80
2011-08-10 14:35:44,Normal,99,0,99,1138429,3684,3444058,21677,609.4317896464646,34,58,7,0,17,77,5,0,13,3,82
2011-08-10 14:35:45,Attack,114,0,115,814083,5788,4705072,47318,218.60286474782606,36,75,4,0,21,92,2,0,28,1,86
2011-08-10 14:35:46,Attack,107,0,109,948226,17245,4143116,9047,461.1770538715597,31,68,10,0,17,90,2,0,16,1,92
2011-08-10 14:35:47,Normal,93,0,93,1003878,17051,3511693,53438,600.4227800537635,39,46,8,0,7,80,6,0,15,0,78
2011-08-10 14:35:48,Normal,78,0,78,684292,4515,3101861,59732,261.9656792564103,29,46,3,0,5,69,4,0,14,0,64
2011-08-10 14:35:49,Normal,103,0,103,673613,23256,4001367,10391,521.8701658834951,28,65,10,0,9,88,6,0,19,1,83
2011-08-10 14:35:50,Attack,122,0,123,1288041,4302,4660006,57767,589.1256483821137,44,71,8,0,9,109,5,0,17,1,104
2011-08-10 14:35:51,Normal,88,0,88,1107228,26474,2976185,13486,602.8453170568183,42,31,15,0,5,81,2,0,9,0,79
2011-08-10 14:35:52,Normal,116,3,119,778846,6416,4366901,54183,561.6258431008404,35,77,7,0,26,86,7,0,35,1,82
2011-08-10 14:35:53,Normal,66,3,69,781290,14008,2597610,3142,589.638060753623,31,35,3,0,3,63,3,0,8,1,60
2011-08-10 14:35:54,Normal,90,0,90,735975,16922,3393499,38267,485.47910135555554,30,56,4,0,4,77,9,0,17,0,73
2011-08-10 14:35:55,Attack,106,0,107,812949,17816,4292022,21993,387.4174589626169,33,68,6,0,20,79,8,0,27,1,78
2011-08-10 14:35:56,Attack,95,0,97,1203342,15820,3211267,54646,797.2339356082474,42,42,13,0,10,82,5,0,12,1,83
2011-08-10 14:35:57,Normal,99,0,99,855016,19907,3804340,31640,763.6667213838383,37,51,11,0,8,91,0,0,9,1,87
2011-08-10 14:35:58,Normal,87,0,87,947337,1774,2763605,52635,695.2875705517241,43,39,5,0,11,74,2,0,13,2,72
2011-08-10 14:35:59,Normal,111,0,111,1380947,17125,3822709,23090,555.8121185045045,32,70,9,0,27,83,1,0,19,2,90
2011-08-10 14:36:00,Normal,110,0,110,981613,17284,4082590,35432,791.8034144272729,48,54,8,0,13,96,1,0,10,1,99
2011-08-10 14:36:01,Attack,88,0,89,920846,3025,3292271,50459,595.9491054269663,29,52,8,0,9,78,2,0,6,0,83
2011-08-10 14:36:02,Attack,99,3,104,1015945,17914,3659836,34009,461.02830805769224,42,56,6,0,8,92,4,0,17,1,86
2011-08-10 14:36:03,Attack,102,2,109,972432,18481,4183427,11698,606.0292177981651,36,61,12,0,10,95,4,0,18,0,90
2011-08-10 14:36:04,Normal,129,0,129,1602317,5126,5561129,59129,480.9858205348837,40,84,5,0,27,96,6,0,15,0,113
2011-08-10 14:36:05,Normal,108,0,108,1141993,17049,4184751,64147,623.6408734722222,36,64,8,0,12,94,2,0,13,0,94
2011-08-10 14:36:06,Attack,116,0,117,1073223,18576,4548760,54829,505.0601665042736,31,76,10,0,13,98,6,0,20,0,97
2011-08-10 14:36:07,Attack,131,0,132,846137,18866,5824097,33047,382.85861884848487,31,95,6,0,11,119,2,0,22,1,109
2011-08-10 14:36:08,Normal,109,0,109,566952,6362,3928427,53540,262.3503844495413,28,74,7,0,14,93,2,0,33,0,76
2011-08-10 14:36:09,Normal,122,0,122,792933,6024,4670209,63173,535.4460202377049,39,76,7,0,18,100,4,0,22,0,100
2011-08-10 14:36:10,Normal,119,0,119,1420965,5399,4458230,54853,710.9224161260503,38,75,6,0,27,90,2,0,16,2,100
2011-08-10 14:36:11,Attack,154,0,155,1385675,5234,6732438,53991,349.8006340193548,38,111,6,0,16,136,3,0,16,0,139
2011-08-10 14:36:12,Normal,114,3,117,2079767,49653,3954625,62386,525.1122340256411,44,64,9,0,30,82,5,0,13,1,103
2011-08-10 14:36:13,Normal,117,0,117,1417210,4461,4212998,40849,837.5345038974359,51,56,10,0,14,99,4,0,11,4,101
2011-08-10 14:36:14,Normal,120,0,120,1348912,16128,4194805,62386,545.9636789333333,47,59,14,0,10,107,3,0,9,1,110
2011-08-10 14:36:15,Normal,102,0,102,1001085,3717,3534354,63592,652.6523829019608,37,57,8,0,5,94,3,0,9,0,90
2011-08-10 14:36:16,Attack,83,0,85,993786,2637,2888654,49310,571.6842157764705,37,45,3,0,9,74,2,0,16,3,66
2011-08-10 14:36:17,Attack,140,0,144,748294,6741,6017667,40820,255.04090815277777,29,108,7,0,24,109,11,0,34,0,110
2011-08-10 14:36:18,Normal,139,0,139,930519,5707,5994945,52168,382.1510498489208,38,93,8,0,11,123,5,0,25,0,114
2011-08-10 14:36:19,Normal,126,0,126,1134188,5607,4898835,35283,522.9125723888889,41,77,8,0,19,97,10,0,31,0,95
2011-08-10 14:36:20,Normal,119,0,119,980514,19509,4545262,55736,436.6067291428571,40,69,10,0,13,101,5,0,19,3,96
2011-08-10 14:36:21,Normal,148,0,148,1416505,19856,5390950,30882,458.0532309121622,44,98,6,0,18,119,11,0,16,3,127
2011-08-10 14:36:22,Normal,113,3,116,697709,20191,4133682,19729,400.4711153448276,32,77,7,0,10,97,9,0,23,4,89
2011-08-10 14:36:23,Attack,108,3,114,878210,18595,4193335,41599,514.9532423157895,43,65,6,0,12,99,3,0,19,1,94
2011-08-10 14:36:24,Attack,155,0,159,1279269,6544,5619407,41593,400.33875494968555,51,95,13,0,29,120,10,0,40,4,115
2011-08-10 14:36:25,Normal,110,0,110,915476,5888,4363452,58917,367.8833845454545,37,68,5,0,9,93,8,0,18,1,90
2011-08-10 14:36:26,Normal,137,0,137,1711256,5379,4682653,39991,545.8633078248175,49,78,10,0,18,107,12,0,27,1,108
2011-08-10 14:36:27,Attack,137,0,138,877345,18989,5750725,1806,332.4253377681159,40,91,7,0,18,119,1,0,17,0,118
2011-08-10 14:36:28,Attack,114,0,115,874667,22538,4435785,13362,570.6096884956522,34,71,10,0,12,99,3,1,13,0,100
2011-08-10 14:36:29,Normal,145,0,145,991213,7098,5820580,43027,484.92410208965515,29,113,3,0,39,100,4,2,33,0,110
2011-08-10 14:36:30,Normal,133,0,133,1352310,4685,4747781,34883,673.625606105263,31,93,9,0,26,100,7,0,20,2,111
2011-08-10 14:36:31,Normal,107,0,107,1095382,4454,4151127,37267,358.4914014485981,28,70,9,0,12,91,4,0,17,1,89
2011-08-10 14:36:32,Attack,125,3,129,1563236,55435,5237079,59692,305.7183863023256,29,95,5,0,25,101,3,0,14,2,113
2011-08-10 14:36:33,Normal,109,0,109,1099769,4929,4240946,42894,607.1012919266055,44,60,5,0,14,88,5,2,14,2,90
2011-08-10 14:36:34,Normal,170,0,170,1474206,21326,6941147,48558,280.6376743352941,28,132,10,0,37,124,9,0,32,3,135
2011-08-10 14:36:35,Normal,168,0,168,914461,20786,6825014,13390,301.11288206547624,43,119,6,0,14,147,7,0,22,3,143
2011-08-10 14:36:36,Normal,119,0,119,1026000,17761,5297970,38951,459.96229110084033,28,87,4,0,17,99,3,0,17,0,102
2011-08-10 14:36:37,Attack,114,0,115,1453151,5172,4164547,61770,388.42852331304357,34,71,10,0,19,91,5,0,17,2,96
2011-08-10 14:36:38,Attack,110,0,112,1275604,3479,4481967,49521,382.8852428214286,35,71,6,0,22,86,4,0,12,0,100
2011-08-10 14:36:39,Normal,130,0,130,1676529,31903,4904188,771,525.0086236769231,39,81,10,0,23,98,9,0,16,1,113
2011-08-10 14:36:40,Normal,131,0,131,1191924,18116,5464818,43745,695.3671987404581,52,74,5,0,16,113,2,0,17,0,112
2011-08-10 14:36:41,Normal,103,0,103,1208808,16558,3984666,46803,518.9514792815534,38,58,7,0,15,87,1,0,10,3,90
2011-08-10 14:36:42,Normal,122,3,125,1206200,3680,5292519,46561,537.944301632,44,74,7,0,9,113,3,0,10,2,113
2011-08-10 14:36:43,Normal,107,0,107,1336303,4409,3935361,61716,385.83031071962614,37,63,7,0,25,80,2,0,17,2,88
2011-08-10 14:36:44,Attack,105,0,106,936845,15776,3893953,54194,273.20628771698114,34,67,5,0,13,92,1,0,12,1,93
2011-08-10 14:36:45,Attack,130,0,133,1184465,3814,4973019,62702,435.55092878195495,32,90,11,0,30,96,7,0,33,1,99
2011-08-10 14:36:46,Normal,155,0,155,1400207,6314,6138941,43203,451.4017221677419,29,115,11,0,52,94,9,0,48,4,103
2011-08-10 14:36:47,Normal,141,0,141,926745,21156,5616207,43092,207.8973215106383,38,96,7,0,17,114,10,0,27,2,112
2011-08-10 14:36:48,Attack,123,0,124,1565242,6590,4484181,60211,330.16780199999994,32,85,7,0,27,93,4,0,25,1,98
2011-08-10 14:36:49,Attack,123,0,124,1181795,19246,4880303,57956,369.2690480080645,30,89,5,0,34,77,13,0,37,1,86
2011-08-10 14:36:50,Normal,112,0,112,1409489,3658,3916327,45909,689.9882651517858,35,68,9,0,20,88,4,0,14,1,96
2011-08-10 14:36:51,Normal,118,0,118,1488232,18076,4483803,59320,495.4811260423729,39,73,6,0,19,95,4,0,14,1,103
2011-08-10 14:36:52,Normal,119,3,122,1350420,16459,4642499,5617,498.425036557377,43,72,7,0,7,109,6,0,6,1,115
2011-08-10 14:36:53,Attack,102,0,103,1339792,2062,3826702,41803,511.8200769223301,45,54,4,0,14,89,0,0,13,3,87
2011-08-10 14:36:54,Normal,129,3,132,1322096,18013,5219343,28647,439.88479964393935,32,88,12,0,23,103,6,0,20,2,110
2011-08-10 14:36:55,Normal,142,0,142,1200719,29196,5828457,56894,453.4830502464789,44,91,7,0,35,106,1,0,39,1,102
2011-08-10 14:36:56,Attack,126,0,127,1082889,20285,4568208,40328,584.0651298976379,38,83,6,0,26,93,8,0,31,0,96
2011-08-10 14:36:57,Normal,98,0,98,751130,18328,4276638,27638,498.2422549183673,27,58,13,0,8,87,3,0,10,1,86
2011-08-10 14:36:58,Attack,109,0,110,1189569,4304,4183694,62006,398.3875125090909,29,75,6,0,16,89,5,0,17,3,90
2011-08-10 14:36:59,Attack,82,0,83,715545,15743,3187945,12263,442.0824605060242,32,41,10,0,3,78,2,0,15,0,68
2011-08-10 14:37:00,Normal,237,0,237,1114544,22458,11470280,51256,217.91433037552744,35,196,6,0,19,218,0,0,9,1,227
2011-08-10 14:37:01,Normal,98,0,98,1105780,59305,3654589,60437,565.900125367347,37,54,7,0,11,84,3,0,11,4,83
2011-08-10 14:37:02,Normal,134,3,137,1095341,20238,5379703,60855,409.05519172992706,45,83,9,0,8,122,7,0,18,2,116
2011-08-10 14:37:03,Normal,151,0,151,773157,21543,6269535,42177,327.1901806291391,36,104,11,0,7,141,2,1,17,2,132
2011-08-10 14:37:04,Normal,241,0,241,1034837,14935,10101076,4408,286.204122593361,34,199,8,0,16,220,5,0,28,3,209
2011-08-10 14:37:05,Attack,97,0,98,1183644,16939,3713381,57881,562.4543728673469,36,56,6,0,18,78,2,0,17,1,80
2011-08-10 14:37:06,Attack,119,0,122,1133806,4866,4979769,47723,414.0854897540983,44,69,9,0,11,108,3,0,15,0,107
2011-08-10 14:37:07,Normal,140,2,142,1257283,19585,5658501,36558,367.4277082323943,37,96,9,0,16,120,6,0,18,0,124
2011-08-10 14:37:08,Normal,98,0,98,1705825,17094,3208922,54966,780.2278890612243,33,57,8,0,25,68,5,0,15,1,81
2011-08-10 14:37:09,Attack,127,1,129,1552941,18808,5004291,23287,282.03033065891475,45,80,4,0,29,97,3,0,27,2,100
2011-08-10 14:37:10,Attack,131,0,134,1691130,23800,4658360,60354,674.1958692537313,35,93,6,0,26,102,6,0,12,3,119
2011-08-10 14:37:11,Normal,102,0,102,1087892,16748,3623839,2780,672.586588,42,53,7,0,14,81,6,1,15,1,86
2011-08-10 14:37:12,Normal,112,3,115,998740,16605,4450514,47464,544.1187172695652,37,69,9,0,10,102,3,0,7,0,107
2011-08-10 14:37:13,Normal,106,0,106,1048104,17952,4184716,60156,452.96370575471707,31,65,10,0,20,86,0,0,22,0,84
2011-08-10 14:37:14,Attack,112,0,115,1138372,16842,4601401,50726,485.9138221913044,37,72,6,0,12,97,6,0,10,2,102
2011-08-10 14:37:15,Normal,362,0,362,718475,19327,16351992,60132,128.33121611049722,36,315,11,0,59,296,7,0,71,3,288
2011-08-10 14:37:16,Normal,125,0,125,865725,19346,5199428,62310,456.7929027520001,37,82,6,0,12,106,7,0,17,1,107
2011-08-10 14:37:17,Attack,107,0,108,931389,18056,4233334,17253,303.32680875,36,66,6,0,16,83,7,2,20,1,87
2011-08-10 14:37:18,Normal,100,0,100,1202378,15948,3607302,21855,737.7872881300001,47,44,9,0,15,79,6,0,16,2,81
2011-08-10 14:37:19,Attack,108,0,110,1332279,16845,3469145,16385,557.8449202999999,42,61,7,0,10,91,8,1,12,2,95
2011-08-10 14:37:20,Attack,106,0,107,982426,20786,4300861,7351,309.92971788785036,25,72,10,0,15,85,7,0,20,1,86
2011-08-10 14:37:21,Normal,105,0,105,1298527,18201,3485251,59005,499.76181177142854,44,55,6,0,16,82,7,0,17,2,86
2011-08-10 14:37:22,Normal,97,3,100,884274,16631,3808463,56692,543.60852997,34,55,11,0,6,88,6,0,14,2,84
2011-08-10 14:37:23,Normal,87,6,93,982406,17437,3629375,2990,714.4175893333334,30,55,8,0,12,75,6,0,12,1,80
2011-08-10 14:37:24,Normal,103,3,106,749475,17951,4141740,47095,461.3374956037736,36,60,10,0,10,94,2,0,14,2,90
2011-08-10 14:37:25,Normal,95,0,95,791464,18136,3596935,34119,453.04595585263166,30,63,2,0,4,88,3,0,9,0,86
2011-08-10 14:37:26,Attack,98,0,99,1071394,16744,3490656,59469,340.01182935353535,32,59,8,0,15,80,4,0,21,1,77
2011-08-10 14:37:27,Attack,82,0,85,553582,15914,3221813,10073,455.80700684705886,30,50,5,0,10,71,4,0,14,0,71
2011-08-10 14:37:28,Normal,115,0,115,986446,5155,4232751,37214,539.520546773913,46,57,12,0,6,103,5,1,21,0,93
2011-08-10 14:37:29,Normal,163,0,163,1171947,63491,3902267,7723,410.76137689570555,32,120,11,0,21,140,1,1,58,0,104
2011-08-10 14:37:30,Attack,100,0,102,1163164,62401,3502975,14515,595.2841361764707,33,62,7,0,21,77,3,1,20,2,79
2011-08-10 14:37:31,Attack,106,0,107,613665,20033,4458843,13214,382.6075841682243,26,75,6,0,4,100,3,0,11,0,96
2011-08-10 14:37:32,Normal,131,3,134,989426,7746,5119307,52805,497.21389487313434,29,98,7,0,16,111,7,0,42,1,91
2011-08-10 14:37:33,Normal,227,0,227,1082185,11932,10132601,41615,309.618100938326,39,177,11,0,25,163,38,1,64,1,160
2011-08-10 14:37:34,Normal,90,0,90,940729,15973,3160044,2243,493.18081401111107,40,47,3,0,7,82,1,0,9,1,80
2011-08-10 14:37:35,Attack,165,0,166,1739885,20458,6207721,23892,612.5846710542169,39,119,8,0,25,134,7,0,54,2,110
2011-08-10 14:37:36,Normal,139,0,139,1565539,5894,5322374,61043,442.18275074100717,34,98,7,0,27,110,2,0,15,2,122
2011-08-10 14:37:37,Normal,144,0,144,1015176,5831,5810218,35156,421.4696020347222,34,98,12,0,11,129,4,0,12,1,131
2011-08-10 14:37:38,Attack,156,4,162,1236343,6876,6628790,65385,363.70069966049385,42,116,4,0,12,148,2,0,11,3,148
2011-08-10 14:37:39,Normal,145,0,145,1537709,21237,5721545,57101,420.909438675862,50,81,14,0,23,118,4,0,24,3,118
2011-08-10 14:37:40,Attack,120,6,127,1417672,5563,4643177,49474,515.2435925748032,34,86,7,0,29,95,3,0,25,8,94
2011-08-10 14:37:41,Attack,285,4,291,1689322,13471,11538350,3160,214.09270942955325,38,240,13,0,33,246,12,0,33,10,248
2011-08-10 14:37:42,Normal,255,3,258,1725792,25820,11141286,54436,309.2988810968992,47,190,21,0,45,165,48,0,71,6,181
2011-08-10 14:37:43,Normal,116,0,116,1268828,3930,4002707,1121,489.9467677844828,36,72,8,0,14,95,5,2,15,9,92
2011-08-10 14:37:44,Normal,106,0,106,1130295,17615,3813953,5623,446.0253628962264,38,56,12,0,9,89,8,0,13,7,86
2011-08-10 14:37:45,Normal,98,0,98,1044383,3641,3691774,-1,642.5630185612246,28,63,7,0,20,75,3,0,12,1,85
2011-08-10 14:37:46,Normal,123,0,123,2016246,2636,4334265,61229,706.8008273414634,39,74,10,0,26,94,3,0,8,1,114
2011-08-10 14:37:47,Attack,124,0,125,1425160,15626,4540708,14905,527.02439008,50,65,10,0,21,103,1,0,18,2,105
2011-08-10 14:37:48,Attack,114,0,117,1177513,17431,4261657,6847,584.9463475641027,26,84,7,0,20,89,8,0,25,2,89
2011-08-10 14:37:49,Normal,98,14,112,1077979,17992,4456496,21199,556.0728974732143,44,62,6,0,12,93,5,2,15,2,95
2011-08-10 14:37:50,Normal,110,1,111,1393483,17207,4229645,54965,531.379390927928,29,71,11,0,16,89,6,0,17,2,92
2011-08-10 14:37:51,Attack,96,7,105,867868,16726,4336173,45528,502.5098015619047,24,72,9,0,9,88,8,0,15,1,89
2011-08-10 14:37:52,Attack,121,3,125,1342356,19035,4412228,20292,538.332565824,32,88,5,0,13,102,10,0,17,3,105
2011-08-10 14:37:53,Normal,106,0,106,909301,17640,3999767,36172,423.6259455283019,20,77,9,0,11,92,3,0,11,0,94
2011-08-10 14:37:54,Normal,107,6,113,1460625,17121,3530306,22532,617.6254100796459,30,74,9,0,31,74,8,0,27,2,84
2011-08-10 14:37:55,Normal,125,3,128,1502842,11694,4179534,5296,527.9441798359376,46,75,7,0,22,99,7,0,18,2,108
2011-08-10 14:37:56,Attack,109,0,110,1003951,4828,3786332,4001,396.99461968181816,35,67,8,0,17,91,2,0,23,1,86
2011-08-10 14:37:57,Normal,113,0,113,1042028,17750,4504103,12523,478.45427078761065,44,64,5,0,16,95,2,0,16,2,94
2011-08-10 14:37:58,Normal,112,0,112,1629117,16628,4265732,9119,490.10135347321426,44,61,7,0,17,91,4,0,12,2,98
2011-08-10 14:37:59,Attack,102,0,103,960274,4889,3955731,14134,317.0937324951457,27,67,9,0,8,90,5,0,16,1,86
2011-08-10 14:38:00,Normal,90,0,90,1049120,16410,3163227,2324,631.9848596777776,31,58,1,0,16,67,5,2,7,1,82
2011-08-10 14:38:01,Attack,121,0,122,1633398,4490,4616475,38616,524.1825192540983,38,79,5,0,22,92,6,2,24,2,96
2011-08-10 14:38:02,Attack,90,3,95,802968,11765,3882914,59596,248.53565646315786,26,62,7,0,15,78,2,0,7,1,87
2011-08-10 14:38:03,Normal,102,0,102,957986,43880,3975549,771,449.4677436568627,34,61,7,0,10,91,1,0,10,1,91
2011-08-10 14:38:04,Normal,96,0,96,1450563,15885,3434119,12001,451.5268657708334,41,47,8,0,16,76,4,0,10,3,83
2011-08-10 14:38:05,Normal,106,0,106,992810,3859,4248217,5364,278.69128297169806,30,72,4,0,15,88,3,0,11,2,93
2011-08-10 14:38:06,Normal,178,0,178,1984417,13659,7165778,59708,470.2196103539326,36,133,9,0,57,106,15,0,49,2,127
2011-08-10 14:38:07,Normal,138,0,138,1662754,5492,5629165,62923,504.9702090507247,35,79,24,0,38,92,8,0,34,3,101
2011-08-10 14:38:08,Attack,132,0,133,1414906,17910,5174842,30728,533.0062273383459,31,93,9,0,17,114,2,0,17,2,114
2011-08-10 14:38:09,Attack,86,0,90,1097045,16597,3171068,53156,418.4182639111111,29,55,6,0,18,69,3,0,15,2,73
2011-08-10 14:38:10,Normal,98,0,98,1269965,16125,3682370,31630,633.6093778367348,34,54,10,0,11,82,5,0,9,2,87
2011-08-10 14:38:11,Normal,129,3,132,995228,7167,5220508,53626,278.1670936818182,34,89,9,0,17,106,9,0,27,5,100
2011-08-10 14:38:12,Attack,85,6,92,798269,17557,3604692,22640,429.6331407934782,29,61,2,0,8,78,6,0,18,5,69
2011-08-10 14:38:13,Attack,110,0,111,1168912,16330,4008386,30544,653.9183657657659,36,67,8,0,18,92,1,0,14,3,94
2011-08-10 14:38:14,Normal,119,6,125,730548,19480,4783130,5579,392.29134987200007,27,94,4,0,12,111,2,0,16,1,108
2011-08-10 14:38:15,Normal,109,18,127,1335969,3336,4543489,38873,382.3675677007874,38,75,14,0,19,106,2,0,14,2,110
2011-08-10 14:38:16,Normal,82,7,89,1042544,3969,3026998,60675,524.754070269663,36,48,5,0,20,66,3,0,16,2,71
2011-08-10 14:38:17,Normal,56,0,56,645951,1424,2013244,4355,945.8822290892857,23,26,7,0,5,49,2,0,7,0,49
2011-08-10 14:38:18,Attack,90,0,91,1490662,15744,2803716,12291,685.2457696373626,42,40,9,0,16,73,2,0,14,2,75
2011-08-10 14:38:19,Normal,87,0,87,1064271,16400,2526068,54807,559.8182689885057,37,41,9,0,6,75,6,0,14,0,73
2011-08-10 14:38:20,Attack,67,0,68,769084,15638,2198962,5582,577.0458049117649,36,23,9,0,6,58,4,0,10,0,58
2011-08-10 14:38:21,Normal,192,0,192,1156576,23986,8267355,3001,352.6565819427083,27,160,5,0,15,173,4,0,20,4,168
2011-08-10 14:38:22,Attack,97,3,101,884435,16168,3333931,10115,547.8302336831682,31,56,14,0,12,84,5,0,14,0,86
2011-08-10 14:38:23,Attack,92,0,93,1148289,59187,3451952,14214,777.4842116774194,48,36,9,0,11,81,1,0,11,1,80
2011-08-10 14:38:24,Normal,102,0,102,1059896,17765,3934045,58372,515.4180661372548,28,68,6,0,11,87,4,0,11,1,90
2011-08-10 14:38:25,Normal,169,3,172,1085924,12017,6951849,59757,302.28026998255814,32,136,4,0,24,132,16,0,45,6,120
2011-08-10 14:38:26,Normal,167,0,167,1080447,7799,7063337,54531,370.3428554011976,31,130,6,0,32,130,5,0,34,6,127
2011-08-10 14:38:27,Normal,181,0,181,1409845,7561,6638702,60253,351.37774679558015,45,131,5,0,46,130,5,0,52,9,120
2011-08-10 14:38:28,Normal,178,0,178,1258807,9797,7389056,58531,290.8531615,31,137,10,0,37,130,10,1,48,9,120
2011-08-10 14:38:29,Normal,169,0,169,1310800,8192,6832915,67038,404.135127627219,35,130,4,0,26,130,13,0,40,7,122
2011-08-10 14:38:30,Attack,189,0,192,1947239,8689,4670007,54403,456.69414166666667,36,144,12,0,97,87,6,2,83,2,105
2011-08-10 14:38:31,Normal,96,0,96,624043,3862,3121498,2701,351.488622,30,58,8,0,23,70,2,1,22,0,72
2011-08-10 14:38:32,Normal,103,3,106,922706,5330,4014467,32307,489.65962641509435,39,59,8,0,17,87,1,1,16,0,88
2011-08-10 14:38:33,Attack,98,0,100,932647,16792,3256139,17483,541.23901161,46,44,10,0,18,80,2,0,22,1,77
2011-08-10 14:38:34,Attack,112,0,113,1376792,16619,3445945,49990,770.7532910884956,49,54,10,0,16,95,2,0,11,1,101
2011-08-10 14:38:35,Normal,109,1,110,945409,18155,3975238,31295,389.831912,38,67,5,0,12,96,2,0,9,4,97
2011-08-10 14:38:36,Normal,168,0,168,2927244,17503,4841680,26408,723.6320585714285,36,121,11,0,48,108,12,0,14,7,147
2011-08-10 14:38:37,Normal,165,1,166,1104152,20404,6896898,26586,202.03305590963856,41,117,8,0,11,154,1,0,17,7,142
2011-08-10 14:38:38,Normal,121,0,121,1349155,3986,5101014,56292,605.2039631157024,46,65,10,0,15,105,1,0,16,4,101
2011-08-10 14:38:39,Attack,136,0,137,1419763,20092,4939034,58372,428.7916809124088,43,88,6,0,22,107,8,0,19,2,116
2011-08-10 14:38:40,Normal,128,0,128,999328,18574,3990173,53665,491.48123671875004,37,85,6,0,28,97,3,0,29,3,96
2011-08-10 14:38:41,Attack,134,0,137,1486642,4420,3794879,4203,607.6797614671532,45,86,6,0,38,92,7,0,33,2,101
2011-08-10 14:38:42,Normal,110,3,113,1053469,17738,3793904,16601,483.17187115929204,41,61,11,0,10,98,5,0,13,3,97
2011-08-10 14:38:43,Attack,79,0,80,760801,15185,2784392,10553,711.1822500874999,36,38,6,0,5,74,1,0,8,3,69
2011-08-10 14:38:44,Attack,104,0,105,895575,4146,3460097,43132,579.1034383619048,36,61,8,0,15,87,3,0,22,3,79
2011-08-10 14:38:45,Normal,130,0,130,955516,19454,5246139,6522,408.9907082230768,45,81,4,0,8,118,4,0,17,3,109
2011-08-10 14:38:46,Normal,101,0,101,820615,4120,3491111,55197,504.05926430693074,37,62,2,0,21,79,1,0,28,2,71
2011-08-10 14:38:47,Normal,101,0,101,1168194,16321,3340368,26231,545.072999019802,39,54,8,0,11,89,1,0,10,2,89
2011-08-10 14:38:48,Normal,122,0,122,1467648,17577,4413519,27850,514.505521557377,43,62,17,0,13,106,3,0,15,2,105
2011-08-10 14:38:49,Normal,126,0,126,1832600,6218,4073045,45071,571.3304614444445,41,76,9,0,31,91,4,0,24,1,101
2011-08-10 14:38:50,Attack,121,0,122,1090078,3703,4645502,38717,520.0590957704918,36,81,5,0,14,107,1,0,8,3,111
2011-08-10 14:38:51,Attack,96,0,99,980212,17723,3630463,47701,421.5249573737374,37,54,8,0,10,84,5,0,17,2,79
2011-08-10 14:38:52,Normal,148,3,151,1799442,18729,5565482,11375,485.38139257615893,44,102,5,0,30,111,10,0,32,4,115
2011-08-10 14:38:53,Normal,139,0,139,1179241,19076,5282098,21075,510.1946981942446,35,100,4,0,37,98,4,0,33,2,104
2011-08-10 14:38:54,Attack,132,0,133,1653448,17785,4383903,43356,642.4190573458646,42,84,7,0,23,104,6,0,17,3,113
2011-08-10 14:38:55,Attack,105,0,106,797568,4502,3636978,46739,433.84354839622637,25,70,11,0,12,93,1,0,14,0,92
2011-08-10 14:38:56,Normal,84,3,87,954424,15195,3285717,12127,478.3456322413792,32,53,2,0,4,80,3,0,6,1,80
2011-08-10 14:38:57,Normal,80,0,80,931713,62843,2940435,42450,601.5413293375,32,41,7,0,5,71,4,0,7,0,73
2011-08-10 14:38:58,Normal,129,0,129,1567559,18718,3853843,44561,670.3652495426356,47,77,5,0,22,98,9,0,14,4,111
2011-08-10 14:38:59,Normal,132,0,132,1625813,18741,4744599,51475,498.59507182575754,32,95,5,0,35,92,5,0,21,1,110
2011-08-10 14:39:00,Normal,252,0,252,1226742,25201,11642142,48604,285.60539267460314,36,205,11,0,9,234,9,0,13,3,236
2011-08-10 14:39:01,Normal,142,0,142,1034620,12377,5855341,50685,317.83264376056337,36,99,7,0,15,110,17,0,28,1,113
2011-08-10 14:39:02,Attack,143,3,147,1526901,6258,5320593,56788,486.934909585034,36,104,7,0,23,114,10,0,25,2,120
2011-08-10 14:39:03,Normal,121,0,121,868224,5912,4655829,44165,435.2772976611571,33,86,2,0,9,102,10,0,16,3,102
2011-08-10 14:39:04,Attack,103,0,104,933750,3878,3755758,28846,435.6690788461538,32,68,4,0,9,92,3,0,15,2,87
2011-08-10 14:39:05,Attack,121,0,123,1219318,19483,4296762,56153,551.9723938455282,36,76,11,0,14,102,7,0,21,2,99
2011-08-10 14:39:06,Normal,92,0,92,948658,43687,3442444,13362,459.7619103695652,24,59,9,0,16,70,6,0,10,1,81
2011-08-10 14:39:07,Normal,126,0,126,1200003,53519,4677320,42049,558.2225896269842,37,82,7,0,21,101,4,0,14,3,108
2011-08-10 14:39:08,Normal,132,0,132,1453011,61412,4357807,1220,565.100927560606,39,85,8,0,25,105,2,0,18,1,113
2011-08-10 14:39:09,Normal,103,0,103,1506705,3285,3171148,53796,851.9777587766991,37,54,12,0,19,81,3,0,11,2,90
2011-08-10 14:39:10,Normal,144,0,144,1590247,7328,5223259,10000,515.7723688263889,38,97,9,0,24,113,7,0,20,0,124
2011-08-10 14:39:11,Attack,98,0,100,965763,38422,3626198,14652,584.8917049700001,40,56,4,0,6,88,6,0,10,3,87
2011-08-10 14:39:12,Attack,101,3,108,1091000,3617,3568942,64463,555.5022028796296,30,73,5,0,14,83,11,0,21,1,86
2011-08-10 14:39:13,Normal,110,0,110,1429229,17720,3644405,13363,574.8642923818181,44,62,4,0,20,85,5,0,9,0,100
2011-08-10 14:39:14,Normal,90,0,90,970198,15768,3369009,6952,464.9469870888888,35,50,5,0,6,83,1,0,6,1,83
2011-08-10 14:39:15,Attack,99,0,100,870799,4000,3214494,51213,552.4189125,35,56,9,0,30,68,2,0,31,1,68
2011-08-10 14:39:16,Attack,119,0,120,1144648,19193,4870200,16386,408.0125527166667,35,77,8,0,12,100,8,0,13,1,106
2011-08-10 14:39:17,Normal,107,0,107,1353239,6293,3824049,1535,511.57657337383176,36,63,8,0,10,88,9,0,12,1,94
2011-08-10 14:39:18,Normal,97,2,99,1013639,17233,3886964,49514,579.101122,34,59,6,0,13,82,4,0,12,0,87
2011-08-10 14:39:19,Attack,85,3,89,1191392,15671,3211599,26158,577.0318365842696,42,35,12,0,8,79,2,0,10,1,77
2011-08-10 14:39:20,Attack,91,0,92,866682,19739,3471668,49182,556.360014,34,53,5,0,11,77,4,0,14,1,77
2011-08-10 14:39:21,Normal,123,0,123,1098212,18700,4410517,33590,410.10559912195123,37,78,8,0,14,104,5,0,17,2,104
2011-08-10 14:39:22,Normal,81,3,84,730600,16321,2851083,10289,560.8480841190476,31,48,5,0,9,72,3,0,15,1,68
2011-08-10 14:39:23,Normal,106,0,106,1177220,15556,3660860,12502,676.2105763301887,38,60,8,0,9,96,1,0,7,2,97
2011-08-10 14:39:24,Normal,111,0,111,927829,4504,3775783,42892,566.3596048378379,43,62,6,0,15,95,1,0,19,3,89
2011-08-10 14:39:25,Attack,95,0,97,1388416,17091,2783810,60034,521.0279751958764,32,60,5,0,34,60,3,0,17,2,78
2011-08-10 14:39:26,Attack,112,11,124,1066782,5355,4417702,49550,644.2886663870968,54,62,8,0,9,108,7,0,15,4,104
2011-08-10 14:39:27,Normal,97,3,100,791091,17998,4045316,14222,576.26014521,37,59,4,0,23,67,10,0,35,1,64
2011-08-10 14:39:28,Normal,90,0,90,745249,2669,3562638,43168,522.3548607444444,28,62,0,0,5,79,4,2,12,0,76
2011-08-10 14:39:29,Normal,96,0,96,859702,16212,3633648,63549,592.6004912083333,40,51,5,0,10,82,2,2,14,0,80
2011-08-10 14:39:30,Normal,99,0,99,1338053,16701,3364491,48545,652.7058430606062,36,49,14,0,16,77,5,1,16,2,80
2011-08-10 14:39:31,Normal,113,0,113,1016732,19234,4182242,62986,428.29386733628314,35,72,6,0,13,96,4,0,17,4,92
2011-08-10 14:39:32,Attack,85,3,89,839880,17513,3276778,26110,493.05350338202237,34,50,5,0,4,78,7,0,13,0,76
2011-08-10 14:39:33,Attack,76,0,79,873433,17300,2536769,15994,467.77412402531655,30,41,8,0,3,73,3,0,9,3,67
2011-08-10 14:39:34,Normal,91,3,94,849156,17205,3444469,32850,601.4211563617022,35,49,10,0,8,83,3,0,14,0,80
2011-08-10 14:39:35,Normal,70,0,70,838497,15647,2244596,31540,724.4802736857142,29,33,8,0,10,60,0,0,10,1,59
2011-08-10 14:39:36,Attack,110,0,111,1293188,16741,3787634,66501,603.0092417477478,38,66,7,0,14,95,2,0,9,3,99
2011-08-10 14:39:37,Attack,76,0,80,1003339,15935,2449966,52806,750.1756044374999,33,42,5,0,12,61,7,0,13,1,66
2011-08-10 14:39:38,Normal,113,0,113,775950,4400,4364858,36906,436.64338075221235,44,62,7,0,7,103,3,0,18,0,94
2011-08-10 14:39:39,Normal,97,0,97,1209046,15716,2969437,36191,458.32717935051545,37,53,7,0,12,80,5,0,12,2,83
2011-08-10 14:39:40,Attack,114,0,116,1101128,16909,4325940,37305,591.9511497327586,38,70,8,0,19,94,3,0,17,0,99
2011-08-10 14:39:41,Normal,113,0,113,996362,4432,4227239,47582,387.4110173893805,29,77,7,0,14,97,2,0,8,0,105
2011-08-10 14:39:42,Attack,104,3,108,1095963,18852,3685007,10111,638.6134479444445,40,59,9,0,14,87,7,0,18,0,90
2011-08-10 14:39:43,Normal,86,0,86,819663,16133,3366272,29685,542.5479882441861,37,44,5,0,6,79,1,0,8,0,78
2011-08-10 14:39:44,Normal,89,0,89,1056881,15709,2973755,8211,711.2070305280898,39,43,7,0,7,81,1,0,8,1,80
2011-08-10 14:39:45,Normal,67,0,67,523878,16003,2262601,50169,636.6252331940298,27,34,6,0,4,55,8,0,15,1,51
2011-08-10 14:39:46,Attack,103,0,105,809810,19079,3815206,49398,463.3049855904762,35,58,12,0,10,93,2,0,13,0,92
2011-08-10 14:39:47,Attack,110,0,111,1295094,16557,4242545,50169,597.5693020540542,42,65,4,0,20,90,1,0,15,1,95
2011-08-10 14:39:48,Normal,97,0,97,897311,17958,3768070,49782,624.7057765257732,41,51,5,0,10,85,2,0,15,1,80
2011-08-10 14:39:49,Normal,76,0,76,621751,17897,2703061,49398,598.3731296447369,32,42,2,0,7,67,2,0,13,0,63
2011-08-10 14:39:50,Normal,121,0,121,905099,8193,4353614,49482,336.9363486859504,38,76,7,0,18,96,7,0,32,0,89
2011-08-10 14:39:51,Normal,165,0,165,607510,10489,7801646,49402,223.9675170727273,23,136,6,0,30,118,17,0,56,0,108
2011-08-10 14:39:52,Normal,96,3,99,771481,17273,3793096,49529,619.3873024545455,40,54,5,0,6,90,3,0,10,1,88
2011-08-10 14:39:53,Attack,96,0,98,950012,2996,3604138,50944,545.5129430204082,36,47,15,0,4,92,2,0,7,2,89
2011-08-10 14:39:54,Attack,142,0,146,1215748,17031,5723912,3688,478.6974956301369,51,90,5,0,19,116,11,0,28,1,117
2011-08-10 14:39:55,Normal,89,0,89,1031832,15299,3298142,17382,461.18731046067415,30,53,6,0,7,80,2,0,5,2,82
2011-08-10 14:39:56,Normal,109,0,109,1045655,16318,3867421,51394,509.3351427155963,39,61,9,0,15,91,3,0,24,1,84
2011-08-10 14:39:57,Attack,117,0,118,647797,17518,5364490,17438,458.21750777118655,35,78,5,0,8,110,0,0,12,0,106
2011-08-10 14:39:58,Attack,101,3,105,1079089,16017,3730014,50581,506.4342538666666,41,57,7,0,12,85,8,0,16,1,88
2011-08-10 14:39:59,Normal,80,0,80,880198,16436,2978151,35134,509.53549915,34,34,12,0,5,71,4,0,12,1,67
2011-08-10 14:40:00,Normal,154,0,154,1427065,20372,6530153,56280,280.82139628571434,44,100,10,0,27,120,7,0,41,1,112
2011-08-10 14:40:01,Attack,138,0,142,1091630,6860,5823248,3566,433.582556197183,37,97,8,0,22,118,2,0,22,0,120
2011-08-10 14:40:02,Normal,218,3,221,1238137,24083,10516879,50145,285.33555148868777,32,183,6,0,40,176,5,0,36,1,184
2011-08-10 14:40:03,Attack,104,0,105,1139637,10146,3745867,4877,566.0328938,42,54,9,0,8,94,3,0,8,2,95
2011-08-10 14:40:04,Normal,104,0,104,1195543,28091,4156744,59655,481.41148689423073,36,59,9,0,12,88,4,0,11,1,92
2011-08-10 14:40:05,Normal,143,0,143,963192,20952,4304146,62623,337.200050006993,37,95,11,0,33,103,7,0,39,1,103
2011-08-10 14:40:06,Normal,118,0,118,1014144,3308,4539345,60342,492.2804970508475,52,62,4,0,6,110,2,0,9,1,108
2011-08-10 14:40:07,Attack,136,0,137,739431,19252,6008467,49389,453.15975894160584,38,92,7,0,5,127,5,0,10,0,127
2011-08-10 14:40:08,Attack,119,0,121,828390,19119,4976290,40496,357.61772993388433,37,77,7,0,9,109,3,0,9,3,109
2011-08-10 14:40:09,Normal,83,0,83,787685,2986,3091809,62027,413.84334849397595,32,48,3,0,8,75,0,0,12,1,70
2011-08-10 14:40:10,Normal,118,0,118,1040958,18508,4849505,39093,352.1273664491525,34,75,9,0,12,98,8,0,22,2,94
2011-08-10 14:40:11,Normal,118,0,118,898350,18649,5184203,22729,267.66193694067795,33,84,1,0,12,96,10,0,22,4,92
2011-08-10 14:40:12,Normal,252,3,255,894584,12244,12032263,55684,222.443879227451,31,218,6,0,24,224,7,0,30,1,224
2011-08-10 14:40:13,Normal,126,0,126,933280,6506,5168372,41605,496.7366383571429,36,83,7,0,14,109,3,0,18,1,107
2011-08-10 14:40:14,Attack,88,0,89,738786,3450,3479457,60557,494.4108613483146,35,48,6,0,8,78,3,0,11,1,76
2011-08-10 14:40:15,Attack,138,0,142,1030251,18974,5993259,36442,450.07505073239435,44,84,14,0,7,125,10,0,17,2,123
2011-08-10 14:40:16,Normal,136,0,136,943650,18199,5947653,39423,360.9055509485294,39,83,14,0,7,129,0,0,8,0,128
2011-08-10 14:40:17,Normal,91,0,91,918977,16260,3354580,33970,632.3632057692308,39,43,9,0,8,81,1,1,10,3,78
2011-08-10 14:40:18,Attack,102,0,103,1134323,16114,3548610,21397,473.30504152427176,35,59,9,0,8,91,4,0,11,2,90
2011-08-10 14:40:19,Attack,119,0,122,968882,68745,4342647,80,331.4430426065574,40,71,11,0,4,117,1,0,18,0,104
2011-08-10 14:40:20,Normal,118,0,118,818316,8086,4718044,33361,362.6890167627119,33,81,4,0,36,75,7,0,40,2,76
2011-08-10 14:40:21,Normal,154,0,154,1139684,5503,6484305,52987,268.3868500844156,43,105,6,0,20,131,3,0,25,1,128
2011-08-10 14:40:22,Attack,124,5,133,945136,17858,4947244,13158,362.6735812180451,35,90,8,0,13,114,6,0,14,1,118
2011-08-10 14:40:23,Attack,132,0,133,1096269,20223,4696443,54417,512.8537241353383,37,88,8,0,24,106,3,0,23,2,108
2011-08-10 14:40:24,Normal,119,0,119,918723,17336,4777335,62925,432.24791939495805,38,72,9,0,10,105,4,0,15,1,103
2011-08-10 14:40:25,Normal,108,0,108,886454,18398,4327644,52553,362.6922511018518,30,70,8,0,10,97,1,0,12,2,94
2011-08-10 14:40:26,Normal,109,0,109,928815,19897,4224344,12163,485.93071500917426,37,65,7,0,6,92,11,0,17,1,91
2011-08-10 14:40:27,Normal,116,0,116,704902,8096,4544075,1033,334.0074921982759,33,72,11,0,13,102,1,0,21,0,94
2011-08-10 14:40:28,Attack,116,0,117,741890,17842,3965549,62512,307.72485777777774,37,75,5,0,15,96,4,2,23,2,90
2011-08-10 14:40:29,Attack,107,3,113,859582,17543,3776212,41436,388.34911258407084,34,68,11,0,22,88,3,0,27,1,85
2011-08-10 14:40:30,Normal,93,0,93,1298475,15027,2900235,26311,830.0625909462365,46,47,0,0,17,75,1,0,8,0,83
2011-08-10 14:40:31,Normal,102,0,102,1178071,4178,3927369,54286,554.6483060686274,38,59,5,0,14,86,2,0,17,1,84
2011-08-10 14:40:32,Normal,109,3,112,1132914,16850,4611270,32124,564.1998315178572,49,56,7,0,10,99,3,0,14,3,93
2011-08-10 14:40:33,Attack,236,0,238,1411259,26148,10150311,25906,184.02910525630253,30,198,10,0,71,152,13,2,79,11,146
2011-08-10 14:40:34,Normal,195,0,195,975446,14088,8680540,14214,233.03408976410256,34,151,10,0,54,132,9,0,67,2,126
2011-08-10 14:40:35,Attack,162,0,163,1099831,9084,6545680,4252,480.07218001840494,47,103,13,0,22,136,5,0,33,0,130
2011-08-10 14:40:36,Attack,125,0,128,1142057,25825,4418578,13363,526.0628398359374,42,67,19,0,19,106,3,0,21,0,107
2011-08-10 14:40:37,Normal,117,0,117,1094378,17396,4305946,13941,420.7881027350428,43,70,4,0,8,106,2,1,10,1,105
2011-08-10 14:40:38,Normal,138,0,138,1043532,5248,5846704,56236,382.0938819275362,43,89,6,0,21,113,4,0,24,0,114
2011-08-10 14:40:39,Normal,121,0,121,1099308,19529,4663945,37865,480.6616418595042,43,68,10,0,17,90,14,0,26,2,93
2011-08-10 14:40:40,Attack,148,0,150,1212132,6357,5744347,48774,460.22572421999996,36,100,14,0,32,111,7,0,31,7,112
2011-08-10 14:40:41,Normal,120,0,120,836080,19566,5096709,56723,359.53478880833336,27,77,16,0,14,96,10,0,17,1,102
2011-08-10 14:40:42,Normal,160,3,163,1112771,22009,6993734,14197,301.6469051779141,28,105,30,0,16,125,22,0,21,3,139
2011-08-10 14:40:43,Attack,239,0,240,1265923,9567,10167064,47062,256.4529143958334,46,184,10,0,19,215,6,0,23,8,209
2011-08-10 14:40:44,Normal,118,0,118,933041,19076,4523011,23793,519.053330881356,46,66,6,0,9,106,3,0,12,2,104
2011-08-10 14:40:45,Normal,87,0,87,828232,17498,3295887,1420,426.33494414942527,26,55,6,0,11,73,3,0,14,1,72
2011-08-10 14:40:46,Normal,131,0,131,908824,18813,5757818,55303,353.4194981221374,25,92,14,0,15,112,4,0,23,1,107
2011-08-10 14:40:47,Normal,116,0,116,896839,7467,4730130,58517,287.1056991982759,31,74,11,0,20,91,5,0,26,4,86
2011-08-10 14:40:48,Normal,94,0,94,885501,4259,3534431,42386,498.93995670212763,37,50,7,0,13,78,3,0,16,0,78
2011-08-10 14:40:49,Attack,87,0,89,938762,2529,3046742,39041,682.6851251011235,38,42,9,0,7,82,0,0,11,3,75
2011-08-10 14:40:50,Attack,88,0,89,997765,2661,3392890,55496,625.951202011236,33,50,6,0,10,78,1,0,9,1,79
2011-08-10 14:40:51,Normal,144,0,144,1788906,17646,5199412,13233,600.0111284583332,38,96,10,0,32,110,2,0,13,4,127
2011-08-10 14:40:52,Attack,119,3,123,1369836,4303,4669412,62729,475.8547516260163,36,77,10,0,17,98,8,0,21,5,97
2011-08-10 14:40:53,Normal,133,0,133,862387,17759,5556715,23708,315.02723821804517,41,81,11,0,5,123,5,0,19,0,114
2011-08-10 14:40:54,Attack,86,0,87,1038309,16585,3193346,32481,697.3140957586206,38,37,12,0,13,73,1,0,11,0,76
2011-08-10 14:40:55,Normal,130,0,130,1280525,8108,4645322,55789,573.9196274769231,54,68,8,0,26,100,4,0,28,1,101
2011-08-10 14:40:56,Normal,69,0,69,739258,16480,2186807,24775,830.5887641159419,32,31,6,0,9,60,0,0,10,1,58
2011-08-10 14:40:57,Attack,107,0,110,996206,4503,4253575,58822,364.68105362727266,40,64,6,0,12,91,7,0,22,1,86
2011-08-10 14:40:58,Normal,99,0,99,740857,16405,4035407,64119,416.92570867676767,38,53,8,0,5,93,1,0,7,1,91
2011-08-10 14:40:59,Normal,84,0,84,985078,2975,3009515,62685,769.3610775000001,30,51,3,0,12,69,3,0,15,4,65
2011-08-10 14:41:00,Normal,248,3,251,1125351,12956,12100814,44645,274.5315486613546,34,211,6,0,12,232,7,0,24,2,225
2011-08-10 14:41:01,Attack,102,0,106,855303,19290,3935569,32424,482.69294172641503,44,58,4,0,14,88,4,0,22,0,84
2011-08-10 14:41:02,Normal,96,3,99,801726,18102,3679822,5457,450.3102781616162,33,60,6,0,9,87,3,0,15,0,84
2011-08-10 14:41:03,Normal,120,0,120,1099597,6518,4787714,59134,462.0459592583333,40,73,7,0,22,96,2,0,21,1,97
2011-08-10 14:41:04,Attack,121,0,122,1483633,17677,4549284,60133,644.1005312049181,32,81,9,0,31,86,5,0,28,2,92
2011-08-10 14:41:05,Normal,137,0,137,1675139,6317,4655682,53296,780.373891189781,45,87,5,0,29,100,8,0,25,5,106
2011-08-10 14:41:06,Normal,94,0,94,1107460,15451,3569678,2952,601.3224044148935,46,41,7,0,8,81,5,0,10,3,81
2011-08-10 14:41:07,Normal,123,0,123,933100,20204,4579932,50158,393.31407327642273,31,83,9,0,21,92,10,0,27,1,95
2011-08-10 14:41:08,Normal,143,0,143,916944,8004,5310527,65326,342.32257541258747,31,100,12,0,21,114,8,0,26,1,116
2011-08-10 14:41:09,Normal,141,0,141,1042814,6855,5261573,5518,481.3080868794326,42,88,11,0,19,114,8,0,32,1,108
2011-08-10 14:41:10,Attack,123,0,125,945855,72716,4757299,7516,310.04079130400004,30,90,5,0,12,106,7,0,19,7,99
2011-08-10 14:41:11,Attack,141,0,142,1065463,22232,5595448,58106,264.5985821901409,38,100,4,0,12,118,12,0,23,11,108
2011-08-10 14:41:12,Normal,81,3,84,994346,3679,3107895,56620,699.3390164404763,40,38,6,0,11,67,6,0,17,0,67
2011-08-10 14:41:13,Normal,111,0,111,1056013,17079,4292613,16903,648.6169364234231,46,60,5,0,12,99,0,0,11,0,100
2011-08-10 14:41:14,Normal,111,0,111,950311,18820,4709291,26193,368.97122088288296,40,61,10,0,11,99,1,0,15,0,96
2011-08-10 14:41:15,Attack,76,0,77,874677,15698,2352262,10703,679.946502974026,35,36,6,0,7,66,3,1,10,1,66
2011-08-10 14:41:16,Normal,84,0,84,921105,3886,2862013,59315,375.9623436071429,32,43,9,0,6,76,2,0,8,0,76
2011-08-10 14:41:17,Attack,83,0,85,686922,21115,3337018,13363,462.53427831764714,23,53,9,0,8,71,6,0,12,0,73
2011-08-10 14:41:18,Attack,160,0,164,1421890,7042,4894469,59700,480.47060890243904,43,114,7,0,50,100,14,0,57,1,105
2011-08-10 14:41:19,Normal,89,0,89,748255,16720,3728094,58077,436.729714,35,48,6,0,15,74,0,0,19,0,70
2011-08-10 14:41:20,Normal,82,0,82,726594,14602,3028519,57508,722.1789150853658,39,37,6,0,10,70,2,0,14,1,66
2011-08-10 14:41:21,Normal,115,0,115,987789,17454,4525779,29272,474.80938142608693,45,61,9,0,14,94,7,0,26,0,89
2011-08-10 14:41:22,Attack,163,3,169,1431663,10017,6272841,35940,374.35778582840237,39,114,16,0,35,121,13,0,40,1,125
2011-08-10 14:41:23,Normal,107,2,109,719255,19377,4042544,4054,349.8893639449541,33,74,2,0,16,87,6,0,25,1,82
2011-08-10 14:41:24,Normal,79,4,83,763405,4104,2745356,54457,486.99792089156625,33,44,6,0,13,66,4,0,22,0,61
2011-08-10 14:41:25,Attack,81,0,82,716275,18074,3389111,20980,468.11931785365863,28,41,13,0,4,66,12,0,7,0,75
2011-08-10 14:41:26,Normal,85,2,87,1091162,15662,3190671,15872,682.8013600804597,35,45,7,0,10,76,1,0,8,0,79
2011-08-10 14:41:27,Normal,93,0,93,968382,61748,3540986,14919,559.4194988494623,39,50,4,0,9,83,1,0,9,2,82
2011-08-10 14:41:28,Normal,119,0,119,1182017,16883,3962047,32214,612.3814309747899,37,71,11,0,13,104,1,1,11,3,103
2011-08-10 14:41:29,Normal,80,0,80,897530,14947,2688878,18937,802.7608684,40,33,7,0,10,68,1,1,10,1,67
2011-08-10 14:41:30,Normal,95,0,95,891734,3269,3399122,52464,625.7586857157894,39,47,9,0,15,77,1,2,16,2,75
2011-08-10 14:41:31,Attack,83,3,87,986814,1887,3122480,40114,580.8655705517242,29,52,6,0,6,75,6,0,7,3,77
2011-08-10 14:41:32,Attack,91,3,95,928741,17852,3416571,54235,565.3468679473683,32,53,10,0,12,79,4,0,11,1,83
2011-08-10 14:41:33,Normal,123,0,123,1513155,70543,4267890,13362,620.3279596422765,29,88,6,0,25,93,5,0,14,1,108
2011-08-10 14:41:34,Normal,101,0,101,1068641,16253,3775976,26294,676.5543484356436,42,50,9,0,9,90,2,0,12,2,87
2011-08-10 14:41:35,Normal,95,0,95,787721,4088,3590896,310,622.5811002421053,40,48,7,0,7,87,1,0,11,2,82
2011-08-10 14:41:36,Attack,113,0,115,953477,4381,3990889,52210,718.9947884608696,33,75,7,0,20,85,9,1,25,0,88
2011-08-10 14:41:37,Normal,93,0,93,956942,3808,3507620,60706,614.492861548387,33,52,8,0,9,82,2,0,9,1,82
2011-08-10 14:41:38,Attack,133,0,134,1140846,3661,5154837,14460,551.6777980671642,44,82,8,0,20,111,3,0,25,2,106
2011-08-10 14:41:39,Attack,188,0,191,1666054,7543,7580254,55069,299.64921268586386,47,134,10,0,40,140,11,0,38,5,148
2011-08-10 14:41:40,Normal,86,0,86,843302,18166,3335877,58246,502.1906979767442,41,39,6,0,7,75,4,0,14,2,70
2011-08-10 14:41:41,Normal,142,0,142,1152360,19674,5868472,22308,494.56453354929573,35,100,7,0,15,116,11,0,18,1,120
2011-08-10 14:41:42,Normal,86,3,89,1232467,2809,3172482,57480,669.2134806292136,37,40,12,0,12,70,7,0,12,1,75
2011-08-10 14:41:43,Attack,101,0,106,1269321,3128,3930376,57484,576.1576317452831,31,63,12,0,14,85,7,0,18,1,86
2011-08-10 14:41:44,Normal,112,0,112,1047550,17478,4122752,14385,490.4484108214286,42,63,7,0,5,105,2,0,9,4,99
2011-08-10 14:41:45,Normal,91,0,91,980969,16448,3380878,13296,641.1157346263738,31,49,11,0,19,67,5,0,17,1,73
2011-08-10 14:41:46,Attack,108,0,109,1080348,16940,4327990,45491,517.5899393027523,37,61,11,0,14,93,2,0,14,2,93
2011-08-10 14:41:47,Normal,111,0,111,1293811,2764,4019086,57808,477.96942657657655,30,77,4,0,31,76,4,0,23,2,86
2011-08-10 14:41:48,Normal,100,0,100,1664037,41797,3144597,14133,919.4848358400002,37,61,2,0,28,67,5,0,14,2,83
2011-08-10 14:41:49,Normal,103,0,103,1029886,17150,3736537,15212,502.29233793203883,35,55,13,0,6,94,3,0,10,3,90
2011-08-10 14:41:50,Normal,105,0,105,998820,11565,3648010,3902,555.6722078761904,40,59,6,0,18,85,2,0,12,0,93
2011-08-10 14:41:51,Normal,144,0,144,1516142,7775,4323084,38386,740.8881369861111,49,82,13,0,25,108,10,1,30,5,109
2011-08-10 14:41:52,Attack,86,3,90,982719,16134,3097495,4849,670.2720950888888,36,43,11,0,11,77,2,0,16,0,73
2011-08-10 14:41:53,Attack,111,4,117,1090425,17274,4068144,8206,484.38766147008545,41,67,9,0,14,95,8,0,24,0,93
2011-08-10 14:41:54,Normal,124,0,124,1099589,3922,4751081,4197,492.63180209677415,43,76,5,0,17,104,3,0,21,1,101
2011-08-10 14:41:55,Normal,90,3,93,997091,2799,2817041,4290,661.8790907096774,40,45,8,0,5,77,11,0,18,0,75
2011-08-10 14:41:56,Normal,96,0,96,1049957,16736,3511050,16477,641.07068225,37,46,13,0,7,83,6,0,14,0,82
2011-08-10 14:41:57,Attack,94,3,98,853744,16605,3148852,46654,677.1915716632653,43,49,6,0,16,80,2,0,17,0,81
2011-08-10 14:41:58,Normal,98,3,101,808001,16827,3885785,54805,406.0117014059406,34,56,11,0,13,82,6,0,16,0,85
2011-08-10 14:41:59,Attack,109,0,111,1100509,69214,4084763,2890,656.4441520630633,41,58,12,0,13,95,3,0,13,0,98
2011-08-10 14:42:00,Attack,97,0,101,941241,2269,3559296,42020,452.02690552475246,45,48,8,0,11,88,1,1,11,1,86
2011-08-10 14:42:01,Normal,102,0,102,695042,5639,4000107,1828,256.7949739313725,29,71,2,0,3,95,4,0,16,1,85
2011-08-10 14:42:02,Normal,98,14,112,673867,21433,4394281,4575,332.40297969642864,27,75,10,0,6,96,10,0,20,1,91
2011-08-10 14:42:03,Normal,84,0,84,1086465,16259,3097084,14567,410.7562502380953,29,49,6,0,12,71,1,0,17,2,65
2011-08-10 14:42:04,Attack,108,0,113,966009,17420,3894407,25672,461.63925940707963,33,71,9,0,17,89,7,0,20,1,92
2011-08-10 14:42:05,Normal,104,0,104,813967,11574,4102080,63336,379.95557743269234,39,60,5,0,7,87,10,0,18,0,85
2011-08-10 14:42:06,Attack,150,0,151,939867,40233,6098805,61070,457.6936903245032,33,112,6,0,11,139,1,0,15,0,135
2011-08-10 14:42:07,Normal,120,0,120,1478334,3490,3967572,50140,625.7079493750001,32,78,10,0,31,84,5,0,22,1,96
2011-08-10 14:42:08,Normal,98,0,98,1225111,4982,3334691,37299,737.6207662755103,39,55,4,0,18,75,5,0,15,2,81
2011-08-10 14:42:09,Normal,89,0,89,717255,17310,3458100,12061,455.5358879101124,28,54,7,0,8,81,0,0,9,2,78
2011-08-10 14:42:10,Normal,110,0,110,1968745,15056,3292108,31881,772.8911176363636,43,60,7,0,26,81,3,0,6,3,101
2011-08-10 14:42:11,Normal,135,0,135,877327,6674,5500921,41218,323.3472252222222,40,89,6,0,14,121,0,0,13,2,120
2011-08-10 14:42:12,Normal,108,7,115,722844,17528,4812627,61856,395.92637291304356,36,73,6,0,7,106,2,0,11,2,102
2011-08-10 14:42:13,Attack,79,104,184,1019742,23572,7598585,48540,247.68492026630432,46,133,5,0,65,109,10,0,76,1,106
2011-08-10 14:42:14,Attack,111,44,156,1000287,6210,6263634,44662,337.54382379487174,39,110,7,0,33,113,10,0,38,1,117
2011-08-10 14:42:15,Normal,102,100,202,1000974,10361,8452657,56300,315.66726507425744,36,156,10,0,42,143,17,0,71,0,130
2011-08-10 14:42:16,Normal,171,5,176,1000350,9048,7798674,48370,272.4320551306818,43,126,7,0,11,162,3,0,55,0,121
2011-08-10 14:42:17,Normal,95,20,115,930727,7775,4583084,43543,452.27999753043474,34,77,4,0,17,90,8,0,27,1,87
2011-08-10 14:42:18,Attack,88,17,106,1000457,17453,3896394,31950,438.88299877358486,35,65,6,0,8,86,12,0,20,0,86
2011-08-10 14:42:19,Normal,116,2,118,904412,19500,4751840,46552,518.1779407118643,35,76,7,0,11,103,4,0,22,0,96
2011-08-10 14:42:20,Attack,94,1,97,846020,16785,3520419,59545,550.2983359278351,43,49,5,0,8,84,5,0,12,1,83
2011-08-10 14:42:21,Attack,98,0,102,778132,5070,3498827,59118,474.3249394019607,42,54,6,0,12,86,4,0,22,1,79
2011-08-10 14:42:22,Normal,103,3,106,1205579,15852,3755086,6025,530.3198731037736,39,51,16,0,11,85,10,0,21,1,84
2011-08-10 14:42:23,Attack,97,42,140,770953,6451,6081171,58786,379.35432312142854,39,97,4,0,8,126,6,0,22,0,118
2011-08-10 14:42:24,Normal,112,19,131,1111260,7272,5377346,58779,449.56830717557256,32,88,11,0,17,92,22,0,36,1,92
2011-08-10 14:42:25,Attack,144,7,153,1689182,19245,5556310,30030,440.64499967320256,32,112,9,0,23,123,7,0,20,2,130
2011-08-10 14:42:26,Attack,88,13,103,716107,4383,3975775,58786,334.6691709126214,38,59,6,0,9,87,7,0,20,0,82
2011-08-10 14:42:27,Attack,106,3,110,939111,34993,4178225,55023,311.36011782727275,34,70,6,0,15,84,11,0,23,0,86
2011-08-10 14:42:28,Normal,132,32,164,1078394,20514,6747318,39009,387.43521996341457,36,122,6,0,30,129,4,1,29,2,132
2011-08-10 14:42:29,Normal,138,15,153,847615,6566,6888773,57820,310.3151155555555,33,115,5,0,41,103,8,1,49,1,102
2011-08-10 14:42:30,Normal,197,24,221,747303,25512,9966820,26197,233.36026207692305,38,174,9,0,28,171,21,1,54,0,165
2011-08-10 14:42:31,Normal,76,28,104,618862,4001,4236028,32776,283.42995900961535,25,72,7,0,16,85,2,1,20,0,83
2011-08-10 14:42:32,Normal,145,6,151,1502301,20751,5334860,20075,528.7323572980132,41,103,7,0,24,115,12,0,25,2,124
2011-08-10 14:42:33,Normal,77,0,77,686962,5192,2588446,50058,557.2332026233767,32,41,4,0,5,64,7,1,18,0,57
2011-08-10 14:42:34,Attack,98,3,103,895187,16826,3384386,58908,325.7335579902912,42,43,18,0,4,97,2,0,19,1,83
2011-08-10 14:42:35,Attack,108,0,109,1114628,16528,3688844,22518,684.8188082660549,33,68,8,0,16,93,0,0,8,1,100
2011-08-10 14:42:36,Normal,87,0,87,827062,16187,2999439,13547,580.9085563678161,30,47,10,0,2,85,0,0,12,2,73
2011-08-10 14:42:37,Normal,89,0,89,713583,16008,3405482,59234,375.84612522471906,32,50,7,0,2,85,2,0,14,1,73
2011-08-10 14:42:38,Normal,105,0,105,1288709,16214,3481416,36119,641.1478836761905,36,58,11,0,22,80,3,0,14,0,91
2011-08-10 14:42:39,Attack,159,0,160,1528798,20672,3697688,36584,416.29124503125,45,108,7,0,19,138,3,0,60,4,96
2011-08-10 14:42:40,Normal,103,0,103,981378,17762,4059969,25714,491.27102724271845,29,67,7,0,12,88,3,0,14,2,87
2011-08-10 14:42:41,Attack,88,0,90,772115,20234,3130694,13890,683.8188733777778,32,53,5,0,6,77,7,0,16,2,72
2011-08-10 14:42:42,Attack,102,9,114,1121455,16819,4432751,25591,469.8841388947368,39,67,8,0,13,94,7,0,19,1,94
2011-08-10 14:42:43,Normal,89,0,89,868533,15769,3456686,15793,602.3210049550563,39,44,6,0,6,82,1,0,10,1,78
2011-08-10 14:42:44,Normal,88,8,96,1043797,3525,3591710,39566,384.76772005208335,46,45,5,0,11,79,6,0,15,1,79
2011-08-10 14:42:45,Normal,109,0,109,944046,4841,4127068,50131,512.4221887431192,33,70,6,0,13,96,0,0,20,0,88
2011-08-10 14:42:46,Attack,145,0,147,1475267,9268,5319904,51751,636.0341854557823,38,99,10,0,53,85,9,0,48,0,99
2011-08-10 14:42:47,Attack,87,0,88,1133319,15551,3154344,31435,643.8770274999999,40,42,6,0,12,74,2,0,13,3,72
2011-08-10 14:42:48,Attack,91,0,92,1041510,15910,3272858,19531,613.3519522500001,38,48,6,0,8,79,3,2,7,2,83
2011-08-10 14:42:49,Normal,140,0,140,1911596,17710,4523216,3608,803.6745558357143,38,95,7,0,34,96,10,0,16,2,121
2011-08-10 14:42:50,Normal,112,0,112,1533938,17490,3498131,57579,648.2821974642857,29,75,8,0,21,82,9,0,9,5,98
2011-08-10 14:42:51,Normal,161,0,161,1779160,5710,6470133,58392,460.3438616024845,41,112,8,0,36,109,16,0,38,8,114
2011-08-10 14:42:52,Normal,111,4,115,1465688,3957,3223173,58138,521.5519375652174,32,68,15,0,14,86,15,0,12,6,97
2011-08-10 14:42:53,Normal,131,0,131,1038536,18972,4885843,51431,369.00004308396944,34,89,8,0,20,103,8,0,27,7,97
2011-08-10 14:42:54,Normal,115,0,115,1278205,5573,3997836,64927,568.2391407826086,38,69,8,0,5,103,7,0,15,6,94
2011-08-10 14:42:55,Attack,104,0,105,1347283,2769,3893940,48740,378.2137913904762,39,52,14,0,13,91,1,0,11,2,92
2011-08-10 14:42:56,Attack,133,0,135,1312546,6720,4900860,59569,465.0169866814815,34,94,7,0,26,105,4,0,27,1,107
2011-08-10 14:42:57,Normal,132,0,132,1341390,18751,4586217,6660,582.3582815909091,36,82,14,0,26,96,10,0,35,2,95
2011-08-10 14:42:58,Normal,150,0,150,2353880,17740,3963142,12219,629.5347414266666,39,91,20,0,39,101,10,0,22,4,124
2011-08-10 14:42:59,Normal,148,0,148,1393494,18114,5707289,5839,487.9284674797297,47,89,12,0,19,127,2,0,16,2,130
2011-08-10 14:43:00,Attack,195,0,196,826013,7903,9449655,59149,141.9015306479592,33,154,9,0,4,191,1,0,12,2,182
2011-08-10 14:43:01,Normal,90,0,90,872739,5912,3457649,4304,510.5224928666666,31,53,6,0,17,71,2,0,28,1,61
2011-08-10 14:43:02,Attack,97,3,101,912661,4793,3826545,5083,656.4438273267325,34,60,7,0,7,87,7,0,19,2,80
2011-08-10 14:43:03,Attack,96,3,102,799243,5373,4066950,4304,445.4409442352941,24,68,10,0,10,82,10,0,21,1,79
2011-08-10 14:43:04,Normal,114,0,114,1322510,19272,4122866,2419,631.5985386140352,43,65,6,0,10,96,8,0,20,2,91
2011-08-10 14:43:05,Normal,95,0,95,1237182,2470,3214033,5343,591.3872670526316,46,39,10,0,6,82,7,0,11,2,82
2011-08-10 14:43:06,Normal,90,0,90,896793,9192,3082195,4225,371.2657744222222,26,54,10,0,15,72,3,0,17,1,72
2011-08-10 14:43:07,Attack,95,0,98,1079307,18050,2952777,1292,614.6162596734694,32,60,6,0,13,76,9,0,15,0,83
2011-08-10 14:43:08,Normal,133,0,133,1371570,20182,4646218,50953,412.23475258646613,49,70,14,0,19,108,6,0,30,2,101
2011-08-10 14:43:09,Normal,101,0,101,993259,8993,3906675,1809,494.24593552475244,36,56,9,0,10,88,3,0,19,4,78
2011-08-10 14:43:10,Attack,94,0,95,828488,3167,3783012,39374,534.9113609578948,37,54,4,0,9,86,0,0,9,0,86
2011-08-10 14:43:11,Normal,102,1,103,1003910,19419,3530377,21543,526.2266254271846,40,54,9,0,8,91,4,0,11,1,91
2011-08-10 14:43:12,Normal,92,5,97,998223,17075,3537524,16228,503.672809113402,38,55,4,0,8,86,3,0,13,0,84
2011-08-10 14:43:13,Normal,81,4,85,846343,5571,3010945,53112,515.9814527882354,38,40,7,0,8,72,5,0,18,1,65
2011-08-10 14:43:14,Normal,93,0,93,1078087,16523,3504783,28038,430.7940860752689,42,42,9,0,7,85,1,0,8,2,82
2011-08-10 14:43:15,Normal,69,0,69,856027,15151,2281864,36714,880.8008003333332,32,31,6,0,9,59,1,0,5,0,64
2011-08-10 14:43:16,Attack,112,0,113,1211286,4471,4218668,40881,793.0379034601771,53,56,4,0,15,98,0,0,14,1,98
2011-08-10 14:43:17,Attack,190,0,191,1080696,11190,8039499,38934,303.4390529424084,48,137,6,0,55,117,19,0,89,0,102
2011-08-10 14:43:18,Normal,103,0,103,1295913,17765,3219590,42094,729.5904518058252,29,52,22,0,19,78,6,0,28,0,75
2011-08-10 14:43:19,Normal,112,0,112,1413775,4031,3464622,53065,727.6238751785714,39,66,7,0,22,88,2,0,17,1,94
2011-08-10 14:43:20,Normal,100,0,100,968355,4033,3569984,4838,589.8085599199999,33,58,9,0,17,83,0,0,13,1,86
2011-08-10 14:43:21,Normal,79,0,79,775408,17768,2573408,2286,594.1145653164556,36,39,4,0,7,65,7,0,20,1,58
2011-08-10 14:43:22,Normal,104,3,107,871501,64276,4163487,12700,283.4453800093458,26,76,5,0,12,87,8,0,15,4,88
2011-08-10 14:43:23,Attack,89,0,90,851467,34737,3315042,5016,495.2277733222223,32,50,8,0,3,83,4,0,12,2,76
2011-08-10 14:43:24,Attack,87,0,90,1078538,16389,2840508,51089,477.74368765555545,34,49,7,0,16,73,1,0,16,2,72
2011-08-10 14:43:25,Normal,82,0,82,769900,4814,2821088,13363,396.8038767926829,32,42,8,0,3,71,8,0,13,0,69
2011-08-10 14:43:26,Normal,109,0,109,1007123,61757,3828573,59655,509.6513505045871,38,63,8,0,16,86,7,0,16,1,92
2011-08-10 14:43:27,Normal,108,0,108,1051363,20288,3833760,21207,601.7794360740742,33,69,6,0,16,85,7,0,16,1,91
2011-08-10 14:43:28,Attack,97,0,100,723223,18230,4033041,54015,413.90829958999996,37,61,2,0,11,73,14,2,24,0,74
2011-08-10 14:43:29,Normal,78,0,78,732211,17331,3129457,49252,607.1493566923077,37,35,6,0,8,67,1,2,11,0,66
2011-08-10 14:43:30,Normal,102,0,102,1094639,16504,3963742,4286,554.1562172254902,37,53,12,0,11,89,1,1,10,1,90
2011-08-10 14:43:31,Attack,64,0,67,664657,15802,2267673,62959,516.0428824179105,26,35,6,0,9,53,5,0,11,0,55
2011-08-10 14:43:32,Normal,137,3,140,964130,27097,5687523,38545,420.88816352857145,33,101,6,0,32,104,4,0,29,0,111
2011-08-10 14:43:33,Normal,170,3,173,1004272,22282,7288443,40315,270.08527774566477,51,117,5,0,45,117,11,0,58,0,115
2011-08-10 14:43:34,Normal,113,0,113,821492,18507,4851989,63220,488.74072927433633,36,70,7,0,10,93,10,0,22,0,91
2011-08-10 14:43:35,Normal,90,0,90,853001,18172,3261836,43123,510.731547,36,46,8,0,7,78,4,1,13,2,75
2011-08-10 14:43:36,Normal,125,0,125,997601,18956,4869352,49012,442.4116299120001,44,73,8,0,9,105,11,0,20,1,104
2011-08-10 14:43:37,Attack,212,0,214,1351155,22118,9115076,21513,256.13043873831776,49,157,8,0,14,186,13,1,25,5,183
2011-08-10 14:43:38,Attack,93,2,98,872130,16633,3582530,49426,334.10706883673464,34,57,7,0,9,87,2,0,13,3,82
2011-08-10 14:43:39,Normal,122,0,122,846304,6822,5087638,41542,342.5926631967213,30,86,6,0,29,83,10,0,51,1,70
2011-08-10 14:43:40,Normal,104,0,104,813036,7241,3641677,32953,385.8588165288462,33,65,6,0,16,83,5,0,21,0,83
2011-08-10 14:43:41,Normal,114,0,114,1220436,17249,4056967,49043,444.7692350438597,42,50,22,0,9,100,5,0,14,2,97
2011-08-10 14:43:42,Attack,112,3,116,691611,42676,4623684,26725,332.724178862069,33,64,19,0,4,87,25,0,12,1,103
2011-08-10 14:43:43,Normal,83,0,83,866323,17745,3068239,8086,590.4595842771084,30,48,5,0,9,69,5,0,12,1,70
2011-08-10 14:43:44,Attack,82,0,84,943153,19348,3060233,55548,701.6996686904762,30,44,10,0,12,68,4,0,17,2,65
2011-08-10 14:43:45,Attack,108,0,112,1106748,17626,3977606,42053,717.0998349821427,42,60,10,0,14,85,13,0,28,0,84
2011-08-10 14:43:46,Normal,89,0,89,1088956,17387,3006425,12472,750.7043305168538,33,48,8,0,9,74,6,0,14,0,75
2011-08-10 14:43:47,Normal,131,0,131,967768,9588,5517480,58796,325.786891129771,32,93,6,0,11,115,5,0,11,1,119
2011-08-10 14:43:48,Normal,139,21,160,1294341,20379,6307580,59562,501.29688571875005,34,113,13,0,23,134,3,0,18,0,142
2011-08-10 14:43:49,Attack,85,6,93,835611,4177,3653434,52988,418.5579336344086,26,58,9,0,13,77,3,0,16,1,76
2011-08-10 14:43:50,Attack,81,15,98,947336,16426,3522625,46237,456.48592920408163,30,53,15,0,10,85,3,0,17,2,79
2011-08-10 14:43:51,Normal,100,0,100,958700,48628,3950823,52865,590.2962803199999,40,53,7,0,6,92,2,0,9,2,89
2011-08-10 14:43:52,Attack,117,3,121,1368857,18984,3951547,26268,522.5906659008265,38,78,5,0,17,99,5,0,16,4,101
2011-08-10 14:43:53,Normal,111,0,111,1041742,16799,3813075,25798,579.3819075855855,41,66,4,0,12,95,4,0,13,2,96
2011-08-10 14:43:54,Normal,81,0,81,918163,16145,2514159,13338,639.1045550246913,37,39,5,0,10,66,5,0,10,2,69
2011-08-10 14:43:55,Normal,108,0,108,1478040,16026,3551278,54570,581.4486845833334,41,53,14,0,8,95,4,1,9,7,92
2011-08-10 14:43:56,Normal,80,0,80,815261,16778,2767097,27511,682.162641975,41,29,10,0,4,74,2,0,6,2,72
2011-08-10 14:43:57,Normal,132,0,132,847703,19939,5857908,50802,423.62931339393947,47,76,9,0,24,100,8,0,35,1,96
2011-08-10 14:43:58,Attack,113,0,114,812188,17832,4854920,58527,488.28977714912276,29,76,9,0,14,97,3,0,17,0,97
2011-08-10 14:43:59,Attack,94,0,96,919353,17134,3538884,59468,543.1600181458333,33,54,9,0,9,80,7,0,18,0,78
2011-08-10 14:44:00,Normal,101,0,101,1053241,4430,3911361,50792,459.4891742178218,38,55,8,0,11,85,5,0,14,0,87
2011-08-10 14:44:01,Normal,116,0,116,1115984,17791,4145143,2201,414.22726807758613,42,66,8,0,12,100,4,0,17,0,99
2011-08-10 14:44:02,Normal,103,3,106,928621,17374,4186633,21551,408.13895497169807,39,57,10,0,11,92,3,0,20,0,86
2011-08-10 14:44:03,Attack,158,0,159,980700,8100,7026735,60338,534.7054962893081,40,113,6,0,33,114,12,0,47,0,112
2011-08-10 14:44:04,Normal,110,3,113,1028234,16337,4063237,64058,445.815991477876,41,66,6,0,9,101,3,0,10,2,101
2011-08-10 14:44:05,Attack,112,0,114,1330892,16383,4269226,43459,521.7458642894737,37,67,10,0,15,86,13,0,25,1,88
2011-08-10 14:44:06,Attack,90,0,93,1178956,2405,3147235,34879,489.64903387096774,30,53,10,0,13,77,3,0,13,3,77
2011-08-10 14:44:07,Normal,124,0,124,1722229,6546,5165995,51855,426.1061027419354,36,79,9,0,29,85,10,0,18,2,103
2011-08-10 14:44:08,Normal,136,0,136,1362436,26545,5098589,63855,635.3229293897059,43,86,7,0,16,96,24,0,32,1,103
2011-08-10 14:44:09,Normal,107,0,107,1257118,58537,4373801,35201,408.2746272616822,29,70,8,0,21,77,9,0,28,0,79
2011-08-10 14:44:10,Attack,137,0,139,1820837,5840,5603945,48845,371.7587335179856,29,101,9,0,28,107,4,0,17,3,118
2011-08-10 14:44:11,Attack,112,0,114,880610,18938,4364386,15988,497.51926218421056,32,67,15,0,6,96,12,0,17,1,96
2011-08-10 14:44:12,Normal,152,3,155,890621,21706,6296959,29573,269.7082256580646,37,113,5,0,16,135,4,0,24,2,129
2011-08-10 14:44:13,Attack,116,0,118,772220,19374,4423288,23613,425.2272436101694,31,78,9,0,9,105,4,0,24,1,93
2011-08-10 14:44:14,Normal,109,0,109,1381942,19313,3793596,61759,611.1969934220183,39,65,5,0,25,84,0,0,15,2,92
2011-08-10 14:44:15,Normal,128,0,128,1892525,5253,4040717,61742,661.8924086953125,31,89,8,0,31,92,5,0,15,2,111
2011-08-10 14:44:16,Normal,114,0,114,1079521,30148,4310761,13363,635.5188183421052,51,56,7,0,22,91,1,0,23,0,91
2011-08-10 14:44:17,Normal,117,0,117,758058,17603,4289846,1105,409.44509008547004,35,78,4,0,17,97,3,0,20,0,96
2011-08-10 14:44:18,Normal,132,0,132,935250,16059,5017078,55019,338.6622358939394,38,84,10,0,26,103,3,0,29,0,103
2011-08-10 14:44:19,Attack,358,0,359,978559,38896,15624276,259,180.77487167409473,32,319,8,0,25,330,3,1,24,1,333
2011-08-10 14:44:20,Attack,108,0,111,774420,18569,4604322,56209,382.3620421891891,34,67,10,0,9,88,14,0,27,1,83
2011-08-10 14:44:21,Normal,101,1,102,927593,19336,3625244,39340,316.7110632254902,46,45,11,0,8,91,3,0,20,1,81
2011-08-10 14:44:22,Normal,92,3,95,977276,3088,3406205,43696,627.278682231579,30,60,5,0,10,79,6,0,12,1,82
2011-08-10 14:44:23,Normal,106,0,106,835936,17049,3886935,49995,282.19010602830195,34,65,7,0,26,80,0,0,28,1,77
2011-08-10 14:44:24,Normal,123,0,123,879609,18447,4671691,61535,460.088508504065,36,81,6,0,17,100,6,0,27,0,96
2011-08-10 14:44:25,Normal,103,0,103,1536291,2584,3697622,50533,630.1478554368932,36,59,8,0,20,79,4,0,16,0,87
2011-08-10 14:44:26,Attack,109,0,113,1034257,18572,4028797,21606,421.62243582300886,38,61,14,0,13,89,11,0,19,1,93
2011-08-10 14:44:27,Attack,99,0,102,1225557,15791,3704490,40005,662.6408630392157,38,53,11,0,9,85,8,0,16,1,85
2011-08-10 14:44:28,Normal,80,0,80,692756,17414,3055474,16398,610.4186846250001,30,46,4,0,5,66,8,1,13,1,65
2011-08-10 14:44:29,Normal,123,0,123,1025212,3518,4588671,36519,496.9338877642276,40,78,5,0,6,116,1,0,10,1,112
2011-08-10 14:44:30,Normal,81,0,81,821120,2503,2986406,53578,426.2652846913581,32,42,7,0,5,75,1,0,9,2,70
2011-08-10 14:44:31,Attack,87,0,88,870051,15998,3056947,16892,527.4404432272728,30,48,10,0,5,80,1,2,13,2,70
2011-08-10 14:44:32,Attack,95,3,99,753196,20156,3807696,15088,369.9938054747475,36,56,7,0,8,89,2,0,20,3,76
2011-08-10 14:44:33,Normal,79,0,79,830180,16179,2744127,10818,597.4991463924051,32,40,7,0,6,72,1,0,6,2,71
2011-08-10 14:44:34,Attack,74,3,78,854511,15786,2928912,57170,603.6312948589742,28,44,6,0,4,71,2,1,5,4,68
2011-08-10 14:44:35,Normal,100,3,103,1111399,17323,3597536,30524,579.6763462427186,38,58,7,0,5,89,9,0,16,3,84
2011-08-10 14:44:36,Normal,92,0,92,888153,15718,3310527,63220,439.2082203369566,30,53,9,0,13,74,4,1,11,1,79
2011-08-10 14:44:37,Attack,75,0,76,843542,15912,2462585,16828,779.4482093815789,36,32,8,0,12,64,0,0,8,1,67
2011-08-10 14:44:38,Normal,98,0,98,852843,17536,3308900,56864,472.90388577551016,44,51,3,0,15,77,5,1,19,0,79
2011-08-10 14:44:39,Normal,104,0,104,953855,17523,3690083,36050,436.2646124903846,42,57,5,0,13,89,2,0,13,1,89
2011-08-10 14:44:40,Normal,104,0,104,986218,62741,3673970,22037,613.7089252980769,38,57,9,0,13,90,1,0,14,2,87
2011-08-10 14:44:41,Attack,128,0,129,1033776,18433,4245438,21511,459.5184191550387,45,77,7,0,29,95,5,0,34,1,94
2011-08-10 14:44:42,Normal,73,3,76,768779,16002,2521183,44396,555.6895168815789,35,38,3,0,7,63,6,0,13,0,63
2011-08-10 14:44:43,Normal,76,0,76,650506,62106,3066525,64869,407.6954500263158,30,40,6,0,5,71,0,0,4,1,71
2011-08-10 14:44:44,Normal,90,0,90,740581,2829,3154684,52506,539.5205085888889,42,43,5,0,4,84,2,0,10,0,80
2011-08-10 14:44:45,Normal,111,0,111,1204677,61832,4134013,13622,662.4983854144143,52,51,8,0,14,95,2,0,15,1,95
2011-08-10 14:44:46,Normal,81,0,81,959819,2708,3126658,28914,612.8514158518518,32,46,3,0,14,65,2,0,7,0,74
2011-08-10 14:44:47,Attack,111,0,113,1111160,17944,3964396,24335,550.8407651946903,45,65,3,0,10,100,3,0,17,2,94
2011-08-10 14:44:48,Attack,89,0,93,1066072,15788,3485411,14236,406.5451871505376,30,58,5,0,8,81,4,0,12,0,80
2011-08-10 14:44:49,Normal,136,0,136,941199,18357,5640429,38235,382.56848386764705,34,89,13,0,4,131,1,0,12,0,124
2011-08-10 14:44:50,Normal,93,0,93,685223,18088,3508572,53094,483.88565251612897,32,55,6,0,2,86,5,0,7,1,85
2011-08-10 14:44:51,Normal,77,2,79,959675,62769,2970673,26335,495.85561475949373,34,40,5,0,6,67,6,0,10,2,67
2011-08-10 14:44:52,Attack,97,3,101,976980,17486,3542328,45081,639.9047126633664,27,62,12,0,6,86,9,0,13,1,87
2011-08-10 14:44:53,Attack,114,0,118,1116489,18489,4299056,5801,495.2001606610169,33,74,11,0,8,102,8,0,15,0,103
2011-08-10 14:44:54,Normal,81,0,81,828221,2534,2770162,49595,429.99622487654324,28,47,6,0,9,71,1,0,12,1,67
2011-08-10 14:44:55,Attack,105,0,106,929101,16741,4018459,36532,468.17929890566035,37,59,10,0,5,98,3,0,15,2,89
2011-08-10 14:44:56,Normal,72,0,72,737471,4270,2414201,55630,627.1499755416667,34,29,9,0,9,62,1,0,14,0,58
2011-08-10 14:44:57,Normal,87,0,87,948522,15893,3276211,1511,675.3974164022987,34,48,5,0,7,76,4,0,9,0,78
2011-08-10 14:44:58,Attack,99,0,100,1247183,17046,3532960,24157,508.01101266,42,52,6,0,9,90,1,0,12,4,84
2011-08-10 14:44:59,Normal,78,0,78,916347,17777,2703312,13019,847.9979763717947,34,36,8,0,7,69,2,0,9,0,69
2011-08-10 14:45:00,Normal,271,0,271,1170873,11737,12208769,52992,236.83612721033214,46,218,7,0,32,238,1,0,28,0,243
2011-08-10 14:45:01,Normal,92,0,92,1139869,16592,3401879,50064,660.8170919673912,31,55,6,0,11,77,4,0,4,0,88
2011-08-10 14:45:02,Attack,89,3,94,772862,4573,3388129,4946,594.6756539468084,34,56,4,0,11,82,1,0,17,2,75
2011-08-10 14:45:03,Normal,94,0,94,850333,18826,3706026,54182,252.6761794255319,37,52,5,0,9,81,4,0,11,1,82
2011-08-10 14:45:04,Normal,110,0,110,1019098,3783,4041595,34748,759.1964338909091,48,56,6,0,13,95,2,0,22,1,87
2011-08-10 14:45:05,Normal,112,0,112,880897,16822,4411224,57947,404.52265024999997,43,54,15,0,7,103,2,0,14,0,98
2011-08-10 14:45:06,Normal,130,3,133,916015,23328,5229788,20583,276.8965494511278,34,90,9,0,23,105,5,0,27,0,106
2011-08-10 14:45:07,Normal,89,0,89,994560,17765,2930734,4393,404.80032661797753,41,43,5,0,13,72,4,0,15,2,72
2011-08-10 14:45:08,Attack,91,0,94,932197,16464,3306492,13522,614.9260877234043,41,47,6,0,6,86,2,0,11,1,82
2011-08-10 14:45:09,Attack,93,0,97,1013132,2865,3392359,38211,461.7904533092784,44,46,7,0,14,81,2,0,19,3,75
2011-08-10 14:45:10,Normal,125,0,125,1329125,37019,4903686,15001,347.53171794400004,35,85,5,0,12,109,4,0,11,5,109
2011-08-10 14:45:11,Normal,94,0,94,1122641,16913,2922772,48220,857.2563531382976,31,56,7,0,19,71,4,0,11,1,80
2011-08-10 14:45:12,Normal,97,3,100,1142287,17131,3397466,21666,514.6657891799999,45,50,5,0,17,80,3,0,20,0,80
2011-08-10 14:45:13,Attack,102,0,103,1117729,61532,3928324,13702,660.1431497669902,42,59,2,0,12,88,3,0,13,1,89
2011-08-10 14:45:14,Attack,102,0,103,924983,3164,3740615,59778,652.7683652330097,42,59,2,0,9,92,2,0,9,2,91
2011-08-10 14:45:15,Normal,122,0,122,1238298,17959,4929461,62688,623.0996434098361,39,67,16,0,17,102,3,0,20,1,101
2011-08-10 14:45:16,Attack,164,0,166,1273619,19679,6673080,46615,691.5171369457831,42,115,9,0,27,135,4,0,21,2,142
2011-08-10 14:45:17,Normal,108,0,108,1031205,16370,4237917,771,444.17627590740744,36,67,5,0,10,94,4,0,10,1,97
2011-08-10 14:45:18,Normal,81,0,81,907541,2496,2946289,51423,691.7398869259259,28,43,10,0,15,65,1,0,11,0,69
2011-08-10 14:45:19,Attack,99,0,100,942108,16159,3942446,27498,536.7072166199999,41,49,10,0,6,93,1,0,12,1,85
2011-08-10 14:45:20,Normal,116,0,116,1008008,17850,4639847,30792,479.4464288534483,37,75,4,0,15,97,4,0,20,0,96
2011-08-10 14:45:21,Normal,94,0,94,1075957,15586,3109760,6590,543.0373648404254,40,44,10,0,12,82,0,0,12,0,82
2011-08-10 14:45:22,Normal,100,3,103,946391,16113,3649143,21960,710.6011338058253,37,59,7,0,8,91,4,0,10,0,92
2011-08-10 14:45:23,Attack,116,0,117,1015354,18677,4441926,61730,598.6320340512821,41,65,11,0,10,105,2,0,11,1,105
2011-08-10 14:45:24,Normal,99,0,99,1000350,16389,3487763,42319,589.7057617171716,40,50,9,0,7,90,2,0,6,0,93
2011-08-10 14:45:25,Normal,119,0,119,976371,3829,4565390,57003,362.5839080168067,29,82,8,0,9,107,2,1,8,1,110
2011-08-10 14:45:26,Normal,148,0,148,748317,7994,5388060,46481,171.499154777027,31,111,6,0,26,82,40,0,71,1,76
2011-08-10 14:45:27,Normal,76,0,76,1176503,14558,2512778,53025,766.0944787894736,32,37,7,0,11,64,1,0,10,2,64
2011-08-10 14:45:28,Normal,85,0,85,990125,3359,2846329,40425,681.1086436588236,35,47,3,0,6,73,3,3,10,1,71
2011-08-10 14:45:29,Attack,79,0,84,669827,17131,2966060,50856,578.9932624642857,34,44,6,0,7,71,5,1,22,0,61
2011-08-10 14:45:30,Attack,71,0,75,847893,9911,2634477,13362,507.6065728799999,24,46,5,0,12,59,3,1,12,0,61
2011-08-10 14:45:31,Normal,90,0,90,964407,15866,3263917,22428,564.3355898777777,34,44,12,0,5,82,3,0,9,0,81
2011-08-10 14:45:32,Normal,92,3,95,873026,16185,3299565,7840,693.5754616631577,41,47,7,0,5,86,4,0,8,0,87
2011-08-10 14:45:33,Normal,76,16,92,972678,16928,3294827,10211,527.0191500434782,38,49,5,0,8,77,7,0,15,1,76
2011-08-10 14:45:34,Attack,117,0,119,992447,21200,4335823,42875,500.62501272268906,54,58,7,0,13,105,1,0,19,1,99
2011-08-10 14:45:35,Attack,121,0,127,914813,20403,4598209,29881,390.93023394488193,33,85,9,0,16,102,9,0,23,1,103
2011-08-10 14:45:36,Normal,92,0,92,695436,17389,3746262,16271,456.08519976086956,30,51,11,0,4,87,1,0,7,0,85
2011-08-10 14:45:37,Attack,72,3,77,843129,62419,2557299,42135,854.8568506103896,31,36,10,0,8,66,3,0,10,0,67
2011-08-10 14:45:38,Normal,83,0,83,1138320,16802,2793123,2159,700.8147574337349,38,39,6,0,14,68,1,0,14,1,68
2011-08-10 14:45:39,Normal,126,0,126,1022219,18057,5278719,63656,431.81386449206354,29,89,8,0,28,97,1,0,29,0,97
2011-08-10 14:45:40,Attack,103,0,104,1083403,2486,3811553,41372,828.124302,42,53,9,0,11,89,4,0,14,0,90
2011-08-10 14:45:41,Normal,99,0,99,1109228,52980,3414974,519,693.9785282222222,42,51,6,0,11,87,1,0,16,2,81
2011-08-10 14:45:42,Normal,76,3,79,784121,46971,2855614,13363,732.3420447721517,34,40,5,0,8,67,4,0,8,0,71
2011-08-10 14:45:43,Normal,90,0,90,1182418,3472,3580036,62386,391.51395123333333,32,51,7,0,15,74,1,0,13,1,76
2011-08-10 14:45:44,Attack,92,0,95,1369087,2211,2964891,44570,782.7303485473684,41,46,8,0,9,80,6,0,17,2,76
2011-08-10 14:45:45,Normal,159,0,159,1506198,53326,6073530,14295,620.7799076352202,50,101,8,0,30,129,0,0,17,1,141
2011-08-10 14:45:46,Normal,110,0,110,1683548,3755,3559594,52701,605.7654168818182,44,60,6,0,25,83,2,0,14,2,93
2011-08-10 14:45:47,Normal,99,0,99,1346416,55645,3688064,14134,721.4166119696969,34,56,9,0,13,86,0,0,9,1,87
2011-08-10 14:45:48,Normal,72,0,72,690704,17284,2702162,65432,455.3120749444445,36,28,8,0,2,70,0,0,9,0,63
2011-08-10 14:45:49,Normal,108,0,108,1162019,18381,3794271,17864,573.7855878518518,36,66,6,0,15,89,4,0,20,2,86
2011-08-10 14:45:50,Attack,92,0,97,895325,16028,3357534,42289,409.5283155773195,26,60,11,0,13,81,3,0,16,3,78
2011-08-10 14:45:51,Attack,136,0,139,1831709,17888,4617535,56665,526.3319197841728,43,87,9,0,23,112,4,0,14,2,123
2011-08-10 14:45:52,Normal,112,3,115,1657347,17444,2899291,7359,561.7251013043478,37,72,6,0,24,73,18,0,26,3,86
2011-08-10 14:45:53,Normal,142,0,142,1181680,18803,5659862,50521,398.51802792253517,35,99,8,0,14,103,25,0,33,2,107
2011-08-10 14:45:54,Normal,113,0,113,1614547,4398,3458953,36778,744.869573778761,30,72,11,0,23,78,12,0,22,3,86
2011-08-10 14:45:55,Attack,84,0,85,676422,25152,3146593,4989,668.7877873294118,36,45,4,0,4,80,1,0,11,0,74
2011-08-10 14:45:56,Attack,103,0,104,878504,16595,4055988,64345,486.3443975288462,37,60,7,0,11,90,3,0,13,0,91
2011-08-10 14:45:57,Normal,84,0,84,715894,3537,2794924,5232,447.1347338928572,36,40,8,0,11,61,12,0,23,3,58
2011-08-10 14:45:58,Attack,90,2,94,749483,68143,3341784,3959,492.82246802127656,40,47,7,0,3,90,1,0,11,0,83
2011-08-10 14:45:59,Normal,105,0,105,1263902,18553,3625734,15614,563.0024028095238,42,58,5,0,11,80,14,0,22,2,81
2011-08-10 14:46:00,Normal,117,0,117,1009681,4825,4250250,60436,481.920501965812,42,68,7,0,15,98,4,0,21,2,94
2011-08-10 14:46:01,Attack,122,0,123,1222327,4621,4566925,54139,394.8137280162601,39,75,9,0,14,107,2,0,12,2,108
2011-08-10 14:46:02,Normal,114,3,117,891634,17783,4667866,10077,387.5238203675214,32,76,9,0,8,106,3,0,13,0,104
2011-08-10 14:46:03,Normal,95,0,95,945259,9906,3596998,17882,776.2187483157895,36,55,4,0,7,88,0,0,6,1,88
2011-08-10 14:46:04,Normal,102,0,102,1258759,15530,3420092,38688,755.492481764706,36,52,14,0,18,83,1,0,7,3,92
2011-08-10 14:46:05,Attack,106,0,110,1451000,3339,3428449,1604,675.757785390909,30,72,8,0,22,84,4,0,13,3,94
2011-08-10 14:46:06,Normal,117,0,117,1389375,17684,4276742,43208,610.4706822905983,44,68,5,0,17,97,3,0,21,0,96
2011-08-10 14:46:07,Normal,68,0,68,764840,3196,2369946,36773,355.92215517647065,27,35,6,0,9,59,0,0,10,2,55
2011-08-10 14:46:08,Normal,107,7,114,986821,19223,4264125,24248,384.06865492105254,37,70,7,0,13,96,5,0,12,2,100
2011-08-10 14:46:09,Normal,189,0,189,1225991,8123,7677704,60880,324.9813843386243,45,138,6,0,14,162,13,0,28,2,159
2011-08-10 14:46:10,Normal,165,0,165,1159441,7563,7185980,14558,433.3553352787879,42,107,16,0,26,120,19,0,51,0,114
2011-08-10 14:46:11,Attack,75,0,77,718848,17089,2815266,5720,343.8308304675324,30,37,10,0,10,61,6,0,19,0,58
2011-08-10 14:46:12,Attack,89,3,96,833500,15979,3380229,46237,534.1822394895834,34,50,12,0,11,82,3,0,17,1,78
2011-08-10 14:46:13,Normal,92,0,92,850452,19501,3445369,41596,436.1156076739131,38,48,6,0,9,81,2,0,13,0,77
2011-08-10 14:46:14,Normal,100,0,100,1041787,40654,3991884,2393,625.5672664500001,33,63,4,0,14,83,3,0,19,3,78
2011-08-10 14:46:15,Normal,118,0,118,1217666,20529,4205174,6617,439.62495414406783,40,71,7,0,11,98,9,0,15,2,101
2011-08-10 14:46:16,Attack,121,0,122,1224125,5160,4575828,62727,579.8247249918032,44,70,8,0,11,101,10,0,20,1,101
2011-08-10 14:46:17,Attack,92,0,93,1283471,11414,3099179,4853,516.6143181827957,36,49,8,0,22,68,3,0,15,1,77
2011-08-10 14:46:18,Normal,137,0,137,1159687,7380,5023570,2501,522.4547370364963,42,88,7,0,16,118,3,0,18,2,117
2011-08-10 14:46:19,Attack,87,0,88,953471,16414,3209684,12815,624.8155758636364,36,41,11,0,5,80,3,0,12,2,74
2011-08-10 14:46:20,Normal,118,0,118,989286,20228,4776048,3010,428.9032922966101,41,69,8,0,11,100,7,0,20,2,96
2011-08-10 14:46:21,Attack,107,0,108,882588,17716,4062586,28642,554.9117049166666,27,72,9,0,17,87,4,0,16,1,90
2011-08-10 14:46:22,Normal,86,3,89,943529,17596,2969107,48125,791.8934968314607,36,45,8,0,10,72,7,0,18,1,70
2011-08-10 14:46:23,Normal,91,0,91,1114770,16264,3540191,15789,743.5133195604396,26,57,8,0,8,78,5,0,6,1,83
2011-08-10 14:46:24,Normal,98,0,98,869336,16101,3482988,22722,361.3172041836735,41,53,4,0,16,80,2,0,13,0,85
2011-08-10 14:46:25,Normal,97,0,97,1350837,16409,3028999,61177,627.6401480824742,37,52,8,0,21,74,2,0,12,4,81
2011-08-10 14:46:26,Attack,130,0,131,1163948,13603,4764944,13363,738.829327908397,48,79,4,0,13,112,6,0,13,0,118
2011-08-10 14:46:27,Normal,103,0,103,1091816,3229,3394278,50628,290.38925635922334,40,55,8,0,14,85,4,0,20,0,83
2011-08-10 14:46:28,Normal,123,0,123,1398088,3645,5088816,55520,485.2753104552846,32,81,10,0,15,99,8,1,18,1,103
2011-08-10 14:46:29,Normal,122,0,122,1328110,67919,4419928,15676,519.4660387049181,41,74,7,0,21,93,8,0,18,3,100
2011-08-10 14:46:30,Normal,225,0,225,1358737,12716,9417179,51480,286.82456116,31,185,9,0,26,193,4,2,16,2,205
2011-08-10 14:46:31,Normal,106,0,106,1097938,2823,4005091,60749,425.3581617075471,42,57,7,0,10,92,4,0,13,0,92
2011-08-10 14:46:32,Attack,140,3,145,1340441,6739,5902717,54075,553.7997861379309,41,93,11,0,29,96,19,1,44,2,98
2011-08-10 14:46:33,Attack,116,0,119,1365720,29403,4387475,14134,541.3062698067228,42,73,4,0,18,94,7,0,12,1,106
2011-08-10 14:46:34,Normal,108,0,108,1199728,17726,4281779,33857,515.0982188333334,38,62,8,0,16,92,0,0,12,1,95
2011-08-10 14:46:35,Normal,91,0,91,735701,5413,3036130,55244,623.6596606813187,27,57,7,0,16,73,2,0,16,3,72
2011-08-10 14:46:36,Normal,125,0,125,1086980,4777,3688724,5054,464.25671506399993,24,92,9,0,35,82,8,0,40,2,82
2011-08-10 14:46:37,Attack,105,0,107,1101598,10000,3787693,4367,428.1634520841122,27,70,10,0,12,92,3,0,10,1,95
2011-08-10 14:46:38,Attack,83,1,86,887672,15659,3213572,20563,555.1451092674419,29,51,6,0,9,73,4,0,7,0,79
2011-08-10 14:46:39,Normal,109,3,112,1281127,17500,3957439,3164,671.1202872767857,48,61,3,0,24,84,4,0,19,0,90
2011-08-10 14:46:40,Attack,149,0,150,1538714,6778,5509787,62109,450.4386463800001,43,94,13,0,19,125,6,0,13,1,135
2011-08-10 14:46:41,Normal,130,0,130,972601,18576,5115112,38304,297.55019276923076,35,85,10,0,16,105,9,0,19,8,103
2011-08-10 14:46:42,Attack,149,3,153,874094,21426,6870944,48627,279.92666723529413,40,95,18,0,16,114,23,0,26,1,126
2011-08-10 14:46:43,Normal,127,0,127,1724912,16481,3983703,52024,776.2428051338583,51,69,6,0,19,104,3,0,16,1,107
2011-08-10 14:46:44,Normal,130,0,130,1085740,9373,4295926,63261,495.42288958461535,44,78,8,0,22,106,2,0,30,3,96
2011-08-10 14:46:45,Normal,135,0,135,918192,9939,5158240,35203,399.2580122148148,39,84,12,0,31,104,0,0,31,2,102
2011-08-10 14:46:46,Normal,104,0,104,825713,17813,4042307,34411,486.9870537596153,39,60,5,0,4,98,2,0,12,3,89
2011-08-10 14:46:47,Attack,140,0,141,1582332,55409,5464452,62465,458.529071212766,45,91,5,0,18,117,6,0,23,2,116
2011-08-10 14:46:48,Normal,84,0,84,1213193,15286,2845943,42445,642.5487032857143,40,36,8,0,8,72,4,0,10,2,71
2011-08-10 14:46:49,Normal,97,0,97,1043895,17667,3402160,55605,519.7221732783505,34,56,7,0,13,77,7,0,20,0,77
2011-08-10 14:46:50,Normal,106,0,106,965080,16724,4204056,30315,547.7013936509434,40,59,7,0,6,97,3,0,12,1,93
2011-08-10 14:46:51,Normal,146,0,146,1229792,20822,5829097,38948,388.90758131506846,40,102,4,0,23,113,10,0,35,3,107
2011-08-10 14:46:52,Normal,117,3,120,742700,6456,5106446,57357,451.536550375,30,83,7,0,13,98,9,0,28,2,90
2011-08-10 14:46:53,Attack,103,0,106,1500552,6235,3234953,49016,595.7363996792452,35,63,8,0,18,77,11,0,20,2,84
2011-08-10 14:46:54,Attack,86,0,89,919625,16050,2881414,59475,602.2032338426966,29,53,7,0,13,73,3,0,17,1,71
2011-08-10 14:46:55,Normal,104,0,104,1038195,18422,3979845,9545,754.1561675769232,40,58,6,0,10,93,1,0,12,2,90
2011-08-10 14:46:56,Normal,93,0,93,1214130,2654,3344932,52292,701.0767167311828,30,59,4,0,15,75,3,0,8,0,85
2011-08-10 14:46:57,Normal,115,6,121,1196993,5949,4377671,51287,707.2439102892563,44,70,7,0,11,109,1,0,11,1,108
2011-08-10 14:46:58,Attack,76,1,78,856253,15362,2742138,28331,674.8329895769231,34,35,9,0,8,68,2,0,8,0,70
2011-08-10 14:46:59,Normal,233,0,233,1383260,68460,11084753,63596,373.91703063519316,50,174,9,0,13,220,0,0,10,1,222
2011-08-10 14:47:00,Normal,82,0,82,772432,16148,3244101,56691,675.9291431585366,34,39,9,0,6,73,3,0,13,0,69
2011-08-10 14:47:01,Attack,117,0,118,1144975,19110,4149701,29856,532.3162969576272,46,64,8,0,10,104,3,1,16,1,101
2011-08-10 14:47:02,Normal,111,5,116,810279,6987,4435737,4684,470.17854398275864,43,66,7,0,5,106,5,0,16,1,99
2011-08-10 14:47:03,Attack,119,0,123,1549589,2485,3929592,60864,933.5283820487807,45,69,9,0,11,108,4,0,14,2,104
2011-08-10 14:47:04,Normal,105,0,105,780840,20987,3634908,40268,619.1653976761905,36,57,12,0,8,91,6,0,15,1,89
2011-08-10 14:47:05,Normal,81,0,81,966176,9741,3088200,61195,877.8018944814814,38,31,12,0,6,75,0,0,9,0,72
2011-08-10 14:47:06,Normal,103,0,103,1104850,17010,3553343,8322,507.28549792233,52,45,6,0,10,91,2,0,12,0,90
2011-08-10 14:47:07,Normal,101,0,101,1255876,15689,3560515,62987,643.7410751287129,42,50,9,0,14,87,0,0,7,2,91
2011-08-10 14:47:08,Attack,76,0,77,1050680,7248,2458309,1622,689.3423504155845,36,33,8,0,6,66,5,0,13,2,62
2011-08-10 14:47:09,Normal,112,0,112,924275,17878,4372663,28941,471.5064830714286,41,63,8,0,6,103,2,1,22,1,88
2011-08-10 14:47:10,Normal,74,3,77,790846,2269,2954865,46484,373.00844633766235,32,36,9,0,9,64,4,0,15,1,61
2011-08-10 14:47:11,Normal,104,0,104,943592,17085,3830394,16569,384.3515081826923,41,51,12,0,11,92,1,0,13,3,88
2011-08-10 14:47:12,Normal,91,3,94,844374,15907,3628237,18929,438.11555234042555,33,55,6,0,10,81,3,0,17,2,75
2011-08-10 14:47:13,Normal,85,0,85,972738,16305,2839169,34573,600.8433815411764,43,35,7,0,7,76,2,0,16,1,68
2011-08-10 14:47:14,Attack,99,0,101,771297,19389,3664138,48800,646.2735584356435,43,50,7,1,6,92,2,1,13,1,86
2011-08-10 14:47:15,Attack,84,0,88,972663,4864,2828517,47903,728.203984784091,28,51,9,0,15,69,4,0,20,0,68
2011-08-10 14:47:16,Normal,103,0,103,973349,16911,3834667,52856,539.9985421747573,42,49,12,0,5,94,4,0,13,3,87
2011-08-10 14:47:17,Normal,114,0,114,950109,17202,4545917,62466,418.3053739298245,46,59,9,0,6,103,5,0,11,0,103
2011-08-10 14:47:18,Normal,85,0,85,1057887,15035,2637415,26112,615.4508292235295,23,54,8,0,9,75,1,0,3,1,80
2011-08-10 14:47:19,Attack,84,0,85,666289,16025,2875908,54163,597.4055760588236,31,46,8,0,8,76,1,0,11,0,74
2011-08-10 14:47:20,Attack,73,1,79,778996,16850,2421797,43497,545.0843059113923,31,39,9,0,8,67,4,0,17,2,60
2011-08-10 14:47:21,Normal,88,0,88,594372,20667,3411279,53414,503.3561728409091,26,56,6,0,12,73,3,0,17,1,69
2011-08-10 14:47:22,Attack,83,3,87,707250,17540,3170709,52925,442.86972079310357,36,40,11,0,6,70,11,0,22,1,64
2011-08-10 14:47:23,Attack,121,0,122,822215,5030,4419609,54026,342.5743957295082,26,86,10,0,15,100,7,0,26,1,95
2011-08-10 14:47:24,Attack,99,0,101,1001087,3246,3240101,62892,628.1105491188118,43,50,8,0,12,85,4,0,23,1,76
2011-08-10 14:47:25,Normal,139,0,139,812481,21468,5464660,62302,327.5222982230216,29,95,15,0,26,89,24,0,46,0,92
2011-08-10 14:47:26,Normal,88,0,88,773269,18178,3378804,50862,345.88795788636367,37,47,4,0,8,73,6,1,17,1,70
2011-08-10 14:47:27,Normal,96,0,96,625975,5146,4037219,51764,468.5516949895834,29,63,4,0,14,75,7,0,23,1,72
2011-08-10 14:47:28,Normal,94,0,94,1137463,3319,3105341,50558,650.5903888617022,31,53,10,0,5,79,9,1,18,3,71
2011-08-10 14:47:29,Attack,90,0,92,1357905,15157,3073487,65831,725.6961076521739,42,47,3,0,9,78,4,1,14,1,75
2011-08-10 14:47:30,Normal,107,0,107,986868,16956,4297146,46946,406.43804502803727,39,61,7,0,13,92,2,0,19,0,88
2011-08-10 14:47:31,Normal,63,0,63,694750,15783,2299532,29904,610.0477419047618,20,37,6,0,12,50,0,1,9,0,53
2011-08-10 14:47:32,Normal,90,3,93,602764,8244,3405213,51999,860.4343389247313,32,60,1,0,9,79,5,0,25,0,68
2011-08-10 14:47:33,Normal,105,0,105,864084,18223,4017684,32860,671.1825849904762,39,61,5,0,14,85,5,1,16,0,87
2011-08-10 14:47:34,Normal,101,0,101,1035428,17248,3250780,26257,551.662991009901,43,49,9,0,7,91,2,1,12,1,87
2011-08-10 14:47:35,Attack,90,0,94,670033,24806,3302083,21243,559.3732648191489,30,56,8,0,10,71,13,0,27,0,67
2011-08-10 14:47:36,Attack,103,0,106,1151975,10436,3615739,4337,743.8072172924527,30,67,9,0,18,85,3,0,20,0,86
2011-08-10 14:47:37,Normal,79,0,79,933496,16613,2507724,20731,579.8807641898733,33,37,9,0,9,69,1,0,10,0,69
2011-08-10 14:47:38,Normal,98,0,98,1140912,3178,3314868,26267,605.9012479591837,42,48,8,0,16,79,3,0,13,1,84
2011-08-10 14:47:39,Normal,108,0,108,1227998,3561,3600289,55328,772.267407814815,34,64,10,0,12,92,4,0,13,4,91
2011-08-10 14:47:40,Attack,101,9,111,1351350,17678,3507894,16855,819.8095134324324,38,69,4,0,26,79,6,0,16,2,93
2011-08-10 14:47:41,Attack,93,4,98,1085782,15821,3339837,22827,672.7403560612247,28,64,6,0,16,79,3,0,12,1,84
2011-08-10 14:47:42,Normal,76,3,79,846785,42920,2860873,13363,466.93549244303796,37,38,4,0,7,70,2,0,8,0,69
2011-08-10 14:47:43,Normal,82,0,82,1036066,16051,2779463,59169,649.7407313658537,35,38,9,0,8,73,1,0,11,2,69
2011-08-10 14:47:44,Attack,123,0,124,943524,18611,3880582,39435,435.848629233871,37,80,7,0,7,113,4,0,43,0,79
2011-08-10 14:47:45,Attack,72,0,73,697199,16002,2387818,2454,341.75089927397255,30,38,5,0,9,63,1,0,18,1,54
2011-08-10 14:47:46,Normal,99,0,99,1015893,16372,3666886,29326,475.10168035353547,36,59,4,0,16,82,1,0,12,1,84
2011-08-10 14:47:47,Normal,90,0,90,818964,17948,3515730,52110,642.3760761888889,38,43,8,1,8,79,2,1,15,1,73
2011-08-10 14:47:48,Normal,142,0,142,1636485,4549,5661280,47247,653.4497178450704,41,94,7,0,28,108,6,0,19,1,122
2011-08-10 14:47:49,Normal,172,0,172,1155151,22592,5087357,41097,359.59094884883723,43,123,6,0,28,137,7,0,84,2,86
2011-08-10 14:47:50,Attack,121,0,122,1354772,40661,4406654,13363,691.0764024098361,36,76,10,0,24,91,7,0,20,0,101
2011-08-10 14:47:51,Normal,104,0,104,1214159,17486,3327804,35128,469.0478835,36,55,13,0,9,92,3,0,13,2,89
2011-08-10 14:47:52,Normal,82,3,85,1303837,68260,2663022,13363,881.8619527058823,29,51,5,0,18,60,7,0,13,0,72
2011-08-10 14:47:53,Normal,230,0,230,1184950,12339,9913199,2413,248.74377619565215,32,188,10,0,43,163,24,0,67,1,161
2011-08-10 14:47:54,Normal,121,0,121,945105,18331,4981048,31583,503.26698650413226,37,75,9,0,22,95,4,0,24,0,97
2011-08-10 14:47:55,Normal,155,0,155,1055131,19680,6287138,14905,455.9753344709677,52,97,6,0,22,132,1,0,20,2,133
2011-08-10 14:47:56,Attack,164,0,166,1191026,20731,6613806,51161,468.4231740301205,36,118,12,0,15,147,4,0,16,2,147
2011-08-10 14:47:57,Attack,106,0,109,1364837,16155,3674722,11647,664.3295588715595,44,56,9,0,16,90,3,0,19,0,89
2011-08-10 14:47:58,Normal,102,0,102,1056319,17046,3174071,8400,668.5356092941176,48,48,6,0,10,91,1,0,12,0,89
2011-08-10 14:47:59,Normal,105,0,105,1147327,2957,3692096,59215,638.0486627142857,34,66,5,0,19,82,4,0,20,0,84
2011-08-10 14:48:00,Normal,88,0,88,882861,3413,3269719,58836,523.8785686250001,40,41,7,0,5,81,2,0,6,6,76
2011-08-10 14:48:01,Attack,129,0,130,1285892,19042,4535608,50874,629.7964707384616,50,72,8,0,15,111,4,0,21,6,103
2011-08-10 14:48:02,Attack,115,3,119,1209911,5831,3931311,51058,651.3504032605043,56,57,6,0,8,104,7,0,22,7,90
2011-08-10 14:48:03,Normal,116,0,116,989894,18537,4298811,50465,450.8468240775862,38,67,11,0,9,103,4,0,12,5,98
2011-08-10 14:48:04,Normal,141,0,141,1501913,19656,5050723,51726,426.4088996666667,44,90,7,0,21,113,7,0,23,6,112
2011-08-10 14:48:05,Normal,119,0,119,1035150,18035,4986400,52051,442.18155263025204,39,75,5,0,26,87,6,0,33,2,84
2011-08-10 14:48:06,Attack,104,3,110,934713,5817,4007364,50804,468.9080109454545,42,53,15,0,7,99,4,0,22,1,87
2011-08-10 14:48:07,Normal,95,0,95,956917,4430,3674773,50804,653.1030888315789,36,50,9,0,9,85,0,1,9,1,85
2011-08-10 14:48:08,Normal,131,0,131,1281039,18884,4017166,9734,444.2990202900764,43,81,7,0,15,113,3,0,12,1,118
2011-08-10 14:48:09,Normal,115,0,115,1301161,4656,3968000,50459,661.2119002608696,41,68,6,0,21,88,6,0,14,0,100
2011-08-10 14:48:10,Normal,118,0,118,1226461,4934,4079019,44999,401.81682577118653,35,74,9,0,18,94,6,0,20,5,93
2011-08-10 14:48:11,Attack,129,6,137,1213157,20287,5337662,3451,457.5685489416058,46,88,3,0,20,104,13,0,27,1,109
2011-08-10 14:48:12,Normal,111,9,120,986576,6208,4672720,57927,373.09716235,39,74,7,0,11,101,8,0,27,0,93
2011-08-10 14:48:13,Normal,169,13,182,1225637,37335,5432696,61615,421.3924641648352,50,125,7,0,20,127,35,0,56,0,126
2011-08-10 14:48:14,Normal,104,12,116,1022771,18470,4484750,45693,602.4333398534483,43,64,9,0,14,101,1,0,18,0,98
2011-08-10 14:48:15,Normal,92,6,98,886583,2808,3529250,57708,526.0641632959184,47,42,9,0,8,87,3,0,13,0,85
2011-08-10 14:48:16,Normal,169,1,170,888959,11314,6619487,13363,355.3798608647059,47,117,6,0,12,148,10,0,21,0,149
2011-08-10 14:48:17,Attack,82,0,84,752546,5286,2973817,4634,522.108388452381,40,36,8,0,9,70,5,0,22,0,62
2011-08-10 14:48:18,Attack,114,0,117,1195190,4211,4098702,46222,571.3665112478633,51,54,12,0,11,103,3,0,20,1,96
2011-08-10 14:48:19,Normal,141,0,141,1295579,19051,5523971,56851,408.2671867872339,42,95,4,0,18,117,6,0,18,0,122
2011-08-10 14:48:20,Normal,143,0,143,995090,21356,6326033,56655,540.7322698881119,40,98,5,0,31,92,20,0,50,0,93
2011-08-10 14:48:21,Normal,138,0,138,1344126,4306,5203488,60371,680.1155317173913,46,86,6,0,15,122,1,0,17,3,118
2011-08-10 14:48:22,Attack,122,3,127,1119441,19869,4863280,31448,445.6053569212599,31,92,4,0,25,94,8,0,25,3,99
2011-08-10 14:48:23,Attack,124,0,125,1014305,11851,5502465,7336,444.13287658400003,30,87,8,0,12,100,13,0,29,1,95
2011-08-10 14:48:24,Normal,181,0,181,1241782,23403,6288089,5902,318.27513980110496,36,140,5,0,23,118,40,0,58,0,123
2011-08-10 14:48:25,Normal,111,0,111,1053658,4836,2778840,60876,428.72712512612605,30,72,9,0,9,98,4,0,10,3,98
2011-08-10 14:48:26,Normal,93,0,93,841373,5135,3682745,52512,628.9975055161291,37,51,5,0,10,80,3,0,15,0,78
2011-08-10 14:48:27,Attack,80,0,83,871609,40317,3077248,13443,496.1344548192771,28,45,10,0,11,69,3,0,17,0,65
2011-08-10 14:48:28,Normal,102,0,102,1080018,17037,3503708,38972,700.633540990196,44,53,5,0,10,87,2,3,14,1,85
2011-08-10 14:48:29,Normal,117,0,117,764381,24268,4540550,47137,364.30014935897435,36,76,5,0,14,92,10,1,24,0,92
2011-08-10 14:48:30,Normal,81,0,81,947741,3057,2707806,43917,578.8733887160495,32,45,4,0,7,72,2,0,9,2,69
2011-08-10 14:48:31,Normal,103,0,103,1188389,16144,4054211,16925,592.5973932135922,32,64,7,0,18,82,3,0,15,2,86
2011-08-10 14:48:32,Attack,109,3,113,1094469,3851,4152270,53468,519.9314072477877,36,72,5,0,14,97,2,0,25,1,86
2011-08-10 14:48:33,Normal,127,0,127,1457325,18942,4514701,16910,605.5628700078739,41,78,8,0,13,106,8,0,29,3,95
2011-08-10 14:48:34,Normal,107,0,107,922018,16149,4095814,55277,505.70346152336447,34,68,5,0,9,97,1,0,7,1,99
2011-08-10 14:48:35,Normal,90,0,90,982251,17016,3070080,65773,524.7996891000001,41,38,11,0,7,80,2,1,15,2,72
2011-08-10 14:48:36,Normal,123,0,123,967190,18439,4835091,10167,397.95799123577245,32,78,13,0,16,102,5,0,28,1,94
2011-08-10 14:48:37,Normal,108,0,108,701032,18648,4311180,52117,332.8483341481481,37,65,6,0,17,82,8,1,36,2,69
2011-08-10 14:48:38,Attack,123,0,127,728870,21465,4284195,17950,288.12510074015756,34,86,7,0,20,91,16,0,38,2,87
2011-08-10 14:48:39,Attack,101,1,106,1229757,4812,3532467,12709,421.33580457547174,26,71,9,0,31,70,5,0,26,1,79
2011-08-10 14:48:40,Normal,149,0,149,1214367,8859,5549533,1370,536.4201803087248,46,95,8,0,39,104,6,0,44,1,104
2011-08-10 14:48:41,Normal,104,0,104,1184066,4447,3974771,56778,750.8306508365384,44,54,6,0,17,85,1,1,22,0,81
2011-08-10 14:48:42,Normal,93,6,99,739947,17736,3922194,59931,611.5150255252526,34,58,7,0,13,78,8,0,15,0,84
2011-08-10 14:48:43,Attack,92,0,94,679429,15955,3593061,7800,600.5231015106384,39,50,5,0,7,85,2,0,12,0,82
2011-08-10 14:48:44,Attack,115,0,117,1305134,69399,4523579,4955,609.649083709402,38,71,8,0,13,99,5,0,19,1,97
2011-08-10 14:48:45,Normal,81,0,81,589543,4447,3098443,54189,514.7283854197531,26,50,5,0,15,66,0,0,15,1,65
2011-08-10 14:48:46,Normal,113,0,113,575181,6898,4376146,55232,506.34819605309735,23,87,3,0,18,87,7,1,28,0,85
2011-08-10 14:48:47,Attack,105,2,110,1144216,19101,3515848,61865,671.2240201454546,41,59,10,0,22,83,5,0,20,2,88
2011-08-10 14:48:48,Attack,92,0,94,1114283,16092,2953384,8025,698.035342787234,38,47,9,0,12,79,3,0,9,3,82
2011-08-10 14:48:49,Normal,91,0,91,1029686,17347,3204724,64328,625.7196944505495,35,48,8,0,12,77,2,0,17,0,74
2011-08-10 14:48:50,Normal,113,0,113,950933,10745,4306594,5677,737.3905790796462,43,57,13,0,9,100,3,1,14,1,98
2011-08-10 14:48:51,Normal,190,0,190,963274,9922,8300920,38819,413.8032478315789,33,150,7,0,45,131,14,0,60,3,127
2011-08-10 14:48:52,Normal,110,3,113,701530,4910,4550361,54126,278.5222728495575,30,74,9,0,11,100,2,0,16,0,97
2011-08-10 14:48:53,Attack,117,0,118,985770,11616,4435124,14156,626.1674823813559,30,77,11,0,11,100,7,0,18,1,99
2011-08-10 14:48:54,Normal,107,0,107,1086788,18604,4240255,19396,541.5303785981309,41,57,9,0,8,95,4,0,19,0,88
2011-08-10 14:48:55,Normal,111,3,114,1191175,18078,4181703,14051,587.2284274736842,40,62,12,0,10,100,4,0,7,1,105
2011-08-10 14:48:56,Normal,118,0,118,974484,19048,4383616,15431,616.0408979152539,39,70,9,0,13,103,2,0,13,1,104
2011-08-10 14:48:57,Normal,130,0,130,1362599,18171,5069384,41653,399.1378113153846,36,86,8,0,15,110,5,0,19,2,109
2011-08-10 14:48:58,Normal,152,0,152,1438726,6358,6060685,51639,488.85280390131584,39,104,9,0,25,123,4,0,20,0,132
2011-08-10 14:48:59,Attack,168,0,172,1384730,7130,7185512,64644,442.3799472732559,42,124,6,0,32,119,21,0,55,4,113
2011-08-10 14:49:00,Attack,277,0,282,1546850,13047,12986224,43996,241.410392464539,42,220,20,0,15,257,9,1,26,2,254
2011-08-10 14:49:01,Normal,128,0,128,863317,19168,5322114,41569,433.0801288749999,39,81,8,0,18,107,3,0,26,5,97
2011-08-10 14:49:02,Normal,142,3,145,741270,24076,5979246,32256,398.8938447931035,31,107,7,0,36,101,8,0,51,5,89
2011-08-10 14:49:03,Normal,142,0,142,941120,6445,5657941,64534,524.5717837394367,45,90,7,0,13,119,10,0,25,2,114
2011-08-10 14:49:04,Attack,120,0,122,1134130,6466,4573410,43255,608.226715762295,41,74,7,0,15,98,9,0,21,3,98
2011-08-10 14:49:05,Attack,108,0,109,970922,17374,4086628,37866,562.8220774036697,36,61,12,0,5,100,4,0,13,2,94
2011-08-10 14:49:06,Normal,93,0,93,799177,17128,3283824,3972,546.1372691612902,30,56,7,0,9,80,4,0,11,3,79
2011-08-10 14:49:07,Normal,156,0,156,1011478,20598,4664163,65196,416.8593820192308,42,110,4,0,16,109,31,0,47,2,107
2011-08-10 14:49:08,Attack,89,0,90,783935,31085,3483678,35465,457.89907217777784,28,53,9,0,10,79,1,0,12,2,76
2011-08-10 14:49:09,Attack,113,0,115,1037592,18061,3860937,22417,743.7693959999999,49,57,9,0,11,102,2,0,17,1,97
2011-08-10 14:49:10,Attack,121,0,123,856686,19455,5022290,26281,405.4688394796748,27,91,5,0,11,106,6,0,21,0,102
2011-08-10 14:49:11,Normal,110,0,110,1230877,5468,3562882,48386,573.4670741636363,39,68,3,0,26,78,6,0,28,0,82
2011-08-10 14:49:12,Normal,129,3,132,1064444,18413,5203191,53451,543.1129384772728,44,73,15,0,15,113,4,0,23,0,109
2011-08-10 14:49:13,Normal,144,3,147,920559,21148,6512103,27309,372.44697432653066,30,112,5,0,15,125,7,0,27,0,120
2011-08-10 14:49:14,Attack,97,0,99,1107112,17000,3872443,57716,644.9823001717173,33,61,5,0,8,79,12,0,21,2,76
2011-08-10 14:49:15,Normal,156,0,156,1425255,5810,6108883,39412,551.6308671410255,37,112,7,0,17,119,20,0,32,1,123
2011-08-10 14:49:16,Normal,149,0,149,1320557,20643,6064633,66468,574.8659955637585,35,104,10,0,23,119,7,0,27,2,120
2011-08-10 14:49:17,Normal,132,0,132,1245081,17443,4794085,60795,481.5618335303031,50,75,7,0,21,111,0,0,21,2,109
2011-08-10 14:49:18,Normal,100,2,102,1010380,2673,3873434,49077,623.4907647647058,41,50,11,0,13,88,1,0,17,0,85
2011-08-10 14:49:19,Normal,106,0,106,891750,17766,3839766,21052,525.0984194245283,35,62,9,0,14,89,3,0,23,1,82
2011-08-10 14:49:20,Attack,96,0,99,803464,17737,3398891,46864,656.9502041414141,36,56,7,0,18,80,1,0,19,2,78
2011-08-10 14:49:21,Attack,99,0,103,1117040,17470,3423097,4976,870.8876343203882,35,63,5,0,25,73,5,0,28,2,73
2011-08-10 14:49:22,Normal,122,3,125,1473361,4000,4761374,37753,611.6091662880002,46,71,8,0,17,94,14,0,21,1,102
2011-08-10 14:49:23,Normal,124,0,124,1169222,3900,4963080,49638,636.6561231048387,34,82,8,0,22,89,13,0,31,2,91
2011-08-10 14:49:24,Normal,131,0,131,1015718,8169,5257904,59107,493.18117909160304,35,83,13,0,31,97,3,0,35,3,93
2011-08-10 14:49:25,Attack,174,0,175,1106096,9976,7312060,49126,324.1321961485715,43,124,8,0,30,140,5,0,46,0,129
2011-08-10 14:49:26,Attack,142,0,144,1106221,69726,5748818,17459,509.6684396041667,44,95,5,0,14,130,0,0,8,0,136
2011-08-10 14:49:27,Normal,121,6,127,1522067,4295,4245773,48992,589.7729120472441,42,78,7,0,22,100,5,0,14,0,113
2011-08-10 14:49:28,Normal,117,0,117,1304774,17966,4189750,39912,626.8431017008546,37,69,11,0,10,104,2,1,12,0,104
2011-08-10 14:49:29,Normal,110,0,110,2001013,1511,3530610,41599,616.2598287818182,39,60,11,0,28,78,3,1,8,7,94
2011-08-10 14:49:30,Attack,112,0,114,1344751,69375,3647596,4931,534.1565349824563,41,65,8,0,16,94,2,2,19,1,91
2011-08-10 14:49:31,Attack,110,0,111,1258860,35603,3467526,31362,575.9626909099098,33,73,5,0,20,86,5,0,24,1,86
2011-08-10 14:49:32,Normal,97,3,100,890393,16237,3723360,23741,698.05056509,44,51,5,0,9,89,1,1,4,0,95
2011-08-10 14:49:33,Normal,92,0,92,842634,2992,3421772,4099,575.9918896739129,33,51,8,0,5,86,1,0,8,1,83
2011-08-10 14:49:34,Normal,95,3,98,963466,16858,3532510,38458,640.0672750102041,37,59,2,0,10,85,3,0,8,0,90
2011-08-10 14:49:35,Attack,96,0,99,1086745,16973,3495170,25377,681.1476527676768,27,64,8,0,7,86,6,0,15,0,84
2011-08-10 14:49:36,Attack,106,0,107,1063124,16650,3543636,37315,528.7797807663551,46,52,9,0,12,94,1,0,17,1,89
2011-08-10 14:49:37,Normal,118,0,118,943699,7344,4918791,58554,446.80852883898314,36,72,10,0,18,96,4,0,27,1,90
2011-08-10 14:49:38,Normal,77,0,77,902670,15987,2870156,10421,743.0811868961039,32,37,8,0,5,62,10,0,18,1,55
2011-08-10 14:49:39,Normal,135,0,135,1152425,5052,5127899,62008,625.5371198444445,41,82,12,0,23,98,13,1,33,1,101
2011-08-10 14:49:40,Normal,117,0,117,930535,11811,4947857,3563,418.867230179487,39,72,6,0,8,109,0,0,16,1,100
2011-08-10 14:49:41,Attack,105,0,109,1346963,17349,3917949,4924,576.9920102752293,34,66,9,0,17,89,3,0,18,4,87
2011-08-10 14:49:42,Attack,135,3,141,1496730,19087,5547055,46085,503.8527279432625,37,74,30,0,21,98,21,1,23,2,116
2011-08-10 14:49:43,Normal,97,7,104,766143,18368,4185300,55347,503.5136378365386,35,64,5,0,7,90,6,1,22,2,80
2011-08-10 14:49:44,Normal,94,8,102,537449,6001,4583577,57470,290.35163311764705,32,64,6,0,3,94,5,0,11,1,90
2011-08-10 14:49:45,Normal,83,0,83,640424,16263,3193502,13363,652.5178211566265,40,43,0,0,3,71,9,0,15,0,68
2011-08-10 14:49:46,Attack,108,0,110,1022690,4007,4296651,55589,445.7979653363635,41,62,7,0,9,94,7,0,17,1,92
2011-08-10 14:49:47,Attack,74,0,75,806772,22322,2571386,14214,875.3526858800002,32,32,11,0,9,64,2,0,8,1,66
2011-08-10 14:49:48,Normal,58,0,58,604020,14791,2088459,15496,645.9432072586206,29,22,7,0,2,56,0,0,3,0,55
2011-08-10 14:49:49,Normal,99,0,99,1270786,16592,3490360,58130,948.9179312828282,37,53,9,0,17,78,4,0,8,3,88
2011-08-10 14:49:50,Normal,110,0,110,1011903,17357,4258523,2676,557.5364480727274,36,66,8,0,15,87,8,0,19,2,89
2011-08-10 14:49:51,Attack,92,0,94,928136,4875,3660380,40536,437.8464126489362,38,52,4,0,7,78,9,0,14,1,79
2011-08-10 14:49:52,Attack,117,3,121,845828,6754,4432642,61124,380.0600349586777,43,75,3,0,11,101,9,0,24,1,96
2011-08-10 14:49:53,Normal,68,0,68,676662,37688,2431249,41029,598.1250607941176,37,27,4,0,5,63,0,0,8,1,59
2011-08-10 14:49:54,Normal,106,0,106,1216568,17046,4200527,45195,749.5911503113208,49,48,9,0,10,91,5,0,12,3,91
2011-08-10 14:49:55,Normal,87,0,87,879443,18446,2953493,19488,676.9389749195402,30,45,12,0,6,79,2,0,19,1,67
2011-08-10 14:49:56,Normal,137,0,137,1358554,19322,4569375,11798,615.7539516934306,41,87,9,0,15,110,12,0,33,2,102
2011-08-10 14:49:57,Normal,92,0,92,990039,16259,3335050,63234,477.7830252500001,45,42,5,0,11,80,1,0,22,1,69
2011-08-10 14:49:58,Normal,77,0,77,1116967,15338,2565657,52763,663.4951443246754,37,31,9,0,7,69,1,0,13,2,62
2011-08-10 14:49:59,Attack,120,0,122,1117012,4129,4495042,53763,619.2174992459015,42,69,11,0,10,96,16,0,24,1,97
2011-08-10 14:50:00,Normal,95,0,95,844798,15762,3497671,50165,555.9465597789475,33,55,7,0,7,83,5,0,16,0,78
2011-08-10 14:50:01,Normal,114,0,114,1039624,4328,4410572,51961,571.4168953596492,45,64,5,0,8,99,7,0,21,1,91
2011-08-10 14:50:02,Attack,94,3,99,861309,17319,3778238,61139,273.76708148484846,36,59,4,0,12,83,4,0,17,1,81
2011-08-10 14:50:03,Attack,120,0,123,1139418,5009,4621982,63418,512.6036059268292,44,72,7,0,12,102,9,0,29,0,93
2011-08-10 14:50:04,Normal,120,0,120,975120,5386,4878699,51071,343.5128102416666,31,85,4,0,22,87,11,0,32,1,87
2011-08-10 14:50:05,Normal,127,0,127,1277461,9793,4742948,58376,551.1599211496064,45,74,8,0,16,106,5,0,25,1,101
2011-08-10 14:50:06,Normal,161,0,161,858952,8736,7096250,41442,117.54726381987577,29,120,12,0,22,131,6,2,30,0,131
2011-08-10 14:50:07,Attack,177,0,179,964208,20831,7277629,56612,262.71110595530723,30,143,6,0,11,162,6,0,16,1,162
2011-08-10 14:50:08,Attack,211,0,212,1037456,9545,8680896,59091,285.33150970283015,35,173,4,0,9,198,5,0,13,1,197
2011-08-10 14:50:09,Normal,161,0,161,1004381,8639,6361465,48450,401.0560130496894,41,110,10,0,15,144,2,0,14,0,147
2011-08-10 14:50:10,Normal,121,0,121,1196835,18134,4473812,6357,531.9672609090909,38,69,14,0,8,108,5,0,19,2,99
2011-08-10 14:50:11,Normal,89,0,89,977550,17462,3083173,40895,688.3403055168538,30,46,13,0,8,80,1,0,9,2,75
2011-08-10 14:50:12,Attack,123,3,127,934007,18669,5114911,62017,582.5460226299214,42,76,9,0,12,105,10,0,24,2,101
2011-08-10 14:50:13,Attack,105,0,106,1356878,15085,3320915,51788,866.386269490566,30,68,8,0,24,80,2,0,8,2,96
2011-08-10 14:50:14,Normal,131,0,131,1983516,1938,3815437,49964,1044.7076568396944,44,75,12,0,27,101,3,0,14,1,116
2011-08-10 14:50:15,Normal,106,3,109,880400,16175,3821755,28491,685.1335280366973,34,70,5,0,13,91,5,0,15,5,89
2011-08-10 14:50:16,Normal,99,0,99,1055175,17434,3462356,51480,718.3571063535353,45,49,5,0,7,89,3,0,9,2,88
2011-08-10 14:50:17,Attack,129,0,130,1094349,4966,5245330,50372,400.61126231538464,39,80,11,0,19,104,7,0,32,0,97
2011-08-10 14:50:18,Normal,105,0,105,1235379,15299,3977284,64860,675.5899640000001,44,53,8,0,10,93,2,0,10,1,94
2011-08-10 14:50:19,Normal,91,0,91,873481,3188,3596302,50374,713.5905476703298,32,51,8,0,13,78,0,0,16,0,75
2011-08-10 14:50:20,Normal,92,0,92,824312,5618,3538074,51143,622.5555258152174,25,56,11,0,9,75,8,0,23,1,68
2011-08-10 14:50:21,Normal,112,0,112,1091417,4215,4209579,45820,616.4780216874999,45,61,6,0,9,98,5,0,20,0,92
2011-08-10 14:50:22,Normal,116,3,119,1140294,5553,4147783,51153,704.7602497815127,42,62,15,0,9,105,5,0,16,2,100
2011-08-10 14:50:23,Attack,91,4,99,782406,17224,3601685,45710,564.4976747070707,33,59,7,0,16,82,1,0,19,0,80
2011-08-10 14:50:24,Attack,101,2,107,982320,17834,3840443,32522,824.0080024859815,23,78,6,0,20,81,6,0,22,0,85
2011-08-10 14:50:25,Normal,101,0,101,1261579,17050,3492813,8670,493.27247252475246,28,63,10,0,16,82,3,0,16,1,84
2011-08-10 14:50:26,Normal,97,0,97,1062165,17466,3793050,25834,511.69352097938145,47,35,15,0,6,82,9,0,12,1,84
2011-08-10 14:50:27,Normal,99,0,99,956156,63567,3589089,28982,794.101061878788,40,48,11,0,11,87,1,0,12,0,87
2011-08-10 14:50:28,Attack,83,6,90,789097,16344,3283283,33506,560.592595311111,31,51,8,0,7,80,2,1,13,0,76
2011-08-10 14:50:29,Attack,120,0,122,831086,6537,4739993,51019,343.2720308278689,32,85,5,0,27,75,17,3,44,0,75
2011-08-10 14:50:30,Normal,103,0,103,794992,19400,4025646,32929,499.6340473009709,28,67,8,0,11,83,8,1,20,0,82
2011-08-10 14:50:31,Normal,69,0,69,745738,2922,2530218,64034,709.2282864782608,21,38,10,0,10,56,3,0,9,1,59
2011-08-10 14:50:32,Normal,175,3,178,834544,8234,8058868,49888,279.35076446067416,45,130,3,0,41,120,17,0,57,1,120
2011-08-10 14:50:33,Attack,112,0,113,1402749,17320,3885399,12774,659.487917619469,39,59,15,0,24,88,1,0,14,0,99
2011-08-10 14:50:34,Attack,88,0,89,965841,2893,3411270,52594,389.694432258427,41,38,10,0,8,80,1,0,9,0,80
2011-08-10 14:50:35,Normal,72,0,72,756507,62844,3092279,57095,551.1832509444444,31,34,7,0,7,64,1,0,10,0,62
2011-08-10 14:50:36,Normal,98,0,98,1165037,2815,3744282,52575,795.9364803979591,47,42,9,0,16,81,1,0,17,1,80
2011-08-10 14:50:37,Normal,130,0,130,1449369,18965,4648398,4189,547.0698026153847,42,80,8,0,18,109,3,0,19,3,108
2011-08-10 14:50:38,Attack,131,0,132,1616924,53838,4999810,61343,506.6742287045454,47,78,7,0,17,109,6,0,19,4,108
2011-08-10 14:50:39,Normal,98,0,98,1037637,21433,3736545,33013,534.666690979592,30,63,5,0,16,74,8,0,21,1,76
2011-08-10 14:50:40,Normal,121,0,121,1088740,24117,5077334,27049,605.3585618016529,47,65,9,0,25,95,1,0,31,0,90
2011-08-10 14:50:41,Normal,215,0,215,1402000,23195,8926729,25683,353.8923488046511,51,154,10,0,36,167,11,1,44,5,166
2011-08-10 14:50:42,Normal,125,3,128,1227936,7244,4955309,24341,382.2114863671875,40,78,10,0,23,96,9,0,30,2,96
2011-08-10 14:50:43,Normal,111,0,111,1640323,3657,3421829,53386,554.6593511981982,39,67,5,0,26,81,4,0,20,2,89
2011-08-10 14:50:44,Attack,108,0,110,1667056,16394,3803471,64832,629.8816997636364,38,64,8,0,23,82,5,0,18,2,90
2011-08-10 14:50:45,Attack,148,1,152,1503059,19835,5309980,29141,397.9665348289474,38,107,7,0,24,120,8,0,26,3,122
2011-08-10 14:50:46,Normal,110,3,113,1651406,3778,4211525,55433,668.3882125309734,34,67,12,0,39,66,8,0,32,0,81
2011-08-10 14:50:47,Normal,98,0,98,1060793,16762,3699302,15384,539.3837688061224,39,55,4,0,8,86,4,0,18,0,80
2011-08-10 14:50:48,Normal,162,0,162,1520695,6417,6181384,56074,499.425756728395,42,104,16,0,20,130,12,0,28,0,134
2011-08-10 14:50:49,Attack,121,0,122,1731327,18136,4315246,14017,568.4963934344263,58,56,8,0,22,95,5,0,21,1,100
2011-08-10 14:50:50,Attack,106,0,109,1429315,18958,3991503,60129,295.76979550458714,34,70,5,0,19,80,10,0,15,2,90
2011-08-10 14:50:51,Normal,90,0,90,1027497,19297,3512401,5999,413.6825120111111,28,58,4,0,11,76,3,0,13,1,76
2011-08-10 14:50:52,Attack,115,3,121,1928678,17719,4440691,4815,412.68892734710744,26,82,13,0,30,83,8,0,17,1,102
2011-08-10 14:50:53,Normal,116,0,116,1176700,17027,4493930,31433,481.0891520086208,42,64,10,0,15,100,1,0,12,1,103
2011-08-10 14:50:54,Normal,109,0,109,1675614,2613,4076525,59811,599.2572173853212,42,57,10,0,24,84,1,0,10,1,98
2011-08-10 14:50:55,Attack,121,0,122,1425555,17684,4131179,43905,714.1583568852459,46,66,10,0,23,95,4,0,19,1,102
2011-08-10 14:50:56,Normal,135,0,135,1499692,18362,4783027,51301,415.1346454,66,64,5,0,15,109,10,1,25,1,109
2011-08-10 14:50:57,Normal,152,0,152,963677,23244,6374490,52845,382.2507881907894,33,108,11,0,20,107,25,0,49,0,103
2011-08-10 14:50:58,Normal,128,0,128,1499108,8875,3930806,12643,652.4298127500001,49,73,6,0,22,99,7,0,29,4,94
2011-08-10 14:50:59,Attack,135,0,136,1089272,18444,5026195,8328,453.6366131911765,38,89,9,0,13,118,5,0,27,0,109
2011-08-10 14:51:00,Normal,247,0,247,1206020,74712,11646796,52233,232.790861388664,46,197,4,0,24,217,6,0,24,2,221
2011-08-10 14:51:01,Normal,93,0,93,1291383,47674,3117332,59048,735.1976248817203,41,45,7,0,12,73,8,0,11,0,81
2011-08-10 14:51:02,Normal,106,3,109,1137847,4820,4415160,46053,454.18219861467895,34,69,6,0,18,82,9,0,18,1,90
2011-08-10 14:51:03,Normal,123,0,123,1113114,19501,4437979,30583,468.75416240650407,44,73,6,0,17,100,6,0,25,0,98
2011-08-10 14:51:04,Normal,120,0,120,1403697,19243,4671570,63645,533.9799327833333,45,59,16,0,14,100,6,0,21,2,97
2011-08-10 14:51:05,Attack,102,0,105,1251453,3411,4245053,39817,654.023028552381,35,68,2,0,18,83,4,0,14,2,89
2011-08-10 14:51:06,Attack,98,0,102,1260399,17146,3872817,62726,454.08298856862746,30,64,8,0,13,81,8,0,17,1,84
2011-08-10 14:51:07,Normal,104,0,104,1474485,37780,3778196,13790,516.0226140192308,34,63,7,0,16,76,10,2,16,0,88
2011-08-10 14:51:08,Normal,142,0,142,1754062,60620,4745246,14191,781.7156927183099,33,100,8,0,18,103,20,0,31,0,108
2011-08-10 14:51:09,Normal,173,0,173,1752908,7878,6911591,58119,412.80196011560696,46,114,13,0,41,125,7,0,43,2,127
2011-08-10 14:51:10,Attack,117,0,119,1365039,3991,4267398,61282,537.1349277310925,30,80,9,0,15,96,8,0,20,2,97
2011-08-10 14:51:11,Attack,90,0,91,1296806,17531,3237338,35308,942.0168863076923,36,51,4,0,17,71,3,0,10,0,81
2011-08-10 14:51:12,Normal,77,3,80,997572,15925,3164869,47942,557.8500972249999,28,45,7,0,9,68,3,0,7,2,71
2011-08-10 14:51:13,Attack,88,0,89,1057168,25085,3494016,771,440.75212101123594,36,49,4,0,12,75,2,0,7,1,81
2011-08-10 14:51:14,Normal,89,0,89,1118696,16069,3096589,38703,594.7240160561797,39,42,8,0,12,75,2,0,11,0,78
2011-08-10 14:51:15,Attack,105,0,106,879480,17270,4120562,31089,395.4553301132076,30,69,7,0,6,89,11,0,14,0,91
2011-08-10 14:51:16,Attack,166,0,167,1276687,19214,6481915,28157,568.6587578802395,46,114,7,0,17,146,4,0,23,1,143
2011-08-10 14:51:17,Normal,101,3,104,1343903,3051,3451084,47222,795.0111509230768,39,56,9,0,14,84,6,0,13,2,87
2011-08-10 14:51:18,Normal,108,0,108,1216451,33989,3901572,59069,390.9839732037037,36,65,7,0,16,84,8,0,15,2,91
2011-08-10 14:51:19,Normal,128,0,128,1170610,18102,4447425,48014,487.21154225781254,53,65,10,0,13,115,0,0,14,1,113
2011-08-10 14:51:20,Attack,107,0,109,1226973,68851,4373225,4863,498.1142246146789,30,71,8,0,14,93,2,0,13,0,96
2011-08-10 14:51:21,Normal,112,0,112,1314833,67328,4047850,59700,672.3695433035715,32,72,8,0,18,86,7,1,25,1,86
2011-08-10 14:51:22,Normal,145,3,148,2163552,4124,4883790,4746,781.2464990945947,51,92,5,0,20,106,22,0,20,2,124
2011-08-10 14:51:23,Normal,98,0,98,1307217,1504,3387737,779,665.525905744898,44,48,6,0,13,82,3,0,11,2,85
2011-08-10 14:51:24,Normal,137,0,137,1089878,5687,4833198,27149,505.6365597737226,37,89,11,0,26,106,5,0,31,1,105
2011-08-10 14:51:25,Normal,133,0,133,1112102,11765,5288661,5142,431.5899959097744,44,83,6,0,19,113,1,0,16,1,116
2011-08-10 14:51:26,Attack,99,1,102,1038646,18758,3649486,51868,430.8395944803921,29,65,8,0,14,81,7,0,14,2,86
2011-08-10 14:51:27,Attack,117,0,122,1467075,10078,4579504,5569,486.57102779508193,40,80,2,0,27,89,6,0,27,2,93
2011-08-10 14:51:28,Normal,103,2,105,932683,16054,3974951,32477,509.40245853333334,35,62,8,0,13,90,1,1,13,1,90
2011-08-10 14:51:29,Normal,112,0,112,907475,17222,3963302,63717,395.8830971071429,39,67,6,0,9,102,0,1,11,2,98
2011-08-10 14:51:30,Normal,100,0,100,1045463,18744,4010547,62612,521.28009201,30,66,4,0,17,78,5,0,17,1,82
2011-08-10 14:51:31,Attack,146,0,147,1131185,19537,6079059,25549,515.9241952789116,33,107,7,0,14,124,7,2,20,2,123
2011-08-10 14:51:32,Attack,134,3,138,1259159,18949,4628119,34821,547.154747021739,53,77,8,0,21,114,3,0,26,2,110
2011-08-10 14:51:33,Normal,93,0,93,783335,16533,3471294,58447,550.7928935268817,38,50,5,0,11,79,3,0,13,1,79
2011-08-10 14:51:34,Attack,98,0,99,1170068,5144,3050598,57965,811.4609220505051,26,64,9,0,22,74,3,0,11,3,84
2011-08-10 14:51:35,Normal,94,0,94,799932,3408,3161730,3549,653.3367621170213,25,63,6,0,12,78,4,0,15,1,78
2011-08-10 14:51:36,Normal,162,0,162,1382835,15554,6578221,49072,470.6286262160494,48,108,6,0,40,118,3,1,37,2,121
2011-08-10 14:51:37,Attack,149,0,150,1087877,17810,6084914,5155,357.7393419200001,31,110,9,0,32,115,3,0,32,1,115
2011-08-10 14:51:38,Normal,108,0,108,1110140,12133,3790355,4388,697.5904772685185,32,67,9,0,26,78,4,0,21,0,87
2011-08-10 14:51:39,Normal,123,0,123,624329,5508,5101873,59647,325.41544742276426,27,88,8,0,18,96,9,0,28,0,95
2011-08-10 14:51:40,Normal,172,0,172,1162375,13620,6266278,3743,375.43761882558135,40,127,5,0,46,104,22,0,62,1,109
2011-08-10 14:51:41,Attack,175,0,176,1398047,21713,6374053,63980,398.6037466647727,38,129,9,0,25,108,43,0,62,2,111
2011-08-10 14:51:42,Normal,121,3,124,1173434,4942,4497921,53551,452.12475082258067,27,88,9,0,19,93,12,0,28,0,96
2011-08-10 14:51:43,Normal,138,0,138,1475659,19481,4969617,66196,683.2539742753623,46,80,12,0,23,106,9,0,23,4,111
2011-08-10 14:51:44,Normal,119,0,119,1731006,2905,3832319,56141,672.4488369411765,37,73,9,0,22,91,6,0,11,6,102
2011-08-10 14:51:45,Normal,146,0,146,1540949,6886,5566449,51030,406.31628734246567,34,107,5,0,28,107,11,0,31,1,114
2011-08-10 14:51:46,Normal,120,0,120,1301122,4949,4377647,56970,592.2322258666667,28,82,10,0,24,91,5,0,17,2,101
2011-08-10 14:51:47,Attack,156,3,162,2101694,71746,6267288,4997,529.3401693765433,40,115,7,0,28,122,11,1,20,2,139
2011-08-10 14:51:48,Attack,110,0,116,1064249,16468,4592309,61392,557.7780130689655,37,74,5,0,20,91,5,0,17,3,96
2011-08-10 14:51:49,Normal,117,0,117,1527206,19889,4625723,27092,471.38495117948713,32,76,9,0,24,80,12,1,21,0,96
2011-08-10 14:51:50,Normal,157,0,157,1586442,8095,6332482,57002,582.6223865222929,45,105,7,0,22,125,10,0,27,2,128
2011-08-10 14:51:51,Normal,153,0,153,1992271,18029,5479277,6262,632.1959108496732,50,89,14,0,28,115,10,0,19,3,131
2011-08-10 14:51:52,Attack,115,3,119,1436862,13751,4443950,61802,313.98540177310934,34,80,5,0,19,91,9,0,17,3,99
2011-08-10 14:51:53,Attack,135,0,136,1717191,19562,5196151,7289,453.08463597794116,33,97,6,0,24,91,21,0,33,5,98
2011-08-10 14:51:54,Normal,116,0,116,1836336,3273,3975520,60595,759.355887137931,42,67,7,0,28,81,7,0,17,2,97
2011-08-10 14:51:55,Attack,174,0,176,1598223,6039,6998582,59035,635.4383051761364,47,118,11,0,19,149,8,0,19,3,153
2011-08-10 14:51:56,Normal,107,0,107,1195245,62980,4401841,62552,491.5641449439252,35,66,6,0,24,78,5,0,23,3,81
2011-08-10 14:51:57,Normal,107,0,107,854322,18808,4509247,60254,308.89955849532714,32,71,4,0,14,83,10,0,18,1,88
2011-08-10 14:51:58,Attack,122,0,125,1592189,5617,5136279,51162,500.768194648,37,76,12,0,26,92,7,0,20,0,105
2011-08-10 14:51:59,Normal,110,0,110,1056011,18165,4280784,14036,654.4691774090911,37,68,5,0,19,86,5,0,19,0,91
2011-08-10 14:52:00,Normal,140,0,140,1723270,14085,5099250,5441,489.02129202857134,37,96,7,0,32,104,3,1,21,2,115
2011-08-10 14:52:01,Normal,155,0,155,1446469,8117,6132688,59545,364.23255330967737,41,106,8,0,23,129,3,0,26,5,124
2011-08-10 14:52:02,Attack,141,11,153,1528146,23156,6096575,64139,358.5232748562091,39,107,7,0,26,108,19,0,34,3,116
2011-08-10 14:52:03,Normal,102,0,102,1069932,17488,3819505,52684,334.1220678333333,30,62,10,0,15,86,1,0,11,3,88
2011-08-10 14:52:04,Normal,115,0,115,1380963,17902,3796823,62322,660.291486147826,53,52,10,0,15,96,4,0,13,6,95
2011-08-10 14:52:05,Normal,111,0,111,947562,17673,4599005,40954,218.5620184054054,33,73,5,0,10,99,2,0,17,1,93
2011-08-10 14:52:06,Normal,117,6,123,1406447,18249,4853822,26668,565.8630869186991,48,66,9,0,19,100,4,0,12,1,109
2011-08-10 14:52:07,Normal,114,4,118,1481514,4391,4176440,51792,509.8684882711865,39,70,9,0,17,96,5,0,15,3,99
2011-08-10 14:52:08,Attack,145,6,153,1676056,19059,5597032,22457,598.5280621307189,39,108,6,0,31,117,5,0,23,1,129
2011-08-10 14:52:09,Attack,112,1,117,1426667,3551,4283118,41784,531.8164274188034,48,63,6,0,16,95,6,0,21,5,91
2011-08-10 14:52:10,Normal,117,0,117,1313614,31317,4550597,53204,532.1845511196582,44,68,5,0,18,90,9,0,13,1,103
2011-08-10 14:52:11,Normal,122,0,122,1087562,18923,4442547,52553,392.7071105245901,39,74,9,0,16,102,4,0,17,3,102
2011-08-10 14:52:12,Normal,113,3,116,1249320,17412,4191950,48686,635.6495999913794,36,73,7,0,17,86,13,0,23,2,91
2011-08-10 14:52:13,Attack,144,2,147,1437410,5869,5707873,59635,480.2212579795919,37,102,8,0,28,111,6,2,33,5,109
2011-08-10 14:52:14,Normal,137,13,150,1590012,18624,5589900,12753,644.9188053333334,41,105,4,0,36,103,11,0,29,4,117
2011-08-10 14:52:15,Attack,88,36,125,956855,4676,4804776,23713,412.51043424,29,91,5,0,13,108,4,0,11,1,112
2011-08-10 14:52:16,Attack,143,25,169,1203726,20623,6772207,2664,557.1758313313609,42,120,7,0,14,152,3,0,16,1,152
2011-08-10 14:52:17,Normal,100,0,100,973916,52617,3638774,14134,784.5074496,37,53,10,0,5,88,7,0,8,1,90
2011-08-10 14:52:18,Normal,89,5,94,914654,2650,3398935,62020,537.1260055106384,43,44,7,0,7,83,4,0,15,0,78
2011-08-10 14:52:19,Attack,113,22,136,1358283,4701,4969167,40767,515.9401248602943,47,80,9,0,12,109,13,2,19,2,115
2011-08-10 14:52:20,Normal,109,10,119,1116638,4561,4551585,60961,570.4854925546219,39,69,11,0,11,102,6,0,16,1,102
2011-08-10 14:52:21,Normal,124,73,197,621189,16432,8379495,13362,277.8816664263959,35,155,7,0,18,155,24,0,48,1,147
2011-08-10 14:52:22,Normal,121,31,152,1357354,7528,5657340,42147,511.4262642434211,43,99,10,0,26,114,12,0,33,1,118
2011-08-10 14:52:23,Attack,95,0,96,888632,17187,3915528,34592,470.07244601041674,23,69,4,0,25,67,4,0,24,2,70
2011-08-10 14:52:24,Normal,96,0,96,1008027,17261,3817869,53798,470.9665936354167,32,55,9,0,13,83,0,0,14,1,81
2011-08-10 14:52:25,Normal,91,0,91,607665,20685,3379695,13363,679.2301088021978,35,47,9,0,7,84,0,0,12,0,79
2011-08-10 14:52:26,Normal,113,0,113,845047,18416,4056671,35308,421.7162484424779,35,67,11,0,5,107,1,0,12,1,100
2011-08-10 14:52:27,Normal,151,0,151,920620,20970,6178582,61853,427.5672617748345,41,104,6,0,20,123,8,0,35,0,116
2011-08-10 14:52:28,Normal,135,0,135,1005785,4746,5133811,51623,428.3933878740741,44,86,5,0,13,106,15,1,30,3,101
2011-08-10 14:52:29,Attack,107,0,110,986277,4672,3988475,50579,476.6792867909091,36,64,10,0,11,89,9,1,24,3,82
2011-08-10 14:52:30,Attack,105,0,108,1208493,16904,3794419,52364,411.88699539814814,33,67,8,0,23,78,5,2,25,1,80
2011-08-10 14:52:31,Normal,119,0,119,1484904,2805,4194861,50087,508.0190789327731,43,68,8,0,11,105,1,2,10,2,107
2011-08-10 14:52:32,Normal,101,5,106,1154129,3638,3724390,36186,596.7625861886793,27,66,13,0,5,91,8,2,18,2,84
2011-08-10 14:52:33,Normal,97,1,98,928798,19866,3693570,62748,628.9177928367345,30,60,8,0,7,83,8,0,16,1,81
2011-08-10 14:52:34,Normal,112,0,112,1298574,17233,4007082,20498,571.0117207410714,42,62,8,0,11,96,5,0,16,5,90
2011-08-10 14:52:35,Normal,104,0,104,701949,3841,3860388,51653,579.1479490961539,23,74,7,0,12,91,1,0,16,0,88
2011-08-10 14:52:36,Attack,87,0,89,1012036,62234,3277537,58228,597.7630392247191,36,43,10,0,8,75,6,0,16,1,71
2011-08-10 14:52:37,Attack,119,0,120,972752,7453,4745603,62920,517.312681475,41,72,7,0,15,103,2,0,17,0,103
2011-08-10 14:52:38,Normal,135,0,135,1196107,5718,5141794,57199,557.055268348148,41,85,9,0,14,119,2,0,15,0,119
2011-08-10 14:52:39,Normal,105,0,105,861973,6600,3589953,1173,572.003699,39,56,10,0,12,91,2,0,16,0,89
2011-08-10 14:52:40,Attack,126,0,129,1426528,17187,4370918,35611,709.4230040930233,42,70,17,0,27,96,6,0,28,2,99
2011-08-10 14:52:41,Normal,146,0,146,1241669,7507,5721286,48639,488.23802077397266,44,90,12,0,26,111,9,0,24,2,117
2011-08-10 14:52:42,Normal,119,3,122,787093,7087,5104569,59413,224.4333809590164,37,59,26,0,2,99,21,0,16,2,104
2011-08-10 14:52:43,Normal,104,0,104,1168735,4233,4173181,51289,523.3557468942308,30,59,15,0,14,83,7,0,15,1,88
2011-08-10 14:52:44,Attack,93,0,94,994073,17459,3543814,52594,328.1707505106383,33,56,5,0,6,79,9,0,18,1,75
2011-08-10 14:52:45,Normal,94,0,94,1027138,15110,3374710,27024,535.4609915638299,47,42,5,0,10,83,1,0,10,0,84
2011-08-10 14:52:46,Normal,102,0,102,891267,7660,4132975,55291,623.955874607843,40,56,6,0,11,86,5,0,16,0,85
2011-08-10 14:52:47,Normal,101,1,102,1159419,17108,3684064,37339,499.97016516666673,38,61,3,0,10,91,1,0,21,2,78
2011-08-10 14:52:48,Normal,93,6,99,994367,2539,3578257,25557,717.3388754545455,34,51,14,0,8,90,1,0,8,1,90
2011-08-10 14:52:49,Normal,107,0,107,941161,18572,4092128,59984,519.6458966448598,44,52,11,0,11,94,2,0,16,0,91
2011-08-10 14:52:50,Attack,101,0,102,1050821,62999,4085973,17910,524.1473958627452,30,61,11,0,15,85,2,0,17,2,82
2011-08-10 14:52:51,Attack,95,0,99,1109840,4121,3077751,43903,581.4649152727272,30,60,9,0,21,73,5,0,22,0,77
2011-08-10 14:52:52,Normal,94,3,97,676514,19169,3833963,10025,512.5804940309279,28,61,8,0,7,88,2,0,9,0,87
2011-08-10 14:52:53,Normal,109,0,109,1062895,52249,4352377,39181,392.77755604587156,22,80,7,0,18,76,15,0,32,2,74
2011-08-10 14:52:54,Normal,120,9,129,906576,19160,5039635,15835,355.7121167286822,37,90,2,0,33,87,9,0,36,1,92
2011-08-10 14:52:55,Normal,93,9,102,955645,18153,3865767,34777,535.3833518823529,35,57,10,0,10,87,5,0,17,1,84
2011-08-10 14:52:56,Normal,73,0,73,1086798,15541,2403909,50261,818.6893108219178,29,36,8,0,9,61,3,0,8,1,64
2011-08-10 14:52:57,Attack,97,0,99,968017,2952,3382860,18846,508.00541020202013,38,60,1,0,15,83,1,0,9,1,89
2011-08-10 14:52:58,Attack,94,0,95,847438,17443,3402446,3273,562.2160239789474,33,53,9,0,14,81,0,0,19,2,74
2011-08-10 14:52:59,Normal,159,0,159,1220758,20538,4050721,63662,498.5272649056604,40,104,15,0,11,147,1,0,54,1,104
2011-08-10 14:53:00,Normal,239,0,239,1345218,23130,11006267,25949,229.86210222594144,34,193,12,0,16,217,6,0,11,1,224
2011-08-10 14:53:01,Attack,105,0,106,1103651,16976,3690640,50200,697.2756742735847,43,54,9,0,12,90,4,0,15,2,89
2011-08-10 14:53:02,Normal,93,3,96,805723,6872,3582836,23200,473.84318077083327,33,60,3,0,8,84,4,0,15,0,81
2011-08-10 14:53:03,Normal,119,0,119,1114510,17409,4016565,37953,522.3843840420169,44,69,6,0,8,99,12,0,21,0,98
2011-08-10 14:53:04,Normal,172,0,172,1402072,9469,7413263,58824,396.5465404360466,40,122,10,0,22,135,15,0,37,1,134
2011-08-10 14:53:05,Attack,133,0,135,1178381,20826,5227587,16526,631.9143905407407,48,79,8,0,25,109,1,0,24,1,110
2011-08-10 14:53:06,Normal,140,0,140,797419,22053,5631135,32483,327.1604139071428,42,84,14,0,30,107,3,0,36,0,103
2011-08-10 14:53:07,Normal,181,0,181,1121431,8542,7368849,37182,403.21185598895033,36,133,12,0,43,125,13,0,53,1,126
2011-08-10 14:53:08,Normal,168,0,168,914470,20914,7323266,12988,372.07388072023804,23,129,16,0,12,151,5,0,15,2,151
2011-08-10 14:53:09,Normal,103,0,103,1070380,17085,3916085,14134,711.535404330097,30,65,8,0,15,81,7,0,21,1,81
2011-08-10 14:53:10,Normal,134,0,134,1220323,5269,5148250,1944,450.505716238806,30,98,6,0,21,104,9,0,27,5,102
2011-08-10 14:53:11,Attack,167,3,174,1508528,24675,6479450,20762,492.96169546551715,35,128,11,0,26,119,29,0,52,5,117
2011-08-10 14:53:12,Attack,377,5,385,1368686,32150,18159003,46169,278.30469885714285,35,343,7,0,32,333,20,0,47,5,333
2011-08-10 14:53:13,Normal,138,1,139,1509704,19823,5023131,11281,559.6653108848922,36,94,9,0,28,102,9,0,31,5,101
2011-08-10 14:53:14,Normal,155,0,155,1181170,6349,6167086,58921,363.1431724774193,41,104,10,0,13,141,1,0,12,6,136
2011-08-10 14:53:15,Normal,124,0,124,1159655,18873,4418102,58929,594.1627175887098,40,72,12,0,17,102,5,0,24,2,97
2011-08-10 14:53:16,Normal,111,0,111,1166957,3008,4231795,2322,634.0706811621621,44,59,8,0,11,96,4,0,18,2,90
2011-08-10 14:53:17,Normal,89,0,89,1062923,55830,3086394,58927,684.6697866966292,39,44,6,0,5,80,4,0,8,1,80
2011-08-10 14:53:18,Attack,118,3,123,996825,18425,4486249,19182,517.0502624634146,35,79,9,0,11,105,7,0,19,0,104
2011-08-10 14:53:19,Attack,109,0,111,1192981,17141,3937972,17069,511.4859329909909,35,70,6,0,15,90,6,0,16,1,93
2011-08-10 14:53:20,Normal,118,0,118,1009833,5042,4712853,57964,500.3578258389831,31,74,13,0,14,98,6,0,11,1,106
2011-08-10 14:53:21,Normal,143,0,143,1028499,7964,5423755,56700,431.1900828951049,33,103,7,0,29,110,4,0,38,0,104
2011-08-10 14:53:22,Attack,142,3,146,937089,18799,6158340,37088,329.2149441780822,42,97,7,0,16,126,4,0,22,1,123
2011-08-10 14:53:23,Normal,104,0,104,1012825,16663,3837515,9656,642.4732187211539,40,57,7,0,8,94,2,0,12,2,90
2011-08-10 14:53:24,Normal,109,0,109,1102274,16651,3702497,11462,543.888883412844,36,63,10,0,9,97,3,0,12,1,96
2011-08-10 14:53:25,Normal,106,0,106,1163975,18114,3776759,24206,638.9697087641509,43,52,11,0,8,88,10,0,18,1,87
2011-08-10 14:53:26,Attack,120,0,121,1047536,10278,4641552,14294,414.5458685289256,37,73,11,0,16,93,12,0,20,1,100
2011-08-10 14:53:27,Normal,151,0,151,789269,23147,6593046,10626,372.6634007019867,29,116,6,0,22,122,7,0,26,3,121
2011-08-10 14:53:28,Normal,150,0,150,1986062,7562,5175142,53847,640.1505971333335,40,104,6,0,52,84,13,1,43,0,102
2011-08-10 14:53:29,Normal,126,0,126,1525526,16850,4410202,54465,733.6116311507939,38,76,12,0,24,99,2,1,12,2,110
2011-08-10 14:53:30,Normal,110,0,110,1123614,17062,4211428,2704,544.9967920545455,32,69,9,0,13,91,6,0,13,0,97
2011-08-10 14:53:31,Normal,113,0,113,1328165,51637,4012667,850,599.5205473805311,41,63,9,0,22,88,2,1,16,1,93
2011-08-10 14:53:32,Attack,129,3,135,964388,24740,5083506,26790,432.701009162963,36,93,6,0,19,103,11,2,28,0,106
2011-08-10 14:53:33,Attack,107,0,112,1135079,17852,3900056,34220,625.6884921964286,42,62,8,0,14,93,4,1,14,2,95
2011-08-10 14:53:34,Normal,116,0,116,1136972,7434,4593654,34333,580.4644864913793,40,71,5,0,12,102,2,0,14,2,97
2011-08-10 14:53:35,Normal,93,0,93,935978,17600,3456674,24609,577.2257714086022,33,57,3,0,14,68,11,0,20,3,70
2011-08-10 14:53:36,Normal,128,2,130,1803114,3492,4037640,59597,796.0022534846154,29,88,13,0,36,89,5,0,29,3,96
2011-08-10 14:53:37,Normal,89,0,89,779464,3374,3300597,53747,487.8964916629214,32,48,9,0,6,78,5,0,14,1,74
2011-08-10 14:53:38,Normal,122,0,122,1619667,16045,4429990,23720,440.5876889262294,40,76,6,0,14,101,7,0,17,3,102
2011-08-10 14:53:39,Attack,112,0,115,1132834,17945,4346627,24836,459.3423446347827,37,68,10,0,21,88,6,0,19,1,94
2011-08-10 14:53:40,Attack,126,0,128,1604784,17964,4559546,54825,640.3814996718751,42,74,12,0,17,105,6,0,14,2,112
2011-08-10 14:53:41,Normal,92,0,92,978326,7254,3192614,2324,553.5024780326087,38,49,5,0,6,84,2,0,8,4,80
2011-08-10 14:53:42,Normal,129,3,132,862048,23651,5349189,46809,481.4570606363636,30,89,13,0,36,86,10,0,50,2,79
2011-08-10 14:53:43,Attack,81,0,82,881718,3390,2837673,49173,688.3344360121952,32,45,5,0,7,73,2,0,7,2,72
2011-08-10 14:53:44,Normal,93,0,93,723942,18526,3318975,46723,405.246845,40,47,6,0,2,90,1,0,14,1,78
2011-08-10 14:53:45,Normal,112,0,112,938556,18315,4232253,12691,583.0229583214286,42,60,10,0,8,103,1,0,15,0,97
2011-08-10 14:53:46,Normal,89,0,89,741721,4622,3579371,45667,396.6434660898878,31,53,5,0,7,79,3,0,12,1,76
2011-08-10 14:53:47,Attack,91,0,92,1131358,2292,3415886,59865,697.1381362826088,44,37,11,0,10,81,1,0,14,2,76
2011-08-10 14:53:48,Normal,104,0,104,790904,20915,3972879,49544,541.9239635865384,39,57,8,0,7,93,4,0,12,1,91
2011-08-10 14:53:49,Normal,94,3,97,893085,17030,3942073,3901,456.2230668350516,33,59,5,0,14,79,4,0,14,0,83
2011-08-10 14:53:50,Normal,201,0,201,1338217,22653,8565636,10082,351.2617414577115,51,142,8,0,43,153,5,0,45,0,156
2011-08-10 14:53:51,Normal,195,0,195,971025,8167,9302944,57525,335.35709964615387,36,154,5,0,27,161,7,0,33,0,162
2011-08-10 14:53:52,Normal,87,3,90,665253,17122,3561628,31961,608.2450360444444,37,52,1,0,5,84,1,0,9,1,80
2011-08-10 14:53:53,Attack,84,0,88,990821,2502,3077610,46477,362.2434211477273,30,51,7,0,5,77,6,0,9,1,78
2011-08-10 14:53:54,Attack,110,0,113,1238833,18071,4003308,12742,666.2241672920354,44,65,4,0,13,98,2,0,8,4,101
2011-08-10 14:53:55,Normal,97,0,97,811234,17331,3817152,50661,554.6889743195876,31,61,5,0,7,79,10,1,22,0,75
2011-08-10 14:53:56,Normal,167,0,167,937047,21412,6854507,56874,324.64892025748503,30,127,10,0,31,110,26,0,56,1,110
2011-08-10 14:53:57,Normal,169,0,169,1492561,6572,6569475,62259,481.3338272011835,43,120,6,0,38,119,12,0,45,1,122
2011-08-10 14:53:58,Normal,112,0,112,883377,38460,3661489,37395,381.02978061607143,32,75,5,0,22,76,14,0,29,0,83
2011-08-10 14:53:59,Normal,109,0,109,1222436,3823,4110319,52215,527.3180896972476,36,64,9,0,11,92,6,0,11,1,97
2011-08-10 14:54:00,Attack,99,0,103,961847,16485,3793468,54905,579.2134836019417,29,66,8,0,17,83,3,0,17,2,84
2011-08-10 14:54:01,Attack,114,0,115,1071104,18186,4547603,20358,485.8175935478261,36,74,5,0,14,98,3,0,15,0,99
2011-08-10 14:54:02,Normal,110,3,113,1225118,19324,4282549,17066,669.9754038230088,44,64,5,0,15,95,3,0,18,2,93
2011-08-10 14:54:03,Normal,100,0,100,862208,17122,3878939,25380,638.2129729300001,39,57,4,0,6,90,4,0,6,1,93
2011-08-10 14:54:04,Attack,133,0,137,1137410,19576,5683899,43037,337.97264869343064,23,106,8,0,24,105,8,0,26,2,109
2011-08-10 14:54:05,Normal,116,0,116,1022696,17161,4399931,37988,509.0787065431034,40,63,13,0,32,83,1,0,31,2,82
2011-08-10 14:54:06,Normal,125,0,125,1116197,5971,4915304,46431,362.3121086239999,53,69,3,0,15,102,8,0,20,2,103
2011-08-10 14:54:07,Normal,110,0,110,875693,18647,4549745,41187,458.6477135454545,35,64,11,0,28,80,2,0,31,2,77
2011-08-10 14:54:08,Attack,126,0,129,1039245,5060,4913842,2317,339.2409296434109,40,82,7,0,27,93,9,0,36,3,90
2011-08-10 14:54:09,Normal,120,0,120,919185,17741,4811810,7851,422.3586249583333,32,80,8,0,32,86,2,0,30,0,90
2011-08-10 14:54:10,Normal,113,0,113,886224,17953,4604471,49870,579.0286095486726,43,66,4,0,20,89,4,0,26,2,84
2011-08-10 14:54:11,Normal,129,0,129,1086118,8259,4882786,51848,467.91394751162795,35,89,5,0,28,92,9,0,30,3,96
2011-08-10 14:54:12,Normal,106,3,109,829388,35658,4422132,50702,309.38071706422016,40,64,5,0,26,79,4,0,35,3,71
2011-08-10 14:54:13,Normal,141,0,141,917264,8996,5640085,45661,402.83065739007094,30,103,8,0,51,85,5,0,62,2,76
2011-08-10 14:54:14,Attack,152,0,156,1238785,19010,5705857,43486,532.1405241346154,43,103,10,0,26,123,7,0,34,2,120
2011-08-10 14:54:15,Attack,172,0,176,1797141,20853,6818218,54458,439.7756615738636,40,131,5,0,57,107,12,0,55,4,117
2011-08-10 14:54:16,Normal,187,0,187,1047825,9764,8106634,52043,270.63355857219244,27,148,12,0,43,125,19,0,55,3,129
2011-08-10 14:54:17,Normal,151,0,151,933623,7944,6443494,40896,388.7043597417219,34,110,7,0,23,90,38,0,59,2,90
2011-08-10 14:54:18,Normal,100,0,100,903089,38572,3706894,54487,502.57841811999987,34,63,3,0,20,64,16,0,34,0,66
2011-08-10 14:54:19,Normal,188,0,188,776459,9402,7888009,51957,244.37411042021276,34,150,4,0,22,150,16,0,44,1,143
2011-08-10 14:54:20,Attack,118,3,122,856435,12425,4840248,24587,382.9487047622951,34,84,4,0,24,92,6,0,29,0,93
2011-08-10 14:54:21,Attack,128,0,131,996401,20513,4669604,41094,431.3538984580153,32,93,6,0,38,84,9,0,45,1,83
2011-08-10 14:54:22,Attack,111,3,115,777356,19524,4708530,62921,354.8122968086957,23,88,4,0,35,76,4,0,39,2,73
2011-08-10 14:54:23,Normal,120,0,120,1240297,35051,4919094,14905,643.3383938666666,35,77,8,0,29,84,7,0,39,2,79
2011-08-10 14:54:24,Normal,142,0,142,992333,19433,5328274,10745,324.2306674295774,30,101,11,0,31,108,3,0,37,3,102
2011-08-10 14:54:25,Attack,117,0,120,893454,5246,4778823,53771,414.41320006666666,39,74,7,0,14,103,3,0,19,1,100
2011-08-10 14:54:26,Normal,115,0,115,1002182,4428,4522708,35602,527.5003322434783,36,69,10,0,17,96,2,0,17,1,97
2011-08-10 14:54:27,Normal,126,0,126,1143378,18776,4882584,41440,367.2734193412699,41,76,9,0,10,112,4,0,24,2,99
2011-08-10 14:54:28,Normal,117,0,117,685275,17881,4858283,8001,405.3594256324787,24,85,8,0,16,95,5,1,28,1,87
2011-08-10 14:54:29,Attack,96,0,97,948143,2546,3632967,56682,527.5958188041237,30,60,7,0,17,77,1,2,16,0,79
2011-08-10 14:54:30,Normal,128,0,128,849704,19775,4994895,31416,469.991954796875,31,87,10,0,21,103,4,0,30,2,96
2011-08-10 14:54:31,Normal,168,0,168,690244,21997,7044554,2117,218.32584820238094,33,132,3,0,45,117,6,0,59,1,108
2011-08-10 14:54:32,Normal,117,3,120,1181105,3739,4087754,58328,675.51485265,36,76,8,0,22,93,4,1,23,3,93
2011-08-10 14:54:33,Normal,119,5,124,966727,18064,4754242,44536,468.0131025967742,39,75,10,0,8,103,13,0,24,2,98
2011-08-10 14:54:34,Normal,112,15,127,679187,19380,4715154,22230,255.7149520472441,27,98,2,0,23,96,8,0,36,2,89
2011-08-10 14:54:35,Attack,125,0,129,1144183,4476,4671587,58551,589.3799044108528,37,86,6,0,24,97,7,1,28,1,99
2011-08-10 14:54:36,Attack,131,2,136,1080487,6072,4773753,51876,322.38889454411765,40,89,7,0,23,102,11,0,36,2,98
2011-08-10 14:54:37,Normal,127,0,127,1268786,19278,4309383,62763,515.0948651102361,49,73,5,0,14,105,8,0,17,3,107
2011-08-10 14:54:38,Normal,115,4,119,977382,5730,4330115,57604,378.83752677310923,32,83,4,0,21,91,7,0,25,0,94
2011-08-10 14:54:39,Normal,176,0,176,968273,8016,6860405,50081,428.40414511363633,46,114,16,0,21,144,11,0,39,0,136
2011-08-10 14:54:40,Normal,133,0,133,815586,19578,5381069,49379,310.3947139774436,25,100,8,0,18,110,5,0,30,1,102
2011-08-10 14:54:41,Attack,133,0,135,1029258,5899,5199392,37999,435.1898808000001,40,87,8,0,17,111,7,0,34,0,101
2011-08-10 14:54:42,Normal,107,5,112,901815,4530,3816419,2317,426.3702271964286,32,72,8,0,20,90,2,0,25,1,84
2011-08-10 14:54:43,Attack,92,0,93,854993,4311,3483758,54539,500.3420492688171,39,44,10,0,12,76,5,0,20,0,73
2011-08-10 14:54:44,Normal,96,0,96,1099947,17049,3258350,17065,387.01471100000003,39,49,8,0,9,87,0,0,6,1,89
2011-08-10 14:54:45,Normal,130,0,130,1161939,17671,4821999,16179,495.3805916923077,43,80,7,0,17,111,2,0,17,2,110
2011-08-10 14:54:46,Attack,122,0,124,1023788,18645,4770725,4368,495.7261051693549,43,77,4,0,12,108,4,0,13,1,110
2011-08-10 14:54:47,Normal,115,0,115,900678,17436,4226271,26699,351.00462319130435,36,65,14,0,9,94,12,0,20,2,93
2011-08-10 14:54:48,Normal,106,0,106,903692,66651,3485777,18770,391.7669039716981,34,66,6,0,15,73,18,0,35,0,71
2011-08-10 14:54:49,Normal,144,0,144,954399,7546,5355958,34265,381.4223255416666,42,97,5,0,25,111,8,0,35,1,108
2011-08-10 14:54:50,Attack,149,0,150,1060709,8674,6077075,46201,297.15077436,36,107,7,0,21,110,19,0,45,2,103
2011-08-10 14:54:51,Normal,93,3,96,1125619,4572,3782943,56119,570.7050135104167,30,58,8,0,18,73,5,0,25,3,68
2011-08-10 14:54:52,Normal,113,3,116,1268610,56908,4272346,14133,587.5148111293103,37,73,6,0,23,90,3,0,26,2,88
2011-08-10 14:54:53,Normal,93,0,93,1270548,16651,2750115,2400,812.3219755806452,34,49,10,0,18,70,5,0,13,1,79
2011-08-10 14:54:54,Normal,113,0,113,1511371,17233,3920935,52891,533.4306085398231,46,60,7,0,20,89,4,0,17,3,93
2011-08-10 14:54:55,Normal,109,0,109,1048459,17871,4084437,10986,484.4476173211009,35,69,5,0,25,83,1,0,16,0,93
2011-08-10 14:54:56,Attack,102,0,106,789540,7710,4321809,45669,490.00317515094343,22,80,4,0,18,74,14,0,31,0,75
2011-08-10 14:54:57,Attack,99,0,102,1107012,16507,3650813,33832,593.3534499313726,40,52,10,0,13,85,4,0,15,1,85
2011-08-10 14:54:58,Normal,113,0,113,1399124,16250,3648037,23151,612.9605850530975,41,67,5,0,26,87,0,0,16,1,96
2011-08-10 14:54:59,Normal,228,0,228,1033413,24909,10957668,15897,273.8842176622807,45,175,8,0,14,210,4,0,25,0,203
2011-08-10 14:55:00,Normal,118,0,118,746292,19757,4877623,31156,416.8475724745763,41,72,5,0,23,94,1,0,24,0,94
2011-08-10 14:55:01,Normal,149,0,149,819550,20123,6358709,18226,233.5635125167785,39,102,8,0,35,112,2,0,40,0,109
2011-08-10 14:55:02,Attack,160,3,169,1051406,22412,6635146,34608,276.9413690414201,35,125,9,0,50,112,7,0,64,1,104
2011-08-10 14:55:03,Normal,129,0,129,1379783,5817,4524759,54853,468.30943146511623,42,84,3,0,36,89,4,0,34,1,92
2011-08-10 14:55:04,Attack,108,0,111,799246,19780,4166659,11115,276.19763956756765,32,73,6,0,23,84,4,0,34,0,77
2011-08-10 14:55:05,Normal,148,0,148,912730,6559,6045679,57709,312.11420637162166,41,96,11,0,25,119,3,1,33,4,111
2011-08-10 14:55:06,Normal,133,0,133,1069271,4747,5181295,52095,371.0294731954887,44,81,8,0,26,107,0,0,30,0,103
2011-08-10 14:55:07,Attack,112,0,113,1257611,4161,4215323,58307,686.5170783274338,40,64,9,0,21,88,4,0,21,1,91
2011-08-10 14:55:08,Normal,113,0,113,1384333,38429,3875883,13371,474.1142683716814,56,47,10,0,7,104,2,0,11,1,101
2011-08-10 14:55:09,Normal,117,0,117,1180974,4355,3924171,55509,564.9240174273505,43,69,5,0,10,102,5,0,19,4,94
2011-08-10 14:55:10,Normal,106,0,106,1085702,3556,3620092,37145,533.762896735849,34,66,6,0,9,91,6,0,9,4,93
2011-08-10 14:55:11,Attack,113,0,114,1165952,17115,4127759,53080,549.030881885965,41,62,11,0,7,101,6,0,15,0,99
2011-08-10 14:55:12,Normal,105,3,108,1323473,3251,3747076,38809,645.8042892685185,34,67,7,0,16,86,6,0,16,0,92
2011-08-10 14:55:13,Normal,94,0,94,1061977,3567,3075535,42838,767.8790878510638,42,41,11,0,11,78,5,0,15,1,77
2011-08-10 14:55:14,Normal,98,0,98,1013757,15956,3597028,58225,536.7250742653061,37,55,6,0,5,85,8,0,20,0,77
2011-08-10 14:55:15,Normal,105,0,105,1093890,3766,3879894,34476,391.14880409523806,47,52,6,0,7,92,6,0,15,1,89
2011-08-10 14:55:16,Normal,140,0,140,1505990,18409,5039120,10491,436.7212477714285,42,85,13,0,23,112,5,0,23,1,116
2011-08-10 14:55:17,Attack,96,0,99,1139530,15847,3551107,7323,577.3953633535355,36,52,11,0,12,82,5,0,18,0,81
2011-08-10 14:55:18,Attack,117,0,120,839329,4884,4681278,51773,392.7957494,35,78,7,0,13,103,4,0,17,0,103
2011-08-10 14:55:19,Normal,96,0,96,748748,4579,3791181,34646,435.6079614895834,30,60,6,0,18,76,2,0,21,0,75
2011-08-10 14:55:20,Normal,103,0,103,845050,50867,4368129,45249,361.6857144368932,33,63,7,0,10,90,3,0,14,0,89
2011-08-10 14:55:21,Normal,152,0,152,1529002,21050,5638328,17357,598.9695449605264,41,107,4,0,28,109,15,0,22,1,129
2011-08-10 14:55:22,Normal,172,6,178,828897,21729,8152239,35316,268.1779308651686,29,144,5,0,8,162,8,0,13,2,162
2011-08-10 14:55:23,Attack,111,0,114,894701,5397,4227244,59829,489.7846518245614,30,80,4,0,17,91,6,0,23,1,90
2011-08-10 14:55:24,Normal,139,0,139,1002507,7627,5610747,49453,341.0685753597122,34,98,7,0,44,90,4,1,42,3,94
2011-08-10 14:55:25,Attack,107,0,108,942149,17432,4134003,42167,642.1616218518518,31,70,7,0,14,90,4,0,18,1,87
2011-08-10 14:55:26,Normal,119,0,119,1051200,19896,4570472,15540,487.35165027731097,35,75,9,0,16,96,7,0,18,0,101
2011-08-10 14:55:27,Normal,102,0,102,1319460,2548,3737204,45837,812.7832166176472,41,50,11,0,9,87,6,0,6,0,96
2011-08-10 14:55:28,Attack,84,0,85,797691,2116,2968733,47228,712.7722028941178,31,50,4,0,13,68,3,1,16,1,67
2011-08-10 14:55:29,Normal,110,0,110,1108163,17055,4043162,53121,542.3686438999999,33,63,14,0,11,95,3,1,11,0,98
2011-08-10 14:55:30,Normal,128,0,128,1434229,44827,4624653,52095,793.2584740078125,42,78,8,0,36,88,3,1,33,2,92
2011-08-10 14:55:31,Normal,148,0,148,1092598,20187,5870102,12625,527.4292528243244,48,93,7,0,8,134,5,1,10,1,136
2011-08-10 14:55:32,Attack,210,3,214,2974040,8859,8684920,41244,184.81536673831775,36,172,6,0,81,122,11,0,51,3,160
2011-08-10 14:55:33,Normal,165,0,165,1368970,21503,6889083,2950,292.7687763151515,35,115,15,0,22,138,5,0,29,1,135
2011-08-10 14:55:34,Normal,172,0,172,1361419,8148,7018195,52429,381.33781913953493,32,131,9,0,40,126,5,1,44,2,125
2011-08-10 14:55:35,Normal,84,0,84,829959,17652,3141887,36418,318.9678942261905,33,48,3,0,12,72,0,0,15,2,67
2011-08-10 14:55:36,Normal,116,0,116,1013415,55404,4932483,1289,350.5353249051724,34,78,4,0,29,81,6,0,41,3,72
2011-08-10 14:55:37,Normal,118,0,118,1168988,18312,4271923,32046,617.5942763050847,40,72,6,0,22,96,0,0,24,0,94
2011-08-10 14:55:38,Attack,93,0,95,967941,20126,3475560,16113,494.55102443157904,36,53,6,0,19,67,9,0,24,0,71
2011-08-10 14:55:39,Attack,76,0,80,1011094,11556,2384420,38834,413.11627448750005,38,36,6,0,13,64,3,0,17,1,62
2011-08-10 14:55:40,Normal,109,0,109,1628973,16595,4227539,39752,672.8389726972476,47,51,11,0,19,90,0,0,18,2,89
2011-08-10 14:55:41,Normal,166,0,166,1285150,29340,6412946,779,518.9642728674698,46,114,6,0,18,144,4,0,16,2,148
2011-08-10 14:55:42,Normal,172,3,175,1722800,11055,6992414,46747,500.03871869142847,41,112,22,0,29,116,30,0,31,1,143
2011-08-10 14:55:43,Normal,116,0,116,1952764,16594,4507160,19049,548.6204098362069,37,73,6,0,28,85,3,0,12,0,104
2011-08-10 14:55:44,Attack,149,0,155,1255285,9476,5406060,47856,382.16301216129034,36,108,11,0,24,124,7,0,30,1,123
2011-08-10 14:55:45,Normal,133,0,133,929524,59271,5275086,52484,372.99827056390984,36,90,7,0,36,92,5,0,36,2,95
2011-08-10 14:55:46,Normal,146,0,146,949710,7734,6047136,40581,372.4686456164384,34,105,7,0,17,121,7,1,22,1,123
2011-08-10 14:55:47,Attack,148,2,152,1249356,8327,6245432,59630,509.52942748026317,39,107,6,0,18,130,3,1,32,2,118
2011-08-10 14:55:48,Normal,91,0,91,648050,17631,3610093,25535,373.5744462087913,34,53,4,0,10,78,3,0,15,0,76
2011-08-10 14:55:49,Attack,106,0,108,992954,16915,4011383,12644,569.5328880740741,33,61,14,0,6,97,5,0,9,1,98
2011-08-10 14:55:50,Normal,94,0,94,912332,17071,3394582,25994,401.4708424255319,43,49,2,0,6,88,0,0,12,0,82
2011-08-10 14:55:51,Normal,102,0,102,1000971,16504,3846280,23823,523.9463544313727,37,55,10,0,6,92,4,0,10,0,92
2011-08-10 14:55:52,Normal,113,3,116,992728,15912,3915290,55943,479.08807954310345,36,69,11,0,10,103,3,0,13,1,101
2011-08-10 14:55:53,Attack,108,3,112,1128407,17421,4569725,51523,712.4660097678571,36,69,7,0,18,88,6,0,21,0,90
2011-08-10 14:55:54,Normal,119,0,119,747198,4994,4891939,55242,378.4780885294118,33,78,8,0,19,97,3,0,24,0,95
2011-08-10 14:55:55,Normal,153,0,153,953620,8981,7100045,46669,420.4766822156862,35,104,14,0,19,130,4,0,27,1,125
2011-08-10 14:55:56,Normal,134,0,134,772381,45567,5740061,13363,636.1713067014925,41,90,3,0,7,125,2,0,7,0,127
2011-08-10 14:55:57,Normal,117,0,117,978485,19020,4474630,58352,472.9201084102565,37,69,11,0,18,95,4,0,21,2,93
2011-08-10 14:55:58,Normal,87,0,87,1083333,15417,2904618,19238,741.6486883218391,39,40,8,0,10,74,3,0,8,1,78
2011-08-10 14:55:59,Attack,111,0,115,993830,5567,3812449,34719,508.5982724956522,42,64,9,0,11,91,13,0,26,0,89
2011-08-10 14:56:00,Attack,93,0,97,1296584,14919,3197135,14044,736.0137566701031,44,45,8,0,6,84,7,0,9,1,86
2011-08-10 14:56:01,Normal,119,0,119,1536043,16452,3916749,51773,733.6161649159665,39,69,11,0,21,93,5,0,12,2,105
2011-08-10 14:56:02,Normal,117,3,120,1149324,59111,4266394,14475,627.279470975,29,84,7,0,10,106,4,0,12,2,106
2011-08-10 14:56:03,Attack,110,0,113,1113495,17949,4204664,39153,372.07789070796457,25,72,16,0,13,94,6,0,21,2,90
2011-08-10 14:56:04,Normal,153,0,153,1215810,20604,4542534,11249,686.3919883529411,50,98,5,0,46,104,3,0,42,0,111
2011-08-10 14:56:05,Attack,132,0,133,1055345,5084,4668789,47884,454.64307096992485,38,88,7,0,27,100,6,0,35,3,94
2011-08-10 14:56:06,Normal,116,0,116,1288749,4214,4629038,50678,643.9907108706896,40,68,8,0,19,93,4,0,16,2,98
2011-08-10 14:56:07,Normal,111,0,111,1028302,33172,4232225,61615,659.6135036306307,30,65,16,0,8,102,1,0,6,0,105
2011-08-10 14:56:08,Attack,139,0,140,1240210,5168,5300785,56059,508.69429889285715,51,83,6,0,17,117,6,0,16,0,124
2011-08-10 14:56:09,Normal,134,0,134,1206102,6593,5151357,53115,489.5564067014926,49,78,7,0,23,104,7,0,33,2,98
2011-08-10 14:56:10,Attack,135,0,136,1223535,6275,5396644,41572,486.64099762499995,37,90,9,0,22,110,4,0,19,2,114
2011-08-10 14:56:11,Normal,97,0,97,1035698,48480,3498088,14393,655.7413772680412,34,55,8,0,11,82,4,0,17,2,78
2011-08-10 14:56:12,Normal,98,3,101,684788,17092,4238095,52437,418.7334327128714,35,62,4,0,12,85,4,0,16,0,85
2011-08-10 14:56:13,Normal,114,0,114,1218466,16246,4406162,21136,599.0402459210527,39,65,10,0,10,101,3,0,7,0,107
2011-08-10 14:56:14,Attack,113,0,115,1427466,57355,4144153,1190,633.2003574347827,45,64,6,0,16,96,3,0,15,2,98
2011-08-10 14:56:15,Normal,128,0,128,1933656,32486,4118414,15676,616.0097322500001,45,79,4,0,28,96,4,0,13,3,112
2011-08-10 14:56:16,Normal,111,0,111,1132518,17436,4176074,64235,623.5007965765766,43,61,7,0,12,97,2,0,14,2,94
2011-08-10 14:56:17,Normal,82,0,82,858627,16951,3112078,59769,631.9165693902438,28,43,11,0,10,72,0,0,15,1,66
2011-08-10 14:56:18,Normal,96,0,96,634221,7830,3949800,58954,386.49607288541665,23,69,4,0,11,84,1,0,8,0,88
2011-08-10 14:56:19,Normal,102,0,102,1099068,16274,3552232,27741,439.93177899019605,32,66,4,0,16,85,1,0,12,1,89
2011-08-10 14:56:20,Attack,135,0,137,1133574,14247,4558274,14142,415.10456979562036,39,89,9,0,29,101,7,0,39,2,96
2011-08-10 14:56:21,Attack,96,0,101,1209826,42704,3032925,52546,604.251029039604,39,51,11,0,13,79,9,0,17,4,80
2011-08-10 14:56:22,Normal,169,3,172,1764010,21197,6351173,5155,390.5707722906977,44,118,10,0,46,115,11,0,46,3,123
2011-08-10 14:56:23,Normal,172,0,172,1133917,21112,7209192,60584,347.40170856976744,33,132,7,0,37,123,12,0,43,1,128
2011-08-10 14:56:24,Attack,83,3,88,834235,17434,3079555,9034,377.5136035909091,29,51,8,0,5,75,8,0,13,0,75
2011-08-10 14:56:25,Normal,165,0,165,1477339,65032,6758427,14225,471.45775401212126,39,116,10,0,37,113,15,0,43,3,119
2011-08-10 14:56:26,Normal,85,0,85,606704,18839,3296896,31663,520.4062331764706,24,45,16,0,6,71,8,0,9,0,76
2011-08-10 14:56:27,Normal,97,0,97,1190368,19527,3197799,33398,736.8432024226804,32,56,9,0,22,73,2,0,10,1,86
2011-08-10 14:56:28,Normal,146,0,146,1081664,6486,6230061,59842,372.52421573972606,38,102,6,0,24,107,13,2,44,2,98
2011-08-10 14:56:29,Attack,218,0,219,985941,11015,9864925,51459,371.99843705936075,40,171,8,0,42,165,11,1,48,2,167
2011-08-10 14:56:30,Normal,117,0,117,1038696,20890,4627557,64382,491.60629428205124,46,65,6,0,21,90,5,1,24,2,90
2011-08-10 14:56:31,Attack,127,0,129,1029689,19975,4755783,35131,444.10122619379837,35,84,10,0,29,90,10,0,38,1,90
2011-08-10 14:56:32,Normal,104,3,107,1012759,17243,3916139,3402,467.45247445794394,38,62,7,0,16,86,4,1,17,2,87
2011-08-10 14:56:33,Normal,156,0,156,1212175,20948,5934777,51047,563.9907218589743,36,106,14,0,14,137,5,0,28,2,125
2011-08-10 14:56:34,Normal,172,0,172,1093409,21051,6949427,30693,239.0256174011628,35,128,9,0,24,142,6,0,19,0,153
2011-08-10 14:56:35,Attack,135,0,136,1178358,4959,5239207,58970,330.848440742647,43,86,7,0,8,124,4,0,16,2,117
2011-08-10 14:56:36,Attack,73,0,74,746078,15742,2780780,65581,474.643325554054,23,47,4,0,8,64,2,0,9,3,62
2011-08-10 14:56:37,Normal,132,0,132,721094,19014,6016363,54515,352.10129661363635,30,97,5,0,15,102,15,0,35,0,97
2011-08-10 14:56:38,Normal,244,0,244,825862,14136,11526132,40137,263.44781893852456,30,208,6,0,34,170,40,0,68,0,176
2011-08-10 14:56:39,Normal,108,0,108,993814,17115,4184179,47082,367.4274186574073,35,67,6,0,13,95,0,0,18,0,90
2011-08-10 14:56:40,Normal,131,0,131,1307251,17253,5081279,58072,529.6673687328245,43,81,7,0,16,105,10,0,23,2,106
2011-08-10 14:56:41,Attack,164,0,166,1212354,19777,4297921,24756,538.0531995783132,48,111,7,0,49,111,6,0,58,1,107
2011-08-10 14:56:42,Attack,142,3,148,1076173,18888,4445181,24141,360.37938663513506,41,94,13,0,27,119,2,0,35,1,111
2011-08-10 14:56:43,Normal,81,0,81,693344,43336,2901290,1723,574.7078666419753,23,52,6,0,10,69,2,0,11,0,70
2011-08-10 14:56:44,Normal,124,0,124,1078399,17110,4849459,15131,582.1338519112902,48,69,7,0,5,117,2,0,10,4,109
2011-08-10 14:56:45,Attack,110,0,111,1165667,52749,4241678,43995,497.7988024504504,40,62,9,0,10,98,3,0,11,3,97
2011-08-10 14:56:46,Attack,97,0,98,879677,2959,3662111,5345,492.5999456632654,25,60,13,0,9,76,13,0,20,2,76
2011-08-10 14:56:47,Normal,139,0,139,1065028,7640,5751011,53164,345.5836684028777,42,89,8,0,12,103,24,0,34,1,103
2011-08-10 14:56:48,Normal,115,0,115,1059733,16886,4595929,38540,443.7667464173912,31,74,10,0,15,97,3,0,16,1,98
2011-08-10 14:56:49,Normal,100,0,100,762216,18302,3800259,29008,438.4817192100001,33,59,8,0,8,92,0,0,16,0,84
2011-08-10 14:56:50,Attack,134,0,135,1681351,17092,4833987,51672,827.0673592,45,80,10,0,26,105,4,0,25,1,108
2011-08-10 14:56:51,Normal,173,2,175,1401919,21806,6917416,60956,344.6917304114286,31,137,7,0,50,117,8,0,46,0,129
2011-08-10 14:56:52,Attack,92,3,96,923549,15953,3391481,59811,625.1472948958334,24,65,7,0,14,75,7,0,19,0,77
2011-08-10 14:56:53,Normal,86,0,86,939989,15965,2776606,15649,635.4859017209302,35,41,10,0,4,80,2,0,7,1,78
2011-08-10 14:56:54,Normal,126,3,129,1175597,42225,4331059,33821,626.4611026124031,46,78,5,0,25,101,2,1,25,0,104
2011-08-10 14:56:55,Normal,108,0,108,1232467,16959,3616578,5429,678.2203666759259,29,71,8,0,28,77,3,0,18,1,89
2011-08-10 14:56:56,Normal,99,0,99,1147555,16602,3553864,55303,462.9426946767677,48,45,6,0,18,80,1,0,17,1,81
2011-08-10 14:56:57,Attack,113,0,114,1503310,17780,3862235,10467,726.2458894824562,36,70,8,0,24,89,1,0,17,0,97
2011-08-10 14:56:58,Normal,130,0,130,1751373,18346,4306370,16050,702.4651748461539,46,81,3,0,27,97,6,0,11,3,116
2011-08-10 14:56:59,Normal,118,0,118,994596,38746,4332109,2517,495.8367336016949,37,73,8,0,6,111,1,0,8,1,109
2011-08-10 14:57:00,Normal,213,0,213,1245767,21750,10187571,61053,265.84930748826287,44,162,7,0,8,203,2,0,5,4,203
2011-08-10 14:57:01,Normal,168,0,168,1347748,20103,4830406,13887,339.17811662500003,39,116,13,0,41,116,11,0,50,2,116
2011-08-10 14:57:02,Attack,94,3,100,1113222,11820,3568978,4159,822.52402453,36,57,7,0,10,80,10,0,14,2,84
2011-08-10 14:57:03,Attack,152,0,155,935694,7911,5613803,61926,325.5184826967742,40,100,15,0,12,136,7,0,28,3,124
2011-08-10 14:57:04,Normal,106,0,106,1089015,17757,3630551,33940,466.5708828113208,37,58,11,0,12,87,7,0,20,2,84
2011-08-10 14:57:05,Normal,117,0,117,1253255,4736,3906529,50211,410.9407987094017,38,72,7,0,7,102,8,0,16,3,98
2011-08-10 14:57:06,Normal,84,0,84,724833,13656,2981491,58837,612.388912702381,36,42,6,0,6,74,3,1,11,0,73
2011-08-10 14:57:07,Attack,81,0,83,744078,4757,3154155,54850,490.5435670240964,24,50,9,0,14,65,4,0,19,0,64
2011-08-10 14:57:08,Normal,110,0,110,841375,19058,3889703,42752,578.6540707545455,38,67,5,0,12,95,2,1,17,1,92
2011-08-10 14:57:09,Normal,77,0,77,840066,15737,2410039,11537,829.2674184415583,30,37,10,0,10,64,3,0,12,1,64
2011-08-10 14:57:10,Normal,128,0,128,988297,19534,5060295,61958,419.72997689062504,31,91,6,0,7,111,10,0,17,3,107
2011-08-10 14:57:11,Attack,140,0,141,1033085,20723,5896048,10562,299.9677377659574,39,99,3,0,16,110,15,0,28,1,112
2011-08-10 14:57:12,Normal,79,3,82,921497,40890,3134327,42864,516.9000174390245,28,45,9,0,12,63,7,0,17,3,62
2011-08-10 14:57:13,Attack,97,0,99,1094121,16036,3302780,51560,666.5821894141413,38,50,11,0,8,86,4,1,10,3,85
2011-08-10 14:57:14,Normal,109,0,109,1168899,16610,4020309,21438,638.3902951192659,38,63,8,0,11,95,3,0,12,3,94
2011-08-10 14:57:15,Normal,159,0,159,1481428,10091,5824170,46452,412.63949996226427,44,100,15,0,32,116,11,0,39,1,119
2011-08-10 14:57:16,Normal,98,1,99,1505240,18411,3745462,9479,584.9782058686869,36,54,9,0,14,73,12,0,17,1,81
2011-08-10 14:57:17,Normal,113,0,113,1066124,19670,3925532,62547,390.1142728849557,41,64,8,0,13,91,9,0,28,0,85
2011-08-10 14:57:18,Attack,119,0,120,1187069,18690,3836408,26731,420.847950575,49,57,14,0,19,91,8,2,30,1,89
2011-08-10 14:57:19,Normal,111,0,111,1031054,11064,3556903,41679,523.5997982612613,40,63,8,0,20,86,5,0,23,0,88
2011-08-10 14:57:20,Normal,106,0,106,744150,18174,3623334,11173,526.9775122924527,35,63,8,0,23,82,1,0,26,0,80
2011-08-10 14:57:21,Normal,94,0,94,822854,5909,3686213,57650,462.4439470425532,29,57,8,0,13,76,5,0,15,0,79
2011-08-10 14:57:22,Normal,113,3,116,1104992,30504,3841675,14142,606.1650988706896,35,75,6,0,23,84,9,0,27,2,87
2011-08-10 14:57:23,Attack,107,0,110,1480031,16075,3440035,23833,685.1748468454546,35,63,12,0,17,85,8,0,14,0,95
2011-08-10 14:57:24,Attack,99,0,104,1285263,17181,2916215,16383,703.2383244134617,37,59,8,0,23,74,7,0,19,1,84
2011-08-10 14:57:25,Normal,144,3,147,1354884,24468,4860029,41029,376.97749361224487,43,91,13,0,28,113,6,0,32,1,113
2011-08-10 14:57:26,Normal,124,0,124,1415828,26663,4371380,15159,606.0913739274193,44,70,10,0,17,101,5,1,18,3,102
2011-08-10 14:57:27,Normal,88,0,88,1109841,15752,2960628,50039,588.16946925,38,47,3,0,9,71,8,0,10,4,74
2011-08-10 14:57:28,Attack,112,0,114,1190185,17778,3738372,22451,508.043543991228,37,67,10,0,16,89,8,1,27,0,86
2011-08-10 14:57:29,Normal,106,0,106,901496,18073,3312698,51426,303.36727542452826,39,60,7,0,20,84,0,2,26,1,77
2011-08-10 14:57:30,Attack,92,0,93,947471,17394,3111092,33717,440.7690537096774,35,48,10,0,14,76,3,0,17,2,74
2011-08-10 14:57:31,Normal,98,0,98,1165660,16082,3734769,52724,480.6509617040816,31,53,14,0,10,82,5,1,12,1,84
2011-08-10 14:57:32,Attack,170,3,174,1535342,8682,6619949,52054,501.5282932816092,41,130,3,0,33,135,5,1,24,1,147
2011-08-10 14:57:33,Normal,113,0,113,1534824,17056,3863883,50409,674.3434873716812,40,66,7,0,17,92,4,0,6,3,104
2011-08-10 14:57:34,Attack,120,0,121,1898952,18171,3603955,49554,511.87890804132235,35,81,5,0,31,84,6,0,17,6,98
2011-08-10 14:57:35,Normal,135,0,135,1864466,15419,4519129,35537,675.5070478888888,35,95,5,0,25,103,7,0,13,4,118
2011-08-10 14:57:36,Normal,97,0,97,1017588,4624,3464808,12079,730.9037755463918,45,45,7,0,15,80,2,0,19,2,76
2011-08-10 14:57:37,Normal,160,0,160,1962227,7916,5693846,43203,392.48880062499995,37,113,10,0,32,115,13,0,29,1,130
2011-08-10 14:57:38,Normal,122,0,122,820347,5337,4834158,35146,326.38181164754104,32,84,6,0,15,106,1,0,19,0,103
2011-08-10 14:57:39,Attack,82,0,85,1180924,15454,2762546,35943,715.0725325999999,32,46,7,0,16,64,5,0,16,3,66
2011-08-10 14:57:40,Normal,98,6,104,1024030,4284,3754856,55962,571.6918466826924,38,62,4,0,10,91,3,0,6,4,94
2011-08-10 14:57:41,Normal,81,4,85,758765,22510,3136194,13361,531.5697613294118,27,52,6,0,15,70,0,0,11,2,72
2011-08-10 14:57:42,Normal,106,3,109,936289,18516,4097249,29996,476.10046100917424,35,66,8,0,7,99,3,0,15,2,91
2011-08-10 14:57:43,Normal,86,0,86,884970,44777,2944448,13361,425.93248462790694,21,52,13,0,10,73,3,0,11,2,73
2011-08-10 14:57:44,Attack,107,0,109,1272080,23365,3031782,36756,504.56832229357803,34,69,6,0,30,68,11,0,39,2,68
2011-08-10 14:57:45,Attack,119,0,122,946356,18928,4596712,11113,425.67948388524593,32,83,7,0,19,100,3,0,25,2,95
2011-08-10 14:57:46,Normal,100,0,100,1217652,15867,3586473,39021,452.87492785999996,48,48,4,0,14,85,1,0,12,0,88
2011-08-10 14:57:47,Normal,132,0,132,1519601,3248,4459984,50207,559.7437953863637,47,74,11,0,12,110,10,0,19,1,112
2011-08-10 14:57:48,Attack,91,0,92,713057,4097,3637779,44276,506.81919692391295,29,54,9,0,13,76,3,0,13,2,77
2011-08-10 14:57:49,Normal,91,0,91,921381,17118,3471309,9429,570.3811008791209,42,41,8,0,11,79,1,0,13,0,78
2011-08-10 14:57:50,Attack,317,0,319,1375269,14048,14399667,50936,290.3077212257053,43,273,3,0,34,281,4,0,36,0,283
2011-08-10 14:57:51,Normal,125,0,125,652393,5681,5356057,49712,236.329417944,22,99,4,0,11,114,0,0,15,1,109
2011-08-10 14:57:52,Normal,110,3,113,1150654,17040,4373329,61209,533.6973090442477,38,67,8,0,8,101,4,0,14,0,99
2011-08-10 14:57:53,Attack,99,0,101,1319583,6195,3587278,3095,415.1992013762377,35,57,9,0,19,71,11,0,19,2,80
2011-08-10 14:57:54,Normal,105,0,105,1354473,16483,3763494,54887,558.2287997333333,35,61,9,0,13,87,5,0,13,2,90
2011-08-10 14:57:55,Attack,100,2,103,1179474,17121,4077099,53150,507.5465965631067,40,56,7,0,13,84,6,0,18,2,83
2011-08-10 14:57:56,Normal,127,3,130,905008,6517,5255042,50536,282.35973184615386,42,82,6,0,9,113,8,0,27,0,103
2011-08-10 14:57:57,Normal,127,0,127,1963048,53012,3653976,51603,602.7148097874016,36,74,17,0,44,80,3,0,31,1,95
2011-08-10 14:57:58,Normal,98,0,98,1015740,17486,3678370,23673,416.32658831632654,36,51,11,0,13,82,3,0,15,0,83
2011-08-10 14:57:59,Normal,75,0,75,900581,2076,2602257,52419,705.8389460666667,36,35,4,0,12,63,0,0,16,0,59
2011-08-10 14:58:00,Attack,130,0,131,1455906,18699,5099788,60682,473.3544822137404,36,84,11,0,25,105,1,0,14,0,117
2011-08-10 14:58:01,Normal,136,0,136,1325911,5532,4706662,60254,472.1399869485294,45,85,6,0,15,118,3,0,13,8,114
2011-08-10 14:58:02,Attack,113,3,117,819649,5713,4746867,53778,551.5324501111111,37,75,5,0,10,102,5,0,17,1,98
2011-08-10 14:58:03,Normal,85,0,85,897664,3739,3041657,4690,648.179675964706,33,45,7,0,9,75,1,0,16,2,67
2011-08-10 14:58:04,Normal,139,0,139,1399957,5693,5310398,57863,405.87836745323744,45,81,13,0,13,120,6,0,19,3,117
2011-08-10 14:58:05,Attack,103,0,105,837388,17371,4193489,58904,540.731912447619,37,60,8,0,8,94,3,0,17,1,87
2011-08-10 14:58:06,Attack,105,0,108,944128,16940,3968032,4726,374.20821412962965,32,65,11,0,11,96,1,0,17,1,90
2011-08-10 14:58:07,Normal,87,0,87,865694,16978,3190797,54552,720.8483952643677,31,49,7,0,12,71,3,1,16,0,71
2011-08-10 14:58:08,Normal,117,0,117,1387338,5956,3846041,782,672.2393268290599,26,76,15,0,23,91,3,0,13,2,101
2011-08-10 14:58:09,Normal,139,0,139,1373074,19903,4489031,49538,431.894956266187,40,90,9,0,14,116,9,0,39,2,97
2011-08-10 14:58:10,Attack,177,0,179,913092,12842,5820333,3367,247.79751750837985,21,146,12,0,31,130,18,0,72,2,105
2011-08-10 14:58:11,Attack,95,3,100,1633240,4720,3095251,6684,659.1290635299999,31,62,7,0,25,70,5,0,17,4,78
2011-08-10 14:58:12,Normal,101,12,113,1262561,17490,3704832,21927,532.8595078318584,36,70,7,0,21,83,9,0,15,1,96
2011-08-10 14:58:13,Normal,141,0,141,1203429,20088,4375386,51323,318.23788310638304,43,89,9,0,27,110,4,0,38,3,99
2011-08-10 14:58:14,Attack,187,0,188,1203086,21929,7265559,2166,314.23362365425527,52,133,3,0,30,154,4,0,44,1,142
2011-08-10 14:58:15,Normal,153,0,153,1403802,65268,5557686,13936,444.80917556209147,51,93,9,0,27,118,8,0,32,3,118
2011-08-10 14:58:16,Attack,105,0,107,1287152,4496,3731969,40159,402.86088256074777,41,60,6,0,17,87,3,0,21,2,83
2011-08-10 14:58:17,Normal,121,0,121,986600,18279,4011146,22378,395.2747266694215,41,71,9,0,13,107,1,0,23,0,98
2011-08-10 14:58:18,Normal,137,0,137,1193359,69516,4736066,60990,475.50881754744523,40,87,10,0,26,99,12,0,32,0,104
2011-08-10 14:58:19,Normal,166,0,166,901275,11258,6417274,51332,205.008121373494,40,116,10,0,34,126,6,0,48,1,117
2011-08-10 14:58:20,Normal,157,0,157,1043354,23176,6261725,42234,436.6250900063695,45,106,6,0,17,130,10,0,30,4,122
2011-08-10 14:58:21,Attack,111,0,112,949420,6228,4329240,5415,383.60929231250003,30,75,7,0,14,96,2,0,14,6,92
2011-08-10 14:58:22,Normal,131,3,134,1263783,18039,5018714,58103,512.6236591343284,48,81,5,0,6,126,2,0,15,6,110
2011-08-10 14:58:23,Attack,110,0,114,1228462,4828,4098092,60045,488.25560614912274,41,67,6,0,13,96,5,0,17,6,91
2011-08-10 14:58:24,Normal,128,0,128,1390548,18402,4647042,40642,465.68222634375,37,80,11,0,12,108,8,0,15,5,108
2011-08-10 14:58:25,Normal,98,0,98,1126187,56879,3985035,54774,428.6558019285714,38,54,6,0,13,82,3,0,16,2,80
2011-08-10 14:58:26,Normal,89,0,89,1070884,16461,3128377,19329,480.07709846067416,39,42,8,0,9,78,2,0,16,1,72
2011-08-10 14:58:27,Attack,155,3,161,1369221,51388,6493292,50582,437.62759845341617,51,102,8,0,12,144,5,0,17,1,143
2011-08-10 14:58:28,Normal,127,0,127,832103,5906,5025358,11943,409.5382433149605,43,74,10,0,18,105,3,1,21,0,104
2011-08-10 14:58:29,Normal,95,0,95,1313100,15786,3376150,50444,730.294421736842,44,49,2,0,16,78,0,1,9,2,82
2011-08-10 14:58:30,Normal,163,0,163,1202215,18846,6226093,24841,416.77524400613504,42,111,10,0,12,150,0,1,15,1,145
2011-08-10 14:58:31,Attack,105,0,106,973781,16008,3348898,46436,536.5315886603773,44,53,9,0,8,94,3,1,18,3,84
2011-08-10 14:58:32,Attack,80,3,84,773594,25251,2888020,48921,581.39164725,33,44,7,0,6,76,2,0,11,0,72
2011-08-10 14:58:33,Normal,130,0,130,1054998,17779,4597610,33536,386.7474669153846,45,71,14,0,4,122,4,0,19,1,110
2011-08-10 14:58:34,Normal,100,0,100,958501,16871,3212920,26171,585.53591188,39,53,8,0,9,88,3,0,16,0,84
2011-08-10 14:58:35,Attack,96,0,97,1280624,3339,3421164,50441,564.7786532680412,40,49,8,0,11,84,2,0,10,5,82
2011-08-10 14:58:36,Normal,98,0,98,860492,3598,3577669,2615,428.4162594693878,33,59,6,0,16,80,2,0,17,3,78
2011-08-10 14:58:37,Attack,157,0,159,1400595,6656,6181306,40210,479.37966686163526,37,114,8,0,28,126,4,1,29,1,127
2011-08-10 14:58:38,Normal,114,0,114,1383053,3479,4103472,34912,550.747787745614,43,63,8,0,16,93,5,0,17,2,95
2011-08-10 14:58:39,Normal,122,0,122,1357480,17380,4398576,11032,530.0933455491803,46,64,12,0,16,103,3,0,14,2,105
2011-08-10 14:58:40,Normal,126,0,126,1488748,19366,4446647,30186,490.73389066666664,39,74,13,0,17,102,7,0,18,1,106
2011-08-10 14:58:41,Normal,103,0,103,1064893,56989,3635930,54138,362.3262786504854,40,52,11,0,18,76,8,1,14,1,88
2011-08-10 14:58:42,Attack,137,18,156,1326479,9396,6133651,41085,346.8747185576923,36,91,29,0,12,109,35,0,23,2,131
2011-08-10 14:58:43,Normal,100,0,100,1240278,17434,3209810,60610,649.17282929,41,43,16,0,15,84,1,0,9,1,90
2011-08-10 14:58:44,Attack,107,0,109,1214916,17313,3633813,52977,655.6412361100919,45,56,8,0,9,97,3,0,8,2,98
2011-08-10 14:58:45,Normal,94,0,94,1151510,16523,3412548,15662,547.9970687446809,33,54,7,0,15,78,1,0,13,2,79
2011-08-10 14:58:46,Normal,90,0,90,1321635,8784,3028185,42767,588.7519801555555,45,40,5,0,21,67,2,0,15,0,75
2011-08-10 14:58:47,Normal,116,0,116,1384896,15146,4198864,60146,570.2581393620691,42,70,4,0,20,91,5,0,19,2,95
2011-08-10 14:58:48,Attack,128,0,134,1137669,31227,4912403,269,590.1423355895522,34,85,15,0,22,102,10,0,30,2,101
2011-08-10 14:58:49,Normal,117,0,117,1712965,17377,4034374,66095,514.2436107094017,41,69,7,0,25,88,4,0,16,2,97
2011-08-10 14:58:50,Normal,111,0,111,1097182,19280,4155299,53678,361.3511235585586,44,62,5,0,13,96,2,0,14,2,95
2011-08-10 14:58:51,Attack,97,0,98,1065052,45484,3594410,13623,591.7022925510204,46,43,9,0,12,86,0,0,7,2,88
2011-08-10 14:58:52,Attack,134,3,140,943205,21040,5143157,33556,302.68908015,41,91,8,0,15,120,5,0,21,2,115
2011-08-10 14:58:53,Normal,151,4,155,1633813,21482,5086944,10269,358.9046603612903,37,109,9,0,17,125,13,0,22,4,128
2011-08-10 14:58:54,Attack,95,0,96,1090090,16141,2858689,19058,643.152992125,42,48,6,0,15,80,1,0,10,2,83
2011-08-10 14:58:55,Normal,106,0,106,928441,17184,4272523,62389,482.19859093396235,43,59,4,0,5,97,4,0,9,0,97
2011-08-10 14:58:56,Attack,84,0,86,1085315,53424,2615237,13621,615.5986777674416,36,44,6,0,9,75,2,0,7,2,76
2011-08-10 14:58:57,Normal,103,0,103,1162678,32263,3369958,14214,748.4775227669904,40,53,10,0,15,87,1,0,21,1,80
2011-08-10 14:58:58,Attack,102,3,106,713117,17837,4066743,26090,390.33781226415095,35,65,6,0,8,94,4,0,11,2,91
2011-08-10 14:58:59,Normal,101,2,103,867616,3338,3634651,29106,536.2716160097087,40,59,4,0,17,85,1,0,22,0,81
2011-08-10 14:59:00,Normal,223,0,223,1528525,22355,10628688,65445,280.8069898834081,48,169,6,0,10,206,7,0,17,1,204
2011-08-10 14:59:01,Normal,149,0,149,1012226,7760,5580326,43753,418.46399603355707,51,92,6,0,18,128,3,0,24,1,124
2011-08-10 14:59:02,Normal,124,3,127,1206220,6287,5059345,66729,516.8737956771653,43,74,10,0,15,109,3,0,18,2,107
2011-08-10 14:59:03,Normal,93,0,93,667897,3700,3570707,65528,424.4649748602151,28,55,10,0,7,84,2,0,17,1,75
2011-08-10 14:59:04,Normal,109,0,109,832114,16412,4076008,54193,466.1398816788991,36,71,2,0,29,77,3,0,28,1,80
2011-08-10 14:59:05,Attack,122,0,124,1522715,31428,4236753,4584,485.89816192741944,54,64,6,0,23,96,5,0,33,5,86
2011-08-10 14:59:06,Normal,84,0,84,870155,2367,3057780,40614,340.63170666666673,33,42,9,0,7,76,1,0,6,2,75
2011-08-10 14:59:07,Normal,95,0,95,1007637,58888,3483170,48540,629.0434197052631,41,42,12,0,7,85,3,0,15,1,79
2011-08-10 14:59:08,Normal,109,0,109,1165020,3396,4416992,37285,542.2640348256882,45,53,11,0,11,98,0,0,13,2,94
2011-08-10 14:59:09,Attack,114,0,117,1172756,2618,4008239,45516,598.6574126239318,49,59,9,0,16,98,3,0,13,0,101
2011-08-10 14:59:10,Normal,102,0,102,1202420,1983,3635882,50554,565.4887478137255,35,61,6,0,18,83,1,0,7,2,91
2011-08-10 14:59:11,Normal,97,0,97,652935,4587,3747467,47865,438.03164179381446,35,56,6,0,8,86,3,0,11,0,86
2011-08-10 14:59:12,Normal,129,3,132,1717747,5286,4438257,52937,586.0343053030304,40,81,11,0,24,104,4,0,16,7,109
2011-08-10 14:59:13,Attack,91,0,92,1063061,15492,3150072,35476,793.6189195,36,46,10,0,5,85,2,0,6,3,83
2011-08-10 14:59:14,Normal,92,0,92,758977,4723,3303312,42465,470.3061995869565,38,50,4,0,3,85,4,0,12,0,79
2011-08-10 14:59:15,Attack,110,3,115,1030275,6086,3880855,48947,572.0573185391304,50,59,6,0,13,98,4,0,23,2,90
2011-08-10 14:59:16,Normal,129,20,149,1288350,40622,5954124,13443,460.8864363221477,46,93,10,0,21,121,7,0,34,0,115
2011-08-10 14:59:17,Attack,149,8,158,688987,20611,6137072,4901,362.06132442405067,35,119,4,0,38,119,1,0,45,2,109
2011-08-10 14:59:18,Normal,213,10,223,1207271,70434,8173949,25367,287.58800858744394,42,172,9,0,34,177,12,0,45,0,178
2011-08-10 14:59:19,Attack,149,0,151,1114032,18229,6355904,19536,364.4907910728476,51,90,10,0,14,134,3,0,20,1,130
2011-08-10 14:59:20,Normal,170,0,170,1074827,6291,7187575,8549,415.60955417058824,35,125,10,0,22,139,9,0,35,9,126
2011-08-10 14:59:21,Normal,251,0,251,1275412,29100,10229701,31114,202.93537369721116,46,194,11,0,53,171,26,1,78,4,169
2011-08-10 14:59:22,Normal,145,3,148,1000254,6156,5709671,54877,367.48421043918916,42,94,12,0,13,128,7,0,27,3,118
2011-08-10 14:59:23,Normal,109,0,109,872106,18389,4511654,58681,567.3069882385321,38,59,12,0,8,96,2,3,6,2,101
2011-08-10 14:59:24,Attack,83,0,84,636663,16066,3210120,65414,382.5175303571429,27,49,8,0,7,75,2,0,9,3,72
2011-08-10 14:59:25,Normal,155,0,155,1083471,21377,5618461,55676,483.4008683741936,42,100,13,0,23,118,14,0,26,0,129
2011-08-10 14:59:26,Attack,196,0,199,983815,11331,6879878,42529,295.1294696130653,39,152,8,0,48,142,9,0,58,0,141
2011-08-10 14:59:27,Normal,123,0,123,1132139,42938,5241737,46591,474.12109191869916,33,82,8,0,21,101,1,0,26,0,97
2011-08-10 14:59:28,Normal,127,0,127,982087,17493,4913158,42650,411.01925538582685,40,77,10,0,17,108,1,1,20,1,104
2011-08-10 14:59:29,Normal,116,3,119,661692,6540,4448196,1578,161.36787592436977,27,88,4,0,9,101,7,2,20,1,96
2011-08-10 14:59:30,Attack,118,0,121,978959,17320,4656770,30444,489.74311756198347,42,71,8,0,13,99,8,1,23,0,98
2011-08-10 14:59:31,Normal,147,0,147,1338443,19270,5697185,64851,392.3716677074831,30,108,9,0,23,117,5,2,14,0,131
2011-08-10 14:59:32,Normal,111,3,114,846703,19218,4195547,47289,605.7125310438596,35,75,4,0,13,94,7,0,18,0,96
2011-08-10 14:59:33,Normal,142,0,142,1144607,28071,5419264,13622,412.14571823239436,33,100,9,0,28,112,2,0,20,1,121
2011-08-10 14:59:34,Attack,141,3,145,1182804,5272,5299055,58838,364.755925675862,28,109,8,0,19,118,8,0,20,2,123
2011-08-10 14:59:35,Normal,117,0,117,1056789,77348,3937120,48551,446.3426183162392,36,74,7,0,19,84,14,0,33,0,84
2011-08-10 14:59:36,Attack,140,0,141,1045208,15621,4668286,10257,420.7052227304965,39,98,4,0,12,104,25,0,39,0,100
2011-08-10 14:59:37,Normal,128,0,128,1051577,71669,4412812,59533,506.3236216171874,40,82,6,0,10,104,14,0,29,1,98
2011-08-10 14:59:38,Attack,101,0,102,1096039,16088,3738887,3972,551.3558609803922,41,56,5,0,10,88,4,0,15,1,86
2011-08-10 14:59:39,Normal,123,0,123,1053583,18661,4506261,2683,437.8295255284553,36,76,11,0,14,108,1,0,13,3,107
2011-08-10 14:59:40,Attack,112,0,114,1421699,17361,4181161,34468,556.728713377193,36,68,9,0,19,90,3,1,18,3,93
2011-08-10 14:59:41,Normal,111,0,111,1220153,20814,3908850,39109,368.5815184864865,34,75,2,0,18,85,8,0,23,4,84
2011-08-10 14:59:42,Normal,111,3,114,1147817,18176,4300926,4905,369.19413892105257,36,73,5,0,7,102,5,0,15,3,96
2011-08-10 14:59:43,Normal,143,0,143,1254668,65307,5060527,59617,433.49691358041963,51,88,4,0,22,112,9,0,34,1,105
2011-08-10 14:59:44,Normal,127,0,127,853867,19689,4884204,41763,355.7057703149606,29,90,8,0,11,110,6,0,15,3,109
2011-08-10 14:59:45,Attack,100,0,103,1214610,56537,3534652,57268,688.6468594951457,35,65,3,0,15,84,4,0,20,1,81
2011-08-10 14:59:46,Normal,132,0,132,1234424,7025,4846386,52960,619.1573299924243,42,82,8,0,13,102,17,0,32,3,96
2011-08-10 14:59:47,Attack,97,0,100,854351,17168,3522257,4312,445.38552346999995,22,67,11,0,15,72,13,0,30,0,70
2011-08-10 14:59:48,Normal,170,0,170,969199,9230,7018257,43431,327.3102761352941,31,135,4,0,17,147,6,0,24,1,145
2011-08-10 14:59:49,Normal,139,1,140,1299067,32791,5215757,38823,400.2398424428572,43,89,8,0,15,121,4,0,22,1,117
2011-08-10 14:59:50,Normal,118,0,118,989583,18762,4520673,63102,421.89506853389827,40,75,3,0,13,98,7,0,24,0,94
2011-08-10 14:59:51,Attack,106,0,109,1246853,61455,3689534,36196,550.2967052477063,34,67,8,0,17,85,7,0,19,2,88
2011-08-10 14:59:52,Normal,121,3,124,1400547,15879,4507603,21764,560.1960030725807,43,69,12,0,6,114,4,0,10,2,111
2011-08-10 14:59:53,Normal,109,0,109,976793,17762,4031397,13422,610.4800822110093,30,70,9,0,15,92,2,0,18,0,90
2011-08-10 14:59:54,Normal,87,0,87,758612,64186,3118264,32482,415.44866788505755,36,47,4,0,7,76,4,0,15,0,72
2011-08-10 14:59:55,Attack,172,0,173,897143,23113,7125998,14159,320.781793416185,30,138,5,0,32,132,9,0,36,0,137
2011-08-10 14:59:56,Normal,190,0,190,1058330,8137,7756656,36382,256.8886492263158,35,147,8,0,18,169,3,0,16,0,174
2011-08-10 14:59:57,Attack,97,0,98,1056162,16427,3252923,15257,511.4025544897959,40,50,8,0,10,81,7,0,18,2,77
2011-08-10 14:59:58,Normal,123,1,124,970128,17582,4607716,56382,397.011264782258,40,80,4,0,17,105,2,0,17,2,105
2011-08-10 14:59:59,Attack,103,1,105,843738,39834,3515307,33223,385.316380352381,38,58,9,0,9,93,3,0,14,1,90
2011-08-10 15:00:00,Normal,136,3,139,973170,18948,5722152,23361,321.7866870431655,40,87,12,0,6,132,1,0,13,1,124
2011-08-10 15:00:01,Attack,131,3,135,988372,17837,5172945,63610,317.32098237037036,35,93,7,0,11,118,6,0,18,2,114
2011-08-10 15:00:02,Normal,97,3,100,812164,6546,3851524,36630,475.96932619,38,51,11,0,9,90,1,0,16,2,81
2011-08-10 15:00:03,Normal,116,2,118,820621,5614,4371537,42941,380.4602466016949,38,71,9,0,8,105,5,0,17,3,98
2011-08-10 15:00:04,Normal,105,0,105,1029093,4091,3835395,4720,460.1616346952381,35,63,7,0,13,89,3,0,19,2,84
2011-08-10 15:00:05,Normal,2502,0,2502,30085595,5413,33760496,72078,25.949136841326943,2389,106,7,0,40,2454,8,0,2381,21,96
2011-08-10 15:00:06,Attack,109,0,110,1197379,38387,3656391,14530,459.73847144545454,40,62,8,0,12,96,2,0,12,2,96
2011-08-10 15:00:07,Normal,114,0,114,1181394,17175,4321009,10639,517.716469491228,49,57,8,0,11,102,1,0,10,2,102
2011-08-10 15:00:08,Attack,113,1,116,1054768,53149,4482428,38213,403.69902081896544,38,71,7,0,15,98,3,0,17,1,98
2011-08-10 15:00:09,Attack,96,0,99,992863,16371,3575958,42810,305.8026062424242,39,55,5,0,12,83,4,0,18,1,80
2011-08-10 15:00:10,Normal,110,2,112,1261507,4672,4133702,35133,666.0953041071427,39,63,10,0,15,94,3,0,8,4,100
2011-08-10 15:00:11,Normal,137,0,137,1241443,9169,4477026,36821,531.2265119708029,36,92,9,0,13,98,26,0,33,3,101
2011-08-10 15:00:12,Attack,83,3,91,904295,3732,3188704,3760,522.9216498131868,32,53,6,0,11,72,8,0,15,1,75
2011-08-10 15:00:13,Normal,113,0,113,977579,33483,4452151,15767,523.8641202743363,36,67,10,0,15,95,3,0,20,4,89
2011-08-10 15:00:14,Normal,87,0,87,988530,2067,3292988,30099,692.8948862413794,34,42,11,0,13,71,3,0,12,1,74
2011-08-10 15:00:15,Normal,248,0,248,903439,10823,10677090,52504,132.50896502822582,41,196,11,0,5,243,0,0,10,0,238
2011-08-10 15:00:16,Attack,109,0,111,1137849,3368,3849025,50892,530.6485806846847,40,57,14,0,10,96,5,0,12,1,98
2011-08-10 15:00:17,Normal,113,0,113,1317372,3302,3932006,56887,538.6084883274336,37,63,13,0,18,92,3,0,15,5,93
2011-08-10 15:00:18,Attack,114,0,116,1166618,16536,4507474,61605,433.3584602241379,35,71,10,0,7,108,1,0,8,5,103
2011-08-10 15:00:19,Attack,81,0,82,1169253,15160,2891887,48218,637.045038195122,37,36,9,0,8,73,1,0,10,3,69
2011-08-10 15:00:20,Attack,121,0,123,1172984,3456,4658375,66080,635.3572997235773,47,66,10,0,10,108,5,0,11,1,111
2011-08-10 15:00:21,Normal,109,0,109,968661,17186,3864343,57087,644.1826775229358,37,62,10,0,13,93,3,0,16,1,92
2011-08-10 15:00:22,Attack,129,3,133,1038699,19549,5779999,21233,339.72810564661654,35,85,13,0,24,93,16,0,40,4,88
2011-08-10 15:00:23,Normal,92,0,92,672751,18639,3705448,13240,439.29622446739126,28,56,8,0,6,83,3,0,8,0,84
2011-08-10 15:00:24,Normal,84,0,84,852920,16066,3155271,10760,478.66666936904767,37,40,7,0,4,78,2,0,12,0,72
2011-08-10 15:00:25,Normal,133,0,133,1195965,33896,5007342,58580,535.8433694436089,47,80,5,0,13,118,1,0,12,1,119
2011-08-10 15:00:26,Normal,101,0,101,1028675,17163,3509239,49201,632.7972404752476,48,43,10,0,6,93,2,0,9,0,92
2011-08-10 15:00:27,Normal,77,0,77,1028009,14665,2584806,20648,773.188834233766,35,37,5,0,13,62,2,0,9,2,66
2011-08-10 15:00:28,Normal,159,0,159,2832221,48853,4795305,4625,395.0697221761006,52,103,4,0,48,104,5,2,20,6,132
2011-08-10 15:00:29,Attack,156,0,157,1444550,27843,4615089,34275,278.03262480254773,39,104,14,0,12,98,44,3,58,1,95
2011-08-10 15:00:30,Attack,132,3,137,1096329,5073,4951390,40068,366.03707916058397,41,87,9,0,14,115,8,0,24,1,112
2011-08-10 15:00:31,Normal,104,0,104,1184884,6010,3967345,58621,474.3408827307692,34,58,12,0,13,88,2,1,13,1,89
2011-08-10 15:00:32,Normal,92,3,95,789786,17844,3303825,9503,478.9746493999999,30,56,9,0,8,85,2,0,14,0,81
2011-08-10 15:00:33,Attack,85,0,88,1015277,35835,3093956,36851,629.0079103863636,35,46,7,0,15,70,3,0,17,0,71
2011-08-10 15:00:34,Normal,94,0,94,812469,20115,3482040,56553,415.9697039361702,30,57,7,0,11,82,1,0,14,2,78
2011-08-10 15:00:35,Normal,93,0,93,1215223,15455,3271350,31918,628.7814761290322,42,44,7,0,5,81,6,1,13,2,77
2011-08-10 15:00:36,Normal,79,0,79,661110,17275,2736287,3521,411.2337107721519,29,42,8,0,7,72,0,0,9,0,70
2011-08-10 15:00:37,Attack,89,0,91,913974,15914,3218309,58471,440.4941451538462,34,46,11,0,6,81,4,0,14,1,76
2011-08-10 15:00:38,Normal,109,0,109,1448470,3023,3768827,54797,690.1747495412843,36,65,8,0,19,89,1,0,8,2,99
2011-08-10 15:00:39,Attack,101,0,105,1377900,36426,3105725,53899,640.9362532380952,43,57,5,0,23,78,4,0,12,3,90
2011-08-10 15:00:40,Normal,90,0,90,1067248,47880,2860233,50055,802.0268052666668,32,49,9,0,12,74,4,0,10,0,78
2011-08-10 15:00:41,Attack,119,0,120,2298815,15861,3108083,55166,706.6150673916668,31,78,11,0,24,90,6,0,16,8,94
2011-08-10 15:00:42,Normal,113,4,117,1171389,4109,4385470,43167,699.4278196837605,43,69,5,0,11,101,5,0,12,0,105
2011-08-10 15:00:43,Attack,101,0,104,2039767,10695,2692321,13363,592.8176884807691,31,64,9,0,29,68,7,0,16,0,88
2011-08-10 15:00:44,Normal,124,0,124,1229290,66402,4460305,1542,581.6276576935484,48,72,4,0,8,112,3,1,11,2,111
2011-08-10 15:00:45,Normal,110,0,110,907907,17041,4296693,23601,415.9166070909091,32,72,6,0,18,89,3,0,21,1,88
2011-08-10 15:00:46,Normal,125,0,125,1621144,17049,4403162,22338,644.102968424,45,65,15,0,18,105,2,0,16,2,107
2011-08-10 15:00:47,Normal,76,0,76,856336,1636,2342459,49980,705.1953055,34,33,9,0,3,71,2,0,5,1,70
2011-08-10 15:00:48,Normal,104,0,104,1137989,16372,3780425,18419,577.509495701923,38,61,5,0,13,90,1,0,11,0,93
2011-08-10 15:00:49,Normal,121,0,121,1332192,13661,4892520,43543,511.22931311570244,23,94,4,0,24,94,3,0,32,1,88
2011-08-10 15:00:50,Attack,111,0,113,1380272,10044,4091270,3034,431.46917418584064,37,68,8,0,23,88,2,0,16,3,94
2011-08-10 15:00:51,Attack,141,0,144,958386,19868,5707852,20974,366.4283917013889,33,104,7,0,27,106,11,0,38,0,106
2011-08-10 15:00:52,Normal,150,3,153,1266782,49578,6671935,14150,450.3144216470588,39,107,7,0,10,141,2,0,9,3,141
2011-08-10 15:00:53,Normal,128,0,128,1486542,71823,4662837,48763,460.71818534374995,35,84,9,0,25,92,11,0,26,1,101
2011-08-10 15:00:54,Attack,84,0,88,980805,16100,3018399,61259,593.1600415113636,36,47,5,0,5,72,11,0,11,1,76
2011-08-10 15:00:55,Normal,123,0,123,1519908,3339,4050965,62405,718.449572788618,54,63,6,0,16,106,1,0,13,2,108
2011-08-10 15:00:56,Normal,165,0,165,1847292,18416,6504244,49306,475.5837740121212,41,116,8,0,25,137,3,0,14,1,149
2011-08-10 15:00:57,Normal,117,0,117,1270384,17345,4299779,25538,581.7772094102563,42,68,7,0,16,100,1,0,8,1,108
2011-08-10 15:00:58,Attack,75,0,76,727540,16553,2470848,28476,561.8064881315789,34,30,12,0,7,68,1,0,13,1,62
2011-08-10 15:00:59,Normal,101,0,101,941134,11069,3802029,5062,589.918259920792,29,58,14,0,21,76,4,0,21,1,79
2011-08-10 15:01:00,Attack,256,0,259,1103951,25780,11777381,48676,101.7627844903475,45,207,7,0,34,219,6,0,38,1,220
2011-08-10 15:01:01,Normal,123,12,135,939618,18990,5311022,16402,292.3585299703704,34,89,12,0,14,119,2,0,16,0,119
2011-08-10 15:01:02,Attack,121,6,128,1087078,56538,4634234,36418,342.567249546875,48,70,10,0,22,101,5,0,22,2,103
2011-08-10 15:01:03,Normal,153,0,153,1308423,20199,4390912,23091,345.5853299150327,38,102,13,0,41,104,8,0,48,2,102
2011-08-10 15:01:04,Normal,107,0,107,1081794,65996,3664452,14972,335.21717609345797,31,68,8,0,12,85,10,0,21,0,86
2011-08-10 15:01:05,Normal,158,0,158,1015213,66432,6864326,22024,238.2465775443038,41,112,5,0,16,131,11,0,34,3,121
2011-08-10 15:01:06,Normal,116,0,116,691801,30365,4207150,1723,318.03318302586206,29,76,11,0,13,101,2,0,20,0,95
2011-08-10 15:01:07,Normal,109,2,111,1324139,4124,3965020,45045,457.82503349549546,45,59,7,0,12,96,3,0,9,2,100
2011-08-10 15:01:08,Normal,101,0,101,984807,18032,3881245,33267,331.16335644554454,41,54,6,0,8,88,5,0,14,1,86
2011-08-10 15:01:09,Normal,130,0,130,758810,65242,5592997,59864,421.3371756384615,32,91,7,0,30,97,3,0,35,0,95
2011-08-10 15:01:10,Normal,100,0,100,1310590,16676,3526171,19345,491.89500374999994,35,58,7,0,16,81,3,0,16,1,83
2011-08-10 15:01:11,Attack,109,0,111,1076481,65948,3955960,13363,545.1157485135136,37,68,6,0,15,92,4,0,19,0,92
2011-08-10 15:01:12,Attack,109,3,114,1244157,19790,3784376,38020,490.8093794122807,37,63,14,0,9,97,8,0,27,2,85
2011-08-10 15:01:13,Normal,123,0,123,1124838,59890,4634446,54324,406.8978424959349,43,67,13,0,10,110,3,0,18,1,104
2011-08-10 15:01:14,Normal,144,0,144,1381007,5555,5310644,53844,429.6639446944444,42,91,11,0,26,110,8,0,37,3,104
2011-08-10 15:01:15,Attack,89,0,92,976740,17380,3241771,44277,570.2146706630435,18,69,5,0,19,71,2,0,12,0,80
2011-08-10 15:01:16,Normal,102,0,102,927186,46560,3678898,49395,410.7018109509803,31,64,7,0,22,72,8,0,30,1,71
2011-08-10 15:01:17,Normal,204,0,204,1338114,21931,9287347,22891,283.2595356470588,39,156,9,0,25,177,2,0,21,2,181
2011-08-10 15:01:18,Normal,156,0,156,712979,21527,5383147,51028,312.52142683333335,32,119,5,0,21,95,40,0,64,0,91
2011-08-10 15:01:19,Attack,64,0,65,616687,15495,2287188,60486,565.162235676923,27,30,8,0,6,58,1,0,8,1,56
2011-08-10 15:01:20,Normal,115,0,115,1150868,3954,4179386,52420,453.973309,46,64,5,0,9,105,1,0,8,0,106
2011-08-10 15:01:21,Attack,125,0,126,722588,29614,5108705,51485,240.1341370714286,34,85,7,0,14,111,1,0,22,0,104
2011-08-10 15:01:22,Normal,137,3,140,1020224,23435,5666386,29768,451.47493722142855,39,89,12,0,44,88,8,0,51,2,87
2011-08-10 15:01:23,Attack,116,0,117,786928,60065,4270713,14134,290.60587682905987,30,78,9,0,36,78,3,0,40,1,76
2011-08-10 15:01:24,Normal,105,0,105,844942,5068,3921335,53818,271.75975670476197,30,63,12,0,21,79,5,0,23,2,80
2011-08-10 15:01:25,Attack,141,0,142,1230925,5687,5522302,51570,588.6398059436619,39,100,3,0,37,103,2,0,36,0,106
2011-08-10 15:01:26,Normal,140,0,140,1119514,18357,5362704,61289,370.9762403285714,56,78,6,0,20,119,1,0,21,2,117
2011-08-10 15:01:27,Normal,119,0,119,945496,18363,4685381,55891,276.97463331092445,37,81,1,0,32,85,2,0,37,1,80
2011-08-10 15:01:28,Normal,141,0,141,836416,7505,5675826,51765,336.6316133191489,30,104,7,0,40,95,4,2,47,2,90
2011-08-10 15:01:29,Normal,143,0,143,1295988,7998,5405505,52469,519.43271379021,31,103,9,0,27,112,3,1,24,1,117
2011-08-10 15:01:30,Normal,147,0,147,1324480,19330,5735724,8402,603.4368137891156,44,97,6,0,25,115,7,0,26,3,118
2011-08-10 15:01:31,Normal,121,0,121,915825,4972,4932865,39639,397.4532260413223,41,72,8,0,24,92,5,0,30,0,91
2011-08-10 15:01:32,Normal,110,6,116,931432,3968,4420920,55419,504.05010751724126,42,66,8,0,12,99,5,0,22,1,93
2011-08-10 15:01:33,Attack,129,1,133,1530046,18093,4600844,6956,665.55626981203,35,90,8,0,32,94,7,0,24,1,108
2011-08-10 15:01:34,Normal,145,0,145,1059503,19120,5810960,39787,287.9147745862069,35,106,4,0,31,108,5,1,32,2,110
2011-08-10 15:01:35,Normal,124,0,124,1055128,4777,4819654,52308,336.6462168709678,38,78,8,0,10,112,2,0,13,1,110
2011-08-10 15:01:36,Attack,116,0,119,1478722,16775,4086867,44307,467.9933302184873,25,88,6,0,23,91,5,0,19,3,97
2011-08-10 15:01:37,Normal,172,0,172,926694,19122,7298874,59824,244.86989802325581,34,129,9,0,15,153,3,1,27,2,142
2011-08-10 15:01:38,Normal,114,0,114,1607319,17392,3918457,51907,581.8986520701756,32,72,10,0,16,91,7,0,20,3,91
2011-08-10 15:01:39,Normal,131,0,131,1251647,17248,4806610,7496,627.003701183206,47,77,7,0,20,109,2,0,17,2,112
2011-08-10 15:01:40,Attack,99,0,101,998995,3540,3730414,58031,490.4706101683168,26,69,6,0,22,77,2,0,21,0,80
2011-08-10 15:01:41,Normal,136,0,136,1025827,59204,5151481,43817,349.78049756617645,29,91,16,0,42,89,5,0,48,0,88
2011-08-10 15:01:42,Attack,103,3,107,1004086,60343,4164134,43503,393.86335897196255,26,55,26,0,13,70,24,0,19,0,87
2011-08-10 15:01:43,Normal,100,0,100,981938,41298,3289182,1032,620.23955272,39,55,6,0,13,85,2,0,17,2,81
2011-08-10 15:01:44,Attack,110,0,111,1088375,16483,4079028,55080,444.9610347927928,37,63,11,0,22,88,1,0,20,1,90
2011-08-10 15:01:45,Normal,137,0,137,1019070,6421,5403260,54936,320.78046017518244,43,83,11,0,11,119,7,0,20,3,113
2011-08-10 15:01:46,Attack,95,0,97,792678,18049,3722691,45156,628.7400116907216,30,58,9,0,19,78,0,0,19,2,75
2011-08-10 15:01:47,Normal,111,0,111,825082,17606,4582820,52654,437.2925286486486,34,66,11,0,9,99,3,0,17,2,92
2011-08-10 15:01:48,Normal,98,0,98,1101669,7098,3462030,13362,627.0580602857143,33,50,15,0,7,86,5,0,8,1,89
2011-08-10 15:01:49,Normal,97,0,97,1084226,4030,3487217,36120,585.9082171237113,33,59,5,0,21,73,3,0,22,2,73
2011-08-10 15:01:50,Normal,123,0,123,1252146,20992,4257621,65292,655.6126087398375,38,73,12,0,12,104,7,0,22,1,99
2011-08-10 15:01:51,Normal,102,0,102,917084,4228,3701545,51756,426.2967473333333,33,63,6,0,15,84,3,0,17,1,84
2011-08-10 15:01:52,Normal,116,3,119,952125,17088,4498255,45181,378.2238461092437,40,73,6,0,13,103,3,0,12,0,106
2011-08-10 15:01:53,Attack,118,0,119,1467447,15562,4328506,27760,416.57215780672277,48,66,5,0,16,97,6,0,14,0,103
2011-08-10 15:01:54,Attack,96,0,98,1279985,34093,2890895,13784,580.9707794183673,38,50,10,0,13,83,2,0,14,1,83
2011-08-10 15:01:55,Normal,95,0,95,906818,2825,3508413,58939,427.76286607368417,33,58,4,0,10,81,4,0,12,2,80
2011-08-10 15:01:56,Normal,118,0,118,874863,39286,4451275,38474,528.5746887796608,27,80,11,0,37,75,6,0,37,0,81
2011-08-10 15:01:57,Attack,118,0,121,943586,27742,4453264,1030,286.5219313305785,31,80,10,0,13,100,8,0,20,2,99
2011-08-10 15:01:58,Normal,87,0,87,1208473,42868,2796705,32832,544.1094298275863,39,43,5,0,17,68,2,0,11,0,76
2011-08-10 15:01:59,Normal,115,0,115,1154527,21522,4245497,49152,604.8637590434782,35,66,14,0,26,88,1,0,24,0,91
2011-08-10 15:02:00,Normal,114,0,114,942691,46152,4512022,48901,336.5999134736842,33,68,13,0,12,100,1,1,16,2,96
2011-08-10 15:02:01,Attack,100,0,101,864358,18857,3127018,56294,317.7353431089109,32,56,13,0,19,76,6,0,28,1,72
2011-08-10 15:02:02,Normal,132,11,143,1252937,8780,5000653,48606,499.40054113286715,46,87,10,0,23,106,14,0,42,0,100
2011-08-10 15:02:03,Attack,128,3,134,1007554,9050,5194469,2909,441.1662295522388,45,79,10,0,17,108,9,0,24,0,110
2011-08-10 15:02:04,Normal,104,0,104,899652,3225,4057898,52222,360.62799295192303,35,61,8,0,7,91,6,0,17,1,86
2011-08-10 15:02:05,Attack,81,0,82,886725,2211,3141988,64400,442.32946091463424,41,35,6,0,8,72,2,0,13,2,67
2011-08-10 15:02:06,Normal,115,0,115,1100942,19538,4645194,53448,408.0376194086957,47,59,9,0,17,96,2,0,19,0,96
2011-08-10 15:02:07,Attack,93,0,97,659339,17079,3511080,16053,196.70025900000002,35,53,9,0,13,82,2,0,16,1,80
2011-08-10 15:02:08,Normal,106,0,106,951428,18852,4134906,53371,307.2900996415094,41,54,11,0,13,91,2,0,15,1,90
2011-08-10 15:02:09,Normal,116,0,116,1056112,18137,4652458,41538,554.8389729741378,36,72,8,0,12,101,3,0,22,1,92
2011-08-10 15:02:10,Normal,125,0,125,1275409,5180,4782083,53278,419.172535032,42,71,12,0,14,106,5,0,17,1,107
2011-08-10 15:02:11,Normal,124,2,126,1315990,21213,4018844,18723,382.985084063492,40,82,4,0,27,89,9,1,32,2,92
2011-08-10 15:02:12,Normal,149,3,152,1578325,24551,5571438,41978,446.1569378618421,45,103,4,0,26,123,3,0,25,5,122
2011-08-10 15:02:13,Normal,117,0,117,1178031,6434,4466614,63796,354.107508880342,42,68,7,0,14,100,3,0,19,3,95
2011-08-10 15:02:14,Attack,111,0,112,924375,50353,3890152,42363,396.3630913839285,41,65,6,0,7,90,15,0,31,3,77
2011-08-10 15:02:15,Attack,82,0,85,843818,31692,3160263,39387,453.4947926588236,35,44,6,0,7,75,3,0,14,0,71
2011-08-10 15:02:16,Normal,99,0,99,1191890,3123,3420936,34695,581.6033078686869,38,46,15,0,11,85,3,0,10,1,88
2011-08-10 15:02:17,Normal,140,0,140,1130868,8428,5407816,12054,536.9919444785714,42,88,10,0,11,119,10,0,22,0,118
2011-08-10 15:02:18,Attack,98,0,106,1021083,26734,3469240,14134,539.6513760943395,44,58,4,0,27,72,7,0,29,1,76
2011-08-10 15:02:19,Normal,126,0,126,1345905,17823,4725124,55996,611.9718813809524,40,75,11,0,17,104,5,0,15,1,110
2011-08-10 15:02:20,Normal,99,0,99,1166962,16213,3608067,62522,447.89935321212124,39,54,6,0,16,82,1,0,8,1,89
2011-08-10 15:02:21,Normal,103,0,103,1160375,17248,3420223,13670,488.41637528155326,41,54,8,0,12,87,4,0,15,2,86
2011-08-10 15:02:22,Attack,133,3,137,1095658,18634,4850320,9968,353.9394701094891,26,106,5,0,31,91,15,0,36,1,100
2011-08-10 15:02:23,Normal,112,0,112,1210175,7291,4361190,48864,331.20094508035714,43,60,9,0,11,97,4,0,17,1,94
2011-08-10 15:02:24,Attack,106,0,107,1218840,16224,3578476,59360,523.4258408971963,36,64,7,0,16,86,5,0,17,2,88
2011-08-10 15:02:25,Normal,85,0,85,1052573,36281,2708559,13371,518.4742478823531,39,40,6,0,9,70,6,0,11,1,73
2011-08-10 15:02:26,Attack,166,0,167,1146693,21360,7081620,12889,329.86213520958086,46,111,10,0,12,148,7,0,16,1,150
2011-08-10 15:02:27,Normal,99,0,99,1115291,54280,3860655,48643,337.50480016161623,38,54,7,0,20,73,6,0,23,1,75
2011-08-10 15:02:28,Attack,106,0,107,766427,4328,4187823,50756,329.4859161682242,36,66,5,0,8,94,4,1,15,1,90
2011-08-10 15:02:29,Normal,102,0,102,835709,50260,3889005,42213,307.8884924607843,25,67,10,0,23,74,3,2,24,0,76
2011-08-10 15:02:30,Normal,92,0,92,1040537,59251,3573054,52829,517.2996885434783,36,50,6,0,18,72,2,0,15,1,76
2011-08-10 15:02:31,Normal,105,0,105,1327986,47223,3639314,43848,749.2588691333334,32,61,12,0,17,86,2,0,9,1,95
2011-08-10 15:02:32,Normal,103,3,106,1073405,5586,3653802,35800,420.3776730660377,42,58,6,0,9,91,6,0,13,1,92
2011-08-10 15:02:33,Normal,111,0,111,909286,19721,3827717,56016,483.4404497657658,32,72,7,0,14,89,8,0,18,1,92
2011-08-10 15:02:34,Normal,136,3,139,1427047,17656,4910809,48582,626.1555268057555,48,77,14,0,16,116,7,0,13,1,125
2011-08-10 15:02:35,Attack,108,0,109,1334370,16994,3391275,15130,601.0313512935779,52,55,2,0,13,94,2,0,17,0,92
2011-08-10 15:02:36,Attack,141,0,145,2152443,5015,4383776,66545,399.7219632,42,96,7,0,43,94,7,1,17,4,123
2011-08-10 15:02:37,Normal,110,0,110,1535291,11806,3667881,14904,377.79358830909086,36,69,5,0,26,80,3,1,14,2,93
2011-08-10 15:02:38,Normal,106,0,106,1421427,15893,3692305,7224,694.1771235660377,31,66,9,0,22,79,5,0,9,1,94
2011-08-10 15:02:39,Attack,111,0,115,983334,4660,4276861,45153,440.91857826956516,30,82,3,0,16,77,22,0,27,1,87
2011-08-10 15:02:40,Normal,184,0,184,1408717,8938,7735925,50717,290.0887236630435,37,141,6,0,36,118,30,0,56,4,124
2011-08-10 15:02:41,Normal,164,3,167,1304539,6491,6478876,58017,290.68698426946105,38,121,8,0,23,110,34,0,49,3,115
2011-08-10 15:02:42,Normal,166,18,184,1400634,63148,7308808,60761,268.62577267934785,31,143,10,0,19,157,8,0,15,3,166
2011-08-10 15:02:43,Attack,186,47,234,1809015,43291,9511654,61246,248.21022134188033,36,189,9,0,39,185,10,0,36,4,193
2011-08-10 15:02:44,Normal,109,147,256,1040111,11993,11038867,41471,165.72020875781251,37,214,5,0,17,232,7,0,21,3,232
2011-08-10 15:02:45,Attack,112,1,114,1167579,4699,4212542,58556,575.1778574122808,45,62,7,0,19,91,4,0,16,0,97
2011-08-10 15:02:46,Normal,105,1,106,1075882,2621,3627652,62730,524.5612377452829,44,54,8,0,11,95,0,0,13,3,89
2011-08-10 15:02:47,Attack,81,25,107,973473,18744,4062661,53444,447.48312897196257,38,60,9,0,9,96,2,0,11,1,95
2011-08-10 15:02:48,Normal,116,0,116,1097652,17825,3870227,45983,389.16927385344826,40,62,14,0,7,109,0,0,16,1,99
2011-08-10 15:02:49,Attack,109,0,111,1043410,4319,4319784,23411,494.66272275675675,35,66,10,0,13,93,5,0,17,1,93
2011-08-10 15:02:50,Normal,83,0,83,819587,19058,2979409,59155,552.1233374457831,28,49,6,0,7,74,2,0,8,3,72
2011-08-10 15:02:51,Normal,94,0,94,1149845,15331,3640245,10454,725.8753800957446,33,54,7,0,6,85,3,0,8,1,85
2011-08-10 15:02:52,Normal,127,3,130,1048024,47981,5001225,24134,507.3786706846154,40,84,6,0,10,95,25,0,39,2,89
2011-08-10 15:02:53,Normal,194,0,194,1006246,9623,8095043,47346,276.9353349793814,39,146,9,0,18,140,36,0,57,3,134
2011-08-10 15:02:54,Normal,247,0,247,1817243,12547,9613798,41783,340.49571238866395,38,200,9,0,31,204,12,0,28,1,218
2011-08-10 15:02:55,Normal,159,0,159,1545516,9848,6066997,37688,368.72540488050316,44,106,9,0,23,126,10,0,17,2,139
2011-08-10 15:02:56,Normal,122,0,122,2023926,59518,4457147,38741,392.47482104098367,44,75,3,0,24,94,4,0,10,0,112
2011-08-10 15:02:57,Attack,103,0,107,1403616,16313,3773594,65314,518.2683029345795,35,63,9,0,18,86,3,0,12,1,94
2011-08-10 15:02:58,Normal,99,0,99,1224157,25587,3677995,14905,446.3378665757575,30,63,6,0,16,80,3,0,13,2,84
2011-08-10 15:02:59,Normal,142,0,142,1021824,19052,6062769,65455,420.35433216901407,37,101,4,0,14,121,7,0,19,3,120
2011-08-10 15:03:00,Attack,220,0,224,1279468,21672,10202263,56142,337.84095366964294,36,181,7,0,22,199,3,0,20,0,204
2011-08-10 15:03:01,Normal,132,0,132,1616659,57292,5559960,55475,390.11991946969704,31,93,8,0,18,92,22,0,25,0,107
2011-08-10 15:03:02,Normal,117,3,120,1089318,18938,4882137,63814,425.02344547499996,37,69,14,0,4,112,4,0,8,2,110
2011-08-10 15:03:03,Normal,116,0,116,1119336,18957,4377087,64949,446.3343962155172,37,67,12,0,8,107,1,0,9,3,104
2011-08-10 15:03:04,Attack,142,0,147,1096478,19821,5781896,56505,248.03624222448974,38,95,14,0,20,119,8,0,27,0,120
2011-08-10 15:03:05,Normal,137,3,140,1500219,37891,5069930,14996,491.2021890142857,41,90,9,0,26,99,15,0,28,3,109
2011-08-10 15:03:06,Attack,135,0,136,1136486,6751,5148212,36826,347.7400340367647,44,79,13,0,9,124,3,0,10,2,124
2011-08-10 15:03:07,Normal,85,0,85,1268443,15815,3073081,45079,367.1959698470588,35,47,3,0,11,68,6,0,9,4,72
2011-08-10 15:03:08,Attack,117,4,122,1166114,18472,4699346,56666,451.6689606967213,27,81,14,0,12,89,21,0,34,1,87
2011-08-10 15:03:09,Normal,160,0,160,878905,21403,6435204,20474,225.91198600625003,37,116,7,0,5,129,26,0,33,0,127
2011-08-10 15:03:10,Attack,118,0,120,1058613,4601,4677618,38410,365.9434894666666,32,83,5,0,17,101,2,0,18,3,99
2011-08-10 15:03:11,Normal,104,3,107,1152095,19785,4070886,35656,306.8125899252337,34,64,9,0,14,86,7,0,17,1,89
2011-08-10 15:03:12,Normal,101,6,107,1461249,18487,4158996,4578,306.06591853271027,40,60,7,0,22,72,13,0,25,1,81
2011-08-10 15:03:13,Normal,118,0,118,1660597,3663,4800350,43839,431.0315126949153,33,74,11,0,25,89,4,0,9,3,106
2011-08-10 15:03:14,Normal,108,0,108,960764,17896,4154009,44051,288.4372505925926,36,67,5,0,9,96,3,0,8,3,97
2011-08-10 15:03:15,Normal,174,2,176,1432800,21337,6678112,50132,145.01532593181818,31,135,10,0,36,118,22,0,53,4,118
2011-08-10 15:03:16,Normal,116,0,116,1633129,45958,3939925,46022,415.1468191293103,32,75,9,0,16,94,6,0,11,7,98
2011-08-10 15:03:17,Normal,90,0,90,1388892,60064,3202500,43567,389.8416135333334,33,52,5,0,17,65,8,0,15,2,73
2011-08-10 15:03:18,Attack,130,0,135,1362694,36241,5286321,45488,368.00373722962956,43,88,4,0,30,100,4,1,28,4,102
2011-08-10 15:03:19,Normal,151,0,151,1169443,19202,4389415,13780,249.7577839271523,38,98,15,0,12,136,3,0,50,4,97
2011-08-10 15:03:20,Normal,127,0,127,1134047,5313,4811155,3440,227.41023126771654,41,81,5,0,15,108,4,0,24,2,101
2011-08-10 15:03:21,Attack,100,0,105,1385192,17619,3352056,32102,385.62032303809525,34,63,8,0,27,74,4,0,25,3,76
2011-08-10 15:03:22,Normal,132,3,135,1166829,64771,3929789,52976,344.54074914814817,40,91,4,0,20,105,10,0,28,2,103
2011-08-10 15:03:23,Normal,125,0,125,1686150,12743,4518248,7210,393.93010627199993,39,81,5,0,31,91,3,0,20,2,102
2011-08-10 15:03:24,Normal,118,0,118,1367838,23736,4269038,47016,399.26287625423737,38,72,8,0,27,88,3,0,24,0,94
2011-08-10 15:03:25,Attack,113,0,114,1112280,17827,3848781,39987,229.24170936842106,31,75,8,0,17,94,3,0,19,1,94
2011-08-10 15:03:26,Normal,92,0,92,1252568,21819,3044585,51820,545.0827815869565,36,47,9,0,15,70,7,0,13,2,76
2011-08-10 15:03:27,Attack,124,0,125,1539261,20083,4472408,36304,378.7714698959999,32,87,6,0,24,96,5,0,12,0,113
2011-08-10 15:03:28,Normal,148,0,148,1493786,33682,5436544,2022,368.0721603648648,42,97,9,0,25,103,19,1,37,2,108
2011-08-10 15:03:29,Attack,103,1,106,1518568,49958,3679674,43782,273.285519,26,69,11,0,23,78,4,1,13,2,90
2011-08-10 15:03:30,Normal,121,0,121,1280438,4823,4188783,38127,382.2591327603306,41,73,7,0,8,107,5,1,25,8,87
2011-08-10 15:03:31,Attack,117,0,121,1647585,4014,4508728,2567,247.42647438016533,32,79,10,0,12,105,3,1,22,10,87
2011-08-10 15:03:32,Normal,105,3,108,1481576,3584,3641277,1272,528.9407760185186,36,58,14,0,18,85,4,1,13,7,88
2011-08-10 15:03:33,Attack,125,0,127,1760210,48015,4475280,29302,460.76313826771656,32,90,5,0,25,93,9,0,17,8,102
2011-08-10 15:03:34,Normal,110,0,110,1555121,2431,3616748,3588,445.75701498181814,39,67,4,0,16,89,4,1,6,8,92
2011-08-10 15:03:35,Normal,168,3,171,1384609,8210,5418373,3522,210.20012955555558,38,126,7,0,20,127,24,0,38,3,129
2011-08-10 15:03:36,Normal,128,3,131,1172988,5889,4853465,63169,414.82467638167935,43,79,9,0,17,102,12,0,23,4,104
2011-08-10 15:03:37,Normal,139,0,139,1539266,4706,5194969,51752,448.08248463309354,54,79,6,0,23,108,8,0,28,3,108
2011-08-10 15:03:38,Attack,99,0,101,1255413,5250,3870614,4253,354.36797165346536,29,70,2,0,20,76,5,0,23,1,77
2011-08-10 15:03:39,Attack,96,0,97,1689245,62372,3441902,38265,439.7911262164949,35,59,3,0,16,76,5,0,13,4,80
2011-08-10 15:03:40,Normal,141,0,141,1212888,4132,5203737,5107,220.66440087234042,40,91,10,0,17,124,0,0,21,2,117
2011-08-10 15:03:41,Normal,95,0,95,1218990,16283,3201731,5295,408.1852903894736,30,54,11,0,14,78,3,0,9,0,84
2011-08-10 15:03:42,Attack,125,3,132,1773371,19804,4672169,6912,369.2665085530303,50,70,12,0,20,105,7,0,20,4,108
2011-08-10 15:03:43,Normal,142,0,142,1648226,5686,5102457,5269,417.9077831901408,49,83,10,0,28,110,4,0,30,1,110
2011-08-10 15:03:44,Normal,95,0,95,940201,17849,3520710,62902,415.7987958631579,37,55,3,0,13,79,3,0,15,0,78
2011-08-10 15:03:45,Normal,127,0,127,1199055,19625,5291943,5111,225.08967951968506,36,81,10,0,20,105,2,0,40,1,86
2011-08-10 15:03:46,Attack,186,0,187,1067091,31862,8402281,37613,241.05143851871657,37,140,10,0,14,169,3,1,77,2,108
2011-08-10 15:03:47,Normal,122,0,122,976013,18847,4954632,61818,271.0224622704918,24,89,9,0,12,96,14,0,43,2,77
2011-08-10 15:03:48,Attack,103,0,105,1101434,3946,3808237,5025,328.3428408857143,38,56,11,0,14,88,2,1,17,1,87
2011-08-10 15:03:49,Normal,106,0,106,1548534,3596,3894630,6800,676.3542286792454,43,61,2,0,25,75,6,0,20,3,83
2011-08-10 15:03:50,Attack,109,0,110,1242233,18654,4044181,4516,470.1886854818181,39,62,9,0,13,94,3,0,13,2,95
2011-08-10 15:03:51,Normal,116,0,116,954800,5952,4302931,41908,343.7006605086207,26,85,5,0,19,85,12,0,29,1,86
2011-08-10 15:03:52,Normal,123,3,126,1479561,18065,4860905,28043,447.27696894444443,44,76,6,0,21,100,5,0,18,3,105
2011-08-10 15:03:53,Normal,91,0,91,1013845,16053,3293686,54681,418.96561128571443,36,45,10,0,7,81,3,0,9,1,80
2011-08-10 15:03:54,Attack,98,0,99,1122664,37137,3277157,47626,475.04626624242417,46,46,7,0,11,84,3,1,14,1,84
2011-08-10 15:03:55,Normal,111,0,111,1183149,18112,4000338,33800,405.8431778288288,46,61,4,0,14,90,6,1,17,1,93
2011-08-10 15:03:56,Normal,140,0,140,1940579,55837,4918281,58379,535.0824151142857,44,89,7,0,27,109,4,0,7,1,131
2011-08-10 15:03:57,Normal,117,0,117,1454232,16503,4476933,53951,385.9099103846154,46,64,7,0,14,101,2,0,8,2,107
2011-08-10 15:03:58,Normal,99,0,99,1057880,16718,3596092,17610,404.59876323232334,33,56,10,0,23,68,8,0,24,0,75
2011-08-10 15:03:59,Normal,139,0,139,1721706,3967,5171593,54214,416.54897287050363,42,91,6,0,25,99,15,0,25,3,111
2011-08-10 15:04:00,Attack,114,3,120,1773376,17146,3838506,54555,416.80793672500005,51,63,6,0,18,91,11,0,26,5,88
2011-08-10 15:04:01,Normal,144,0,144,1970960,18840,4815463,38817,412.2681131180555,45,91,8,0,34,106,4,0,17,5,121
2011-08-10 15:04:02,Normal,112,3,115,996598,18702,4332505,28151,348.6242679826087,34,70,11,0,16,97,2,0,17,2,96
2011-08-10 15:04:03,Attack,121,0,125,1569807,17337,3339307,17478,319.813886232,40,77,8,0,38,81,6,0,29,4,92
2011-08-10 15:04:04,Normal,170,0,170,1562696,7193,6648230,66743,290.81716181764705,51,110,9,0,34,120,16,0,43,5,122
2011-08-10 15:04:05,Normal,116,0,116,1513459,17259,3780921,15534,265.9794516034483,34,72,10,0,16,95,5,0,15,3,97
2011-08-10 15:04:06,Normal,172,3,175,1582402,18802,6200380,62032,307.4217412514286,42,127,6,0,25,138,12,0,25,7,142
2011-08-10 15:04:07,Normal,166,0,166,1581336,6489,5954368,43489,224.92636282530123,43,116,7,0,32,127,7,0,33,4,129
2011-08-10 15:04:08,Normal,115,0,115,1294952,17906,3933886,42379,483.4882650173913,38,68,9,0,13,97,5,0,16,5,94
2011-08-10 15:04:09,Attack,127,0,134,1856570,62816,4154590,21278,399.9459065970149,38,87,9,0,21,96,17,0,30,6,96
2011-08-10 15:04:10,Normal,99,2,101,1192487,42947,3616460,1542,348.15475460396044,26,68,7,0,16,77,8,0,18,2,81
2011-08-10 15:04:11,Attack,119,0,120,1372675,18863,3992228,36259,297.12960590833336,31,84,5,0,26,80,14,0,22,2,95
2011-08-10 15:04:12,Normal,86,3,89,1140127,16078,2968673,10880,260.6919682921348,41,47,1,0,14,68,6,1,9,3,76
2011-08-10 15:04:13,Normal,128,0,128,1548011,16590,4424250,36518,408.214579578125,46,75,7,0,27,95,5,1,23,1,103
2011-08-10 15:04:14,Normal,104,0,104,876180,18729,3585577,16320,400.7941591634616,35,65,4,0,12,86,6,0,16,2,86
2011-08-10 15:04:15,Attack,115,1,119,1226028,17403,4043295,64502,300.29038011764703,24,83,12,0,22,85,12,0,17,2,100
2011-08-10 15:04:16,Normal,142,0,142,1612375,6213,4491904,52788,258.97371619718314,37,99,6,0,23,114,5,0,18,3,121
2011-08-10 15:04:17,Normal,145,0,145,1474999,19265,4946522,31955,392.03889927586204,50,85,10,0,20,117,8,0,30,2,113
2011-08-10 15:04:18,Normal,110,0,110,1255580,16761,3673461,22417,415.25221117272736,30,74,6,0,18,87,5,0,16,0,93
2011-08-10 15:04:19,Normal,133,2,135,2022675,4684,4787866,17776,352.5197304814815,42,86,7,0,36,94,5,0,19,1,115
2011-08-10 15:04:20,Attack,129,0,130,2217111,25179,4106880,17531,332.189360023077,37,85,8,0,42,76,12,0,23,5,102
2011-08-10 15:04:21,Attack,128,0,131,1604654,18677,4401264,63633,350.02703193129764,40,85,6,0,19,96,16,0,20,1,110
2011-08-10 15:04:22,Normal,170,3,173,1419417,7642,7208164,42190,245.19874958959534,33,130,10,0,21,142,10,0,21,2,150
2011-08-10 15:04:23,Normal,98,0,98,1422867,16756,3089027,20177,346.4676245,38,51,9,0,20,73,5,0,16,1,80
2011-08-10 15:04:24,Attack,135,0,138,1501723,6286,5316229,62485,243.84451620289855,41,85,12,0,17,111,10,0,27,2,108
2011-08-10 15:04:25,Normal,170,0,170,1367250,7030,7261940,63975,273.1908778294118,44,120,6,0,23,140,7,0,13,0,156
2011-08-10 15:04:26,Normal,108,0,108,1789193,15619,3711606,55948,411.3862617685185,45,52,11,0,21,83,4,0,13,4,91
2011-08-10 15:04:27,Normal,146,0,146,1523585,4824,5597356,55863,215.39425146575343,43,95,8,0,20,117,9,0,22,7,117
2011-08-10 15:04:28,Normal,121,0,121,1711521,3183,3818531,53089,437.47381517355376,40,74,7,0,32,79,9,1,21,3,96
2011-08-10 15:04:29,Normal,196,0,196,1692494,22100,8241058,46582,287.086179122449,41,147,8,0,47,122,25,2,56,7,131
2011-08-10 15:04:30,Attack,144,0,148,1755459,47230,5039652,12939,367.06044811486487,34,104,10,0,38,97,12,1,43,10,93
2011-08-10 15:04:31,Normal,127,0,127,1698266,5651,4639059,44646,328.56224199212596,47,77,3,0,27,98,2,0,20,9,98
2011-08-10 15:04:32,Attack,160,3,164,1500470,8626,6110738,53962,350.2740050365854,47,101,16,0,24,132,8,0,31,4,128
2011-08-10 15:04:33,Normal,138,0,138,1502925,5769,5002731,6085,333.68312492753626,44,86,8,0,19,98,21,0,33,6,99
2011-08-10 15:04:34,Normal,124,3,127,1450291,39421,4739790,59686,372.3059258110236,42,71,14,0,16,97,14,0,19,3,105
2011-08-10 15:04:35,Normal,118,0,118,1299459,3433,4175922,5006,361.1665692966102,36,73,9,0,20,90,7,1,15,2,100
2011-08-10 15:04:36,Attack,113,3,117,1296101,16456,4322421,45663,372.907353940171,40,69,8,0,17,90,8,2,21,2,93
2011-08-10 15:04:37,Normal,137,0,137,1446107,17563,5581462,13086,229.58224354014598,41,90,6,0,17,109,10,1,18,2,117
2011-08-10 15:04:38,Normal,140,0,140,1294142,23488,4306030,8931,257.88158422857146,33,100,7,0,38,94,8,0,37,5,98
2011-08-10 15:04:39,Normal,140,0,140,1495199,18473,4819565,61398,344.0629096857143,46,85,9,0,22,108,10,0,25,4,111
2011-08-10 15:04:40,Normal,141,6,147,1215511,7049,5580346,57999,320.76668313605444,37,101,9,0,28,111,8,0,37,1,107
2011-08-10 15:04:41,Attack,118,0,120,1280932,4259,4306144,2048,474.6255221416667,40,70,10,0,17,94,9,0,23,1,96
2011-08-10 15:04:42,Attack,153,3,157,1403541,59668,6496728,60390,193.6727637133758,36,99,22,0,17,118,22,0,11,3,143
2011-08-10 15:04:43,Normal,120,0,120,999554,18389,5000111,53778,327.42343090833333,52,65,3,0,10,110,0,0,13,1,106
2011-08-10 15:04:44,Normal,150,0,150,1474060,6527,6147879,53269,306.90800177333335,36,93,21,0,14,130,6,0,20,0,130
2011-08-10 15:04:45,Attack,131,0,134,1348524,20222,5284877,57555,302.04790155970153,38,93,3,0,35,85,14,0,38,1,95
2011-08-10 15:04:46,Normal,130,0,130,1073569,6627,5230214,41668,211.55577694615383,26,94,10,0,24,92,14,0,31,0,99
2011-08-10 15:04:47,Normal,168,0,168,1141884,21969,6847140,55283,164.75729592261905,38,123,7,0,20,130,18,0,35,1,132
2011-08-10 15:04:48,Normal,210,0,210,1236068,9852,8671299,51236,173.93766636190477,37,160,13,0,45,134,31,0,72,5,133
2011-08-10 15:04:49,Normal,156,0,156,1135653,10152,6094724,55495,266.0506158141025,32,111,13,0,30,106,20,0,39,2,115
2011-08-10 15:04:50,Normal,200,0,200,1098963,22238,7494461,54772,231.65450195999998,39,152,9,0,40,134,26,0,64,4,132
2011-08-10 15:04:51,Attack,127,0,129,986889,12887,4923017,5284,158.26519398449614,23,100,6,0,16,104,9,0,20,2,107
2011-08-10 15:04:52,Normal,158,3,161,966078,7772,6989326,60579,119.21044163354037,27,130,4,0,12,128,21,0,34,4,123
2011-08-10 15:04:53,Attack,103,0,104,1248231,16017,3602704,36869,259.2754432403847,31,60,13,0,20,72,12,0,26,4,74
2011-08-10 15:04:54,Normal,106,0,106,1115928,45987,3890549,58890,316.3518445849057,22,74,10,0,22,77,7,0,17,1,88
2011-08-10 15:04:55,Normal,125,0,125,1410999,19089,4110698,5632,363.229196584,42,69,14,0,21,93,11,0,27,2,96
2011-08-10 15:04:56,Normal,113,0,113,1382154,16869,4085716,19435,339.27565140707964,45,62,6,0,20,85,8,0,16,1,96
2011-08-10 15:04:57,Attack,167,0,169,1316874,20197,7234025,51398,185.9176281005917,42,119,8,0,21,143,5,0,24,1,144
2011-08-10 15:04:58,Normal,153,0,153,1320066,42569,6559467,61666,311.6713967973856,30,112,11,0,21,109,22,1,32,3,118
2011-08-10 15:04:59,Normal,149,0,149,1229073,7452,5921061,50268,320.4502947919463,47,84,18,0,15,110,24,0,34,1,114
2011-08-10 15:05:00,Normal,258,0,258,1261522,14281,12354668,58000,141.44830374418606,34,209,15,0,25,213,20,0,29,0,228
2011-08-10 15:05:01,Normal,159,0,159,1160916,6701,6719409,36563,258.46496684905657,45,107,7,0,10,147,2,0,13,1,145
2011-08-10 15:05:02,Attack,105,3,110,1161226,3061,4415091,53643,320.1693753909091,48,59,3,0,8,97,5,0,11,1,98
2011-08-10 15:05:03,Attack,101,0,107,1008860,3244,3594267,37900,264.8778785233645,45,57,5,0,10,96,1,0,14,4,89
2011-08-10 15:05:04,Normal,101,0,101,1197394,18287,4024308,22860,363.05673838613865,41,52,8,0,10,87,4,0,12,1,88
2011-08-10 15:05:05,Normal,102,0,102,1218846,2762,3937184,25051,384.6623193235294,36,60,6,0,8,89,5,0,14,2,86
2011-08-10 15:05:06,Attack,96,3,103,1100883,16506,3829769,62586,194.52764372815534,35,56,12,0,7,88,8,0,17,4,82
2011-08-10 15:05:07,Normal,111,0,111,1142022,17556,4377165,8080,298.4863305315316,39,67,5,0,9,99,3,0,16,2,92
2011-08-10 15:05:08,Normal,155,0,155,1427474,21655,5063506,18095,313.44873640645164,34,108,13,0,56,92,7,0,60,1,93
2011-08-10 15:05:09,Normal,122,0,122,882809,20087,4637916,41758,194.95408240163934,39,76,7,0,20,97,5,0,28,3,91
2011-08-10 15:05:10,Normal,137,0,137,1278181,19857,5077785,24794,296.48599551824816,40,91,6,0,26,102,9,0,31,3,103
2011-08-10 15:05:11,Normal,121,0,121,1007379,6658,4303137,31394,299.55314769421483,43,71,7,0,24,89,7,1,32,3,85
2011-08-10 15:05:12,Attack,134,3,139,1444587,18562,4747997,53934,432.55118492086325,34,101,4,0,28,100,11,0,22,3,112
2011-08-10 15:05:13,Normal,117,0,117,1052692,46900,4525870,7115,340.97723260683756,46,62,9,0,9,103,5,0,15,3,99
2011-08-10 15:05:14,Attack,176,0,179,949866,21430,7451416,6922,188.64201276536312,48,127,4,0,11,161,7,0,55,2,122
2011-08-10 15:05:15,Normal,191,0,191,998158,8018,8861861,52719,207.42618376439788,33,149,9,0,7,180,4,0,11,0,180
2011-08-10 15:05:16,Normal,113,0,113,1167560,17146,4061767,43355,363.6357674070796,36,63,14,0,22,90,1,0,28,1,84
2011-08-10 15:05:17,Normal,95,1,96,1102255,3864,3350879,58736,379.36359928124995,37,48,11,0,6,88,2,0,16,1,79
2011-08-10 15:05:18,Attack,133,0,134,1112398,4946,5360499,59497,337.0574879776119,44,83,7,0,8,121,5,0,16,2,115
2011-08-10 15:05:19,Normal,77,0,77,1056239,15806,2769190,60086,450.50265557142865,31,38,8,0,12,65,0,0,8,0,69
2011-08-10 15:05:20,Normal,93,0,93,1121627,16726,3419785,13777,500.8094303978495,33,54,6,0,13,76,4,0,12,2,79
2011-08-10 15:05:21,Normal,128,0,128,1323104,26686,4431075,13366,372.54236249999997,46,73,9,0,28,97,3,0,26,1,101
2011-08-10 15:05:22,Normal,119,3,122,1525026,41249,4251121,9087,536.9794267295082,40,70,12,0,17,99,6,0,10,4,108
2011-08-10 15:05:23,Attack,137,2,140,1940236,17566,4434694,60370,348.33337264285717,41,88,11,0,27,104,9,0,10,0,130
2011-08-10 15:05:24,Attack,97,0,100,963029,17196,3485165,53987,457.34056298999997,36,59,5,0,16,77,6,1,14,1,85
2011-08-10 15:05:25,Attack,118,0,123,1255636,65359,4498575,62645,274.26436599186997,39,78,6,0,16,97,10,0,16,2,105
2011-08-10 15:05:26,Normal,128,0,128,1453502,21742,4672501,24984,384.7726667578125,47,76,5,0,16,104,8,0,21,2,105
2011-08-10 15:05:27,Attack,94,0,101,1054722,17706,3724779,55736,304.77362445544554,31,63,7,0,15,72,14,0,31,1,69
2011-08-10 15:05:28,Normal,224,0,224,1310213,11245,9267656,52808,117.81170777232144,31,182,11,0,37,178,8,1,57,1,165
2011-08-10 15:05:29,Normal,165,0,165,1532333,53656,7038073,14911,244.31854259393933,44,111,10,0,24,134,6,1,19,4,140
2011-08-10 15:05:30,Normal,115,0,115,1208934,35978,4607992,13442,386.90136411304354,34,76,5,0,15,92,7,1,23,0,90
2011-08-10 15:05:31,Normal,122,0,122,966166,5019,5003953,57811,286.0784685737705,30,85,7,0,10,108,3,1,20,3,98
2011-08-10 15:05:32,Normal,100,3,103,1072864,63828,3909872,47554,388.49488739805827,35,58,10,0,14,86,3,0,12,1,90
2011-08-10 15:05:33,Attack,124,0,132,1482451,17423,4741180,16035,367.3718661515152,42,84,6,0,26,93,13,0,33,0,99
2011-08-10 15:05:34,Normal,100,0,100,902365,5764,3521542,57284,451.30130683999994,38,53,9,0,10,80,9,1,16,0,82
2011-08-10 15:05:35,Attack,127,0,128,1261196,4634,4216493,36877,444.257226515625,30,86,12,0,29,97,2,0,22,3,103
2011-08-10 15:05:36,Normal,107,0,107,1044413,54230,3742289,59594,325.1712336448598,38,64,5,0,14,89,4,0,17,2,88
2011-08-10 15:05:37,Normal,121,3,124,1414809,17189,4359056,7722,260.8855296451613,48,69,7,0,16,92,16,0,28,0,96
2011-08-10 15:05:38,Normal,160,0,160,1617430,19244,5633646,18193,235.98812203749998,47,107,6,0,27,123,10,0,36,4,119
2011-08-10 15:05:39,Attack,132,0,137,1204597,7672,4707112,2306,358.11525886131386,33,96,8,0,10,96,31,0,40,1,96
2011-08-10 15:05:40,Normal,91,0,91,1395085,15385,3205064,30591,505.3787359230769,46,40,5,0,15,74,2,0,10,3,78
2011-08-10 15:05:41,Normal,100,0,100,1333539,2428,3674048,45122,515.6174682400001,49,44,7,0,20,75,5,0,16,1,83
2011-08-10 15:05:42,Normal,136,3,139,1947901,10939,4722282,59634,421.460900381295,52,81,6,0,24,104,11,0,25,1,113
2011-08-10 15:05:43,Normal,137,0,137,1526768,17335,5383071,55068,386.4787399708029,36,94,7,0,29,104,4,0,19,1,117
2011-08-10 15:05:44,Normal,102,0,102,1114051,34291,3657315,59149,368.5524140784313,32,63,7,0,22,76,4,0,16,1,85
2011-08-10 15:05:45,Attack,154,0,159,2195545,19295,5518108,5565,304.4624023459119,46,105,8,0,37,115,7,0,31,6,122
2011-08-10 15:05:46,Normal,88,0,88,1548621,2054,3358317,4628,437.039187125,25,58,5,0,21,62,5,0,16,1,71
2011-08-10 15:05:47,Normal,102,0,102,1153919,16939,3666917,8805,418.7566125098039,37,59,6,0,19,81,2,0,13,2,87
2011-08-10 15:05:48,Attack,123,0,129,1377472,5418,4263942,52159,424.3322393565891,45,75,9,0,19,104,6,0,28,0,100
2011-08-10 15:05:49,Normal,141,6,147,1134489,8747,5351236,51004,222.42828717687075,43,99,5,0,20,119,8,0,34,3,110
2011-08-10 15:05:50,Normal,146,0,146,2103256,17691,5168280,37405,413.409213650685,48,90,8,0,32,102,12,0,38,1,107
2011-08-10 15:05:51,Normal,204,0,204,2514249,45369,7700092,20008,240.69410752941178,54,141,9,0,54,138,12,0,50,7,147
2011-08-10 15:05:52,Normal,100,3,103,1142191,16196,4239219,26527,178.34981170873786,40,56,7,0,15,83,5,0,14,2,87
2011-08-10 15:05:53,Attack,156,0,157,1515381,6643,6281495,53940,279.4560004012739,50,94,13,0,47,106,4,0,48,3,106
2011-08-10 15:05:54,Attack,189,0,190,2083085,25956,7596187,62044,313.9586438,41,138,11,0,47,135,8,0,36,4,150
2011-08-10 15:05:55,Normal,122,0,122,1267426,4225,4337820,5650,409.79903058196714,48,72,2,0,19,99,4,0,31,3,88
2011-08-10 15:05:56,Attack,114,0,115,2056339,25575,3469495,3431,523.7510600956522,39,66,10,0,24,78,13,0,20,6,89
2011-08-10 15:05:57,Normal,177,0,177,1338647,22025,7694916,30530,264.7153175706215,46,120,11,0,23,152,2,0,36,5,136
2011-08-10 15:05:58,Normal,112,0,112,1214189,17467,4085632,23984,361.6739938303572,42,64,6,0,19,93,0,0,14,2,96
2011-08-10 15:05:59,Normal,121,0,121,1396009,28564,4474451,56029,426.2868089090909,37,79,5,0,11,97,13,0,20,2,99
2011-08-10 15:06:00,Attack,130,0,131,1310386,46625,4652032,62962,306.44158883206114,46,80,5,0,14,112,5,0,15,4,112
2011-08-10 15:06:01,Normal,125,0,125,1454301,47285,4558310,13622,334.47466883199996,36,81,8,0,17,105,3,0,17,1,107
2011-08-10 15:06:02,Normal,108,3,111,1379582,66814,4146004,15164,417.9568603063063,43,63,5,0,12,96,3,0,14,3,94
2011-08-10 15:06:03,Normal,120,0,120,1339527,18781,4664956,30696,315.29400334999997,38,75,7,0,15,101,4,0,16,1,103
2011-08-10 15:06:04,Normal,131,0,131,1531435,4015,5157443,23613,337.3774039923664,36,85,10,0,19,111,1,0,13,1,117
2011-08-10 15:06:05,Normal,95,0,95,1163951,46069,3729009,13361,381.3475747894737,30,55,10,0,12,81,2,0,16,0,76
2011-08-10 15:06:06,Attack,114,0,119,1048053,4073,4588679,47815,239.00191074789913,42,68,9,0,18,96,5,0,30,3,86
2011-08-10 15:06:07,Normal,134,0,134,1105308,19237,5427159,22835,217.03082929850743,32,92,10,0,11,120,3,0,14,1,119
2011-08-10 15:06:08,Normal,144,6,150,1308733,20030,6151281,51107,353.3900557333334,44,96,10,0,24,123,3,0,24,1,124
2011-08-10 15:06:09,Attack,180,10,194,1382172,20517,7139669,40786,175.61461117525772,35,150,9,0,40,148,6,0,44,2,147
2011-08-10 15:06:10,Normal,155,10,165,1542679,8074,6492710,27819,287.4332887272727,39,120,6,0,35,125,5,0,44,3,117
2011-08-10 15:06:11,Normal,170,0,170,1646753,17100,5878332,3787,233.80501234705883,41,120,9,0,42,123,5,0,60,3,107
2011-08-10 15:06:12,Normal,169,3,172,1715255,8005,6537618,53355,315.2776440930233,37,129,6,0,52,111,9,0,72,2,98
2011-08-10 15:06:13,Normal,172,0,172,1488006,6995,6165188,49389,339.09957172674416,55,113,4,0,46,121,5,0,48,3,121
2011-08-10 15:06:14,Normal,115,0,115,930057,17341,4632579,63263,235.34837943478257,42,68,5,0,16,99,0,0,23,0,92
2011-08-10 15:06:15,Attack,178,0,180,1228337,22075,6929662,37841,287.25964161666667,38,130,12,0,30,147,3,0,83,1,96
2011-08-10 15:06:16,Normal,156,0,156,838854,20907,6486672,36984,241.2988138525641,28,122,6,0,22,124,10,0,53,0,102
2011-08-10 15:06:17,Attack,153,0,154,1267716,19121,6211772,59700,171.19076293506492,35,111,8,0,18,135,1,0,37,0,117
2011-08-10 15:06:18,Normal,138,0,138,1139472,18403,5139682,15949,250.8784265507246,37,92,9,0,10,126,2,0,30,1,107
2011-08-10 15:06:19,Normal,136,0,136,790411,19317,5398449,15812,303.31656452205885,37,96,3,0,9,124,3,0,24,0,112
2011-08-10 15:06:20,Normal,112,0,112,1179666,3398,4170979,55582,411.2998875267857,44,66,2,0,9,101,2,0,15,4,93
2011-08-10 15:06:21,Attack,154,0,157,1014690,21205,5944973,56682,291.272162388535,40,112,5,0,35,120,2,0,39,3,115
2011-08-10 15:06:22,Normal,144,3,147,747335,11330,6377027,56043,182.709474122449,35,108,4,0,9,135,3,0,24,0,123
2011-08-10 15:06:23,Normal,143,0,143,771660,6037,5928003,46637,180.68555816083915,34,98,11,0,4,138,1,0,6,0,137
2011-08-10 15:06:24,Normal,134,0,134,1849108,17294,4244285,15928,639.9925065447762,40,88,6,0,24,103,7,0,13,3,118
2011-08-10 15:06:25,Normal,95,0,95,1018216,15058,3555585,62531,524.0110951473685,34,57,4,0,15,79,1,0,11,2,82
2011-08-10 15:06:26,Normal,127,0,127,1071365,4850,4737962,36898,313.642973480315,31,81,15,0,16,105,6,0,27,1,99
2011-08-10 15:06:27,Attack,98,17,118,938344,17719,4151745,9286,297.1973858559322,40,72,6,0,17,93,8,0,29,0,89
2011-08-10 15:06:28,Normal,103,1,104,1006967,15902,3600514,61586,330.1653807403846,44,57,3,0,16,85,2,1,16,2,85
2011-08-10 15:06:29,Normal,144,1,145,776908,19584,5374142,26063,307.69021213793104,37,102,6,0,11,131,2,1,21,0,123
2011-08-10 15:06:30,Attack,129,0,133,948938,55028,5024576,930,295.7795419774436,34,93,6,0,11,116,5,1,18,1,113
2011-08-10 15:06:31,Normal,90,0,90,1211771,2966,3183062,44079,335.10970406666667,38,48,4,0,16,72,2,0,16,2,72
2011-08-10 15:06:32,Normal,111,3,114,1061170,3381,4580798,38203,325.3415740438597,44,58,12,0,9,103,1,1,15,0,98
2011-08-10 15:06:33,Normal,102,0,102,784537,3735,3908771,60004,314.93763493137254,33,64,5,0,11,90,1,0,12,1,89
2011-08-10 15:06:34,Normal,101,0,101,1009633,17258,3667857,43974,328.38253606930687,48,51,2,0,8,92,1,0,10,3,88
2011-08-10 15:06:35,Normal,133,0,133,916989,18647,4951634,42578,362.48731280451125,46,80,7,0,11,121,1,0,20,1,112
2011-08-10 15:06:36,Attack,129,0,132,939342,19030,5297981,14465,205.21623020454547,35,92,5,0,7,113,11,1,18,3,109
2011-08-10 15:06:37,Normal,126,0,126,849812,4507,5343742,44644,211.86764854761904,25,97,4,0,11,114,1,0,9,0,117
2011-08-10 15:06:38,Attack,136,0,137,1321275,26189,5070852,1110,330.41311189051095,35,91,11,0,27,107,3,0,23,2,112
2011-08-10 15:06:39,Attack,131,3,145,1013771,18319,5482881,49598,164.82227766896554,40,98,7,0,12,127,6,0,18,0,127
2011-08-10 15:06:40,Normal,129,0,129,1088101,7105,5067997,54710,257.1665947906977,39,82,8,0,12,114,3,0,15,4,110
2011-08-10 15:06:41,Normal,92,0,92,1019093,15835,3140322,15226,400.3435956956522,35,47,10,0,7,83,2,0,8,2,82
2011-08-10 15:06:42,Attack,100,3,105,948217,17838,3685881,38121,520.2290068666666,36,61,8,0,22,82,1,0,25,2,78
2011-08-10 15:06:43,Normal,143,0,143,1196728,18999,5204996,5331,281.8393566153846,48,89,6,0,20,118,3,2,13,2,128
2011-08-10 15:06:44,Normal,164,0,164,999931,21946,6836588,40658,198.40499173780486,31,121,12,0,30,130,4,0,44,4,115
2011-08-10 15:06:45,Normal,118,0,118,996022,4816,4787465,55598,308.38824582203387,39,64,15,0,9,107,2,0,21,2,95
2011-08-10 15:06:46,Normal,171,0,171,953933,9842,7151930,57467,220.72058610526318,39,129,3,0,9,160,2,0,47,3,120
2011-08-10 15:06:47,Normal,128,0,128,1247292,18281,4938764,31771,308.762328375,31,88,9,0,24,104,0,0,35,1,92
2011-08-10 15:06:48,Attack,148,0,154,981854,19834,5683439,4069,276.1233403116883,42,98,14,0,10,137,7,0,26,2,126
2011-08-10 15:06:49,Normal,95,0,95,894535,17382,3361204,34366,329.50265167368417,35,53,7,0,10,82,1,2,18,0,77
2011-08-10 15:06:50,Normal,113,0,113,1145409,17367,4221927,39482,356.95562312389376,42,61,10,0,13,98,2,0,25,1,87
2011-08-10 15:06:51,Attack,114,0,121,1182333,8491,4718684,51476,327.2850968595041,43,70,8,0,4,109,8,0,40,0,80
2011-08-10 15:06:52,Attack,85,3,89,1212524,15759,3321658,41730,332.5897632247191,26,55,8,0,4,78,7,0,13,1,75
2011-08-10 15:06:53,Normal,113,0,113,1222862,62865,4479133,26338,423.41276567256637,42,60,11,0,7,104,2,0,18,3,91
2011-08-10 15:06:54,Normal,105,0,105,967986,4931,4061677,21099,252.73659130476187,49,49,7,0,4,98,3,0,13,1,91
2011-08-10 15:06:55,Normal,127,0,127,1123082,19000,4921474,33320,330.9063722440944,33,91,3,0,17,107,3,0,14,3,110
2011-08-10 15:06:56,Attack,142,0,144,1638685,7660,4686861,1542,509.3497420902778,45,91,8,0,23,114,7,0,36,2,106
2011-08-10 15:06:57,Attack,132,0,136,1403840,39459,4839094,14214,462.7515848014705,40,86,10,0,23,103,10,0,23,1,112
2011-08-10 15:06:58,Normal,95,0,95,1138457,15972,2826050,32275,404.1586229684212,36,53,6,0,15,77,3,0,16,3,75
2011-08-10 15:06:59,Normal,86,0,86,907189,2924,2909814,49585,491.1456748720931,42,31,13,0,5,79,2,0,16,3,67
2011-08-10 15:07:00,Attack,236,0,240,1141436,10157,11655030,54061,174.56372853333332,38,195,7,0,22,214,2,2,14,2,224
2011-08-10 15:07:01,Normal,104,0,104,1095069,15796,3572834,10634,432.0418456442308,47,52,5,0,8,94,1,1,5,1,98
2011-08-10 15:07:02,Normal,90,3,93,960325,4987,3339666,59927,416.88573365591395,35,45,13,0,8,82,2,1,15,1,77
2011-08-10 15:07:03,Attack,110,0,111,1076539,6668,4379220,58595,317.7619927387387,34,71,6,0,11,97,3,0,23,2,86
2011-08-10 15:07:04,Normal,96,0,96,891419,18352,3780374,5453,302.4127239479167,36,58,2,0,4,84,8,0,19,0,77
2011-08-10 15:07:05,Normal,82,0,82,1008820,2575,2813950,66272,459.0011978048781,26,46,10,0,8,69,5,0,10,2,70
2011-08-10 15:07:06,Normal,114,0,114,1482156,16521,4626481,56856,570.0928270614035,46,60,8,0,14,96,4,0,7,1,105
2011-08-10 15:07:07,Normal,121,0,121,1292786,19234,4383100,56936,322.62594890909094,34,76,11,0,20,96,5,0,24,1,95
2011-08-10 15:07:08,Normal,121,0,121,1188390,17259,5145669,56085,319.5292662231405,39,73,9,0,22,97,2,0,20,0,101
2011-08-10 15:07:09,Attack,90,3,99,876242,16666,3345195,56344,370.77848674747474,51,41,7,0,8,87,4,0,24,1,74
2011-08-10 15:07:10,Normal,119,0,119,1252188,17345,4363758,57115,205.1265773277311,41,70,8,0,15,99,5,0,18,2,99
2011-08-10 15:07:11,Attack,113,0,114,1009277,5534,4191909,57301,233.69189753508772,44,63,7,0,11,101,1,1,16,2,96
2011-08-10 15:07:12,Attack,95,3,104,1020133,3594,4023400,57984,406.3961095961539,51,46,7,0,8,89,7,0,23,4,77
2011-08-10 15:07:13,Normal,82,0,82,816789,2874,3039164,56252,386.6107785243902,30,50,2,0,9,73,0,0,14,0,68
2011-08-10 15:07:14,Normal,72,0,72,981776,2860,2493680,56172,340.69042883333327,29,35,8,0,8,61,3,0,11,0,61
2011-08-10 15:07:15,Normal,95,0,95,932424,2733,3535974,36224,313.09625182105253,39,49,7,0,9,86,0,0,7,1,87
2011-08-10 15:07:16,Normal,117,0,117,1167688,2752,4545443,57634,321.2730192820513,41,69,7,0,4,110,3,0,6,2,109
2011-08-10 15:07:17,Normal,72,0,72,892722,44203,2491106,56511,532.99822075,32,33,7,0,7,64,1,0,10,1,61
2011-08-10 15:07:18,Attack,122,0,126,1255799,26197,4432496,20776,440.1799052063493,50,69,7,0,11,108,7,0,27,5,94
2011-08-10 15:07:19,Normal,99,0,99,1294756,15966,3461410,25007,442.412207020202,44,45,10,0,15,84,0,0,20,2,77
2011-08-10 15:07:20,Normal,125,0,125,1138332,13023,4451685,3351,337.48694039200007,34,82,9,0,14,106,5,0,18,4,103
2011-08-10 15:07:21,Attack,129,0,130,1424139,19495,4404123,40029,366.1740632384615,39,83,8,0,19,103,8,0,20,4,105
2011-08-10 15:07:22,Normal,71,3,74,844531,15392,3003671,60128,350.2086308918919,36,31,7,0,4,69,1,0,8,1,65
2011-08-10 15:07:23,Normal,134,4,138,1477062,18415,5158885,38036,405.2816277826087,48,76,14,0,13,123,2,0,21,2,114
2011-08-10 15:07:24,Attack,106,0,107,1324784,17893,3882060,39903,484.30189269158876,40,62,5,0,23,79,5,0,22,2,83
2011-08-10 15:07:25,Normal,123,0,123,1382625,18327,4440583,36669,199.81095952845527,45,71,7,0,14,100,9,0,17,1,105
2011-08-10 15:07:26,Normal,126,0,126,1042997,19758,4113426,40802,280.8713157460317,36,78,12,0,11,105,10,0,20,12,94
2011-08-10 15:07:27,Normal,111,0,111,1198197,19434,4095471,14905,384.74411460360363,46,60,5,0,9,95,7,0,14,2,94
2011-08-10 15:07:28,Normal,111,0,111,1331703,16221,3789392,60906,337.91776974774774,35,70,6,0,24,79,7,1,20,3,87
2011-08-10 15:07:29,Normal,102,0,102,740530,38804,4136297,13362,248.3724307941176,18,79,5,0,12,86,3,1,19,0,82
2011-08-10 15:07:30,Attack,116,0,119,1473848,17018,3840939,62052,500.13878717647066,47,58,14,0,21,96,2,0,22,1,94
2011-08-10 15:07:31,Normal,125,2,127,1065004,17772,4896162,55128,330.2961121732284,41,77,9,0,14,111,1,1,12,2,112
2011-08-10 15:07:32,Normal,121,3,124,1196688,12756,4580000,14213,308.46158614516133,43,71,10,0,10,108,6,0,17,2,105
2011-08-10 15:07:33,Attack,161,0,166,1045756,10885,6958707,1072,151.13598874096385,46,115,5,0,9,152,5,0,27,1,136
2011-08-10 15:07:34,Normal,144,0,144,1376024,12302,5217257,3524,378.20811483333335,47,90,7,0,29,113,2,0,30,4,110
2011-08-10 15:07:35,Normal,163,0,163,1028145,21837,6776765,33905,314.23408045398776,43,113,7,0,19,139,4,1,25,1,136
2011-08-10 15:07:36,Normal,137,0,137,912839,18314,5456882,17776,200.61304281751825,30,103,4,0,8,124,4,1,13,1,122
2011-08-10 15:07:37,Normal,165,0,165,1627101,20059,6447163,55574,250.4944033939394,40,114,11,0,16,143,6,0,17,2,146
2011-08-10 15:07:38,Normal,97,0,97,1120714,14900,3272836,13124,562.6229464536082,32,53,12,0,9,85,3,0,8,2,86
2011-08-10 15:07:39,Attack,82,0,85,964124,15890,3079754,65768,312.5271308823529,31,50,4,0,13,68,4,0,9,1,75
2011-08-10 15:07:40,Normal,99,9,108,920969,17629,3802796,57807,367.2257142129628,43,64,1,0,12,93,3,0,16,4,88
2011-08-10 15:07:41,Normal,89,5,94,1091807,5598,3366085,62867,461.91611234042557,44,40,10,0,9,84,1,0,11,4,79
2011-08-10 15:07:42,Attack,120,3,124,1219257,3389,4251357,30290,442.4855931451614,40,79,5,0,12,105,7,0,14,3,107
2011-08-10 15:07:43,Normal,114,0,114,1063014,17915,4315226,54902,293.6101519824561,50,59,5,0,13,98,3,0,18,2,94
2011-08-10 15:07:44,Normal,103,0,103,1132595,15862,3427449,29431,453.1622360970874,45,51,7,0,8,94,1,0,9,3,91
2011-08-10 15:07:45,Attack,141,0,142,1447196,19524,5577360,59793,445.3533054084507,38,95,9,0,28,112,1,1,26,3,113
2011-08-10 15:07:46,Normal,104,0,104,1133906,15813,3851561,35848,386.6454802115385,48,48,8,0,10,92,2,0,14,1,89
2011-08-10 15:07:47,Normal,109,0,109,1238622,16025,3806811,21471,423.0198615963302,46,55,8,0,9,97,3,0,10,2,97
2011-08-10 15:07:48,Normal,114,0,114,1011387,5083,4304626,61931,311.7864191929824,41,66,7,0,13,97,3,1,18,3,92
2011-08-10 15:07:49,Normal,90,0,90,988733,16650,3453798,46396,411.9635140888889,39,43,8,0,10,78,2,0,15,0,75
2011-08-10 15:07:50,Normal,98,0,98,973911,3108,3481315,52429,458.393541632653,43,50,5,0,8,88,2,0,7,2,89
2011-08-10 15:07:51,Attack,90,0,93,1129860,14898,3360792,23293,369.53688884946246,34,55,4,0,11,78,4,0,9,2,82
2011-08-10 15:07:52,Normal,116,3,119,1275011,17898,4536386,25655,365.8277349747899,42,65,12,0,10,105,4,0,18,4,97
2011-08-10 15:07:53,Normal,110,0,110,920200,17668,4526847,42939,281.9613366909091,31,71,8,0,10,98,2,0,20,3,87
2011-08-10 15:07:54,Attack,98,0,108,1256454,17217,3633571,36628,363.85494207407396,44,62,2,0,15,85,8,0,23,2,83
2011-08-10 15:07:55,Normal,90,0,90,1107717,4321,3282746,48942,367.47928103333334,33,46,11,0,12,78,0,0,14,0,76
2011-08-10 15:07:56,Normal,94,0,94,926800,16842,3553899,56961,322.3863687553192,35,52,7,0,12,77,5,0,16,0,77
2011-08-10 15:07:57,Normal,112,0,112,1244309,16245,4511689,19193,459.3575854107143,28,73,11,0,11,98,3,0,10,1,101
2011-08-10 15:07:58,Normal,114,0,114,1406566,17486,4141935,43119,324.42937557017547,36,68,10,0,15,95,4,0,12,1,101
2011-08-10 15:07:59,Attack,107,0,108,938202,26270,4209907,15028,259.7851499074074,41,48,19,0,9,82,17,0,18,2,88
2011-08-10 15:08:00,Attack,167,0,172,1335212,9985,7245979,39248,232.3038060174419,56,104,12,0,29,133,10,0,46,3,123
2011-08-10 15:08:01,Attack,111,0,113,1269161,18174,4035600,2763,436.99207517699114,49,58,6,0,15,90,8,0,23,1,89
2011-08-10 15:08:02,Normal,148,6,154,1314193,7215,5629810,42425,311.4754797207792,49,96,9,0,11,138,5,0,20,1,133
2011-08-10 15:08:03,Normal,86,0,86,812303,16005,3249112,55315,374.4612373023255,35,40,11,0,5,77,4,0,10,3,73
2011-08-10 15:08:04,Attack,101,0,102,1687278,2287,2856313,36946,621.9109283039217,22,67,13,0,30,67,5,0,7,2,93
2011-08-10 15:08:05,Normal,98,0,98,1451473,15132,3353434,17848,541.3697450408164,39,53,6,0,10,85,3,0,9,2,87
2011-08-10 15:08:06,Attack,144,1,148,1320148,19613,5690797,15281,237.67500908783788,49,93,6,0,33,108,7,0,37,3,108
2011-08-10 15:08:07,Normal,117,0,117,1271962,3928,4167353,53523,437.88060368376074,36,76,5,0,11,103,3,0,11,1,105
2011-08-10 15:08:08,Normal,101,0,101,1285846,16029,3455106,64420,423.1883168316832,36,61,4,0,20,74,7,0,23,0,78
2011-08-10 15:08:09,Normal,108,0,108,987780,18100,4016721,19130,279.9494309166667,37,66,5,0,14,90,4,0,26,1,81
2011-08-10 15:08:10,Attack,139,0,140,1402141,9141,5010490,48671,329.1951895928571,45,82,13,0,12,119,9,0,25,4,111
2011-08-10 15:08:11,Normal,133,6,139,1352668,11881,4984718,58403,340.1601709856116,46,80,13,0,16,106,17,0,34,4,101
2011-08-10 15:08:12,Attack,124,6,133,1447887,19060,4909247,62255,445.2150593609022,48,73,12,0,20,105,8,0,27,2,104
2011-08-10 15:08:13,Normal,101,0,101,900019,3018,3956833,36622,358.30850521782173,40,54,7,0,7,93,1,0,10,1,90
2011-08-10 15:08:14,Normal,108,0,108,1582148,15663,3362401,41087,338.3741570833333,39,58,11,0,17,90,1,0,7,3,98
2011-08-10 15:08:15,Attack,111,0,116,1461721,3721,3404734,54436,500.5397556896551,43,66,7,0,21,91,4,0,16,3,97
2011-08-10 15:08:16,Attack,108,0,110,1174133,3445,4159338,34973,383.26570054545465,36,68,6,0,10,95,5,0,16,2,91
2011-08-10 15:08:17,Normal,98,0,98,922507,2749,3731639,56875,348.92306435714295,28,60,10,0,5,90,3,0,8,0,90
2011-08-10 15:08:18,Attack,99,0,108,960232,17902,4055678,54548,234.4485327685185,39,62,7,0,10,91,7,0,20,1,86
2011-08-10 15:08:19,Attack,101,0,104,1186761,16686,3711235,17111,250.82572496153847,34,62,8,0,15,89,0,0,13,0,91
2011-08-10 15:08:20,Normal,98,0,98,1154573,15683,3104354,60062,321.3501268877551,42,50,6,0,16,80,2,0,13,4,81
2011-08-10 15:08:21,Attack,117,0,134,1049042,17827,4355960,16523,299.6722759402985,45,78,11,0,11,112,11,0,21,0,113
2011-08-10 15:08:22,Normal,114,3,117,1220275,18335,4565342,55700,469.463505982906,41,67,9,0,11,101,5,0,14,3,99
2011-08-10 15:08:23,Normal,109,0,109,886625,19074,4213124,14118,277.4461510091743,39,66,4,0,6,100,3,0,12,2,94
2011-08-10 15:08:24,Attack,112,0,114,1120490,17051,4265143,21805,391.76329407017545,36,66,12,0,28,82,4,0,29,2,83
2011-08-10 15:08:25,Normal,116,0,116,1437118,3248,4407052,56480,393.92455006034487,41,64,11,0,17,97,2,0,18,2,96
2011-08-10 15:08:26,Normal,121,0,121,1133068,5607,4898022,58080,306.441969123967,51,67,3,0,21,96,4,0,24,1,96
2011-08-10 15:08:27,Attack,161,0,165,1065107,8713,6958304,39574,224.98264782424243,43,115,7,0,26,134,5,0,36,1,128
2011-08-10 15:08:28,Attack,100,0,105,962049,16664,4038133,49944,340.73904418095236,42,56,7,0,16,85,3,1,24,0,80
2011-08-10 15:08:29,Normal,94,0,94,758867,3392,3608535,56693,416.1484087340425,32,52,10,0,12,79,1,2,15,0,78
2011-08-10 15:08:30,Normal,164,0,164,927939,21908,5049310,10621,294.86205968902436,39,117,8,0,16,143,4,1,66,1,96
2011-08-10 15:08:31,Normal,72,0,72,826200,15993,2403862,12988,552.4016018055556,22,44,6,0,15,54,2,1,19,0,52
2011-08-10 15:08:32,Normal,107,3,110,1139917,17683,4217716,57325,380.2454340727272,34,67,9,0,10,97,3,0,16,3,91
2011-08-10 15:08:33,Attack,129,1,135,1074258,19499,5122840,6344,205.33797705185188,51,76,7,0,12,116,6,0,28,0,106
2011-08-10 15:08:34,Normal,114,0,114,1179516,6229,4258805,50243,311.3804374210526,42,63,9,0,18,93,3,0,30,2,81
2011-08-10 15:08:35,Normal,122,0,122,1231165,5279,5162666,33940,177.14996855737706,34,82,6,0,31,87,4,0,27,2,93
2011-08-10 15:08:36,Normal,110,2,112,1353477,17250,3752389,23833,304.33230567857146,38,65,9,0,14,93,5,0,20,2,90
2011-08-10 15:08:37,Normal,118,0,118,1181863,3111,4179836,50968,341.8156346525425,42,65,11,0,15,102,0,1,15,2,99
2011-08-10 15:08:38,Attack,99,0,102,743654,17455,3887984,67304,366.71166227450976,27,70,5,0,13,85,4,0,24,4,74
2011-08-10 15:08:39,Normal,115,0,115,989523,4269,4515698,52156,345.4879808434782,32,69,14,0,15,98,2,0,22,0,93
2011-08-10 15:08:40,Normal,111,0,111,1316049,3694,4337465,63517,257.0977684954955,39,61,11,0,14,96,1,0,19,7,85
2011-08-10 15:08:41,Attack,98,0,99,1069979,17599,3530630,11596,343.3145567878788,32,59,8,0,21,74,4,0,25,7,66
2011-08-10 15:08:42,Attack,120,6,128,905135,10742,4721104,61398,152.905919078125,33,84,11,0,11,105,12,0,34,5,89
2011-08-10 15:08:43,Normal,154,0,154,1284633,19224,6128594,33638,151.0793541883117,45,102,7,0,18,113,23,0,44,8,102
2011-08-10 15:08:44,Normal,363,0,363,1223013,16737,18122275,63016,175.14356249035814,45,310,8,0,16,337,10,0,30,6,327
2011-08-10 15:08:45,Attack,137,0,144,1202841,20534,5166953,52094,281.31583676388885,47,94,3,0,26,110,8,0,36,2,105
2011-08-10 15:08:46,Normal,111,0,111,1052451,8620,4533709,2693,273.05683927027025,42,63,6,0,13,96,2,0,20,1,90
2011-08-10 15:08:47,Normal,108,0,108,843150,17297,4222822,21578,251.27263463888892,33,66,9,0,5,102,1,0,20,1,87
2011-08-10 15:08:48,Attack,108,0,109,1065319,3972,4086719,43252,380.7422354495414,44,53,12,0,7,99,3,0,19,1,89
2011-08-10 15:08:49,Attack,123,0,125,784392,21551,5147916,55019,287.400149016,38,81,6,0,38,82,5,0,50,3,71
2011-08-10 15:08:50,Normal,130,0,130,778544,20014,5743127,10776,191.4375725769231,36,86,8,0,15,108,7,0,34,1,95
2011-08-10 15:08:51,Attack,126,0,127,1186682,5230,4557110,51106,309.91602033070865,44,75,8,0,16,108,3,0,14,0,113
2011-08-10 15:08:52,Normal,140,3,143,1740489,18362,5022112,23104,392.62158542657346,47,88,8,0,21,119,3,0,21,3,119
2011-08-10 15:08:53,Normal,163,0,163,994606,23715,7058208,48121,165.77118952760736,26,129,8,0,37,120,6,0,41,1,121
2011-08-10 15:08:54,Attack,157,0,158,1355505,18731,5993448,58609,332.11696121518986,51,97,10,0,9,145,4,0,17,3,138
2011-08-10 15:08:55,Normal,123,0,123,1602858,17593,4404589,34250,410.7406541544716,38,80,5,0,20,98,5,0,15,1,107
2011-08-10 15:08:56,Normal,137,0,137,1594890,19139,4876361,6755,453.6949850583942,46,79,12,0,15,110,12,0,28,3,104
2011-08-10 15:08:57,Attack,114,0,118,1423571,10078,3769028,15806,433.10771761864413,53,55,10,0,15,98,5,0,30,4,83
2011-08-10 15:08:58,Normal,103,0,103,1067063,2494,3963666,61520,271.52605863106794,30,66,7,0,10,92,1,0,16,0,86
2011-08-10 15:08:59,Normal,168,0,168,1267793,20215,6537849,40618,273.1211259047619,43,115,10,0,34,130,4,0,31,2,135
2011-08-10 15:09:00,Attack,282,0,284,1174826,12503,13884340,49065,140.28152553873238,28,250,6,0,12,264,8,0,22,1,261
2011-08-10 15:09:01,Normal,149,0,149,946294,5598,6325686,51814,261.06289851006716,36,106,7,0,26,113,10,0,37,0,112
2011-08-10 15:09:02,Normal,143,3,146,1103335,8318,5875371,33384,275.8493210479452,41,96,9,0,21,122,3,0,29,0,117
2011-08-10 15:09:03,Attack,137,0,139,939812,6378,5733128,39200,390.3078119208633,49,83,7,0,18,117,4,0,28,0,111
2011-08-10 15:09:04,Attack,101,0,102,896272,17146,3899071,31053,383.2567608725492,35,56,10,1,18,81,1,2,18,3,80
2011-08-10 15:09:05,Normal,94,0,94,867388,18593,3363779,58467,181.68471255319147,37,47,10,0,15,72,6,1,22,2,70
2011-08-10 15:09:06,Attack,113,0,114,742118,17337,4505667,46310,269.854590754386,32,72,10,0,15,98,1,0,17,2,94
2011-08-10 15:09:07,Normal,106,0,106,1009509,17554,3813044,40087,286.7779021415094,35,60,11,0,17,86,3,0,22,4,80
2011-08-10 15:09:08,Normal,100,0,100,889060,17919,3770504,23491,442.4100793700001,33,59,8,0,17,77,6,0,19,1,78
2011-08-10 15:09:09,Attack,126,0,127,1390374,18108,4805237,31429,393.9591406771653,31,84,12,0,18,103,6,0,22,1,103
2011-08-10 15:09:10,Attack,138,0,142,1391160,4205,4987483,46085,333.3124826690141,50,84,8,0,29,107,6,0,28,2,112
2011-08-10 15:09:11,Normal,120,0,120,1558190,5657,3808687,39882,494.2811314666667,39,73,8,0,30,85,5,0,17,2,101
2011-08-10 15:09:12,Attack,110,3,116,1090173,17637,4233667,13130,120.86531366379313,42,69,5,0,15,96,5,0,25,2,89
2011-08-10 15:09:13,Normal,114,3,117,1056106,3791,4601394,171,288.02978791452995,36,75,6,0,16,95,6,0,19,2,95
2011-08-10 15:09:14,Normal,82,0,82,1101667,16712,2786470,47580,417.30884121951226,42,37,3,0,12,69,1,0,11,5,66
2011-08-10 15:09:15,Normal,91,0,91,1083966,2407,3529745,55045,353.80176058241767,32,50,9,0,15,76,0,0,11,0,78
2011-08-10 15:09:16,Normal,116,0,116,1242281,17424,4279191,59342,300.061496224138,43,62,11,0,13,98,5,0,26,0,90
2011-08-10 15:09:17,Normal,90,0,90,1095988,69104,3374496,13704,374.73670144444435,36,49,5,0,16,72,2,0,18,1,71
2011-08-10 15:09:18,Attack,104,0,106,1160941,2890,3833296,54159,392.0377329245283,38,62,6,0,15,84,7,0,20,0,84
2011-08-10 15:09:19,Normal,137,0,137,1334213,18115,5234462,39264,370.9158983649635,46,80,11,0,11,126,0,0,4,1,131
2011-08-10 15:09:20,Normal,127,0,127,1890029,16685,4014181,67220,389.2027382598425,39,78,10,0,28,97,1,1,9,3,112
2011-08-10 15:09:21,Attack,125,0,126,1720552,16110,3981311,47953,338.11002044444456,45,75,6,0,31,92,3,0,19,3,103
2011-08-10 15:09:22,Attack,92,3,97,1208663,16130,3238378,27291,362.5751336494845,35,51,11,0,19,72,6,0,24,2,71
2011-08-10 15:09:23,Normal,103,0,103,1118972,16354,4154882,57034,348.7381833592233,37,51,15,0,12,88,3,0,21,2,80
2011-08-10 15:09:24,Attack,155,0,159,1256074,8697,6062016,60257,189.75829628930816,50,96,13,0,9,142,8,0,35,5,119
2011-08-10 15:09:25,Normal,94,0,94,924192,16795,3506827,3215,442.17589060638295,33,54,7,0,9,79,6,0,9,2,82
2011-08-10 15:09:26,Normal,119,0,119,1500572,63125,4343125,58532,479.78304178991596,40,68,11,0,18,93,8,0,18,3,96
2011-08-10 15:09:27,Attack,112,0,116,1318424,3681,4276765,51473,377.2776713706897,37,73,6,0,13,93,10,0,23,1,91
2011-08-10 15:09:28,Normal,101,0,101,1110478,15986,3410716,65315,345.0114442079208,33,57,11,0,11,83,6,1,15,1,83
2011-08-10 15:09:29,Normal,159,0,159,1544387,18822,5343864,49404,327.904990754717,57,96,6,0,21,134,3,1,22,2,133
2011-08-10 15:09:30,Attack,126,0,128,1197477,10250,5200618,13363,308.97907181249997,31,91,6,0,20,97,11,0,26,0,102
2011-08-10 15:09:31,Attack,100,0,102,764112,16345,3849738,52163,185.55598331372548,45,49,8,0,4,94,3,1,9,0,92
2011-08-10 15:09:32,Attack,108,3,112,1090769,29841,3746641,51234,284.01091375,41,63,8,0,20,85,6,1,33,3,74
2011-08-10 15:09:33,Attack,114,0,118,1141330,18215,4011311,36256,355.97801549999997,36,74,8,0,16,99,3,0,20,2,96
2011-08-10 15:09:34,Attack,99,3,103,1043719,18210,3820719,28612,393.58480929126205,45,50,8,0,12,88,3,0,12,0,90
2011-08-10 15:09:35,Normal,120,0,120,1002847,4633,4637146,56382,301.03071243333335,36,75,9,0,31,87,2,0,32,1,87
2011-08-10 15:09:36,Normal,127,0,127,1587784,16983,4841103,19554,361.74466347244083,48,72,7,0,21,103,3,0,15,0,109
2011-08-10 15:09:37,Normal,121,0,121,1674808,15981,4525947,27887,357.90787229752067,38,77,6,0,23,95,3,0,17,1,102
2011-08-10 15:09:38,Normal,122,0,122,1008238,6186,5076392,63544,225.6418009672131,44,73,5,0,25,93,4,0,36,1,85
2011-08-10 15:09:39,Attack,105,0,113,1098178,17898,3558448,35750,190.6587514159292,41,63,9,0,10,96,7,0,20,1,92
2011-08-10 15:09:40,Normal,147,2,149,1053533,19565,6077262,53559,226.2618471610738,43,101,5,0,24,124,1,0,26,3,119
2011-08-10 15:09:41,Normal,107,0,107,953008,17742,4019876,3807,347.8485807009346,47,52,8,0,17,89,1,0,20,4,83
2011-08-10 15:09:42,Attack,95,3,99,984740,5132,3355696,62145,310.5279111818181,29,64,6,0,19,74,6,0,19,2,76
2011-08-10 15:09:43,Attack,105,0,106,959271,4207,3407055,45465,320.8021752830188,36,60,10,0,9,95,2,0,10,4,92
2011-08-10 15:09:44,Normal,76,3,79,1017358,16679,2578205,45377,535.3896091265823,31,41,7,0,8,67,3,1,6,3,70
2011-08-10 15:09:45,Attack,114,0,116,897055,17846,4441296,53198,416.015167612069,30,79,7,0,12,101,3,0,14,0,101
2011-08-10 15:09:46,Normal,125,0,125,1449919,18934,4435537,51876,405.92909281600004,46,65,14,0,21,97,7,0,19,0,104
2011-08-10 15:09:47,Normal,116,0,116,1183920,4027,4348352,58221,343.21063815517243,40,63,13,0,12,101,3,0,11,0,105
2011-08-10 15:09:48,Attack,97,0,100,866628,16448,3651464,48206,366.42384631999994,40,57,3,0,9,86,5,0,17,0,83
2011-08-10 15:09:49,Normal,94,0,94,950019,4916,3642590,50759,534.5383695744682,39,48,7,0,10,76,8,0,24,1,69
2011-08-10 15:09:50,Normal,169,0,169,1088325,21645,6918642,15852,178.64215715976331,40,123,6,0,8,151,10,0,21,1,147
2011-08-10 15:09:51,Attack,102,0,103,845222,19455,3886734,34960,379.00202275728157,41,59,3,0,11,87,5,0,19,1,83
2011-08-10 15:09:52,Attack,115,3,121,1022304,12324,4577060,1110,212.72355465289255,42,72,7,0,12,98,11,0,26,2,93
2011-08-10 15:09:53,Attack,116,0,117,880030,4569,4194204,35904,243.1895833504273,43,66,8,0,11,96,10,0,20,2,95
2011-08-10 15:09:54,Attack,104,0,105,1497884,16185,4081278,5008,350.83040056190475,43,59,3,0,15,87,3,0,9,2,94
2011-08-10 15:09:55,Normal,104,0,104,976055,18287,4273520,32425,253.84250533653847,34,62,8,0,7,95,2,0,14,2,88
2011-08-10 15:09:56,Normal,98,0,98,1184539,2008,3250108,55283,564.7055393469387,33,50,15,0,8,87,3,0,10,3,84
2011-08-10 15:09:57,Normal,104,0,104,1150607,16736,3840327,45036,299.95089900961534,43,52,9,0,7,91,6,0,16,2,86
2011-08-10 15:09:58,Normal,113,0,113,1150012,18733,3992511,13482,255.04902955752215,53,52,8,0,12,101,0,0,20,2,91
2011-08-10 15:09:59,Normal,136,0,136,877804,19015,4780760,66485,223.2081510661765,44,89,3,0,26,106,4,0,36,2,97
2011-08-10 15:10:00,Attack,105,0,107,1038230,17105,3750230,28982,258.6285007009346,36,59,12,0,6,100,1,0,12,3,92
2011-08-10 15:10:01,Normal,115,0,115,969615,16938,3950547,3801,314.70771196521736,36,69,10,0,8,100,7,0,19,1,94
2011-08-10 15:10:02,Normal,120,3,123,1498488,4595,4393922,33730,419.7509341788618,48,66,9,0,16,104,3,0,16,1,106
2011-08-10 15:10:03,Attack,147,0,150,1529350,19295,5311526,40931,271.95483404666663,48,89,13,0,15,130,5,0,25,5,120
2011-08-10 15:10:04,Attack,92,0,94,941403,17291,3268583,53147,316.47712047872335,35,50,9,0,7,78,9,0,14,5,75
2011-08-10 15:10:05,Normal,154,0,154,1160187,19277,5944255,24347,269.231013474026,43,102,9,0,11,126,17,0,34,0,120
2011-08-10 15:10:06,Attack,153,0,158,1535418,4865,5756006,43270,349.037432221519,36,115,7,0,25,129,4,0,16,0,140
2011-08-10 15:10:07,Normal,99,0,99,1338964,15160,3176951,52237,599.0726253333333,36,52,11,0,15,82,2,0,10,2,87
2011-08-10 15:10:08,Normal,111,0,111,1406689,10156,3943780,6858,409.90040701801803,48,57,6,0,15,96,0,0,12,3,95
2011-08-10 15:10:09,Attack,108,0,112,1232932,10403,4045793,3899,425.0790336339286,44,58,10,0,11,97,4,0,19,3,90
2011-08-10 15:10:10,Normal,97,0,97,1464593,15026,3030879,48184,383.98289823711343,46,45,6,0,13,82,2,0,8,2,86
2011-08-10 15:10:11,Normal,105,0,105,1059821,4443,3773173,53740,274.39610491428573,40,57,8,0,6,98,1,0,10,2,93
2011-08-10 15:10:12,Attack,97,3,101,1081550,17178,3548723,8107,287.2967971386139,32,63,6,0,9,84,8,0,9,2,90
2011-08-10 15:10:13,Attack,111,0,113,1267722,46456,3549250,27190,355.72198106194696,39,64,10,0,20,90,3,0,14,4,95
2011-08-10 15:10:14,Attack,94,0,95,517230,17621,3742811,59341,123.77024417894735,29,64,2,0,13,79,3,0,16,0,79
2011-08-10 15:10:15,Attack,143,3,147,1109949,18648,5605989,46972,244.3157265442177,39,97,11,0,8,131,8,0,19,1,127
2011-08-10 15:10:16,Normal,103,0,103,915349,2723,4214359,44340,290.63031266990293,35,58,10,0,5,98,0,0,9,1,93
2011-08-10 15:10:17,Normal,150,0,150,1229778,18291,5996065,32441,249.40165678666662,45,97,8,0,19,131,0,0,17,1,132
2011-08-10 15:10:18,Normal,131,0,131,1278291,18395,5074774,7303,232.94631789312976,40,84,7,0,21,107,3,0,24,4,103
2011-08-10 15:10:19,Normal,159,0,159,1381538,18799,6261532,34752,217.32525827044026,48,104,7,0,28,124,7,0,38,1,120
2011-08-10 15:10:20,Normal,216,0,216,1475579,9174,8709771,45313,231.600464375,34,173,9,0,25,190,1,0,17,4,195
2011-08-10 15:10:21,Attack,171,0,172,1769993,20798,6203447,22842,247.1063157151163,37,125,10,0,25,137,10,0,21,3,145
2011-08-10 15:10:22,Normal,89,3,92,1094037,16363,3256337,56191,384.31301604347817,38,44,10,0,6,82,4,0,12,2,77
2011-08-10 15:10:23,Normal,98,0,98,1084764,16841,3127930,48185,369.3713389693878,29,61,8,0,17,77,4,0,12,2,84
2011-08-10 15:10:24,Attack,124,0,126,1414439,17816,4444935,20709,382.6413012857143,41,71,14,0,14,101,11,0,20,3,103
2011-08-10 15:10:25,Attack,106,0,111,1069950,4207,3976633,2181,223.9858011081081,48,57,6,0,7,101,3,0,16,0,95
2011-08-10 15:10:26,Attack,119,0,120,1146684,19426,4456454,56621,307.5217970166667,40,74,6,0,20,95,5,0,20,0,100
2011-08-10 15:10:27,Attack,100,0,105,1079050,3786,3755642,3766,241.9701268095238,35,65,5,0,16,83,6,0,18,1,86
2011-08-10 15:10:28,Normal,96,0,96,1014927,14271,3370419,62223,423.79905380208334,43,46,7,0,7,84,4,1,10,0,85
2011-08-10 15:10:29,Normal,109,0,109,1229519,16505,3680896,66276,218.42421322935783,38,60,11,0,15,87,6,1,14,2,92
2011-08-10 15:10:30,Attack,182,0,188,1235875,21386,7435096,59844,252.5319134468085,45,137,6,0,29,146,13,0,42,0,146
2011-08-10 15:10:31,Normal,119,0,119,1445303,16920,4081187,4049,365.24785631932764,42,72,5,0,16,100,2,1,15,0,103
2011-08-10 15:10:32,Normal,106,3,109,1164897,18801,3625057,2814,324.31355102752303,42,56,11,0,13,94,2,0,16,1,92
2011-08-10 15:10:33,Attack,92,0,97,893919,4940,3334199,25582,340.6840636494845,42,45,10,0,9,86,2,0,19,0,78
2011-08-10 15:10:34,Attack,125,0,130,1306379,20472,4652164,64918,352.18416785384613,46,76,8,0,15,108,6,1,22,2,104
2011-08-10 15:10:35,Normal,121,0,121,1001652,5916,4593603,45982,382.9080936363637,35,79,7,0,12,107,2,0,15,0,105
2011-08-10 15:10:36,Attack,122,0,129,1039157,17934,4676047,9828,309.73772106201545,35,85,9,0,14,110,5,0,20,1,108
2011-08-10 15:10:37,Normal,109,0,109,716216,17548,4474128,50812,190.36994036697246,37,69,3,0,8,88,12,1,25,1,82
2011-08-10 15:10:38,Normal,120,0,120,1344577,3462,4192774,59746,391.80459521666666,48,67,5,0,16,100,4,0,19,4,97
2011-08-10 15:10:39,Normal,166,0,166,1122723,7180,7599092,50854,191.01774206024095,42,112,12,0,16,140,10,0,36,0,130
2011-08-10 15:10:40,Normal,175,0,175,1134139,9087,7130877,6314,158.56576883428573,37,126,12,0,21,145,9,0,26,2,147
2011-08-10 15:10:41,Normal,165,0,165,1306414,6893,6373820,57236,296.3326500666667,40,114,11,0,11,152,2,0,15,2,148
2011-08-10 15:10:42,Attack,89,3,93,745365,3172,3720460,4897,245.8236591935484,37,50,6,0,7,82,4,0,12,1,80
2011-08-10 15:10:43,Normal,102,0,102,1066391,16815,3515876,4646,294.3159045784314,43,53,6,0,10,89,3,0,17,0,85
2011-08-10 15:10:44,Normal,137,2,139,1238143,11865,5476034,49933,328.3343526043165,50,79,10,0,15,120,4,0,23,2,114
2011-08-10 15:10:45,Attack,110,8,121,1336109,4142,4336500,4718,345.3715782644628,40,65,16,0,9,103,9,0,21,0,100
2011-08-10 15:10:46,Attack,161,14,179,1247006,23382,7130752,6188,231.03681544134076,46,127,6,0,41,125,13,0,63,2,114
2011-08-10 15:10:47,Normal,136,2,138,1355148,4348,5299365,61519,253.02556336956522,56,76,6,0,9,126,3,0,16,4,118
2011-08-10 15:10:48,Attack,129,0,131,1218010,17164,4789954,45236,237.95478364122138,44,76,11,0,13,99,19,0,37,2,92
2011-08-10 15:10:49,Normal,172,0,172,1480272,7837,6380987,5665,314.95164147674416,47,116,9,0,28,121,23,0,54,2,115
2011-08-10 15:10:50,Normal,221,0,221,1416402,11271,8836402,39786,167.5451942669683,46,160,15,0,18,199,4,0,27,2,192
2011-08-10 15:10:51,Attack,157,0,160,1711885,6926,5852693,55829,245.95412140624995,43,106,11,0,16,141,3,0,26,2,132
2011-08-10 15:10:52,Normal,156,3,159,1992464,17719,5903534,4905,350.11664338993717,53,96,10,0,16,137,6,0,18,1,139
2011-08-10 15:10:53,Normal,111,0,111,1203080,16786,3540896,11507,235.50580886486486,39,60,12,0,9,99,3,0,11,0,100
2011-08-10 15:10:54,Attack,126,0,131,1710423,17919,4268637,63147,228.43869509160302,43,73,15,0,21,108,2,0,19,2,110
2011-08-10 15:10:55,Attack,103,0,105,1191753,16899,3408492,57980,479.302666504762,43,53,9,0,14,87,4,0,23,1,81
2011-08-10 15:10:56,Normal,111,0,111,1300292,15967,3814634,58606,247.57095904504504,42,61,8,0,23,85,3,0,23,3,85
2011-08-10 15:10:57,Attack,120,0,122,1242245,7398,4522743,43651,214.2528107459016,35,82,5,0,10,103,9,0,19,1,102
2011-08-10 15:10:58,Normal,112,0,112,1484633,3213,3736108,58356,342.38012140178574,55,50,7,0,22,89,1,0,25,0,87
2011-08-10 15:10:59,Normal,129,0,129,1443348,6079,4858397,1550,488.74079831782944,37,73,19,0,16,95,18,0,16,3,110
2011-08-10 15:11:00,Normal,267,0,267,1746821,11736,12563199,59622,170.12306684644196,43,210,14,0,21,235,11,0,24,3,240
2011-08-10 15:11:01,Normal,114,0,114,1626097,17374,3694729,48979,353.33620036842103,43,62,9,0,10,95,9,0,11,5,98
2011-08-10 15:11:02,Normal,135,3,138,1628617,18540,4401091,56019,282.26148971014493,40,93,5,0,30,103,5,0,20,1,117
2011-08-10 15:11:03,Attack,165,0,167,2048314,18862,6002398,28656,283.8244216047905,55,104,8,0,21,134,12,0,26,2,139
2011-08-10 15:11:04,Attack,145,0,150,1868506,18913,4906070,4706,315.1129323533333,57,89,4,0,30,108,12,0,25,5,120
2011-08-10 15:11:05,Normal,81,0,81,852181,15737,2827077,5277,253.80763486419747,44,30,7,0,6,74,1,0,15,0,66
2011-08-10 15:11:06,Attack,132,0,135,1820189,16072,4177740,55930,342.79879872592596,47,76,12,0,29,104,2,0,21,3,111
2011-08-10 15:11:07,Attack,120,0,124,1317632,18939,4323145,57100,327.4174305483871,35,84,5,0,22,96,6,0,22,2,100
2011-08-10 15:11:08,Normal,121,0,121,1048848,19106,4387478,17801,322.84505382644625,41,66,14,0,21,93,7,0,32,0,88
2011-08-10 15:11:09,Attack,152,0,153,1253713,5722,6093715,53199,153.15259496078434,42,102,9,0,28,116,9,0,33,0,120
2011-08-10 15:11:10,Attack,166,0,167,1304811,6906,6850982,54989,263.03196895808384,42,118,7,0,18,134,15,0,34,1,132
2011-08-10 15:11:11,Normal,141,0,141,1175383,7210,5816086,54423,328.6203223049645,39,96,6,0,26,100,15,0,37,1,103
2011-08-10 15:11:12,Attack,108,3,114,953466,18212,4486201,12008,165.56466952631575,37,73,4,0,14,93,7,0,22,2,90
2011-08-10 15:11:13,Normal,110,1,111,1369837,17142,3820808,11026,277.34734909009006,46,53,12,0,14,96,1,0,11,3,97
2011-08-10 15:11:14,Normal,104,0,104,992951,4920,3096081,59414,344.49275568269235,33,61,10,0,19,81,4,0,14,2,87
2011-08-10 15:11:15,Attack,158,0,161,1454787,6667,6172266,5042,380.2953054285714,48,103,10,0,23,122,15,1,27,2,132
2011-08-10 15:11:16,Attack,122,0,125,1249984,17625,4652155,56372,209.053757304,35,81,9,0,23,97,5,0,17,0,108
2011-08-10 15:11:17,Attack,104,3,108,1111369,4806,4160869,59661,264.98536198148145,27,70,11,0,19,82,7,0,28,3,77
2011-08-10 15:11:18,Attack,118,0,123,1085601,5858,4605406,56287,261.58066052032524,35,81,7,0,15,96,12,0,29,1,93
2011-08-10 15:11:19,Attack,109,0,119,1502404,3857,3956709,5548,366.1673448319328,30,80,9,0,28,83,8,0,22,1,96
2011-08-10 15:11:20,Normal,128,0,128,1715550,26478,4358052,14132,325.8227744921875,44,73,11,0,26,102,0,0,19,1,105
2011-08-10 15:11:21,Normal,111,0,111,1258720,15663,3798427,30819,245.6751537117117,55,49,7,0,9,101,1,0,11,1,99
2011-08-10 15:11:22,Normal,127,3,130,1371404,19720,5146519,42861,288.3781164076923,38,84,8,0,13,113,4,0,16,2,112
2011-08-10 15:11:23,Normal,141,0,141,2014462,3504,3991929,16179,317.64650146808515,52,82,7,0,35,104,2,0,17,15,109
2011-08-10 15:11:24,Attack,127,0,132,1914351,55793,4229970,31635,319.08402916666665,50,73,9,0,25,98,9,0,25,6,101
2011-08-10 15:11:25,Attack,94,0,97,851572,17307,3465673,1764,386.76997288659794,38,52,7,0,9,84,4,0,17,0,80
2011-08-10 15:11:26,Normal,137,0,137,1468386,19234,5207445,58234,271.1689928029197,49,78,10,0,16,116,5,0,20,1,116
2011-08-10 15:11:27,Attack,135,0,136,1781629,17539,4294559,46706,301.7704668897059,58,73,5,0,25,107,4,0,17,9,110
2011-08-10 15:11:28,Attack,119,0,122,1088718,18105,4159130,32752,322.59804803278683,51,65,6,0,10,109,2,1,15,2,103
2011-08-10 15:11:29,Attack,101,0,102,913654,3053,3766782,2060,373.065442127451,41,51,10,0,4,96,0,2,4,1,95
2011-08-10 15:11:30,Attack,126,0,127,1106537,11340,4600174,51218,308.26275617322835,43,74,10,0,5,120,2,0,12,1,114
2011-08-10 15:11:31,Attack,94,0,96,1339272,15469,3007011,18318,508.97276123958335,47,37,12,0,8,86,2,0,12,3,81
2011-08-10 15:11:32,Normal,124,3,127,1055155,18063,4718440,14338,189.7333654488189,42,79,6,0,11,111,5,0,20,2,105
2011-08-10 15:11:33,Attack,123,0,125,1204290,18163,4620719,27247,309.770785568,45,65,15,0,12,112,1,0,16,1,108
2011-08-10 15:11:34,Normal,159,1,160,1377659,20027,5888946,18010,214.7022768375,40,107,13,0,15,140,4,1,17,0,142
2011-08-10 15:11:35,Normal,114,0,114,1062634,17938,4290623,23374,290.21248899122804,37,69,8,0,8,104,1,1,9,0,104
2011-08-10 15:11:36,Attack,127,0,130,966908,5958,5064880,39666,218.45629522307692,40,75,15,0,13,111,6,0,32,0,98
2011-08-10 15:11:37,Attack,130,0,132,1832907,46328,4334917,10155,236.13796945454547,36,86,10,0,26,101,5,0,13,6,113
2011-08-10 15:11:38,Normal,140,4,144,1484678,5902,5655246,47907,250.76891601388888,41,96,7,0,19,122,3,0,19,3,122
2011-08-10 15:11:39,Attack,155,0,160,1386156,5976,6021317,52380,266.4337492625,44,108,8,0,20,136,4,0,27,8,125
2011-08-10 15:11:40,Normal,132,0,132,1479350,55631,4947974,13363,545.8061365606061,47,78,7,0,17,107,7,1,15,0,117
2011-08-10 15:11:41,Normal,129,0,129,1153207,17555,5190255,50380,384.22019360465123,44,79,6,0,6,117,6,0,11,0,118
2011-08-10 15:11:42,Normal,99,3,102,1003927,16773,3498886,10624,390.21625350980395,31,64,7,0,11,86,5,0,9,1,92
2011-08-10 15:11:43,Normal,134,0,134,1034286,4317,5129834,54413,344.6164397462686,38,87,9,0,7,121,6,0,14,3,117
2011-08-10 15:11:44,Normal,155,0,155,1134845,13153,6269271,61652,246.1843555354839,47,105,3,0,17,132,6,0,27,5,122
2011-08-10 15:11:45,Normal,183,0,183,1617238,22333,7318282,18883,158.85449286338797,42,134,7,0,42,130,11,0,48,7,128
2011-08-10 15:11:46,Attack,155,0,156,1680336,5336,5940749,51143,228.45596623717947,46,104,6,0,33,117,6,0,29,6,120
2011-08-10 15:11:47,Normal,149,3,152,1483727,6509,5713152,40685,322.369566493421,47,95,10,0,22,120,10,0,22,2,128
2011-08-10 15:11:48,Attack,159,0,160,1353727,5160,5954797,53199,367.7882281375,44,107,9,0,14,141,3,2,19,3,138
2011-08-10 15:11:49,Attack,120,0,122,1354672,18877,3957629,58413,367.4510746639344,46,65,11,0,19,100,3,0,18,0,104
2011-08-10 15:11:50,Normal,128,0,128,1272829,17529,4541848,1466,479.51118413281245,44,77,7,0,18,106,4,0,13,3,112
2011-08-10 15:11:51,Normal,115,0,115,1035257,5270,4040698,49080,367.3825953999999,38,72,5,0,21,90,4,0,18,2,95
2011-08-10 15:11:52,Attack,131,3,138,1464399,6026,4896603,66037,298.1656305797101,49,78,11,0,21,110,7,0,27,5,106
2011-08-10 15:11:53,Normal,110,0,110,1064098,16166,4192927,59949,266.4943481272727,35,64,11,0,3,105,2,0,14,4,92
2011-08-10 15:11:54,Attack,112,0,113,992690,15696,4357559,65628,319.1688014070796,44,52,17,0,6,103,4,0,18,1,94
2011-08-10 15:11:55,Normal,114,0,114,1183408,18741,4179277,6598,215.55002156140347,33,75,6,0,15,94,5,0,19,3,91
2011-08-10 15:11:56,Normal,128,0,128,1068007,4684,5195583,54231,245.83018698437496,42,80,6,0,11,105,12,0,23,1,104
2011-08-10 15:11:57,Attack,95,0,97,1136066,45412,3512305,22609,308.65857870103093,37,54,5,0,12,80,4,0,14,1,81
2011-08-10 15:11:58,Attack,120,0,121,918166,20303,5023688,17562,318.9747612975207,33,79,9,0,22,97,2,0,19,0,102
2011-08-10 15:11:59,Normal,97,0,97,966604,15026,3687221,39737,319.50459086597937,46,48,3,0,7,90,0,0,7,0,90
2011-08-10 15:12:00,Attack,105,0,109,1370627,17101,3826122,6951,435.5934506972477,35,68,6,0,17,88,3,1,18,2,89
2011-08-10 15:12:01,Normal,86,0,86,1117950,64960,2979333,5091,303.88409939534887,42,41,3,0,7,76,3,0,14,2,70
2011-08-10 15:12:02,Normal,114,11,125,1442798,8002,4616572,55937,371.82156934399995,38,77,10,0,18,97,10,0,27,0,97
2011-08-10 15:12:03,Normal,123,0,123,985379,20539,4836498,48098,300.28791898373987,52,64,7,0,9,114,0,0,19,1,103
2011-08-10 15:12:04,Normal,130,0,130,1386698,17896,4633550,41162,218.41235534615384,55,70,5,0,15,109,6,0,25,6,98
2011-08-10 15:12:05,Normal,130,0,130,899090,19200,4397478,42351,228.66739909999998,48,74,8,0,24,105,1,0,31,3,96
2011-08-10 15:12:06,Normal,146,0,146,1373675,5692,5536659,4856,267.9050137945206,40,100,6,0,21,120,4,1,24,2,120
2011-08-10 15:12:07,Normal,123,0,123,1651011,3948,4032354,60939,660.5689980406504,39,80,4,0,25,91,7,0,9,4,110
2011-08-10 15:12:08,Normal,104,0,104,1149325,36478,3511347,14472,261.7313357884615,38,60,6,0,9,88,7,0,14,3,87
2011-08-10 15:12:09,Normal,118,0,118,1633938,16431,3693975,50661,319.30143704237287,44,63,11,0,21,90,7,0,16,3,99
2011-08-10 15:12:10,Attack,140,0,143,1449887,4802,4943213,57710,251.8264823846154,49,74,20,0,41,97,5,0,45,1,97
2011-08-10 15:12:11,Normal,152,0,152,1172051,7451,4801133,5142,255.89597416447367,47,93,12,0,42,109,1,0,48,0,104
2011-08-10 15:12:12,Normal,103,3,106,1146324,16995,3961750,56486,333.93300974528313,48,53,5,0,13,91,2,0,15,1,90
2011-08-10 15:12:13,Attack,134,0,138,1312889,17645,4371165,18961,251.93726213768113,50,80,8,0,29,106,3,0,29,1,108
2011-08-10 15:12:14,Normal,167,0,167,967062,22509,7178134,28102,222.09102643113775,36,122,9,0,56,109,2,0,59,1,107
2011-08-10 15:12:15,Attack,135,0,137,1310108,18478,5039979,1035,365.97193064963506,44,83,10,0,20,111,6,0,21,1,115
2011-08-10 15:12:16,Attack,106,0,107,992463,3953,4202762,43198,374.0681865233646,32,66,9,0,14,89,4,0,19,2,86
2011-08-10 15:12:17,Normal,115,0,115,1304452,4754,4002383,50095,419.7961013565218,53,52,10,0,11,102,2,0,14,1,100
2011-08-10 15:12:18,Attack,131,3,137,1197575,5378,4734429,58752,204.27494057664234,37,96,4,0,18,110,9,0,20,1,116
2011-08-10 15:12:19,Attack,105,0,106,1077246,16169,4065543,48816,215.33137194339622,41,51,14,0,8,95,3,0,15,2,89
2011-08-10 15:12:20,Normal,149,0,149,1355292,7240,5396774,56330,273.68320810067115,42,98,9,0,32,111,6,0,29,2,117
2011-08-10 15:12:21,Attack,101,0,108,986344,4259,3642746,55687,142.80213427777778,36,60,12,0,18,86,4,0,20,0,88
2011-08-10 15:12:22,Normal,80,3,83,731773,15849,3190234,52424,220.70414745783128,30,48,5,0,5,75,3,0,11,1,71
2011-08-10 15:12:23,Normal,109,2,111,923302,4114,4584301,39568,235.48810146846844,35,68,8,0,5,104,2,0,15,1,95
2011-08-10 15:12:24,Normal,118,0,118,1299793,17161,4062772,60548,299.56830475423726,42,65,11,0,11,103,4,0,18,1,99
2011-08-10 15:12:25,Normal,118,0,118,954899,17364,4599197,66222,300.56868333050835,41,69,8,0,3,111,4,0,13,2,103
2011-08-10 15:12:26,Normal,107,0,107,1261217,4570,4007110,16579,257.1866278411215,50,52,5,0,12,91,4,0,20,1,85
2011-08-10 15:12:27,Normal,106,0,106,880421,16886,4044685,29404,276.73292233018867,34,56,16,0,5,96,5,0,14,0,92
2011-08-10 15:12:28,Attack,129,0,130,895456,5888,5058012,49579,242.34090217692304,29,91,10,0,19,102,9,0,23,1,105
2011-08-10 15:12:29,Attack,140,0,144,986574,47672,5317894,14904,171.44881903472222,35,102,7,0,18,120,5,1,29,2,112
2011-08-10 15:12:30,Attack,126,0,129,1241042,18432,4596117,44648,356.58275174418606,49,65,15,0,13,107,8,1,18,3,107
2011-08-10 15:12:31,Attack,124,0,126,1314426,17179,4267858,47331,350.1827962936509,49,70,7,0,14,108,3,1,9,2,113
2011-08-10 15:12:32,Normal,104,3,107,1165274,16274,3660893,25763,393.88901957943915,43,53,11,0,15,87,5,0,20,2,85
2011-08-10 15:12:33,Normal,114,0,114,1268340,3198,4103357,41220,273.9589047631579,48,56,10,0,7,103,4,0,12,1,99
2011-08-10 15:12:34,Attack,111,0,112,1236526,17652,3558692,59406,381.29310431249996,40,61,11,0,10,96,6,0,14,2,96
2011-08-10 15:12:35,Attack,99,0,100,1029428,16267,3088968,31283,318.73751728999997,38,49,13,0,11,86,2,1,19,0,80
2011-08-10 15:12:36,Attack,116,0,118,1287682,4227,4521055,39867,346.5118787203389,40,73,5,0,21,88,8,1,21,1,96
2011-08-10 15:12:37,Attack,90,0,94,1106971,15213,3345975,55618,382.9998744042553,36,50,8,0,10,80,3,1,9,2,82
2011-08-10 15:12:38,Normal,104,0,104,1281901,53991,3787616,6086,249.99974083653845,37,60,7,0,17,85,2,0,20,0,84
2011-08-10 15:12:39,Attack,131,3,135,1532253,17269,4792288,45238,271.4527757481481,41,86,8,0,30,101,4,0,37,2,96
2011-08-10 15:12:40,Attack,128,22,158,1254099,13136,5131865,3098,312.4850097025316,51,99,8,0,17,137,4,0,20,8,130
2011-08-10 15:12:41,Normal,123,13,136,1648176,18168,5232685,20019,321.0816623455882,43,86,7,0,21,112,3,0,21,5,110
2011-08-10 15:12:42,Attack,86,3,94,976807,16553,3002830,3770,339.9814333617021,41,51,2,0,10,77,7,0,14,4,76
2011-08-10 15:12:43,Normal,131,0,131,1567556,4734,4676557,47957,257.476386,58,64,9,0,15,108,8,0,19,13,99
2011-08-10 15:12:44,Normal,91,0,91,1138173,14825,3245292,55336,374.717979010989,41,45,5,0,9,78,4,0,8,3,80
2011-08-10 15:12:45,Normal,109,0,109,943964,18685,3869815,52694,349.96970793577975,46,53,10,0,16,90,3,0,24,0,85
2011-08-10 15:12:46,Normal,172,0,172,1189087,21542,6931719,61039,245.5466303372093,39,120,13,0,18,121,33,0,52,1,119
2011-08-10 15:12:47,Normal,148,0,148,1187802,21251,6397446,51914,232.09684912837838,43,95,10,0,13,124,11,0,31,2,115
2011-08-10 15:12:48,Normal,94,3,97,800235,3535,3604953,54781,303.5500937113402,39,50,8,0,6,90,1,0,13,0,82
2011-08-10 15:12:49,Normal,122,0,122,895976,49593,5160799,19446,211.81063222131152,33,79,10,0,21,98,3,0,28,2,92
2011-08-10 15:12:50,Attack,121,6,131,1133276,7076,5263054,51332,289.89516370229006,51,72,8,0,15,105,11,0,25,0,106
2011-08-10 15:12:51,Normal,93,1,94,759000,17381,3426851,50783,207.29587694680853,41,48,5,0,6,86,2,0,12,0,82
2011-08-10 15:12:52,Attack,161,3,172,1213878,22807,6773257,44512,166.92105984302327,52,105,15,0,47,116,9,0,55,3,114
2011-08-10 15:12:53,Normal,148,0,148,871172,21468,6011151,55481,195.4515625135135,36,104,8,0,12,111,25,0,41,0,106
2011-08-10 15:12:54,Normal,92,0,92,1068929,16052,3286267,29911,269.99408992391307,35,50,7,0,16,74,2,0,15,3,74
2011-08-10 15:12:55,Attack,109,0,111,1008764,17525,3928964,39025,223.438481972973,54,53,4,0,15,95,1,0,20,0,90
2011-08-10 15:12:56,Normal,119,0,119,1484273,16985,4326866,33507,285.6920614873949,32,79,8,0,22,95,2,0,11,2,105
2011-08-10 15:12:57,Attack,121,0,123,987807,10183,4567413,38926,296.136026097561,41,75,7,0,26,96,1,0,26,1,96
2011-08-10 15:12:58,Attack,94,0,97,1094425,17834,2966885,26631,466.74659880412366,41,40,16,0,8,82,7,0,17,1,79
2011-08-10 15:12:59,Normal,115,0,115,995693,4876,4170082,61835,221.98173574782612,37,69,9,0,20,95,0,0,29,1,85
2011-08-10 15:13:00,Attack,224,0,228,880826,22500,11252843,46274,81.84697150877193,43,179,6,0,3,220,5,0,17,2,209
2011-08-10 15:13:01,Attack,109,0,110,1248933,17176,3620781,10432,200.2102337454546,51,50,9,0,14,91,5,0,20,3,87
2011-08-10 15:13:02,Normal,94,3,97,928302,17551,3641467,45470,264.23291756701036,37,55,5,0,5,89,3,0,8,2,87
2011-08-10 15:13:03,Attack,116,0,118,1007227,17117,3974878,14626,225.01650198305086,43,64,11,0,8,107,3,0,16,2,100
2011-08-10 15:13:04,Normal,108,0,108,1532260,2750,3413389,47296,447.9207922777779,41,58,9,0,21,81,6,0,17,2,89
2011-08-10 15:13:05,Attack,168,0,170,1906518,20506,6329384,6617,263.7400162588235,57,109,4,0,29,130,11,0,30,1,139
2011-08-10 15:13:06,Normal,117,0,117,862185,17920,4369591,33253,222.2781133333333,46,65,6,0,8,107,2,0,14,0,103
2011-08-10 15:13:07,Normal,115,0,115,1005341,17501,3793763,42835,273.56510754782613,44,65,6,0,10,103,2,0,19,1,95
2011-08-10 15:13:08,Normal,99,0,99,1171097,16967,3666036,37979,292.4395689191919,40,52,7,0,18,77,4,0,17,3,79
2011-08-10 15:13:09,Normal,126,0,126,867304,17845,4370423,37515,248.10679553968254,39,83,4,0,14,101,11,0,27,2,97
2011-08-10 15:13:10,Normal,88,0,88,687865,16956,3615567,47549,176.74198426136363,26,58,4,0,9,78,1,0,11,1,76
2011-08-10 15:13:11,Attack,95,3,101,982530,19362,3502329,65127,219.9928962871287,44,48,9,0,8,87,6,0,21,2,78
2011-08-10 15:13:12,Normal,131,6,137,966588,7942,5367718,49202,207.0452593211679,51,79,7,0,14,117,6,0,33,1,103
2011-08-10 15:13:13,Attack,108,0,114,845311,19686,4172810,17878,233.08275811403507,40,70,4,0,15,93,6,0,22,2,90
2011-08-10 15:13:14,Normal,112,0,112,1104749,17912,3671502,35998,164.30063938392854,39,66,7,0,21,86,5,0,25,5,82
2011-08-10 15:13:15,Normal,143,0,143,935758,5507,5535744,50295,254.6726313006993,51,88,4,0,12,120,11,0,23,0,120
2011-08-10 15:13:16,Normal,107,0,107,1057544,3046,4034574,52286,403.3873790373831,47,52,8,0,12,91,4,0,15,0,92
2011-08-10 15:13:17,Normal,97,0,97,1330843,15747,3194293,35291,353.3938230618557,40,49,8,0,17,79,1,0,18,1,78
2011-08-10 15:13:18,Attack,162,0,164,1210043,19592,6745272,62543,209.55671551219513,45,115,4,0,12,143,9,0,19,0,145
2011-08-10 15:13:19,Attack,109,3,113,1918043,2603,3556144,58159,351.08371342477875,35,68,10,0,22,86,5,0,14,5,94
2011-08-10 15:13:20,Normal,97,5,102,1385283,3979,3475053,48269,294.5937964019608,35,50,17,0,10,89,3,0,11,1,90
2011-08-10 15:13:21,Attack,101,0,102,1219025,16320,3413646,31556,292.8114342254902,38,51,13,0,6,87,9,0,14,1,87
2011-08-10 15:13:22,Attack,74,3,81,831262,15518,2922067,29798,290.6712545061728,35,35,11,0,7,69,5,0,14,0,67
2011-08-10 15:13:23,Normal,118,0,118,1230040,5044,4091840,55523,198.3124549745763,39,69,10,0,15,103,0,0,10,3,105
2011-08-10 15:13:24,Attack,122,0,124,1323562,17810,4694731,44800,214.15090835483872,43,75,6,0,22,99,3,0,24,0,100
2011-08-10 15:13:25,Normal,99,0,99,1369802,60975,3202538,44158,238.151793010101,36,55,8,0,12,83,4,0,10,2,87
2011-08-10 15:13:26,Attack,97,0,98,1113337,16361,3461655,61156,278.7420898571429,40,51,7,0,9,88,1,0,11,0,86
2011-08-10 15:13:27,Normal,94,0,94,851540,17874,2985045,18661,237.34504443617024,30,59,5,0,15,71,8,0,20,0,74
2011-08-10 15:13:28,Normal,153,0,153,1521423,21704,5768635,44052,303.37563300653596,47,92,14,0,24,124,5,0,23,2,128
2011-08-10 15:13:29,Normal,94,0,94,1003020,2380,3101332,49318,354.40334079787243,36,49,9,0,9,83,1,1,12,0,81
2011-08-10 15:13:30,Normal,142,0,142,1612455,4894,4591579,50869,300.68726764084505,50,84,8,0,20,116,4,2,16,2,122
2011-08-10 15:13:31,Normal,110,0,110,936463,4095,2685512,59310,334.3094985363636,36,67,7,0,18,87,5,0,24,0,86
2011-08-10 15:13:32,Attack,116,3,120,976382,3375,4482833,49340,268.48687424999997,34,77,9,0,12,104,4,0,28,0,92
2011-08-10 15:13:33,Normal,116,0,116,862055,19395,4415036,56407,248.50975601724136,40,67,9,0,14,98,3,1,19,0,96
2011-08-10 15:13:34,Attack,118,0,120,1627938,45429,3917166,15676,377.8672777666667,46,65,9,0,23,93,4,0,16,3,101
2011-08-10 15:13:35,Normal,126,0,126,1317203,16425,4323495,42898,367.61288390476193,48,70,8,0,12,113,1,0,9,3,114
2011-08-10 15:13:36,Normal,97,0,97,718396,18182,3274653,55021,114.18894006185567,30,55,12,0,12,84,1,0,15,2,80
2011-08-10 15:13:37,Normal,115,0,115,1026055,3707,3297114,49481,211.2046516173913,35,71,9,0,17,93,5,0,21,1,93
2011-08-10 15:13:38,Normal,136,5,141,910467,19383,5005879,55288,199.3805858297872,42,92,7,0,22,96,21,2,41,1,98
2011-08-10 15:13:39,Attack,135,11,147,863050,20528,4972324,60663,144.1175833809524,31,107,9,0,13,122,12,0,27,2,116
2011-08-10 15:13:40,Attack,152,0,154,1171554,7906,4456456,3502,150.25787424025972,36,110,8,0,21,127,6,0,61,2,91
2011-08-10 15:13:41,Normal,84,0,84,1089996,16763,3038601,13475,188.7272010952381,37,42,5,0,12,67,5,0,16,2,66
2011-08-10 15:13:42,Attack,114,3,119,1116601,21772,4195953,45593,175.36135097478987,39,68,12,0,22,94,3,0,31,0,88
2011-08-10 15:13:43,Attack,109,0,112,1178613,19168,3821307,20322,273.0172329464286,37,66,9,0,20,91,1,0,21,1,90
2011-08-10 15:13:44,Normal,122,0,122,1313117,18463,4671251,39642,282.8765683442623,45,73,4,0,17,101,4,0,18,1,102
2011-08-10 15:13:45,Attack,111,0,114,1124810,18181,4222360,23367,234.78733469298248,43,62,9,0,21,90,3,0,29,3,82
2011-08-10 15:13:46,Normal,93,0,93,878741,16834,3512736,39181,239.35937380645169,41,45,7,0,6,87,0,0,6,2,84
2011-08-10 15:13:47,Attack,101,0,102,1013166,17650,3544596,10513,286.6004533039216,44,52,6,0,11,90,1,0,12,1,89
2011-08-10 15:13:48,Normal,116,0,116,948399,6760,4032770,47484,129.3981011551724,39,68,9,0,13,94,9,0,20,1,95
2011-08-10 15:13:49,Normal,149,0,149,1027239,19452,5427783,35738,152.6261986442953,32,106,11,0,25,122,2,0,31,4,114
2011-08-10 15:13:50,Normal,153,3,156,1334743,57985,4030284,15898,109.72546035256411,40,108,8,0,31,116,9,0,44,11,101
2011-08-10 15:13:51,Normal,98,0,98,1255904,3440,2969877,38954,401.1864961530613,43,47,8,0,11,84,3,0,11,7,80
2011-08-10 15:13:52,Normal,122,3,125,1157252,5394,4843524,63527,235.643066352,48,73,4,0,9,113,3,0,12,9,103
2011-08-10 15:13:53,Attack,98,0,100,1470315,16289,2935312,4715,322.97799296000005,40,48,12,0,11,82,6,1,11,11,78
2011-08-10 15:13:54,Normal,124,0,124,1137152,19377,4100364,64917,137.7072625967742,38,78,8,0,10,108,6,0,15,9,100
2011-08-10 15:13:55,Attack,160,0,167,1018833,21804,7192427,2865,108.46959613772455,48,114,5,0,44,108,15,0,57,1,109
2011-08-10 15:13:56,Normal,90,0,90,780864,15853,3530304,10767,243.15720306666663,42,44,4,0,6,83,1,0,8,1,81
2011-08-10 15:13:57,Normal,89,0,89,791359,1752,3129456,53065,290.53471098876406,42,38,9,0,8,80,1,0,11,0,77
2011-08-10 15:13:58,Normal,157,0,157,963121,20338,6698784,33501,192.222525656051,48,100,9,0,15,136,6,0,26,1,130
2011-08-10 15:13:59,Normal,137,0,137,919626,21994,6002242,50922,168.4319255620438,35,85,17,0,15,108,14,0,27,3,107
2011-08-10 15:14:00,Normal,89,0,89,945012,17054,3308609,29096,387.86374651685395,37,42,10,0,14,68,7,0,10,0,79
2011-08-10 15:14:01,Attack,132,0,133,1273986,18639,4575881,30534,233.4151337894737,55,66,12,0,15,114,4,0,23,2,108
2011-08-10 15:14:02,Attack,116,3,120,916209,18540,4587852,53412,257.0962324583333,32,82,6,0,15,98,7,0,22,0,98
2011-08-10 15:14:03,Attack,147,0,151,932651,20809,6865062,58202,98.55061182781456,35,104,12,0,46,100,5,0,57,1,93
2011-08-10 15:14:04,Attack,140,0,141,1279048,18972,5166032,57445,227.19597847517733,39,89,13,0,28,108,5,0,31,1,109
2011-08-10 15:14:05,Attack,116,0,118,1314427,17252,4079968,2585,153.25280916101696,40,75,3,0,17,93,8,0,25,3,89
2011-08-10 15:14:06,Attack,88,0,90,1335248,16837,2892684,64209,272.7569992888889,43,46,1,0,13,70,7,0,15,1,74
2011-08-10 15:14:07,Normal,108,0,108,753905,5264,4144339,56658,138.37986646296295,35,63,10,0,12,94,2,0,20,2,86
2011-08-10 15:14:08,Attack,106,0,109,1116370,16853,3554765,62863,271.6125207889908,39,64,6,0,13,94,2,0,14,3,92
2011-08-10 15:14:09,Normal,100,0,100,1202696,14370,3543841,36307,294.30334114,39,59,2,0,10,87,3,0,10,1,89
2011-08-10 15:14:10,Normal,102,0,102,1276284,15560,3407791,63978,273.354481372549,43,49,10,0,18,83,1,0,14,0,88
2011-08-10 15:14:11,Normal,126,0,126,1097690,20034,4450585,62382,178.3202299761905,37,82,7,0,18,103,5,0,18,2,106
2011-08-10 15:14:12,Normal,103,3,106,1320315,17990,3584953,23820,244.5563821792453,41,58,7,0,16,85,5,0,17,3,86
2011-08-10 15:14:13,Normal,101,0,101,932636,2470,3261148,50327,318.89207083168316,39,56,6,0,8,86,7,0,13,2,85
2011-08-10 15:14:14,Attack,106,0,109,1465609,3557,3838129,42538,291.6181548715597,39,59,11,0,14,93,2,0,9,2,98
2011-08-10 15:14:15,Normal,117,0,117,909950,18478,4222613,60585,162.88169635897438,41,64,12,0,8,102,7,0,18,1,98
2011-08-10 15:14:16,Attack,98,0,104,676236,57546,3655711,14134,139.60425206730773,30,69,5,0,13,84,7,0,20,1,83
2011-08-10 15:14:17,Normal,130,0,130,1075837,5451,5560839,59124,269.7455403846154,35,80,15,0,15,85,30,0,38,2,90
2011-08-10 15:14:18,Normal,115,0,115,916327,6077,4528346,35392,221.39474828695649,46,61,8,0,8,93,14,0,26,0,89
2011-08-10 15:14:19,Normal,125,0,125,1159464,17299,4785560,19373,166.64934752800002,43,79,3,0,10,113,2,0,9,3,113
2011-08-10 15:14:20,Normal,85,0,85,1204044,15729,2814559,64174,419.8592072470588,42,37,6,0,11,72,2,0,6,3,76
2011-08-10 15:14:21,Attack,107,3,113,1529009,16709,3586357,41476,277.1641829469026,36,64,13,0,15,93,5,0,12,3,97
2011-08-10 15:14:22,Normal,99,3,102,1093494,15607,3442416,6514,182.5352212352941,43,53,6,0,9,91,2,0,10,2,90
2011-08-10 15:14:23,Attack,80,0,85,1056781,15799,2746916,11018,272.3600186941177,36,44,5,0,10,69,6,0,11,2,72
2011-08-10 15:14:24,Attack,113,0,121,1360741,17178,3964416,18126,169.04513261983467,42,73,6,0,12,103,6,0,19,3,99
2011-08-10 15:14:25,Attack,87,0,89,1087622,34364,2904372,13363,330.48816702247194,36,50,3,0,14,69,6,0,17,0,71
2011-08-10 15:14:26,Attack,107,0,112,1598485,16260,3813083,65064,231.9881246875,40,64,8,0,11,92,9,0,20,0,92
2011-08-10 15:14:27,Attack,113,0,114,1169259,4571,4356476,36007,220.17698381578947,28,82,4,0,14,81,19,0,30,1,83
2011-08-10 15:14:28,Normal,113,0,113,1043698,17576,4255034,48956,285.08091298230084,43,65,5,0,13,95,5,0,18,1,94
2011-08-10 15:14:29,Attack,100,0,102,843620,17134,3719670,49561,159.51963485294118,38,56,8,0,5,90,4,3,11,0,89
2011-08-10 15:14:30,Normal,107,0,107,1581218,17041,3147645,22473,375.0839432149532,61,44,2,0,16,89,1,1,13,2,91
2011-08-10 15:14:31,Normal,116,0,116,1328048,16970,4075934,52750,248.66401902586205,52,58,6,0,17,97,2,0,14,4,98
2011-08-10 15:14:32,Normal,95,3,98,871354,16408,3547055,34709,179.35164620408162,37,55,6,0,13,82,3,0,14,1,83
2011-08-10 15:14:33,Normal,71,0,71,745050,59100,2698325,13362,213.25199122535213,34,28,9,0,5,64,1,1,10,0,60
2011-08-10 15:14:34,Normal,98,5,103,936698,17785,3883588,58969,245.5150410097087,31,68,4,0,11,90,2,0,9,3,90
2011-08-10 15:14:35,Attack,119,4,124,917649,4506,4490845,43229,217.97567724193544,34,85,5,0,13,99,12,0,24,0,100
2011-08-10 15:14:36,Normal,162,0,162,1024256,20210,6240337,59327,207.7497360617284,50,106,6,0,14,133,14,1,27,0,134
2011-08-10 15:14:37,Attack,112,0,116,1134606,4637,4352200,1763,222.71781852586207,45,65,6,0,15,99,2,0,13,0,102
2011-08-10 15:14:38,Normal,102,0,102,1084263,4675,3588143,49210,206.33182890196076,40,52,10,0,14,84,4,0,12,0,89
2011-08-10 15:14:39,Normal,73,0,73,706396,14958,2389813,65259,316.26762917808213,27,39,7,0,13,58,2,0,11,0,62
2011-08-10 15:14:40,Normal,171,0,171,1779924,19244,5534072,18725,254.14934777777776,40,122,9,0,26,123,22,0,27,1,140
2011-08-10 15:14:41,Normal,114,0,114,1723239,16913,3561670,13152,281.2101754210526,37,66,11,0,22,88,4,0,5,3,105
2011-08-10 15:14:42,Attack,83,3,90,1408142,15186,3054870,40870,241.01492738888888,32,50,8,0,9,73,8,0,15,3,72
2011-08-10 15:14:43,Attack,94,0,97,956880,18180,3258529,3207,192.9696812680412,37,53,7,0,16,78,3,0,15,4,78
2011-08-10 15:14:44,Attack,93,2,96,1315300,15672,3320907,16380,241.20035611458331,50,37,9,0,12,83,1,0,10,4,81
2011-08-10 15:14:45,Attack,113,0,115,1119878,18285,4124822,64569,159.83000799130434,39,69,7,0,19,93,3,0,19,2,94
2011-08-10 15:14:46,Attack,127,0,129,1347847,18746,4062848,54564,309.94795451937983,51,68,10,0,18,103,8,0,26,8,95
2011-08-10 15:14:47,Attack,126,0,127,1243815,19008,4258224,32232,243.31920363779528,50,72,5,0,19,98,10,0,37,0,90
2011-08-10 15:14:48,Attack,132,0,133,1434217,20419,5171363,50669,208.50642156390978,48,80,5,0,24,107,2,0,25,1,107
2011-08-10 15:14:49,Normal,101,0,101,1425162,16827,3321922,11279,335.8236117029703,46,47,8,0,16,84,1,0,16,4,81
2011-08-10 15:14:50,Attack,143,0,144,1049442,9009,5243077,58819,156.65016756250003,34,102,8,0,18,113,13,0,28,2,114
2011-08-10 15:14:51,Normal,104,0,104,963803,5365,4068195,55269,224.18946026923078,41,56,7,0,5,91,8,0,13,4,87
2011-08-10 15:14:52,Normal,137,6,143,1676466,18383,5163290,3108,272.5627496503497,51,76,16,0,18,121,4,0,16,4,122
2011-08-10 15:14:53,Normal,94,0,94,1300450,16340,3315247,56041,302.753165893617,35,47,12,0,12,79,3,0,9,2,83
2011-08-10 15:14:54,Normal,117,0,117,1325210,28628,4330238,13361,307.2214638034188,46,66,5,0,15,99,3,0,13,2,102
2011-08-10 15:14:55,Normal,159,0,159,1229450,19923,6574832,63865,219.14340469811322,42,110,7,0,20,126,13,0,28,3,127
2011-08-10 15:14:56,Attack,111,0,112,1118689,16617,3415954,61715,288.70242399107144,42,58,12,0,20,90,2,0,19,0,92
2011-08-10 15:14:57,Normal,112,0,112,864978,11548,3908129,2110,194.54042391964285,48,52,12,0,11,100,1,0,19,1,92
2011-08-10 15:14:58,Attack,97,0,103,872743,4690,3857499,64189,111.5276001747573,40,54,9,0,10,90,3,0,16,2,85
2011-08-10 15:14:59,Normal,109,0,109,1080887,18744,3908140,59312,327.20307307339453,38,66,5,0,14,89,6,0,17,0,91
2011-08-10 15:15:00,Normal,241,0,241,1305411,11359,11552193,35587,134.76540837759336,42,192,7,0,15,222,4,0,14,1,226
2011-08-10 15:15:01,Normal,126,0,126,1077169,20584,4610904,6649,165.2953538730159,43,72,11,0,9,112,3,2,15,3,108
2011-08-10 15:15:02,Normal,111,3,114,891626,11878,3785579,63094,120.72735835964912,33,69,12,0,21,91,2,0,28,0,86
2011-08-10 15:15:03,Normal,123,0,123,1745301,17230,4516010,50668,269.281677203252,44,74,5,0,19,98,6,0,7,3,113
2011-08-10 15:15:04,Attack,103,0,104,1174237,4963,3723417,12578,330.8014324615384,45,52,7,0,12,85,6,1,18,2,84
2011-08-10 15:15:05,Attack,150,0,152,1242885,18238,5581436,21326,149.57571121052632,47,101,4,0,25,121,6,0,29,2,121
2011-08-10 15:15:06,Attack,129,0,131,918505,5339,4888423,1953,257.0982090152672,36,83,12,0,23,103,5,0,27,0,104
2011-08-10 15:15:07,Attack,110,0,113,823963,39572,4282693,974,141.396698539823,36,68,9,0,17,89,7,0,30,1,80
2011-08-10 15:15:08,Attack,107,0,108,899505,10827,4132556,1893,167.68059587962964,29,72,7,0,15,74,19,0,28,2,78
2011-08-10 15:15:09,Attack,124,0,128,1209254,7999,4154665,60529,287.61644344531254,43,78,7,0,22,96,10,0,36,2,90
2011-08-10 15:15:10,Normal,155,0,155,1293970,19834,6415149,30563,249.37268389677416,41,103,11,0,19,123,13,0,25,3,126
2011-08-10 15:15:11,Attack,126,0,130,1206741,19548,3907071,11673,212.35465440769232,43,73,14,0,29,98,3,0,36,4,90
2011-08-10 15:15:12,Normal,119,3,122,1329987,5662,4539059,57776,286.01415251639344,42,70,10,0,17,100,5,0,20,3,99
2011-08-10 15:15:13,Normal,100,0,100,1058372,15944,3508177,44950,220.85854706,37,55,8,0,15,82,3,0,16,2,82
2011-08-10 15:15:14,Normal,124,0,124,1570205,18163,4123003,13636,203.22304843548386,34,77,13,0,23,92,9,0,23,1,99
2011-08-10 15:15:15,Normal,131,0,131,1039266,18585,4205178,22880,182.2466093282443,49,67,15,0,23,107,1,0,26,0,105
2011-08-10 15:15:16,Normal,77,0,77,1284815,1478,2765323,63588,277.3465889870129,31,37,9,0,10,66,1,0,11,2,64
2011-08-10 15:15:17,Attack,98,4,105,1142766,17628,3796822,63447,317.99891498095235,37,61,7,0,8,90,7,0,14,1,90
2011-08-10 15:15:18,Normal,107,1,108,959163,18941,4050109,18267,222.31961469444443,38,56,14,0,13,90,4,1,23,1,84
2011-08-10 15:15:19,Attack,74,0,79,999209,2609,2483748,45433,320.06848874683544,25,40,14,0,10,66,3,0,10,1,68
2011-08-10 15:15:20,Normal,95,0,95,810784,4507,3641863,59762,145.4006100105263,29,62,4,0,9,85,1,0,8,2,85
2011-08-10 15:15:21,Attack,104,0,106,932323,4653,3835593,42379,145.10019031132074,38,61,7,0,10,92,4,0,10,1,95
2011-08-10 15:15:22,Normal,120,9,129,1374752,45951,4843629,14292,219.90426144186043,45,81,3,0,11,108,10,0,17,2,110
2011-08-10 15:15:23,Normal,96,0,96,933907,16520,3365850,23959,269.3994633854167,36,55,5,0,23,69,4,0,26,1,69
2011-08-10 15:15:24,Normal,175,0,175,1098280,12800,6206491,14134,143.4142448457143,46,121,8,0,44,120,10,1,54,1,120
2011-08-10 15:15:25,Normal,109,8,117,1537577,17104,3929262,38126,293.8170055299144,42,69,6,0,8,98,11,0,12,0,104
2011-08-10 15:15:26,Attack,101,0,108,1244880,17644,3811427,47872,220.8358027962963,39,60,9,0,9,93,6,0,18,1,88
2011-08-10 15:15:27,Attack,129,6,139,1616155,19740,4667829,2640,231.6950723597122,44,85,10,0,22,101,16,0,38,1,100
2011-08-10 15:15:28,Attack,131,0,132,803106,18888,4971033,23809,162.80793646969698,35,93,4,0,16,90,26,0,41,1,90
2011-08-10 15:15:29,Attack,214,0,217,1230453,9730,8893939,4350,116.55473515207372,47,164,6,0,15,182,18,2,32,0,183
2011-08-10 15:15:30,Attack,165,6,184,2195617,5764,6750472,58051,236.62481766304347,51,116,17,0,18,143,21,2,31,2,147
2011-08-10 15:15:31,Normal,121,13,134,1839818,16835,4810405,3941,159.1504746044776,47,81,6,0,8,113,13,0,15,4,115
2011-08-10 15:15:32,Attack,186,18,205,2954825,21238,5966694,14106,341.1734451121951,40,156,9,0,63,127,15,0,41,3,161
2011-08-10 15:15:33,Normal,151,8,159,2072931,42589,5931339,26481,259.2449833647799,41,114,4,0,24,117,18,0,23,2,134
2011-08-10 15:15:34,Normal,145,0,145,1318716,4595,5735841,35473,204.4296157034483,36,100,9,0,17,112,16,0,25,3,117
2011-08-10 15:15:35,Normal,121,0,121,1185746,7123,4304286,53477,247.2481309338843,37,80,4,0,16,99,5,1,11,0,108
2011-08-10 15:15:36,Attack,106,0,113,1015058,18818,3808055,51749,179.0345781858407,44,59,10,0,8,100,5,0,15,3,95
2011-08-10 15:15:37,Normal,106,0,106,790064,17443,4100974,7494,251.45651136792452,40,61,5,0,6,99,1,0,34,0,71
2011-08-10 15:15:38,Attack,143,0,145,1276077,18907,5945527,17407,165.78295973793104,38,101,6,0,13,131,1,0,17,3,124
2011-08-10 15:15:39,Normal,112,0,112,1009488,18960,4162822,60571,233.99589791964286,50,56,6,0,15,93,4,0,17,0,95
2011-08-10 15:15:40,Attack,166,3,173,1705241,6144,5519945,31318,248.5418436300578,38,125,10,0,48,117,8,0,41,2,130
2011-08-10 15:15:41,Normal,86,0,86,1125995,14902,3382357,35447,233.70551611627906,36,44,6,0,8,76,2,0,7,4,75
2011-08-10 15:15:42,Attack,103,3,108,1069433,4748,3920044,57060,229.14737825,37,64,7,0,12,90,6,0,20,1,86
2011-08-10 15:15:43,Normal,170,0,170,1435163,20360,6587560,18969,181.6845704705882,50,113,7,0,17,151,2,0,25,3,142
2011-08-10 15:15:44,Normal,128,0,128,880318,17963,5439574,21531,197.5731100234375,35,88,5,0,13,111,4,0,21,3,103
2011-08-10 15:15:45,Normal,168,0,168,1163745,7953,6488987,14394,174.51791505952383,42,118,8,0,39,128,1,0,37,1,129
2011-08-10 15:15:46,Attack,92,0,94,1136810,2584,3100131,4878,239.24966119148937,31,54,9,0,11,75,8,0,17,0,76
2011-08-10 15:15:47,Attack,118,0,122,860694,5148,5081050,52927,168.62102104098363,32,87,3,0,14,107,1,0,15,0,106
2011-08-10 15:15:48,Attack,114,0,119,1439431,17966,4315871,66433,231.3199391260504,44,62,13,0,14,100,5,0,23,3,93
2011-08-10 15:15:49,Attack,84,0,86,970032,16250,3289592,39475,363.3238082209303,33,45,8,0,13,67,6,0,17,1,68
2011-08-10 15:15:50,Normal,88,0,88,1120956,16835,2672498,29395,176.54646944318182,37,44,7,0,9,72,7,0,18,1,69
2011-08-10 15:15:51,Attack,84,0,87,1091145,2103,3148644,5177,271.9324354022989,43,39,5,0,6,73,8,0,15,1,71
2011-08-10 15:15:52,Normal,128,3,131,1053731,56764,5273500,88,165.47034404580154,41,85,5,0,6,121,4,0,9,1,121
2011-08-10 15:15:53,Normal,123,7,130,1137649,18669,4700019,55524,164.17043653076925,46,77,7,0,22,102,6,0,26,1,103
2011-08-10 15:15:54,Normal,114,0,114,1099216,17200,3940926,18322,185.2765812982456,31,74,9,0,15,92,7,0,24,2,88
2011-08-10 15:15:55,Normal,109,13,122,1034949,4870,4338906,59214,258.44627622131145,33,80,9,0,16,98,8,0,15,2,105
2011-08-10 15:15:56,Normal,107,2,109,1228237,20741,3677341,15065,243.87750561467885,37,61,11,0,12,91,6,0,13,2,94
2011-08-10 15:15:57,Attack,135,0,138,782375,19240,5481152,4721,201.31639521014492,39,94,5,0,9,117,12,0,22,0,116
2011-08-10 15:15:58,Normal,115,0,115,1239091,16980,4443627,22822,205.42601026086962,36,77,2,0,25,73,17,0,33,2,80
2011-08-10 15:15:59,Attack,146,0,149,1037703,10512,5815233,59042,120.67872420805368,38,105,6,0,28,110,11,0,39,1,108
2011-08-10 15:16:00,Normal,101,0,101,1229947,15063,3842034,40146,362.20441485148524,46,45,10,0,13,85,3,0,14,3,84
2011-08-10 15:16:01,Attack,105,0,106,1002544,17807,4050855,34050,337.73840850943395,40,53,13,0,10,95,1,0,12,0,94
2011-08-10 15:16:02,Normal,152,7,159,1233439,7716,6121307,50947,245.68751719496856,42,105,12,0,22,133,3,1,24,0,134
2011-08-10 15:16:03,Attack,152,0,156,1332584,18756,6117966,21454,169.16068775000005,43,103,10,0,18,131,7,0,19,0,137
2011-08-10 15:16:04,Normal,178,0,178,1192999,15315,7671242,8399,120.30830677528088,48,117,13,0,43,124,11,0,49,3,126
2011-08-10 15:16:05,Normal,99,0,99,771042,16511,3956436,14599,133.71853719191918,33,59,7,0,8,91,0,0,13,1,85
2011-08-10 15:16:06,Normal,94,0,94,1001264,17018,3297225,62780,280.84074406382985,33,52,9,0,6,84,4,0,12,2,79
2011-08-10 15:16:07,Attack,150,0,151,1051295,19891,6042085,34545,276.86097012582775,50,96,5,0,34,113,4,0,36,0,114
2011-08-10 15:16:08,Normal,123,0,123,1221563,6495,4726838,56897,218.37980521138215,43,73,7,0,14,90,19,0,33,2,87
2011-08-10 15:16:09,Attack,135,0,144,1040421,19746,5930182,55813,151.1891432777778,36,102,6,0,26,111,7,0,37,0,106
2011-08-10 15:16:10,Attack,105,0,106,895198,17191,3794642,34137,110.48907399056604,41,61,4,0,14,91,1,0,20,3,83
2011-08-10 15:16:11,Normal,147,0,147,870547,7984,5856478,59689,122.02548069387755,28,110,9,0,16,128,3,0,46,0,101
2011-08-10 15:16:12,Attack,131,3,141,2218844,15645,3840745,11346,507.52178687234044,43,88,10,0,26,105,10,0,11,0,130
2011-08-10 15:16:13,Normal,123,0,123,1609464,3463,4307113,59810,342.8441462520325,51,69,3,0,18,101,4,0,16,3,104
2011-08-10 15:16:14,Normal,98,0,98,1110083,17516,3486654,38117,247.54352657142857,41,55,2,0,17,80,1,0,23,0,74
2011-08-10 15:16:15,Normal,106,3,109,1215006,3061,3800555,59467,297.4976920183486,42,58,9,0,11,94,4,0,11,3,95
2011-08-10 15:16:16,Normal,85,0,85,867992,15686,3048037,1813,178.6430563529412,27,49,9,0,12,72,1,0,12,1,70
2011-08-10 15:16:17,Normal,116,0,116,1252763,5107,4367406,53801,226.01017721551725,35,71,10,0,13,99,4,0,13,3,100
2011-08-10 15:16:18,Attack,120,0,121,1113431,4559,4743742,53159,227.47323534710745,48,64,9,0,12,104,5,0,14,2,105
2011-08-10 15:16:19,Normal,99,3,102,1217084,16681,3628543,63628,310.354289754902,42,57,3,0,13,88,1,0,9,0,93
2011-08-10 15:16:20,Attack,124,0,129,887867,20271,4191166,1041,149.17017125581395,33,86,10,0,31,92,6,0,40,0,89
2011-08-10 15:16:21,Attack,94,0,95,792303,4570,3447989,56759,338.29616016842107,44,41,10,0,3,89,3,0,6,1,88
2011-08-10 15:16:22,Normal,110,3,113,1421355,4743,4231076,59839,288.9437757433629,38,68,7,0,15,95,3,0,13,2,98
2011-08-10 15:16:23,Normal,113,6,119,1066158,17900,4312926,45345,301.5315673865546,39,73,7,0,20,98,1,0,21,1,97
2011-08-10 15:16:24,Attack,101,30,136,1379238,18804,4372644,26936,303.48161598529407,43,86,7,0,19,105,12,0,25,5,106
2011-08-10 15:16:25,Normal,114,0,114,1483867,16885,4007824,31450,450.2142195,43,63,8,0,18,94,2,0,10,3,100
2011-08-10 15:16:26,Normal,85,0,85,1008714,16666,2725708,8108,280.0393709058824,41,40,4,0,8,73,4,0,8,0,76
2011-08-10 15:16:27,Normal,102,0,102,1037030,16612,3383529,32736,275.6926806960784,39,58,5,0,11,90,1,0,16,3,83
2011-08-10 15:16:28,Attack,132,0,135,1626466,12177,4347295,2623,242.0850665851852,30,95,10,0,25,108,2,0,28,1,106
2011-08-10 15:16:29,Normal,120,0,120,1275331,17632,3802591,37990,225.04739280833334,31,81,8,0,29,85,3,3,23,2,92
2011-08-10 15:16:30,Attack,127,0,137,1359198,17593,4155013,40613,238.53696547445253,47,83,7,0,24,103,9,1,29,3,104
2011-08-10 15:16:31,Attack,82,0,84,929255,16526,2679740,17490,234.66388604761903,37,41,6,0,14,69,1,0,12,2,70
2011-08-10 15:16:32,Attack,154,3,158,2206728,5636,4768719,49153,229.32266559493672,56,93,9,0,32,116,10,0,31,5,122
2011-08-10 15:16:33,Attack,138,7,149,1130597,6964,5098795,2068,164.4974829865772,39,99,11,0,27,117,5,0,32,3,114
2011-08-10 15:16:34,Normal,100,0,100,1399523,16186,3653232,3983,390.14879795,32,60,8,0,17,80,3,0,13,0,87
2011-08-10 15:16:35,Normal,117,0,117,1229247,3824,4037035,53805,231.58921203418802,47,61,9,0,11,103,3,0,12,2,103
2011-08-10 15:16:36,Normal,121,0,121,1541532,17171,4082986,50540,223.1024590909091,41,73,7,0,28,82,11,0,33,4,84
2011-08-10 15:16:37,Normal,344,0,344,1013003,29695,17457248,11715,56.08673781104651,39,296,9,0,10,326,8,0,17,4,322
2011-08-10 15:16:38,Normal,131,0,131,1443527,59669,4756604,15936,245.95040083206106,33,90,8,0,20,105,6,0,12,5,114
2011-08-10 15:16:39,Attack,125,9,138,1509793,17128,4860007,15466,264.8133913043478,48,84,6,0,18,115,4,1,14,1,121
2011-08-10 15:16:40,Normal,97,4,101,1111984,4247,3769120,52640,155.31185223762375,34,52,15,0,11,82,8,0,10,1,90
2011-08-10 15:16:41,Attack,130,2,138,2466771,3697,3852166,60260,444.51169216666665,41,83,14,0,33,94,11,0,16,5,117
2011-08-10 15:16:42,Normal,106,3,109,1431734,16393,3556687,32411,343.45432592660546,31,61,17,0,17,87,5,0,13,2,94
2011-08-10 15:16:43,Normal,120,0,120,1400298,3640,4564540,54221,246.89796047500002,37,74,9,0,14,106,0,0,10,1,108
2011-08-10 15:16:44,Attack,86,0,87,1231646,16172,2870679,53053,300.6745007931035,40,40,7,0,12,73,2,0,7,2,78
2011-08-10 15:16:45,Attack,161,0,162,2178496,20214,5579349,34892,360.1991098271605,40,115,7,0,47,107,8,0,31,5,126
2011-08-10 15:16:46,Normal,109,0,109,913678,69951,4293325,14133,187.80555136697248,29,71,9,0,18,87,4,0,21,2,86
2011-08-10 15:16:47,Normal,138,0,138,996241,5228,5330846,59813,174.23029136231887,45,89,4,0,13,122,3,0,20,3,115
2011-08-10 15:16:48,Normal,152,0,152,1499873,4151,5949391,52938,244.2499200723684,40,103,9,0,20,129,3,0,10,3,139
2011-08-10 15:16:49,Attack,125,1,133,1542327,5283,4431093,36786,204.29172543609025,39,85,9,0,22,105,6,0,22,1,110
2011-08-10 15:16:50,Normal,112,3,115,1397506,3124,4068707,54693,296.7904719826087,27,85,3,0,24,87,4,0,15,0,100
2011-08-10 15:16:51,Attack,114,3,122,1386222,17920,4431476,6395,132.3239657377049,42,72,8,0,16,100,6,0,22,0,100
2011-08-10 15:16:52,Normal,148,3,151,1793252,38345,4877028,1904,312.4417304768212,34,105,12,0,36,102,13,0,30,1,119
2011-08-10 15:16:53,Attack,139,0,148,1492578,18351,4638544,36180,273.3735546554054,52,87,9,0,17,113,18,0,33,1,114
2011-08-10 15:16:54,Attack,136,0,140,1947185,4648,4747860,56417,288.13277234285704,38,93,9,0,27,101,11,1,24,2,114
2011-08-10 15:16:55,Attack,121,3,127,1419500,17113,4564945,38355,202.9696562677165,37,75,15,0,17,108,2,0,22,2,103
2011-08-10 15:16:56,Normal,101,0,101,1164819,16372,3839768,53014,237.8915377029703,39,52,10,0,9,88,4,0,10,3,88
2011-08-10 15:16:57,Normal,124,0,124,1198820,58031,4944257,14393,200.21980328225806,46,67,11,0,14,108,2,0,22,2,100
2011-08-10 15:16:58,Normal,101,0,101,1211277,16293,3365995,27749,256.10605850495045,38,58,5,0,19,80,2,0,12,1,88
2011-08-10 15:16:59,Normal,133,0,133,1000928,5955,4927054,54689,135.5886997518797,47,71,15,0,17,106,10,0,11,0,122
2011-08-10 15:17:00,Attack,248,2,257,1269278,26475,11874166,52502,113.04611854085604,37,210,10,0,17,230,10,0,29,1,227
2011-08-10 15:17:01,Attack,110,0,111,903054,7783,4335086,57953,146.11250710810808,38,63,10,0,13,88,10,0,16,1,94
2011-08-10 15:17:02,Attack,142,3,155,1723720,23790,4870209,21126,296.9380543032258,40,107,8,0,29,121,5,0,33,7,115
2011-08-10 15:17:03,Normal,124,0,124,999978,7297,4344732,1655,158.41721106451612,50,69,5,0,11,108,5,0,23,0,101
2011-08-10 15:17:04,Normal,134,0,134,1333367,19696,5186450,55173,139.3547161716418,44,83,7,0,15,112,7,0,24,1,109
2011-08-10 15:17:05,Normal,80,0,80,955313,16205,2828265,42683,355.280513325,30,46,4,0,12,63,5,0,10,1,69
2011-08-10 15:17:06,Attack,93,1,100,1071948,16586,3903041,18855,266.07091206000007,41,53,6,0,14,80,6,0,14,1,85
2011-08-10 15:17:07,Normal,100,0,100,937785,16524,3839234,58833,205.54744078,34,61,5,0,15,84,1,0,16,2,82
2011-08-10 15:17:08,Normal,135,0,135,1337603,18897,4800204,47545,257.99922661481486,47,80,8,0,14,107,14,0,24,1,110
2011-08-10 15:17:09,Normal,129,0,129,1275048,4232,4782326,44485,211.18877215503875,47,77,5,0,14,105,10,0,20,2,107
2011-08-10 15:17:10,Normal,148,0,148,1388011,5489,5212236,57835,292.2210181418919,34,109,5,0,20,121,7,0,15,6,126
2011-08-10 15:17:11,Normal,128,11,139,1380035,9056,4729239,3630,171.7645199496403,45,87,7,0,14,117,8,0,30,4,105
2011-08-10 15:17:12,Attack,119,5,130,1370819,5719,4628938,65769,157.20952454615386,36,87,7,0,6,110,14,0,24,11,95
2011-08-10 15:17:13,Attack,157,0,158,945308,19892,6231177,50962,134.29377324683543,34,115,9,0,28,118,12,0,40,2,116
2011-08-10 15:17:14,Attack,112,0,114,980356,17767,4258636,54488,149.9510936140351,34,73,7,0,13,99,2,0,18,4,92
2011-08-10 15:17:15,Attack,112,0,116,1578918,16920,4314671,2941,237.76725712068966,40,66,10,0,10,98,8,0,19,3,94
2011-08-10 15:17:16,Attack,128,0,131,1350716,21290,4825638,13531,309.10820238167935,53,75,3,0,11,117,3,0,21,2,108
2011-08-10 15:17:17,Normal,100,0,100,1120138,4445,3730409,59635,305.42531313,46,43,11,0,8,84,8,0,22,2,76
2011-08-10 15:17:18,Normal,117,0,117,1232475,64807,4576889,12915,194.24876888034188,50,61,6,0,14,99,4,0,20,3,94
2011-08-10 15:17:19,Normal,122,0,122,836086,18608,4961341,25134,119.12077185245903,34,80,8,0,9,112,1,0,8,3,111
2011-08-10 15:17:20,Normal,120,0,120,962250,19613,4809216,11417,124.82018476666666,45,72,3,0,23,96,1,0,28,1,91
2011-08-10 15:17:21,Normal,97,0,97,1067805,3710,3546989,64448,157.80867360824743,34,58,4,0,12,80,4,0,10,4,82
2011-08-10 15:17:22,Attack,109,3,113,1004243,17605,3945099,28444,195.37078533628318,42,64,7,0,19,93,1,0,19,0,94
2011-08-10 15:17:23,Attack,95,0,98,1065333,17500,3285375,24401,178.09547051020408,36,55,7,0,9,86,3,0,16,4,78
2011-08-10 15:17:24,Attack,109,0,110,1175810,18431,4015038,52341,262.02189822727274,42,65,3,0,19,89,2,0,18,2,90
2011-08-10 15:17:25,Attack,114,0,117,1080451,18037,4402834,65664,258.1957776153846,31,81,5,0,27,82,8,0,36,0,81
2011-08-10 15:17:26,Normal,123,3,126,643641,6982,5440694,45756,144.2615666349206,34,87,5,0,12,108,6,0,27,1,98
2011-08-10 15:17:27,Attack,125,0,128,1051306,17750,4905892,52014,212.97806820312502,49,73,6,0,16,108,4,0,23,0,105
2011-08-10 15:17:28,Normal,125,0,125,1250332,18570,4279574,27888,177.88213034400005,27,86,12,0,33,88,4,0,32,0,93
2011-08-10 15:17:29,Normal,118,0,118,1048738,18561,4737773,57700,116.7704901440678,36,68,14,0,10,107,0,1,10,2,105
2011-08-10 15:17:30,Normal,93,0,93,869535,16467,2721470,18126,213.43324994623657,37,53,3,0,24,66,2,1,25,2,65
2011-08-10 15:17:31,Normal,86,0,86,714528,18349,3155939,36227,134.18448376744183,30,47,9,0,5,77,3,1,11,1,73
2011-08-10 15:17:32,Normal,91,3,94,1231358,16784,3268613,46581,291.420379,35,54,5,0,20,68,5,1,15,0,78
2011-08-10 15:17:33,Attack,89,0,95,1011061,16662,3566679,43730,221.72388686315787,33,57,5,0,13,79,3,0,19,1,75
2011-08-10 15:17:34,Normal,116,0,116,1487402,18071,4070613,4367,214.10658808620693,46,65,5,0,17,90,8,1,19,4,92
2011-08-10 15:17:35,Normal,166,0,166,1859682,8420,6096226,39661,267.0432312228916,36,115,15,0,31,126,9,0,35,5,125
2011-08-10 15:17:36,Attack,131,0,134,1310523,19059,4561066,57250,193.94528142537314,47,75,12,0,33,99,2,0,34,2,97
2011-08-10 15:17:37,Attack,99,0,101,1175522,1725,3460429,407,249.18929251485145,45,49,7,0,8,89,4,0,9,2,90
2011-08-10 15:17:38,Attack,114,0,115,1430465,40598,3958384,54106,279.38748693043476,37,72,6,0,20,92,3,0,14,2,99
2011-08-10 15:17:39,Normal,130,0,130,1191691,17514,5034559,19072,183.45920417692307,38,85,7,0,14,113,3,0,9,1,120
2011-08-10 15:17:40,Normal,111,6,117,1070812,8765,4153757,42190,252.28271002564102,37,76,4,0,28,86,3,0,27,3,86
2011-08-10 15:17:41,Normal,129,4,133,1185011,19888,4861074,4542,182.27100835338348,41,83,9,0,16,112,5,0,21,3,109
2011-08-10 15:17:42,Normal,129,3,132,1923957,20727,5420521,24383,256.9103055378788,32,93,7,0,32,94,6,0,12,5,115
2011-08-10 15:17:43,Attack,115,0,118,1322342,16947,4325294,61605,266.5483874491526,34,80,4,0,16,97,5,0,14,2,102
2011-08-10 15:17:44,Attack,104,0,106,1273735,33172,3559293,14132,220.0569813962264,41,58,7,0,17,86,3,0,8,3,95
2011-08-10 15:17:45,Normal,149,0,149,2435597,4209,6622984,41377,145.91287765100674,41,100,8,0,39,106,4,0,6,2,140
2011-08-10 15:17:46,Normal,125,0,125,2013920,32462,4423856,14905,276.67387237599996,46,68,11,0,27,95,3,0,18,2,105
2011-08-10 15:17:47,Normal,120,0,120,1349567,3432,4447617,53475,329.9410929416666,39,77,4,0,21,95,4,0,11,4,105
2011-08-10 15:17:48,Attack,180,0,181,1221932,23067,7330206,59292,181.0625990883978,43,125,13,0,42,129,10,0,53,4,123
2011-08-10 15:17:49,Normal,114,0,114,1218893,4381,4189649,51489,226.45974805263157,40,72,2,0,17,91,6,0,21,4,89
2011-08-10 15:17:50,Normal,145,0,145,1422500,20564,5339505,55758,230.29410300000004,37,100,8,0,21,120,4,0,22,10,113
2011-08-10 15:17:51,Normal,123,0,123,1396658,3421,4295917,30702,166.8938561300813,45,71,7,0,17,98,8,0,23,2,98
2011-08-10 15:17:52,Normal,149,3,152,1333776,19046,6120550,58503,198.10389732236845,40,100,12,0,31,115,6,0,35,2,115
2011-08-10 15:17:53,Normal,98,0,98,973840,16951,3744283,18843,142.00429596938773,38,57,3,0,14,80,4,0,23,1,74
2011-08-10 15:17:54,Attack,130,0,135,1600365,19294,4198975,23680,173.92548646666668,49,78,8,0,27,103,5,0,43,5,87
2011-08-10 15:17:55,Normal,123,3,126,1590157,17370,4707100,61132,192.41095407936507,40,80,6,0,16,104,6,0,12,4,110
2011-08-10 15:17:56,Attack,114,0,115,1162778,46707,4037755,26454,160.75996957391308,42,62,11,0,12,98,5,0,15,1,99
2011-08-10 15:17:57,Attack,135,9,146,1537848,18509,4945163,12479,233.4687559246575,50,89,7,0,28,111,7,0,25,0,121
2011-08-10 15:17:58,Attack,153,0,154,2260693,26143,4786756,15695,306.4028328441559,48,98,8,0,34,115,5,0,22,5,127
2011-08-10 15:17:59,Normal,141,9,150,1458985,66734,5716335,44734,237.0436323066667,31,112,7,0,38,105,6,1,39,1,110
2011-08-10 15:18:00,Normal,126,0,126,1494889,5063,4460705,51477,301.51943103968256,32,87,7,0,21,98,7,0,14,0,112
2011-08-10 15:18:01,Normal,137,0,137,2086462,2894,4329663,54220,360.93562308759124,31,96,10,0,31,95,11,0,16,2,119
2011-08-10 15:18:02,Normal,115,3,118,970140,5284,4432191,52542,288.6280850762712,41,71,6,0,17,93,8,0,20,0,98
2011-08-10 15:18:03,Normal,119,0,119,1231905,53129,4372423,22480,320.0145906218488,30,81,8,0,14,99,6,0,23,1,95
2011-08-10 15:18:04,Attack,136,0,140,1133816,8250,5075112,46495,133.9729801214286,45,87,8,0,30,99,11,0,45,0,95
2011-08-10 15:18:05,Attack,135,0,137,875157,19736,5207612,37744,162.84929916058394,34,97,6,0,13,115,9,0,18,0,119
2011-08-10 15:18:06,Attack,115,1,117,1222614,10595,4413111,5223,158.816266982906,38,70,9,0,11,100,6,0,9,2,106
2011-08-10 15:18:07,Normal,139,0,139,1203276,18580,5239702,1306,201.99144318705035,39,90,10,0,28,107,4,0,31,1,107
2011-08-10 15:18:08,Normal,198,2,200,1659262,20850,8276101,19547,87.066865685,47,145,8,0,42,144,13,1,48,9,143
2011-08-10 15:18:09,Attack,120,0,122,1105033,17873,4352040,21241,142.41242910655743,41,75,6,0,16,105,1,0,13,4,105
2011-08-10 15:18:10,Normal,157,0,157,1300787,6628,6427717,61076,153.68114961146495,30,123,4,0,36,118,3,0,31,9,117
2011-08-10 15:18:11,Normal,148,3,151,1350808,7673,5800033,59462,322.91225143708607,35,112,4,0,26,118,6,1,18,6,127
2011-08-10 15:18:12,Normal,224,8,232,1662926,24575,9867437,74400,101.4676016163793,42,179,11,0,34,181,17,0,54,20,158
2011-08-10 15:18:13,Normal,140,19,159,978385,7018,6630045,58492,104.99391936477988,35,121,3,0,21,129,9,0,28,7,124
2011-08-10 15:18:14,Normal,92,0,92,1303132,32042,3099136,14133,261.763533826087,33,51,8,0,21,68,3,0,19,2,71
2011-08-10 15:18:15,Attack,106,0,110,1096588,2626,3864216,61843,74.7305660909091,34,67,9,0,16,86,8,0,22,2,86
2011-08-10 15:18:16,Normal,125,0,125,1155294,17225,4013913,59118,215.12564041599998,49,65,11,0,18,104,3,0,22,1,102
2011-08-10 15:18:17,Attack,118,0,120,1298236,17200,4098077,13242,108.45834099166665,41,66,13,0,18,99,3,0,8,1,111
2011-08-10 15:18:18,Attack,143,0,144,1327521,15615,5537794,55855,200.8651949097222,46,90,8,0,15,124,5,0,13,2,129
2011-08-10 15:18:19,Attack,107,0,108,1053790,16995,4221561,63103,272.70620838888885,42,62,4,0,15,90,3,0,18,0,90
2011-08-10 15:18:20,Normal,131,0,131,900254,4816,5153559,52523,101.93962039694657,31,89,11,0,16,109,6,0,21,3,107
2011-08-10 15:18:21,Normal,290,0,290,2615157,27085,10751772,101204,106.38840208275862,44,237,9,0,12,272,6,0,23,60,207
2011-08-10 15:18:22,Attack,123,3,127,1208673,21410,4456736,34608,314.0019637874016,33,84,10,0,22,98,7,0,22,3,102
2011-08-10 15:18:23,Normal,275,0,275,866069,28707,11988171,65234,65.16423690545454,36,235,4,0,16,232,27,0,40,2,233
2011-08-10 15:18:24,Normal,102,0,102,911549,17799,3613332,46816,171.281170872549,38,53,11,0,5,95,2,0,15,1,86
2011-08-10 15:18:25,Attack,116,0,124,1296522,21154,3870600,27743,181.78541772580644,36,79,9,0,24,94,6,0,29,1,93
2011-08-10 15:18:26,Attack,112,0,116,1151477,5790,4153017,66155,86.01850840517241,40,68,8,0,11,99,6,0,12,1,103
2011-08-10 15:18:27,Attack,89,3,95,1013077,9477,3171515,6398,200.11705964210532,41,51,3,0,11,78,6,0,14,2,79
2011-08-10 15:18:28,Normal,110,0,110,1291315,3585,3930744,44240,163.96678229999998,47,56,7,0,13,93,4,0,13,3,94
2011-08-10 15:18:29,Normal,86,5,91,757189,13045,3178671,14133,148.53606232967033,23,60,8,0,10,75,5,1,10,1,79
2011-08-10 15:18:30,Attack,96,8,107,976674,5230,3724297,55590,167.37646286915887,33,72,2,0,16,80,10,1,21,1,83
2011-08-10 15:18:31,Normal,100,3,103,882946,4683,3785913,50784,155.51466146601945,28,62,13,0,8,88,7,0,14,0,89
2011-08-10 15:18:32,Normal,123,3,126,1219313,16878,4766793,45860,117.68922056349206,42,71,13,0,15,100,10,1,20,0,105
2011-08-10 15:18:33,Normal,131,0,131,1157405,17807,4859687,22997,173.52830727480918,34,87,10,0,16,105,10,0,20,0,110
2011-08-10 15:18:34,Normal,138,0,138,1571022,18065,4600523,24991,266.1934513695652,37,92,9,0,24,111,2,1,17,3,117
2011-08-10 15:18:35,Normal,96,0,96,993220,63296,3481947,49366,128.78027795833333,41,46,9,0,6,88,2,0,16,1,78
2011-08-10 15:18:36,Attack,235,0,246,4345326,4955,6575043,62707,49.083013378048776,31,206,9,0,75,156,14,1,27,5,212
2011-08-10 15:18:37,Normal,122,0,122,1246777,16347,4396129,12639,141.34876422131146,41,66,15,0,9,108,5,0,15,2,105
2011-08-10 15:18:38,Attack,95,15,113,1117627,17094,4070844,11489,288.14856512389383,38,66,9,0,15,93,5,0,24,3,85
2011-08-10 15:18:39,Attack,122,0,127,1471728,21322,4490646,59957,190.17686007086618,41,75,11,0,18,98,11,0,24,1,102
2011-08-10 15:18:40,Attack,115,0,118,1390294,17619,4305758,27713,275.204673,41,68,9,0,18,96,4,0,12,3,103
2011-08-10 15:18:41,Normal,123,0,123,956396,5876,5109676,54226,179.10982640650408,37,81,5,0,8,108,7,0,16,2,105
2011-08-10 15:18:42,Normal,116,3,119,1110905,19569,5007122,39688,160.30568576470586,35,78,6,0,15,95,8,1,20,0,99
2011-08-10 15:18:43,Normal,118,0,118,1142366,18453,4407651,31626,197.56517451694913,36,72,10,0,15,92,10,1,19,2,96
2011-08-10 15:18:44,Normal,104,0,104,714928,3434,3698393,51877,188.8593859230769,34,66,4,0,6,98,0,0,13,0,91
2011-08-10 15:18:45,Normal,148,3,151,999697,7923,6340775,28017,174.57782011258277,38,98,15,0,18,116,17,0,33,1,117
2011-08-10 15:18:46,Attack,122,3,126,1203405,22693,5191646,10656,251.49453554761905,35,86,5,0,19,98,9,0,18,1,107
2011-08-10 15:18:47,Attack,119,4,124,1022730,7873,4790261,49212,227.48136179838707,44,72,8,0,9,110,5,0,16,3,105
2011-08-10 15:18:48,Attack,86,0,90,896853,4840,2987720,51539,220.26219033333328,39,43,8,0,10,72,8,0,19,2,69
2011-08-10 15:18:49,Normal,117,0,117,1101448,18295,3951207,19508,194.43623680341878,47,56,14,0,9,106,2,0,15,2,100
2011-08-10 15:18:50,Normal,142,0,142,1181681,20838,3907861,35204,122.58394158450704,39,94,9,0,13,125,4,0,60,2,80
2011-08-10 15:18:51,Attack,119,0,121,1285467,17966,4721255,64310,180.87801420661157,47,61,13,0,12,107,2,0,17,3,101
2011-08-10 15:18:52,Normal,127,5,132,1050137,20312,5489760,2864,101.95627541666666,40,80,12,0,8,120,4,0,15,1,116
2011-08-10 15:18:53,Normal,101,1,102,859040,6584,3855345,40685,139.8995785,43,52,7,0,5,96,1,0,12,0,90
2011-08-10 15:18:54,Normal,198,0,198,1622257,10941,7412341,53033,131.01860815151514,46,139,13,0,20,166,12,0,26,1,171
2011-08-10 15:18:55,Normal,126,0,126,1079606,5618,4909823,49766,187.09100880952386,41,79,6,0,12,106,8,0,23,0,103
2011-08-10 15:18:56,Normal,119,2,121,1020972,18308,4570219,51789,174.39875519008265,34,75,12,0,10,94,17,0,27,1,93
2011-08-10 15:18:57,Attack,145,0,151,1012660,13062,5703643,7379,156.779187205298,41,103,7,0,11,134,6,0,19,3,129
2011-08-10 15:18:58,Normal,189,6,195,1013763,22471,8477441,66455,105.99074556410258,40,148,7,0,49,129,17,0,72,4,119
2011-08-10 15:18:59,Normal,89,3,92,795986,10720,3320291,43281,273.4175776956522,35,51,6,0,13,78,1,0,17,0,75
2011-08-10 15:19:00,Attack,127,0,131,1411250,5355,4172341,49997,155.04526190839695,49,73,9,0,18,107,6,0,22,4,105
2011-08-10 15:19:01,Attack,248,0,250,1298409,25931,11889012,20140,85.51027594000001,45,197,8,0,22,220,8,0,26,5,219
2011-08-10 15:19:02,Normal,122,3,125,1220212,18705,4811088,16007,189.09382396,40,73,12,0,12,112,1,0,16,4,104
2011-08-10 15:19:03,Normal,116,5,121,1391705,18711,4667116,15599,149.48658038842976,29,86,6,0,14,103,4,0,19,6,96
2011-08-10 15:19:04,Normal,107,5,112,919824,18170,3796068,58665,167.8236119732143,44,63,5,0,12,94,6,0,20,5,87
2011-08-10 15:19:05,Normal,105,0,105,797148,16598,4024482,16752,114.93901996190478,41,52,12,0,11,94,0,0,16,1,88
2011-08-10 15:19:06,Normal,97,0,97,847617,15878,3314372,55985,204.23911554639176,43,46,8,0,10,85,0,2,12,3,82
2011-08-10 15:19:07,Attack,107,22,132,1052767,18556,4957382,10455,127.98233802272728,31,94,7,0,15,112,5,0,13,1,118
2011-08-10 15:19:08,Attack,104,6,111,1131814,18129,3799449,51420,165.16487476576577,48,61,2,0,14,93,4,0,15,2,94
2011-08-10 15:19:09,Normal,103,8,111,1152765,16397,4046436,34240,235.74754043243252,48,58,5,0,9,100,2,0,11,2,98
2011-08-10 15:19:10,Attack,116,0,117,938440,16687,4651424,24615,264.175074051282,49,63,5,0,10,105,2,0,12,0,105
2011-08-10 15:19:11,Normal,111,0,111,1217913,18935,4249035,66692,234.5687952072072,41,60,10,0,9,100,2,0,10,3,98
2011-08-10 15:19:12,Attack,105,5,112,1343413,3742,4057635,59656,202.59600243749998,45,62,5,0,8,94,10,0,18,2,92
2011-08-10 15:19:13,Normal,112,0,112,1203217,16798,3881507,11211,317.35575738392856,36,67,9,0,19,90,3,0,15,0,97
2011-08-10 15:19:14,Normal,112,12,124,1400295,17468,4554389,24434,300.70146391129026,34,76,14,0,23,87,14,0,29,1,94
2011-08-10 15:19:15,Normal,83,11,94,674650,3870,3738989,64114,178.359064212766,24,66,4,0,13,75,6,0,24,1,69
2011-08-10 15:19:16,Normal,85,6,91,732258,19340,3263554,40150,226.87170363736263,40,48,3,0,10,75,6,0,16,1,73
2011-08-10 15:19:17,Normal,145,0,145,1365001,4397,5357131,36936,198.8257186275862,47,92,6,0,15,127,3,0,19,3,122
2011-08-10 15:19:18,Attack,115,0,116,1195114,16824,4150309,12130,169.9858709051724,47,59,10,0,12,98,6,0,21,0,95
2011-08-10 15:19:19,Normal,107,0,107,872971,16967,4472250,43342,125.09291479439251,35,65,7,0,9,90,8,0,19,2,86
2011-08-10 15:19:20,Attack,116,0,118,1080923,17890,4246716,36040,166.77505480508475,41,68,9,0,6,109,3,0,13,4,101
2011-08-10 15:19:21,Attack,143,0,144,901494,9138,6352014,56348,105.2190022986111,30,108,6,0,30,93,21,0,49,1,94
2011-08-10 15:19:22,Attack,120,3,124,835746,19010,5290130,16088,133.02539358064513,36,82,6,0,17,101,6,0,27,0,97
2011-08-10 15:19:23,Normal,126,0,126,1249446,4884,4522158,54230,193.08406325396825,41,81,4,0,24,98,4,0,27,3,96
2011-08-10 15:19:24,Normal,112,0,112,902961,4538,4153766,55330,176.58946051785713,48,54,10,0,16,95,1,0,20,1,91
2011-08-10 15:19:25,Normal,107,0,107,1131930,16414,4050443,6254,226.72824052336446,42,57,8,0,27,77,3,0,30,2,75
2011-08-10 15:19:26,Normal,136,0,136,965748,8687,5269736,57251,173.29138606617644,47,82,7,0,23,100,13,0,37,1,98
2011-08-10 15:19:27,Normal,156,0,156,1422704,19682,6107580,51190,189.54827692307688,37,107,12,0,24,120,11,1,30,1,125
2011-08-10 15:19:28,Attack,196,0,201,827853,14493,8661832,28902,69.74658303482587,35,159,7,0,17,178,6,0,23,0,177
2011-08-10 15:19:29,Normal,107,3,110,879264,17530,4129924,33771,137.80603493636363,43,55,12,0,11,96,2,1,26,0,83
2011-08-10 15:19:30,Attack,151,0,153,1795408,18079,6035258,24367,161.6224486470588,49,90,14,0,22,122,6,3,20,4,126
2011-08-10 15:19:31,Normal,162,0,162,1408929,19808,5872818,1459,191.35242295679012,47,110,5,0,38,118,6,0,43,1,118
2011-08-10 15:19:32,Attack,143,3,148,890284,6289,6635282,57933,93.64040785135134,29,113,6,0,25,113,10,0,43,3,102
2011-08-10 15:19:33,Attack,110,0,111,1032790,19173,4235843,50832,150.1430331351351,35,67,9,0,15,90,5,1,19,1,90
2011-08-10 15:19:34,Normal,96,3,99,1067877,16925,3754707,12166,217.37221345454546,37,56,6,0,14,81,4,0,15,4,80
2011-08-10 15:19:35,Normal,116,0,116,1336453,17109,4260273,16075,147.88168568965514,48,62,6,0,21,92,3,0,14,1,101
2011-08-10 15:19:36,Normal,106,0,106,1198128,8858,4488847,65388,288.03879521698116,38,62,6,0,31,71,4,0,25,0,81
2011-08-10 15:19:37,Normal,108,6,114,820618,18825,4770681,62388,113.03997532456141,26,79,9,0,13,93,8,0,20,0,94
2011-08-10 15:19:38,Normal,138,0,138,1868120,16832,5197911,49160,153.04612663043477,42,88,8,0,21,111,6,0,19,1,118
2011-08-10 15:19:39,Attack,131,9,144,913014,38167,4705045,13622,151.76042984027777,41,100,3,0,43,92,9,0,50,1,93
2011-08-10 15:19:40,Normal,136,0,136,1770513,4382,5010454,6209,291.8710696691177,34,96,6,0,24,106,6,0,24,2,110
2011-08-10 15:19:41,Attack,137,0,138,1348605,17530,5552483,64735,210.5414486304348,40,91,7,0,30,105,3,0,21,2,115
2011-08-10 15:19:42,Attack,132,3,136,1404716,18102,5275649,60190,103.86290080147057,47,77,12,0,17,107,12,0,16,6,114
2011-08-10 15:19:43,Attack,243,0,244,1652248,26541,10555325,5707,115.86313747131146,35,197,12,0,73,156,15,0,86,6,152
2011-08-10 15:19:44,Normal,156,0,156,1440281,26005,6086920,17989,126.07788211538461,37,117,2,0,24,124,8,0,20,6,130
2011-08-10 15:19:45,Normal,114,0,114,1319419,19200,4753212,23827,124.49239168421053,30,77,7,0,25,85,4,0,20,0,94
2011-08-10 15:19:46,Normal,127,0,127,1687232,4357,4853642,53764,127.87660529921261,47,69,11,0,14,106,7,0,16,4,107
2011-08-10 15:19:47,Normal,119,0,119,1358319,18483,4464945,56546,72.75008521848737,30,82,7,0,29,84,6,0,20,2,97
2011-08-10 15:19:48,Normal,104,0,104,1019242,16921,3565018,40401,134.19829248076923,39,60,5,0,13,87,4,0,16,0,88
2011-08-10 15:19:49,Attack,138,0,140,1402534,19726,4655598,50478,115.08117037857141,38,89,13,0,39,93,8,0,37,4,99
2011-08-10 15:19:50,Normal,136,0,136,1320230,8274,4755870,31370,134.97554683088237,36,93,7,0,34,95,7,0,30,2,104
2011-08-10 15:19:51,Attack,108,0,110,1358122,7071,3925263,771,236.33408049090914,34,63,13,0,21,82,7,0,14,1,95
2011-08-10 15:19:52,Attack,155,3,159,1783001,66562,4911584,58942,141.23814637106918,46,98,15,0,47,107,5,0,46,0,113
2011-08-10 15:19:53,Attack,149,0,150,2191482,18554,5307415,70106,267.38686594666666,44,96,10,0,29,110,11,0,27,13,110
2011-08-10 15:19:54,Attack,105,0,106,1396700,16991,3610141,63227,226.22016009433966,32,64,10,0,20,83,3,0,13,0,91
2011-08-10 15:19:55,Normal,99,0,99,1038222,17168,3721071,14142,170.8667191818182,38,52,9,0,11,86,2,0,11,2,86
2011-08-10 15:19:56,Normal,107,0,107,1210390,16211,4154858,4005,215.14719268224303,44,55,8,0,5,101,1,0,7,3,97
2011-08-10 15:19:57,Normal,110,0,110,1587827,38248,3903817,1862,221.06736737272732,48,51,11,0,11,98,1,0,13,2,95
2011-08-10 15:19:58,Normal,123,0,123,1482511,16667,4427450,45380,203.4016719105691,40,66,17,0,18,102,3,0,17,4,102
2011-08-10 15:19:59,Attack,125,3,129,1276574,21640,5206647,25016,158.24876329457365,38,76,15,0,12,101,16,0,19,6,104
2011-08-10 15:20:00,Attack,133,3,139,1075211,71783,4982599,58855,106.1835863093525,30,94,15,0,24,104,11,0,23,4,112
2011-08-10 15:20:01,Normal,131,0,131,1629285,57544,4747292,14903,155.10707003816793,31,91,9,0,18,104,9,0,18,4,108
2011-08-10 15:20:02,Attack,117,3,121,1224462,17861,4225786,15810,190.17805485950413,34,80,7,0,19,94,7,1,18,2,101
2011-08-10 15:20:03,Normal,126,0,126,1121177,6094,4939484,20,122.98899383333335,40,70,16,0,11,112,3,0,21,5,100
2011-08-10 15:20:04,Attack,133,0,135,1561831,3408,5205047,54481,188.95538545925928,47,79,9,0,17,114,4,0,25,3,106
2011-08-10 15:20:05,Normal,151,1,152,1364273,19376,6076847,49483,94.98972425,40,107,5,0,26,123,3,0,18,4,130
2011-08-10 15:20:06,Normal,136,2,138,1621433,4223,5027711,46201,205.14641630434784,48,79,11,0,24,110,4,0,23,2,112
2011-08-10 15:20:07,Normal,92,0,92,1461524,15523,3449003,43771,191.1931295869565,33,52,7,0,22,68,2,0,11,1,80
2011-08-10 15:20:08,Normal,109,5,114,1235815,3588,4643870,51795,215.78327451754387,44,66,4,0,12,99,3,0,13,2,99
2011-08-10 15:20:09,Normal,162,0,162,1619813,8121,5902139,64984,150.8207579876543,46,107,9,0,47,110,5,0,48,4,110
2011-08-10 15:20:10,Attack,92,0,94,1141946,16724,3214082,62190,256.1968665531915,35,57,2,0,14,74,6,0,12,2,80
2011-08-10 15:20:11,Normal,105,3,108,1528229,2801,3628205,42095,247.9951111944445,34,67,7,0,22,84,2,0,11,3,93
2011-08-10 15:20:12,Attack,200,3,204,915089,23499,7006444,58301,104.13983957352943,34,159,11,0,19,157,28,0,46,4,153
2011-08-10 15:20:13,Attack,96,22,120,1089273,18385,4503947,56743,198.90714554166667,41,71,8,0,24,93,3,0,33,0,86
2011-08-10 15:20:14,Attack,147,2,150,1586507,20648,5322713,57773,157.84694928666667,42,98,10,0,30,114,6,0,25,2,123
2011-08-10 15:20:15,Attack,113,0,114,1018406,18309,4246586,57784,203.91743178070178,35,66,13,0,11,97,6,0,15,4,95
2011-08-10 15:20:16,Normal,132,9,141,1034348,19799,4766124,57773,110.42451521276598,41,79,21,0,30,111,0,0,46,2,93
2011-08-10 15:20:17,Normal,112,9,121,1950626,4985,4548099,59834,206.31252673553715,44,68,9,0,19,100,2,0,16,4,101
2011-08-10 15:20:18,Normal,120,0,120,1442426,3896,4345596,58292,345.52418944166664,58,55,7,0,13,104,3,0,12,2,106
2011-08-10 15:20:19,Normal,147,2,149,1343003,7862,5554383,57601,125.81462143624162,48,89,12,0,15,133,1,0,25,1,122
2011-08-10 15:20:20,Normal,127,0,127,1485312,3567,4503332,58291,270.5606503385826,42,73,12,0,15,106,6,0,12,3,112
2011-08-10 15:20:21,Attack,109,0,112,1207649,17282,3992253,52729,245.71340825000001,53,52,7,0,19,90,3,0,19,1,92
2011-08-10 15:20:22,Normal,104,3,107,1291839,3292,3872498,57520,137.3264338037383,40,60,7,0,17,86,4,0,8,2,97
2011-08-10 15:20:23,Attack,147,0,150,1395548,19707,5604031,6447,191.44324685333336,47,95,8,0,17,125,8,0,35,3,112
2011-08-10 15:20:24,Normal,128,0,128,1262855,17799,4536744,28173,133.228306875,49,72,7,0,10,115,3,0,24,1,103
2011-08-10 15:20:25,Attack,96,0,98,1131338,16131,3416535,14188,217.04433546938776,42,53,3,0,13,81,4,0,11,1,85
2011-08-10 15:20:26,Normal,100,0,100,794405,18003,3697392,11453,190.04267721,35,62,3,0,16,79,5,0,16,0,84
2011-08-10 15:20:27,Normal,95,0,95,999144,17701,2999344,33649,263.60811538947365,35,54,6,0,19,69,7,0,22,3,70
2011-08-10 15:20:28,Normal,111,0,111,1068584,17240,4350106,29160,143.29800354054055,40,61,10,0,9,99,3,0,13,1,96
2011-08-10 15:20:29,Normal,102,0,102,891702,17123,3702291,11542,136.8336450490196,33,61,8,0,7,89,5,1,17,0,84
2011-08-10 15:20:30,Normal,138,3,141,1375893,30343,4828815,53335,227.58190551063828,43,91,7,0,37,100,4,0,40,3,98
2011-08-10 15:20:31,Attack,78,0,80,1002440,14609,2791011,48547,139.730727425,33,43,4,0,9,64,6,1,16,1,61
2011-08-10 15:20:32,Normal,99,3,102,932288,19748,3952180,47876,92.76840348039215,31,69,2,0,13,75,12,2,15,1,84
2011-08-10 15:20:33,Attack,161,0,166,1096605,30234,6773866,30936,173.48554064457832,33,125,8,0,27,108,31,0,56,0,110
2011-08-10 15:20:34,Attack,161,0,162,1761535,7058,6510258,47536,143.5331645246914,56,99,7,0,18,137,7,0,35,2,125
2011-08-10 15:20:35,Attack,98,0,100,1241304,60590,3676656,37664,248.78794492,33,55,12,0,14,78,8,0,21,2,77
2011-08-10 15:20:36,Attack,110,0,111,1277610,4339,4104960,2034,159.5088703243243,43,59,9,0,17,94,0,0,22,2,87
2011-08-10 15:20:37,Normal,147,0,147,1020013,20002,6346315,18479,121.38718320408162,26,113,8,0,16,126,4,1,27,0,119
2011-08-10 15:20:38,Normal,97,0,97,843108,5089,3900833,39157,103.7099839484536,34,57,6,0,7,86,4,0,15,1,81
2011-08-10 15:20:39,Normal,145,28,173,1291597,20238,6978802,37754,143.99097198843933,47,116,10,0,18,154,1,0,23,4,146
2011-08-10 15:20:40,Normal,118,1,119,1379241,16842,4634375,42665,159.7796380672269,48,60,11,0,11,104,4,0,12,1,105
2011-08-10 15:20:41,Normal,185,0,185,1327996,20858,8485260,27806,104.23833275135134,42,139,4,0,12,167,6,0,25,2,158
2011-08-10 15:20:42,Attack,107,3,114,1230969,18134,4859877,27857,171.43159827192983,28,78,8,0,18,91,5,0,22,1,90
2011-08-10 15:20:43,Normal,109,0,109,1250581,19839,4039888,66012,119.51591255963305,55,48,6,0,12,95,2,0,12,3,94
2011-08-10 15:20:44,Attack,108,0,112,1080134,18896,4241771,33378,162.89252319642856,42,64,6,0,18,91,2,1,12,1,99
2011-08-10 15:20:45,Normal,131,0,131,1525815,47463,4861908,7246,180.51037405343516,47,74,10,0,29,99,3,0,28,0,103
2011-08-10 15:20:46,Attack,99,0,101,1665768,25786,3455436,1962,126.76901656435642,35,57,9,0,18,78,5,0,16,3,82
2011-08-10 15:20:47,Normal,108,0,108,988855,17199,4153561,20418,162.17841375925926,39,62,7,0,14,91,3,0,23,0,85
2011-08-10 15:20:48,Normal,176,0,176,1258636,8054,7824941,63806,102.78336856818181,45,121,10,0,14,153,9,0,26,1,149
2011-08-10 15:20:49,Normal,138,0,138,1492025,18347,5355892,22378,166.80323613768115,52,78,8,0,13,124,1,0,18,3,117
2011-08-10 15:20:50,Normal,132,0,132,1490773,20484,5108779,10406,157.4205553409091,43,85,4,0,29,98,5,0,21,0,111
2011-08-10 15:20:51,Normal,173,0,173,1825984,21697,6011101,5298,198.0441211734104,36,125,12,0,36,126,11,0,35,2,136
2011-08-10 15:20:52,Attack,122,3,128,1314331,5628,4335899,61888,148.4553951875,45,74,9,0,18,99,11,0,24,2,102
2011-08-10 15:20:53,Normal,120,4,124,1342089,5003,4393052,61722,130.16422061290322,38,81,5,0,23,92,9,0,21,2,101
2011-08-10 15:20:54,Attack,157,0,158,2199956,18292,5663034,57554,133.05146963924048,60,86,12,0,25,129,4,0,17,3,138
2011-08-10 15:20:55,Attack,154,0,156,1987811,64263,5563612,18903,176.41116415384613,56,95,5,0,25,127,4,0,21,3,132
2011-08-10 15:20:56,Attack,115,0,117,1056003,32013,3723357,61437,157.02711115384614,38,71,8,0,15,80,22,0,34,2,81
2011-08-10 15:20:57,Attack,162,0,164,1889702,58639,6219342,12064,142.78778405487805,49,109,6,0,34,107,23,0,43,2,119
2011-08-10 15:20:58,Normal,132,0,132,1603078,67702,4861634,59674,152.06208768939396,41,84,7,0,23,102,7,0,20,1,111
2011-08-10 15:20:59,Normal,125,0,125,1931730,16436,4209778,9076,163.55655558399997,35,84,6,0,28,87,10,0,17,6,101
2011-08-10 15:21:00,Normal,304,6,310,1406910,29374,12786774,53137,60.24972036451612,53,250,7,0,37,253,20,0,57,8,245
2011-08-10 15:21:01,Normal,318,0,318,1304281,32242,14651473,62152,60.85562786163521,36,273,9,0,65,238,15,0,80,0,238
2011-08-10 15:21:02,Normal,136,3,139,1123970,8108,4902799,57183,130.0697992733813,40,92,7,0,26,96,17,0,39,1,98
2011-08-10 15:21:03,Attack,128,0,132,1438978,17605,4728110,53432,161.73629654545454,41,84,7,0,16,107,8,1,15,2,115
2011-08-10 15:21:04,Normal,121,0,121,1214995,16661,4372692,65616,137.06497589256196,45,64,12,0,7,96,18,0,26,2,93
2011-08-10 15:21:05,Attack,129,0,133,1326729,17508,4967435,16188,148.51455032330824,27,96,10,0,33,83,17,0,39,1,93
2011-08-10 15:21:06,Normal,128,0,128,1170157,17777,5063191,51328,122.230650671875,41,83,4,0,16,110,2,0,13,1,114
2011-08-10 15:21:07,Attack,133,0,137,1913425,3972,4569916,58314,290.2613584306569,43,86,8,0,30,97,10,0,18,0,117
2011-08-10 15:21:08,Normal,112,0,112,1379732,12051,4022280,2282,162.93636715178573,43,62,7,0,17,91,4,0,16,0,96
2011-08-10 15:21:09,Normal,140,0,140,1083769,19548,5100085,7081,68.63208754285715,47,86,7,0,30,106,4,0,37,2,101
2011-08-10 15:21:10,Normal,138,0,138,1272765,18439,4782948,5537,102.42239276811593,37,93,8,0,19,107,12,0,28,2,108
2011-08-10 15:21:11,Normal,133,0,133,1396696,3922,4394610,55487,254.45703979699246,49,75,9,0,16,113,4,0,16,1,116
2011-08-10 15:21:12,Normal,99,3,102,1190225,17124,3672152,19959,226.13033001960778,41,57,4,0,12,85,5,0,8,1,92
2011-08-10 15:21:13,Normal,114,0,114,1539322,15665,3988930,28431,151.96400005263158,53,55,6,0,15,92,5,2,15,1,98
2011-08-10 15:21:14,Attack,121,0,122,1142246,17088,4506343,16040,114.68762597540983,40,73,9,0,6,112,4,0,15,1,106
2011-08-10 15:21:15,Attack,124,0,125,1696136,10037,4349683,3465,109.697199096,42,73,9,0,19,103,1,1,13,1,110
2011-08-10 15:21:16,Attack,114,0,116,1412088,17175,4518889,7270,155.34556670689656,43,65,8,0,14,97,5,0,16,1,99
2011-08-10 15:21:17,Attack,130,0,131,1381904,17211,4642162,47597,215.42519054198473,58,66,7,0,14,115,2,0,11,0,120
2011-08-10 15:21:18,Attack,110,0,112,970806,5542,3974204,38424,148.23024038392856,50,52,9,0,8,98,4,1,23,1,88
2011-08-10 15:21:19,Normal,131,8,139,1557643,4514,4928843,38598,161.0940912589928,47,87,5,0,23,110,4,2,17,2,120
2011-08-10 15:21:20,Normal,135,0,135,1263858,5932,4923395,50101,167.96913617777776,39,87,9,0,17,115,3,0,27,2,106
2011-08-10 15:21:21,Normal,149,1,150,1715687,5456,5579437,59648,151.59471714666665,59,82,9,0,17,128,5,0,16,3,130
2011-08-10 15:21:22,Normal,125,53,178,1047558,7905,7543272,50555,111.48610308988762,42,129,7,0,22,148,8,0,25,0,153
2011-08-10 15:21:23,Normal,181,23,204,1904137,22975,7598982,32042,154.40720180882354,46,146,12,0,61,124,19,0,62,6,136
2011-08-10 15:21:24,Attack,117,1,120,1248279,17540,4153838,10774,168.33736491666664,50,65,5,0,12,104,4,0,14,1,105
2011-08-10 15:21:25,Normal,111,19,130,1424298,63022,4560292,30650,153.68328283846154,30,89,11,0,10,116,4,0,19,4,107
2011-08-10 15:21:26,Attack,101,2,105,1009236,18083,3616898,26313,114.84905100952379,39,62,4,0,14,87,4,0,22,0,82
2011-08-10 15:21:27,Normal,108,0,108,1145721,3568,3867306,36096,183.00525725925925,38,63,7,0,12,87,9,0,13,3,90
2011-08-10 15:21:28,Attack,87,0,89,903674,2958,3077445,40620,161.93653197752803,32,49,8,0,11,75,3,0,15,0,74
2011-08-10 15:21:29,Attack,85,6,94,771528,2837,3339653,5673,151.47628272340424,25,64,5,0,17,75,1,1,17,2,74
2011-08-10 15:21:30,Normal,121,0,121,899483,18161,4215047,50297,74.21105961983471,39,71,11,0,12,95,10,4,23,0,96
2011-08-10 15:21:31,Normal,175,3,178,1700789,13237,6313122,4101,82.68254432022472,46,126,6,0,28,129,19,2,33,3,141
2011-08-10 15:21:32,Normal,112,3,115,1149954,16069,4427406,66219,131.63470055652175,45,64,6,0,9,102,2,2,15,2,97
2011-08-10 15:21:33,Normal,108,0,108,1039206,16517,4100392,48131,109.83321318518519,39,65,4,0,17,91,0,0,17,0,91
2011-08-10 15:21:34,Normal,100,0,100,958344,17927,3905276,2819,169.14445905,40,55,5,0,13,85,2,0,18,1,81
2011-08-10 15:21:35,Attack,154,0,159,1308978,6491,6083978,58789,131.88452907547168,35,111,13,0,35,117,7,0,37,1,121
2011-08-10 15:21:36,Attack,214,0,218,1176465,70054,8899717,14638,36.97562950917431,27,175,16,0,17,196,5,0,18,2,198
2011-08-10 15:21:37,Attack,106,0,114,785615,19389,4360328,40690,134.1303498508772,30,77,7,0,6,100,8,0,18,2,94
2011-08-10 15:21:38,Attack,81,0,92,742500,2589,2748437,47603,164.6455898695652,33,51,8,0,15,73,4,0,22,0,70
2011-08-10 15:21:39,Attack,197,0,198,1146484,25105,8774674,10756,96.18614248989898,36,155,7,0,42,146,10,0,44,2,152
2011-08-10 15:21:40,Attack,117,0,118,923600,4727,4609129,58732,110.23845465254236,35,75,8,0,18,97,3,0,21,2,95
2011-08-10 15:21:41,Attack,136,0,137,1311165,4388,5078718,39729,131.05308683941607,44,84,9,0,21,97,19,0,36,2,99
2011-08-10 15:21:42,Normal,185,3,188,1588799,8086,7608905,56326,53.41181750531915,42,132,14,0,35,140,13,0,47,6,134
2011-08-10 15:21:43,Normal,117,0,117,1334910,17026,4228599,26722,148.23436994017095,41,68,8,0,13,101,3,0,8,1,108
2011-08-10 15:21:44,Normal,104,0,104,1616480,15036,3616507,63676,148.53916859615384,37,59,8,0,23,78,3,0,15,3,86
2011-08-10 15:21:45,Normal,116,0,116,1443873,4402,4267500,35982,155.54862108620688,36,73,7,0,23,89,4,0,19,4,93
2011-08-10 15:21:46,Attack,147,0,156,1126525,22016,5768011,12001,60.17335474358975,44,100,12,0,15,135,6,0,27,2,127
2011-08-10 15:21:47,Attack,126,0,134,1753538,5747,4087082,18960,169.3735937164179,44,86,4,0,27,99,8,0,15,3,116
2011-08-10 15:21:48,Normal,98,1,99,1325443,1650,3072649,49797,294.0069215555556,44,45,10,0,13,84,2,0,15,2,81
2011-08-10 15:21:49,Normal,130,0,130,1236620,19493,4402142,7240,154.70476019999998,42,78,10,0,16,112,2,0,16,2,112
2011-08-10 15:21:50,Attack,82,0,83,1277827,10114,3101722,6042,99.45127393975903,30,47,6,0,12,69,2,0,17,2,64
2011-08-10 15:21:51,Normal,115,0,115,1375205,17689,3894342,46533,163.5623838347826,32,72,11,0,20,91,4,0,19,2,94
2011-08-10 15:21:52,Normal,125,3,128,948534,6556,4995120,58853,103.43033542187499,29,93,6,0,12,113,3,0,19,3,106
2011-08-10 15:21:53,Normal,119,0,119,1408818,17392,4238099,27439,158.30995978991598,47,67,5,0,18,99,2,0,20,1,98
2011-08-10 15:21:54,Normal,145,0,145,892457,20480,6283431,33885,148.04218220689654,39,101,5,0,35,100,10,0,53,2,90
2011-08-10 15:21:55,Normal,227,0,227,2041484,22863,9537074,16215,129.30243652422908,49,171,7,0,59,156,12,0,65,3,158
2011-08-10 15:21:56,Attack,119,0,122,1334188,17489,4305918,37315,168.30616351639344,35,76,11,0,22,90,10,0,24,4,94
2011-08-10 15:21:57,Attack,132,0,134,1398953,17542,4885503,5538,161.1491334402985,44,75,15,0,15,117,2,0,25,1,108
2011-08-10 15:21:58,Attack,111,0,113,1170127,16805,4167075,26344,209.6320233539823,37,68,8,0,9,98,6,0,23,0,90
2011-08-10 15:21:59,Attack,97,0,100,1018436,2804,3573817,59313,114.16746756,38,56,6,0,11,88,1,0,19,2,78
2011-08-10 15:22:00,Normal,110,0,110,1120905,16247,3772253,44209,151.91909350909089,39,68,3,0,15,92,2,1,14,4,92
2011-08-10 15:22:01,Attack,113,0,115,1218467,3746,4062173,38524,148.62814479130435,42,62,11,0,14,99,2,0,21,1,93
2011-08-10 15:22:02,Normal,105,12,117,1000297,19825,4497446,11054,122.92977365811963,38,75,4,0,11,96,10,0,24,4,89
2011-08-10 15:22:03,Normal,104,0,104,1287740,16160,3778831,52402,187.00748605769235,43,52,9,0,8,93,3,0,10,1,93
2011-08-10 15:22:04,Normal,145,0,145,1943188,19320,4845177,63762,155.7478294,45,89,11,0,28,113,4,0,28,4,113
2011-08-10 15:22:05,Normal,111,0,111,1198871,16638,4286721,40531,104.76340273873872,42,56,13,0,11,98,2,0,16,3,92
2011-08-10 15:22:06,Normal,116,0,116,946338,4463,4430124,52952,128.19106460344827,37,68,11,0,18,97,1,0,28,0,88
2011-08-10 15:22:07,Attack,127,0,129,1284061,18339,4755191,12802,169.79247377519383,41,82,6,0,19,103,7,0,24,2,102
2011-08-10 15:22:08,Attack,216,0,219,1735900,72385,8666975,16186,148.76193368036533,44,165,10,0,37,145,37,0,61,2,156
2011-08-10 15:22:09,Normal,122,0,122,952261,6189,4421700,39258,182.35668729508197,36,81,5,0,24,94,4,0,24,0,98
2011-08-10 15:22:10,Attack,153,0,154,822002,6919,6761117,2567,112.62699192857144,44,100,10,0,6,141,7,0,19,2,132
2011-08-10 15:22:11,Normal,104,0,104,1429476,15526,3469186,42889,316.94443840384616,58,39,7,0,14,90,0,0,8,3,93
2011-08-10 15:22:12,Normal,120,3,123,965059,18965,4688219,59608,131.2927700813008,41,74,8,0,26,95,2,0,32,2,89
2011-08-10 15:22:13,Normal,113,0,113,1263705,63149,3927640,3084,275.9030747876106,48,57,8,0,16,96,1,0,16,4,93
2011-08-10 15:22:14,Normal,143,0,143,1182355,19540,5925450,62733,91.05254936363636,43,87,13,0,15,118,10,0,35,0,108
2011-08-10 15:22:15,Normal,106,0,106,1173173,18044,4208359,63601,113.6149284245283,31,70,5,0,16,87,3,0,15,1,90
2011-08-10 15:22:16,Normal,103,0,103,1071373,37739,3511419,3345,165.99240575728157,34,62,7,0,13,87,3,0,16,2,85
2011-08-10 15:22:17,Attack,180,0,183,1696347,7666,6566149,55183,126.80942256284155,45,134,4,0,36,141,6,0,34,2,146
2011-08-10 15:22:18,Attack,106,0,107,1164514,16851,3788804,7686,224.43064826168222,30,67,10,0,18,82,7,0,15,4,88
2011-08-10 15:22:19,Attack,91,0,92,1007135,15997,3231539,64670,156.78457259782613,27,53,12,0,9,81,2,0,11,1,80
2011-08-10 15:22:20,Attack,109,0,110,821900,17835,4401632,25450,97.62341436363637,33,72,5,0,24,81,5,0,27,0,82
2011-08-10 15:22:21,Attack,96,0,98,1010728,17247,3667619,35394,243.06892962244902,46,44,8,0,9,87,2,0,16,1,80
2011-08-10 15:22:22,Normal,134,3,137,1312469,4948,5364661,61667,174.01024481021898,37,93,7,0,22,110,5,0,22,1,113
2011-08-10 15:22:23,Normal,116,0,116,1055597,3840,4407979,52827,149.2157599310345,33,75,8,0,18,97,1,0,12,4,100
2011-08-10 15:22:24,Normal,118,0,118,1118305,18174,4315157,49449,214.1985074237288,38,72,8,0,15,89,14,0,30,0,88
2011-08-10 15:22:25,Normal,124,12,136,1245796,19057,5141160,62283,139.34971776470587,49,74,13,0,14,116,6,0,19,2,115
2011-08-10 15:22:26,Normal,73,4,77,1015371,2011,2557530,30601,111.11085197402599,33,41,3,0,10,64,3,0,13,3,61
2011-08-10 15:22:27,Normal,140,4,144,1283140,18350,5362881,57498,181.51236381249998,44,88,12,0,11,125,8,0,26,3,115
2011-08-10 15:22:28,Attack,134,0,206,1668951,22272,4603314,14274,136.568070592233,47,153,6,0,20,104,82,0,25,2,179
2011-08-10 15:22:29,Attack,111,1,329,1494793,80166,4214008,5723,46.56405560486321,45,280,4,0,61,112,155,1,32,1,295
2011-08-10 15:22:30,Attack,106,0,109,1128059,17215,3613620,23455,182.57492616513764,41,65,3,0,15,88,5,1,18,1,89
2011-08-10 15:22:31,Normal,92,0,92,805422,17372,2916502,46807,228.28414611956526,39,38,15,0,12,78,1,1,25,0,67
2011-08-10 15:22:32,Attack,119,4,131,683255,23172,4997221,6083,118.32573925190839,36,88,7,0,37,86,8,0,38,0,93
2011-08-10 15:22:33,Attack,132,3,147,1223074,5627,5064685,28388,153.61103052380952,54,87,6,0,13,126,7,1,13,4,129
2011-08-10 15:22:34,Attack,97,0,106,867424,3956,3704130,2079,80.52580855660375,40,59,7,0,13,90,3,0,8,0,98
2011-08-10 15:22:35,Attack,92,0,108,900694,19939,3501966,1882,103.02821537962964,34,67,7,0,16,82,9,1,17,3,87
2011-08-10 15:22:36,Normal,100,0,100,1098064,2771,3400781,37696,117.0229622,38,56,6,0,11,80,8,1,23,0,76
2011-08-10 15:22:37,Attack,88,0,114,802852,17235,3168296,25007,130.77137234210525,43,60,11,0,17,89,8,0,6,0,108
2011-08-10 15:22:38,Attack,111,0,140,1091418,18816,4186471,26712,75.01507479285715,43,91,6,0,32,102,6,0,19,0,121
2011-08-10 15:22:39,Attack,131,0,132,1633581,17162,4331670,3617,153.8105664090909,41,77,14,0,16,109,6,1,15,3,114
2011-08-10 15:22:40,Attack,108,0,109,1328530,17414,3965361,9333,236.99981420183485,44,50,15,0,12,87,9,1,15,1,92
2011-08-10 15:22:41,Attack,119,0,120,1436866,3989,4298583,39273,153.36309371666667,31,69,20,0,20,97,3,0,14,1,105
2011-08-10 15:22:42,Attack,125,3,130,1543667,5195,4645349,4651,158.73958132307692,42,79,9,0,20,103,7,0,16,4,109
2011-08-10 15:22:43,Normal,186,0,186,1653974,22250,6885840,50166,120.54625363978496,54,127,5,0,20,151,15,0,22,3,161
2011-08-10 15:22:44,Attack,75,0,79,857106,15870,2492432,21590,239.33578620253164,26,43,10,0,11,65,3,0,15,1,63
2011-08-10 15:22:45,Attack,107,0,109,1394187,17701,3276119,65062,299.943685733945,33,71,5,0,22,81,6,0,18,2,89
2011-08-10 15:22:46,Normal,122,0,122,1169416,18367,4130779,40599,151.07446778688524,49,66,7,0,15,104,3,0,18,2,102
2011-08-10 15:22:47,Normal,122,0,122,1423893,3154,4112871,3534,138.2760645,42,71,9,0,28,86,8,0,26,2,94
2011-08-10 15:22:48,Normal,127,0,127,1335867,3574,4628818,33917,197.34443261417323,43,77,7,0,8,109,10,0,14,1,112
2011-08-10 15:22:49,Attack,111,0,113,1234441,17202,3718721,10556,172.95444797345135,46,62,5,0,12,98,3,0,18,3,92
2011-08-10 15:22:50,Attack,84,0,87,1144696,16311,2752503,37934,169.85443089655172,30,49,8,0,9,66,12,0,20,1,66
2011-08-10 15:22:51,Attack,124,0,125,1609847,17415,4599841,25001,189.897732872,47,70,8,0,21,100,4,0,16,4,105
2011-08-10 15:22:52,Normal,106,3,109,1349594,17384,3726968,65161,148.56715266055045,45,58,6,0,18,88,3,0,18,1,90
2011-08-10 15:22:53,Attack,118,0,119,1016884,16830,4310491,39578,140.5741364369748,33,76,10,0,9,108,2,0,10,2,107
2011-08-10 15:22:54,Attack,91,0,92,1085644,9175,2677766,3936,114.12751811956522,38,43,11,0,10,81,1,0,10,3,78
2011-08-10 15:22:55,Normal,109,0,109,1123215,18341,3950492,35449,203.40710354128439,34,64,11,0,12,94,3,0,20,2,87
2011-08-10 15:22:56,Attack,123,0,124,1686693,16345,4357821,42250,235.8950085241935,43,72,9,0,15,108,1,0,15,0,109
2011-08-10 15:22:57,Attack,116,0,117,1573575,40839,4241921,12141,180.93687627350425,54,55,8,0,9,106,2,0,14,0,103
2011-08-10 15:22:58,Normal,116,0,116,1114081,16462,4545465,61788,91.47410013793103,40,66,10,0,4,111,1,0,22,0,94
2011-08-10 15:22:59,Normal,143,0,143,1071349,19698,5414736,9887,135.3937337762238,46,80,17,0,10,100,33,0,40,0,103
2011-08-10 15:23:00,Attack,269,0,274,1310369,17166,12778603,5810,55.16429581751825,48,210,16,0,19,232,23,0,39,2,233
2011-08-10 15:23:01,Attack,129,0,130,1240383,18251,4683201,29238,116.66192698461539,51,74,5,0,13,109,8,0,19,3,108
2011-08-10 15:23:02,Attack,239,3,245,2005227,23542,9486289,15309,127.32233754285713,32,201,12,0,44,191,10,0,26,2,217
2011-08-10 15:23:03,Normal,111,0,111,1300559,18794,3739157,27506,196.4767318468469,43,58,10,0,13,88,10,0,20,2,88
2011-08-10 15:23:04,Attack,106,3,111,1384590,3477,3792396,4089,214.12497063963966,42,56,13,0,12,95,4,0,13,3,95
2011-08-10 15:23:05,Attack,117,0,118,1770110,17703,3777504,26020,192.2405499067797,44,68,6,0,26,87,5,0,12,2,103
2011-08-10 15:23:06,Normal,108,0,108,1074454,16307,4134162,4128,134.88116311111114,36,66,6,0,12,93,3,0,21,3,84
2011-08-10 15:23:07,Normal,98,0,98,1110378,17472,3463509,28237,157.52465781632654,33,56,9,0,13,78,7,0,18,1,79
2011-08-10 15:23:08,Normal,122,0,122,1000059,5640,4518567,59327,187.36417920491806,40,70,12,0,11,107,4,0,21,2,99
2011-08-10 15:23:09,Attack,111,0,114,1245993,53723,3897721,14531,210.90270649122806,46,64,4,0,19,89,6,0,16,2,96
2011-08-10 15:23:10,Attack,137,0,142,1502604,18923,5213504,14237,176.65553144366194,43,89,10,0,16,115,11,0,24,2,116
2011-08-10 15:23:11,Attack,89,3,94,1075992,19258,3246404,25437,103.29274722340426,33,56,5,0,10,77,7,0,19,3,72
2011-08-10 15:23:12,Normal,108,6,114,1449936,17525,4368751,66381,178.4014811754386,41,68,5,0,14,91,9,0,22,4,87
2011-08-10 15:23:13,Normal,111,0,111,1121297,3197,4264958,40389,236.11770936036038,49,51,11,0,8,102,1,0,14,1,96
2011-08-10 15:23:14,Normal,97,0,97,899627,18190,3350339,6232,154.3966643402062,44,45,8,0,7,87,3,0,11,1,85
2011-08-10 15:23:15,Attack,136,0,137,1052009,26623,5298648,4081,118.63065063503649,45,85,7,0,13,101,23,0,33,1,103
2011-08-10 15:23:16,Normal,100,0,100,1056270,18818,3898005,31850,166.61704209999996,34,58,8,0,20,76,4,0,20,2,78
2011-08-10 15:23:17,Attack,111,0,112,1146945,18169,4105137,61937,148.95131060714286,45,63,4,0,16,95,1,0,11,2,99
2011-08-10 15:23:18,Attack,124,0,125,1486877,17051,4425674,2514,226.33811981600002,45,70,10,0,15,110,0,0,8,0,117
2011-08-10 15:23:19,Attack,82,0,83,1108769,15151,2689473,27655,131.05357527710845,47,31,5,0,8,74,1,0,8,2,73
2011-08-10 15:23:20,Attack,99,0,101,1028402,16595,4024268,55128,116.6473750792079,35,60,6,0,12,82,7,0,20,3,78
2011-08-10 15:23:21,Attack,103,0,104,1302475,15504,3389623,33379,284.56029361538464,43,56,5,0,17,83,4,0,11,2,91
2011-08-10 15:23:22,Attack,90,3,94,1058052,16968,3225306,16846,227.81450284042555,38,51,5,0,12,79,3,0,15,2,76
2011-08-10 15:23:23,Attack,123,0,126,1230635,4770,4026953,47293,182.10247662698416,44,74,8,0,14,103,9,0,24,3,99
2011-08-10 15:23:24,Attack,121,0,123,1424913,17902,4146797,65240,113.3761741219512,33,80,10,0,14,102,7,0,16,5,102
2011-08-10 15:23:25,Attack,105,0,106,819212,19003,3239824,61997,182.12693179245284,29,64,13,0,5,93,8,0,12,1,93
2011-08-10 15:23:26,Normal,78,0,78,872907,15178,2653850,18895,232.79518853846153,40,29,9,0,6,71,1,0,8,0,70
2011-08-10 15:23:27,Attack,100,0,101,1140090,3533,3653079,53391,185.5147479009901,38,56,7,0,11,86,4,0,11,1,88
2011-08-10 15:23:28,Attack,98,0,127,1183504,5840,3449745,3328,195.72686321259843,38,81,8,0,18,87,22,0,9,3,115
2011-08-10 15:23:29,Attack,82,0,83,942350,2165,2555403,2848,93.79534543373492,27,49,7,0,8,73,0,2,3,1,77
2011-08-10 15:23:30,Attack,117,0,120,1415890,16919,4363456,3667,158.59123215,44,72,4,0,19,99,1,1,11,1,107
2011-08-10 15:23:31,Attack,89,2,93,828791,16086,3383003,63117,118.5993547311828,31,54,8,0,8,82,3,0,17,1,75
2011-08-10 15:23:32,Attack,125,3,131,1547175,17013,4695455,41954,117.9114851984733,46,81,4,0,21,100,10,0,23,2,106
2011-08-10 15:23:33,Attack,97,0,101,1199098,16185,3409328,32652,133.50168415841586,42,50,9,0,8,87,6,0,8,4,89
2011-08-10 15:23:34,Attack,124,0,128,1367762,8212,4418540,40947,124.86428201562501,40,78,10,0,13,106,9,0,13,5,110
2011-08-10 15:23:35,Normal,108,3,111,882483,5169,4255559,56286,121.66200902702704,34,71,6,0,5,100,5,1,12,4,93
2011-08-10 15:23:36,Attack,131,0,132,540263981,8271,5157979,57762,93.60731178030304,31,95,6,0,14,103,13,2,23,6,101
2011-08-10 15:23:37,Attack,105,0,109,1291222,3529,3823143,50811,163.61250133027522,59,45,5,0,7,89,13,0,19,3,87
2011-08-10 15:23:38,Attack,97,0,98,994503,17800,3309962,59932,148.0812755612245,29,62,7,0,19,76,3,0,10,1,87
2011-08-10 15:23:39,Normal,103,0,103,791831,17451,3769052,6398,111.06702874757279,32,66,5,0,8,93,2,0,8,0,95
2011-08-10 15:23:40,Normal,97,0,97,1361330,15317,3380949,7876,190.74032439175258,33,54,10,0,17,80,0,0,6,1,89
2011-08-10 15:23:41,Attack,108,0,112,1595891,6136,3764708,1542,209.085646125,40,63,9,0,22,87,3,0,8,2,102
2011-08-10 15:23:42,Attack,100,3,105,539956424,6656,3829758,35502,207.9989002857143,35,64,6,0,15,88,2,0,19,2,82
2011-08-10 15:23:43,Attack,81,0,83,1124397,1370,2710517,61588,161.79801274698792,37,30,16,0,9,72,2,0,10,3,70
2011-08-10 15:23:44,Attack,118,0,120,1106405,17235,4361650,3441,192.47228826666662,40,70,10,0,6,111,3,0,12,1,107
2011-08-10 15:23:45,Attack,79,0,81,815537,24190,2920029,45487,162.82878004938271,33,38,10,0,9,69,3,0,13,0,68
2011-08-10 15:23:46,Attack,101,0,102,852406,19451,3797522,64046,115.07148639215686,43,50,9,0,8,94,0,0,8,1,93
2011-08-10 15:23:47,Attack,158,0,159,1629391,32273,6225178,9755,95.80032211320756,40,112,7,0,28,121,10,0,29,13,117
2011-08-10 15:23:48,Normal,110,0,110,1820138,3269,3500388,52638,257.2747169727273,32,69,9,0,20,80,10,0,13,1,96
2011-08-10 15:23:49,Attack,196,0,197,1586199,10065,7621741,54354,143.0426081472081,45,142,10,0,48,138,11,0,47,3,147
2011-08-10 15:23:50,Attack,93,0,94,1017677,18142,3304926,25398,185.716358606383,42,43,9,0,5,88,1,0,11,2,81
2011-08-10 15:23:51,Normal,155,0,155,1768311,13297,5830869,3892,214.6976030387097,37,112,6,0,30,111,14,0,35,3,117
2011-08-10 15:23:52,Attack,121,3,127,1040396,19658,4252829,25180,147.65918771653543,39,82,6,0,15,87,25,0,34,2,91
2011-08-10 15:23:53,Attack,108,0,112,1188364,5771,3398995,51702,167.3642046517857,48,56,8,0,7,97,8,0,14,2,96
2011-08-10 15:23:54,Attack,120,0,121,1262540,4555,4223396,59127,94.74519395041321,46,68,7,0,15,100,6,0,18,0,103
2011-08-10 15:23:55,Normal,88,0,88,832893,3365,2656800,46029,56.73981325,36,41,11,0,4,79,5,0,14,1,73
2011-08-10 15:23:56,Attack,106,0,107,891705,19447,3485994,62914,156.31126571962616,43,53,11,0,9,93,5,0,15,0,92
2011-08-10 15:23:57,Normal,122,0,122,1335515,62906,4766945,63710,79.55005259016394,51,58,13,0,7,110,5,0,13,4,105
2011-08-10 15:23:58,Normal,104,0,104,1189121,17434,3497097,63829,186.00063732692308,48,47,9,0,12,83,9,0,19,1,84
2011-08-10 15:23:59,Normal,104,0,104,1058926,16887,3969334,59946,87.43484482692307,40,62,2,0,6,94,4,0,8,3,93
2011-08-10 15:24:00,Attack,139,0,141,1340750,20434,3690560,53731,88.2614630638298,42,93,6,0,11,125,5,0,55,1,85
2011-08-10 15:24:01,Normal,122,1,123,1403473,3074,4312879,32840,180.62082966666662,46,62,15,0,19,103,1,0,15,0,108
2011-08-10 15:24:02,Attack,124,3,130,1064811,18734,3963299,48925,121.92329798461537,43,79,8,0,33,92,5,0,35,0,95
2011-08-10 15:24:03,Attack,119,0,120,1024069,18969,4729399,25243,194.80348228333332,46,64,10,0,22,97,1,0,22,2,95
2011-08-10 15:24:04,Attack,95,0,96,1201896,16046,3360041,61603,166.36195210416665,45,44,7,0,9,87,0,0,9,4,83
2011-08-10 15:24:05,Attack,112,0,115,984960,17009,4141899,31613,74.86861248695654,29,79,7,0,9,103,3,0,13,3,99
2011-08-10 15:24:06,Attack,80,4,86,815700,16756,2835427,49910,185.65455429069766,42,38,6,0,5,79,2,0,6,1,79
2011-08-10 15:24:07,Normal,92,0,92,1081662,2559,3106970,43116,180.46443442391302,33,53,6,0,15,74,2,1,6,2,84
2011-08-10 15:24:08,Attack,87,0,166,786779,20531,3256433,39442,102.81336446385541,34,127,5,0,5,81,80,0,13,2,151
2011-08-10 15:24:09,Attack,113,0,271,921327,12783,4914324,2928,73.15025388560886,36,222,13,0,54,109,108,0,16,1,254
2011-08-10 15:24:10,Attack,178,0,179,1398599,7627,7785670,54334,132.80284921787708,40,132,7,0,27,117,35,0,56,6,117
2011-08-10 15:24:11,Attack,166,0,168,1234310,20106,6916146,1846,106.92574595238095,34,122,12,0,14,149,5,0,17,7,144
2011-08-10 15:24:12,Attack,108,3,124,1151730,4153,3781968,-5,94.95137100806453,41,76,7,0,13,97,14,0,15,5,104
2011-08-10 15:24:13,Attack,130,0,148,996385,19000,5276237,22067,132.6937041554054,42,102,4,0,14,117,16,1,19,6,123
2011-08-10 15:24:14,Attack,149,0,153,1113483,18004,6626122,57549,91.66207067973858,44,106,3,0,13,135,5,0,17,5,131
2011-08-10 15:24:15,Attack,88,0,104,670106,3812,3331215,1130,95.32463348076924,22,72,10,0,12,82,10,0,15,0,89
2011-08-10 15:24:16,Attack,100,0,120,1251951,17082,3357948,37798,152.88487540833333,47,67,6,0,21,91,8,0,10,3,107
2011-08-10 15:24:17,Attack,139,0,142,1748468,20258,5181019,65024,163.3323420915493,40,91,11,0,50,82,10,0,42,2,97
2011-08-10 15:24:18,Attack,111,0,115,1178943,4870,4331972,16689,114.30520770434782,42,67,6,0,22,81,12,0,24,2,89
2011-08-10 15:24:19,Attack,118,0,120,1447666,18792,4215091,4793,100.99203081666664,40,71,9,0,17,99,4,0,15,2,103
2011-08-10 15:24:20,Attack,101,0,103,761606,16421,4198027,64974,98.84987314563107,46,51,6,0,4,97,2,0,7,0,96
2011-08-10 15:24:21,Attack,96,0,99,1082768,34537,3825002,13363,119.81356356565655,49,46,4,0,11,85,3,0,15,0,83
2011-08-10 15:24:22,Attack,83,3,90,708739,17124,3380787,59281,138.69796245555557,35,48,7,0,5,79,6,0,16,0,74
2011-08-10 15:24:23,Attack,104,4,111,1413174,16285,3939573,36285,152.52697127027028,43,61,7,0,18,90,3,0,8,4,99
2011-08-10 15:24:24,Attack,149,0,152,1209436,5912,5686091,43087,138.9578887368421,47,72,33,0,9,135,8,0,41,0,111
2011-08-10 15:24:25,Attack,174,0,178,1278944,6052,7211165,47973,118.65637464044944,48,121,9,0,27,142,9,0,27,3,148
2011-08-10 15:24:26,Attack,103,0,107,1088078,16214,3865388,59992,165.59192308411212,44,55,8,0,12,92,3,0,13,2,92
2011-08-10 15:24:27,Attack,96,0,97,993278,15769,3326959,57124,144.66614316494847,37,54,6,0,13,79,5,0,13,3,81
2011-08-10 15:24:28,Attack,146,0,169,1200585,20734,5841292,18261,123.139706704142,35,125,9,0,41,93,35,0,50,1,118
2011-08-10 15:24:29,Attack,137,0,139,930331,6928,4698282,3105,203.05897302158274,33,100,6,0,21,92,25,1,38,2,98
2011-08-10 15:24:30,Attack,118,0,121,880521,17677,4599930,56100,91.61291330578511,29,85,7,0,16,97,8,0,23,0,98
2011-08-10 15:24:31,Attack,102,0,106,757413,16492,3570340,36867,120.8005726320755,32,67,7,0,12,91,1,2,10,2,92
2011-08-10 15:24:32,Attack,94,3,98,1041679,3970,3593649,59340,69.55276135714287,30,57,11,0,18,75,4,1,17,0,80
2011-08-10 15:24:33,Attack,108,0,109,1244905,17759,4104564,41013,152.10794344954127,34,62,13,0,7,90,12,0,19,3,87
2011-08-10 15:24:34,Attack,108,0,112,1056585,17654,4412947,37776,99.61985519642856,40,61,11,0,11,91,10,0,17,1,94
2011-08-10 15:24:35,Attack,115,5,124,999434,4279,4703263,49934,101.26475290322581,35,79,10,0,12,105,7,0,17,0,107
2011-08-10 15:24:36,Attack,162,3,169,1040333,20816,6863117,58427,133.73255377514795,40,118,11,0,28,117,24,0,46,0,123
2011-08-10 15:24:37,Attack,109,0,111,975050,3511,4375942,57535,186.6131525405405,42,60,9,0,15,92,4,0,16,0,95
2011-08-10 15:24:38,Attack,131,0,134,1033082,7308,5277403,59759,142.6959241716418,51,79,4,0,17,112,5,0,24,0,110
2011-08-10 15:24:39,Attack,137,0,141,1075415,20093,5650479,11110,144.50606855319148,40,93,8,0,18,114,9,0,32,0,109
2011-08-10 15:24:40,Attack,151,0,153,995654,19546,5995850,66635,119.97968777777778,39,109,5,0,39,107,7,0,47,3,103
2011-08-10 15:24:41,Attack,127,0,131,1090949,17914,5025319,48532,114.69932072519084,43,82,6,0,15,111,5,0,16,3,112
2011-08-10 15:24:42,Attack,102,3,107,1215494,17000,3787282,57307,213.20996927102806,45,54,8,0,18,82,7,0,18,1,88
2011-08-10 15:24:43,Attack,123,0,126,835617,41156,4902334,13362,139.67538484920635,36,82,8,0,18,101,7,0,20,1,105
2011-08-10 15:24:44,Attack,97,0,99,1079249,16518,3425124,7915,48.76780466666667,31,57,11,0,9,88,2,0,7,3,89
2011-08-10 15:24:45,Attack,91,0,94,747079,17180,3443343,44182,86.3809890319149,49,43,2,0,10,82,2,0,11,0,82
2011-08-10 15:24:46,Attack,112,0,115,992276,63752,3897560,10027,105.13796153043477,41,68,6,0,12,102,1,0,7,0,108
2011-08-10 15:24:47,Attack,129,0,133,1064650,18066,4969881,33945,103.14413887969924,44,81,8,0,10,109,14,0,24,1,107
2011-08-10 15:24:48,Attack,136,0,138,722991,20551,5883376,57328,79.51199857246378,33,92,13,0,13,115,10,0,20,0,118
2011-08-10 15:24:49,Attack,107,0,109,1102306,17883,3971057,58573,163.4810880366973,38,63,8,0,9,95,5,0,9,1,99
2011-08-10 15:24:50,Attack,122,0,124,889289,21152,4702859,63206,94.77801422580644,37,79,8,0,12,107,5,0,15,1,108
2011-08-10 15:24:51,Attack,117,0,119,940455,4089,4722244,32912,136.75821017647058,43,67,9,0,14,100,5,0,18,0,101
2011-08-10 15:24:52,Attack,111,3,118,1011919,17302,4338805,34665,175.9477373305085,43,70,5,0,14,98,6,0,17,0,100
2011-08-10 15:24:53,Attack,89,0,92,810715,17874,3622141,47429,210.85971758695652,36,50,6,0,12,74,6,0,16,1,75
2011-08-10 15:24:54,Attack,95,0,97,1037166,15513,3545290,52780,36.23353042268042,33,52,12,0,10,83,4,0,12,0,84
2011-08-10 15:24:55,Attack,107,0,110,1002346,16368,3801599,19975,97.28581417272726,52,51,7,0,8,98,4,0,17,2,91
2011-08-10 15:24:56,Attack,119,0,123,990513,18217,4877693,56510,123.05276358536581,41,72,10,0,6,110,7,0,28,0,95
2011-08-10 15:24:57,Attack,102,0,104,1186615,17383,3512665,48096,201.10354925961536,43,56,5,0,12,83,8,1,19,1,84
2011-08-10 15:24:58,Attack,118,0,121,910575,18719,4773656,51470,83.5176769504132,42,75,4,0,16,104,1,0,19,1,101
2011-08-10 15:24:59,Attack,88,0,92,818001,5459,3411014,34177,142.55252022826087,31,57,4,0,12,76,4,0,17,0,75
2011-08-10 15:25:00,Attack,278,0,280,1256121,25052,13275961,12285,48.31941054285714,45,223,12,0,15,256,9,0,21,2,257
2011-08-10 15:25:01,Attack,144,0,146,1226875,19685,5639690,30855,50.19900850684932,41,91,14,0,10,132,4,0,19,1,126
2011-08-10 15:25:02,Attack,127,3,131,1530585,2963,4761255,35795,85.48140185496185,50,72,9,0,6,116,9,0,23,1,107
2011-08-10 15:25:03,Attack,167,0,171,1093765,21560,7107457,22191,111.68012319883042,39,126,6,0,24,139,8,0,37,0,134
2011-08-10 15:25:04,Attack,128,0,132,1061009,20308,5097122,37224,104.82165878030303,33,92,7,0,18,101,13,0,26,2,104
2011-08-10 15:25:05,Attack,112,0,114,1485122,16523,3792781,23673,183.97631875438591,48,56,10,0,12,100,2,0,13,0,101
2011-08-10 15:25:06,Attack,115,0,116,1546473,16265,3780353,36676,167.75418975,41,68,7,0,16,96,4,0,19,2,95
2011-08-10 15:25:07,Attack,126,3,132,1348309,18446,4763757,66162,116.85416062121212,50,77,5,0,17,108,7,0,15,3,114
2011-08-10 15:25:08,Attack,107,0,170,1089721,14390,3899425,14142,120.39954241764707,42,116,12,0,7,101,62,0,8,2,160
2011-08-10 15:25:09,Attack,97,0,177,865753,6962,3581283,2316,80.27346544632768,45,124,8,0,28,103,46,0,14,2,160
2011-08-10 15:25:10,Attack,116,0,121,870994,17392,4434602,18541,114.29735752066117,36,73,12,0,20,97,4,0,21,3,97
2011-08-10 15:25:11,Attack,124,0,125,887046,19963,4926748,2763,67.07337013600001,32,86,7,0,24,89,12,0,34,2,89
2011-08-10 15:25:12,Attack,119,4,125,906805,18161,5009638,16382,80.28780630400003,46,75,4,0,11,109,5,0,15,3,107
2011-08-10 15:25:13,Attack,124,0,133,1688830,4037,4021664,49639,176.48832405263158,46,78,9,0,25,100,8,0,14,3,116
2011-08-10 15:25:14,Attack,119,0,121,1398790,3883,4149474,2155,186.07478943801655,35,81,5,0,22,89,10,0,21,2,98
2011-08-10 15:25:15,Attack,94,0,99,1224496,18545,3024593,13622,159.98883073737375,30,63,6,0,15,72,12,0,21,1,77
2011-08-10 15:25:16,Attack,105,0,109,1522900,15658,3402595,68554,109.33939711009175,38,60,11,0,9,94,6,0,17,6,86
2011-08-10 15:25:17,Attack,114,0,119,1119152,8380,4134696,1083,138.08542029411763,39,69,11,0,14,100,5,0,11,2,106
2011-08-10 15:25:18,Attack,124,0,126,1472523,3066,4224019,5981,167.72368094444442,45,74,7,0,13,104,9,0,13,3,110
2011-08-10 15:25:19,Attack,109,0,112,1093596,4048,4050115,51010,150.9119060982143,52,51,9,0,10,97,5,0,15,1,96
2011-08-10 15:25:20,Attack,157,0,161,1101444,19961,6531024,13141,118.70302080745341,49,104,8,0,12,136,13,0,23,0,138
2011-08-10 15:25:21,Attack,137,0,138,1161948,21205,5211681,25737,116.63637869565217,38,93,7,0,13,117,8,0,21,1,116
2011-08-10 15:25:22,Attack,168,6,176,1731878,7468,6345006,3515,77.99612201704547,60,108,8,0,24,142,9,1,32,3,141
2011-08-10 15:25:23,Attack,102,0,104,1036688,44167,3944805,14134,96.20071230769233,30,70,4,0,7,85,12,0,18,1,85
2011-08-10 15:25:24,Normal,132,0,132,1340407,12836,4591761,59873,118.52633543181818,44,74,14,0,16,109,6,1,25,1,106
2011-08-10 15:25:25,Attack,108,0,110,1006675,3831,4004606,38592,133.03253472727275,44,60,6,0,14,93,3,0,13,0,96
2011-08-10 15:25:26,Attack,125,41,170,1413450,19488,6567681,31072,93.87995253529411,38,121,11,0,27,130,13,0,28,0,142
2011-08-10 15:25:27,Normal,157,2,159,1135104,6362,6694464,54176,90.14504842767296,45,104,10,0,20,118,21,0,45,0,114
2011-08-10 15:25:28,Attack,91,0,95,936315,17248,3099363,26833,125.41822100000002,31,56,8,0,13,78,4,0,11,2,82
2011-08-10 15:25:29,Attack,113,11,168,1311528,21107,4810955,49865,106.57426955357144,41,116,11,0,26,113,28,1,21,2,144
2011-08-10 15:25:30,Normal,132,0,132,1323921,16777,5165902,44245,74.2513390530303,50,74,8,0,13,116,2,1,10,5,116
2011-08-10 15:25:31,Attack,130,0,131,1496383,17063,4607610,55794,167.99451826717558,49,75,7,0,21,105,5,0,20,1,109
2011-08-10 15:25:32,Attack,100,3,104,994034,17474,3747607,16222,136.58732148076928,33,69,2,0,11,89,2,2,7,1,94
2011-08-10 15:25:33,Attack,144,0,147,1444936,6707,5219126,56774,62.22076785714285,41,98,8,0,24,110,13,0,28,5,114
2011-08-10 15:25:34,Attack,103,0,104,1333129,17015,3768436,34347,144.48622689423078,40,53,11,0,17,84,3,0,11,2,90
2011-08-10 15:25:35,Attack,99,0,101,840368,5814,4152760,38338,171.06341273267327,33,59,9,0,12,83,6,0,18,2,81
2011-08-10 15:25:36,Attack,95,2,98,1137280,15663,3561557,22121,169.8863052142857,40,53,5,0,11,84,3,0,11,2,85
2011-08-10 15:25:37,Attack,120,0,125,1547151,70190,3974037,2762,136.361113352,48,67,10,0,12,104,8,1,18,1,105
2011-08-10 15:25:38,Attack,79,3,84,863804,16229,2967399,60085,186.6221364761905,33,46,5,0,3,77,4,0,11,0,73
2011-08-10 15:25:39,Attack,160,3,169,977650,7722,6992895,47418,90.62125420118343,36,127,6,0,18,147,4,0,17,1,150
2011-08-10 15:25:40,Normal,99,34,133,1019628,18198,5104052,23714,135.75381254135337,39,86,8,0,30,100,3,0,33,2,98
2011-08-10 15:25:41,Attack,129,0,131,1157016,6728,5346417,50471,123.73146438931299,49,73,9,0,30,95,6,0,35,1,95
2011-08-10 15:25:42,Attack,89,3,94,1033746,3404,3283415,55083,90.4492240212766,38,46,10,0,9,81,4,0,17,2,75
2011-08-10 15:25:43,Attack,75,0,76,1088991,1265,2519172,41563,122.50307190789472,33,36,7,0,11,60,5,0,11,1,64
2011-08-10 15:25:44,Attack,142,0,144,1238611,5285,5380143,44851,140.13928082638893,43,96,5,0,16,126,2,0,17,1,125
2011-08-10 15:25:45,Attack,100,0,101,949158,18014,3719179,33925,148.92188722772278,40,49,12,0,13,86,2,0,20,1,80
2011-08-10 15:25:46,Attack,108,0,109,1048166,13230,4168351,2418,191.63262514678905,40,63,6,0,17,90,2,0,18,0,91
2011-08-10 15:25:47,Attack,111,6,118,1315130,16807,4600897,20351,115.74663033050845,40,73,5,0,11,99,8,0,20,2,96
2011-08-10 15:25:48,Attack,89,13,105,1179951,17023,3553046,37379,187.42614745714283,32,66,7,0,19,80,6,0,16,1,87
2011-08-10 15:25:49,Attack,100,0,102,1000278,40464,3448931,15332,132.70143265686275,28,66,8,0,14,81,7,0,20,4,78
2011-08-10 15:25:50,Attack,106,0,111,921509,18106,3938312,59167,98.57255185585585,35,68,8,0,16,91,4,0,26,3,82
2011-08-10 15:25:51,Normal,100,8,108,967625,17086,4006565,31197,70.53728224074074,41,61,6,0,13,91,4,0,19,2,87
2011-08-10 15:25:52,Attack,112,7,120,1184594,17524,4604265,47710,95.57602626666667,45,63,12,0,7,106,7,0,10,3,106
2011-08-10 15:25:53,Attack,78,3,84,886352,32815,2921950,32044,98.09199333333336,41,39,4,0,7,75,1,1,8,2,74
2011-08-10 15:25:54,Attack,121,2,125,1244284,18500,4486714,31773,108.18892004000001,50,67,8,0,18,104,3,0,19,3,102
2011-08-10 15:25:55,Attack,89,0,91,971000,16728,3101591,39705,174.21502991208789,34,50,7,0,11,77,3,0,14,1,76
2011-08-10 15:25:56,Attack,83,0,84,1005973,2420,2961300,47406,166.4213008095238,31,42,11,0,10,73,1,0,11,0,73
2011-08-10 15:25:57,Attack,91,0,94,911044,16466,3337420,15443,118.64790753191488,33,46,15,0,11,80,3,0,12,1,81
2011-08-10 15:25:58,Attack,112,0,114,1113940,18068,3876345,20771,134.05878889473686,41,67,6,0,12,98,4,0,19,1,94
2011-08-10 15:25:59,Attack,120,0,122,1390626,6315,4901917,54299,97.08729609016393,51,51,20,0,8,95,19,0,17,2,103
2011-08-10 15:26:00,Attack,121,0,123,1065595,17765,4957573,37876,110.92819136585364,33,75,15,0,13,103,7,0,12,2,109
2011-08-10 15:26:01,Normal,101,0,101,1204242,15630,3535769,45526,164.22337854455446,43,46,12,0,15,86,0,0,16,0,85
2011-08-10 15:26:02,Attack,128,3,136,1333628,5461,4644872,53609,151.58254274264706,43,86,7,0,23,103,10,0,23,2,111
2011-08-10 15:26:03,Attack,109,0,111,1355490,2765,3593572,29089,94.19221782882882,43,58,10,0,18,91,2,0,15,2,93
2011-08-10 15:26:04,Attack,113,0,114,1492878,2849,3790274,53345,147.41831192105258,44,63,7,0,15,95,4,0,13,2,99
2011-08-10 15:26:05,Normal,130,0,130,1490837,16791,4963842,56158,58.445960638461536,39,78,13,0,27,99,4,0,31,1,98
2011-08-10 15:26:06,Attack,106,0,107,988407,22687,3453157,22675,182.54709707476636,34,68,5,0,21,81,5,0,25,1,81
2011-08-10 15:26:07,Normal,114,0,114,1514836,19910,3784835,59192,174.02341192105263,42,66,6,0,18,92,4,0,20,4,90
2011-08-10 15:26:08,Attack,132,0,134,1574142,29217,4814748,14134,126.1498868955224,35,93,6,0,24,105,5,0,13,1,118
2011-08-10 15:26:09,Attack,130,22,192,1293869,20877,6211051,50293,103.50131371354166,43,144,5,0,32,111,49,0,34,0,158
2011-08-10 15:26:10,Attack,110,2,314,1262265,13632,4322008,3619,64.15996287261146,50,258,6,0,76,100,138,0,19,2,293
2011-08-10 15:26:11,Attack,110,27,140,1105111,19246,5283246,40269,68.64633823571428,46,84,10,0,19,115,6,0,29,3,108
2011-08-10 15:26:12,Attack,116,16,134,1085425,4827,5314146,3960,91.44252679104478,36,88,10,0,26,102,6,0,30,3,101
2011-08-10 15:26:13,Attack,151,12,164,981088,20413,7041851,12081,79.7856153597561,42,115,7,0,41,120,3,0,43,2,118
2011-08-10 15:26:14,Attack,98,0,126,793378,18828,3919054,11242,74.82456707142859,34,84,8,0,30,82,14,0,21,0,105
2011-08-10 15:26:15,Attack,105,0,125,1205684,17378,4005338,48329,117.979750624,39,73,13,0,16,101,8,0,10,2,113
2011-08-10 15:26:16,Attack,86,0,89,905587,2378,3107460,53358,158.51252858426963,35,48,6,0,4,85,0,0,7,0,80
2011-08-10 15:26:17,Attack,119,0,152,1231927,34365,4703410,45852,124.09694570394736,46,99,7,0,41,98,13,0,20,0,132
2011-08-10 15:26:18,Attack,191,0,215,1323550,10330,8042144,43804,106.02731127906976,55,151,9,0,37,152,24,2,39,0,175
2011-08-10 15:26:19,Attack,124,0,131,756887,13037,5299719,14134,78.84472296946565,33,92,6,0,19,106,6,0,20,1,109
2011-08-10 15:26:20,Attack,117,0,118,1453154,18716,4156419,21077,116.07485252542372,35,70,13,0,20,95,3,0,16,6,96
2011-08-10 15:26:21,Attack,117,0,118,981290,18119,4499174,50572,86.11028966949154,41,71,6,0,11,106,1,0,17,0,101
2011-08-10 15:26:22,Attack,110,3,115,960730,18270,4634612,50072,136.9156058,39,73,3,0,16,94,5,0,15,2,96
2011-08-10 15:26:23,Attack,107,0,112,1044966,5833,3889035,3010,99.79284284821428,34,68,10,0,14,95,3,0,14,1,97
2011-08-10 15:26:24,Attack,119,0,121,1150072,18803,4579941,16692,81.58845984297521,47,63,11,0,10,109,2,0,16,1,104
2011-08-10 15:26:25,Attack,118,0,122,1148872,19720,4256229,10032,124.58533493442621,37,78,7,0,23,93,6,0,25,2,93
2011-08-10 15:26:26,Attack,88,0,90,976279,16104,3150508,50337,84.10000582222223,38,46,6,0,4,80,6,0,9,2,79
2011-08-10 15:26:27,Attack,87,0,90,861227,2973,3172146,56818,147.7433228333333,41,44,5,0,6,82,2,0,6,1,83
2011-08-10 15:26:28,Attack,111,0,112,1100632,16347,4014771,34583,100.94023289285714,44,64,4,0,11,98,3,0,8,0,103
2011-08-10 15:26:29,Attack,143,0,237,1713891,10123,5014055,25065,55.59793058227848,38,194,5,0,31,136,69,1,20,0,215
2011-08-10 15:26:30,Attack,120,0,129,1128764,19031,4517892,54135,104.85215096124031,36,83,10,0,19,96,13,1,24,5,98
2011-08-10 15:26:31,Attack,148,19,172,1154323,20034,6882455,50714,45.65396709883721,36,126,10,0,28,136,8,0,37,1,134
2011-08-10 15:26:32,Attack,168,3,180,1458717,17207,6160236,58300,109.76146362222224,43,124,13,0,30,137,12,1,32,2,145
2011-08-10 15:26:33,Attack,116,0,118,1879087,1675,3440499,51923,173.64407708474576,41,70,7,0,27,87,4,0,9,3,104
2011-08-10 15:26:34,Attack,124,0,125,1171485,16686,4619219,26655,145.72077348800005,40,75,10,0,20,103,1,1,17,1,105
2011-08-10 15:26:35,Attack,100,3,106,1072100,17518,3731803,12941,239.66740521698114,37,61,8,0,7,96,2,1,14,0,91
2011-08-10 15:26:36,Attack,97,12,116,1049026,44348,4395912,13622,100.0821122586207,39,72,5,0,10,98,8,0,14,1,101
2011-08-10 15:26:37,Attack,112,0,117,901317,7051,4179478,21064,76.29942952991453,36,77,4,0,6,90,21,0,31,0,85
2011-08-10 15:26:38,Attack,91,0,93,825907,15906,3225862,1457,46.84024562365592,34,49,10,0,15,72,6,0,21,0,72
2011-08-10 15:26:39,Attack,155,3,160,1322734,20214,6143719,29126,72.8187184125,40,108,12,0,21,136,3,0,21,1,138
2011-08-10 15:26:40,Attack,113,16,133,1261530,68078,4899092,14214,109.39969503007516,23,103,7,0,26,101,6,0,21,1,110
2011-08-10 15:26:41,Attack,114,7,126,873474,17750,4575249,9025,101.70798778571428,43,74,9,0,15,108,3,0,16,0,110
2011-08-10 15:26:42,Attack,154,3,160,1414430,5945,5971120,56875,86.53342854374999,39,109,12,0,13,133,14,0,19,1,139
2011-08-10 15:26:43,Attack,95,0,99,1223938,15973,3456058,32527,159.36585742424242,42,49,8,0,10,85,4,0,10,2,87
2011-08-10 15:26:44,Attack,100,2,106,1141200,16059,3917580,51637,119.45780267924526,34,64,8,0,6,97,3,0,15,4,87
2011-08-10 15:26:45,Attack,159,0,163,976960,6745,6398954,51282,44.81464639263803,33,121,9,0,11,145,6,1,21,3,139
2011-08-10 15:26:46,Attack,108,3,114,1244239,18273,4236325,42257,63.66665600877193,42,65,7,0,15,96,3,0,17,2,94
2011-08-10 15:26:47,Attack,93,0,97,1047774,16755,3298988,34619,87.79906410309277,39,48,10,0,14,81,2,0,10,2,84
2011-08-10 15:26:48,Attack,111,0,113,1037031,4481,3791386,43958,63.72279600000001,43,66,4,0,9,98,6,0,15,4,93
2011-08-10 15:26:49,Attack,105,15,124,665847,20094,4919429,32081,79.2320406935484,30,88,6,0,22,96,6,0,31,1,92
2011-08-10 15:26:50,Attack,142,0,148,925429,7735,5845457,59354,56.85593397297298,37,98,13,0,24,110,14,0,39,0,109
2011-08-10 15:26:51,Attack,119,0,123,1259027,17197,4569011,57105,135.28657115447155,43,70,10,0,14,103,6,0,21,2,100
2011-08-10 15:26:52,Attack,119,3,127,1084785,5626,4633438,58394,96.9274160787402,47,72,8,0,12,106,9,0,17,3,107
2011-08-10 15:26:53,Attack,112,0,116,933002,4177,4451371,36351,137.4927866724138,36,75,5,0,14,97,5,0,18,3,95
2011-08-10 15:26:54,Attack,115,0,120,1355549,16564,4184297,40895,109.16452651666665,36,77,7,0,16,98,5,1,12,2,105
2011-08-10 15:26:55,Attack,114,0,120,1405431,15873,3976138,39029,122.33071756666665,40,69,11,0,24,91,5,0,14,1,105
2011-08-10 15:26:56,Attack,139,0,140,1370466,20822,5359803,15479,138.78646805714286,38,95,7,0,41,93,6,0,44,2,94
2011-08-10 15:26:57,Attack,97,0,98,958496,2813,3452779,42847,96.92904141836735,37,54,7,0,14,82,2,0,18,1,79
2011-08-10 15:26:58,Attack,106,0,109,974151,17789,3675131,11434,91.07962162385321,33,70,6,0,11,91,7,0,21,1,87
2011-08-10 15:26:59,Attack,160,0,165,1260290,26978,6145471,50800,163.31624744848486,43,113,9,0,33,117,15,0,41,0,124
2011-08-10 15:27:00,Attack,240,1,248,1515161,23552,11001649,30619,67.10245438306453,38,204,6,0,20,217,11,0,14,1,233
2011-08-10 15:27:01,Attack,95,0,97,908565,16062,3316277,2629,155.47316911340207,31,60,6,0,8,86,3,0,10,1,86
2011-08-10 15:27:02,Attack,108,3,114,1125060,17533,3657196,49568,132.84372575438599,34,69,11,0,12,92,10,0,19,2,93
2011-08-10 15:27:03,Attack,158,0,163,1084280,20472,4967400,32004,96.1465628220859,35,111,17,0,31,116,16,0,51,2,110
2011-08-10 15:27:04,Attack,117,1,119,971059,6882,4429525,52513,98.70914505882355,37,68,14,0,15,96,8,0,22,0,97
2011-08-10 15:27:05,Attack,154,0,155,1029339,21147,5744921,34833,98.14432605806454,46,103,6,0,16,136,3,0,26,1,128
2011-08-10 15:27:06,Attack,214,0,217,1419742,10935,9042390,53648,119.95614448387097,44,162,11,0,18,181,18,0,28,3,185
2011-08-10 15:27:07,Attack,109,0,113,1095999,18080,4081690,7046,112.79545348672568,35,71,7,0,13,98,2,0,19,0,94
2011-08-10 15:27:08,Attack,86,0,89,1074513,2577,2890928,61111,85.91580037078651,37,46,6,0,12,70,7,0,11,4,74
2011-08-10 15:27:09,Attack,107,0,110,994682,17761,4047997,64273,66.37811689090908,44,64,2,0,9,99,2,0,17,0,93
2011-08-10 15:27:10,Attack,118,3,122,813717,18798,4644178,4494,84.8005963442623,36,78,8,0,11,108,3,0,17,0,105
2011-08-10 15:27:11,Attack,126,0,307,1262988,28472,4867043,58286,66.0699339315961,44,247,16,0,59,129,119,0,25,1,281
2011-08-10 15:27:12,Attack,130,3,141,996182,20362,5306124,20352,71.93534991489362,44,92,5,0,23,108,10,0,40,0,101
2011-08-10 15:27:13,Attack,159,0,163,730263,9060,6598178,2077,68.60459417177914,38,122,3,0,38,120,5,0,47,0,116
2011-08-10 15:27:14,Attack,129,0,132,1019606,4466,4793334,39164,57.75451796969697,47,80,5,0,13,111,8,0,20,0,112
2011-08-10 15:27:15,Attack,109,0,113,982899,31891,4241121,80,74.80169507964602,45,59,9,0,5,106,2,0,13,0,100
2011-08-10 15:27:16,Attack,215,6,225,973042,12110,9990889,52034,78.8950509688889,37,178,10,0,40,159,26,0,68,1,156
2011-08-10 15:27:17,Attack,161,0,167,951046,6775,7033727,32076,59.92760912574851,36,124,7,0,16,146,5,0,22,0,145
2011-08-10 15:27:18,Attack,109,0,124,1030702,3723,4156041,49775,129.09745540322578,43,69,12,0,11,110,3,0,13,1,110
2011-08-10 15:27:19,Attack,110,0,112,1010806,4721,4104837,35462,88.90711194642859,37,66,9,0,15,90,7,0,23,1,88
2011-08-10 15:27:20,Attack,132,0,136,902496,17843,5292352,50075,80.71891226470586,37,94,5,0,16,116,4,0,23,0,112
2011-08-10 15:27:21,Attack,92,0,95,761617,21555,3603187,1461,173.16474950526316,31,59,5,0,16,75,4,0,16,0,79
2011-08-10 15:27:22,Attack,93,3,102,873591,2668,3530266,49957,106.23102831372547,36,56,10,0,9,89,4,0,12,1,89
2011-08-10 15:27:23,Attack,140,0,143,978542,22042,5888024,35954,106.09856717482518,42,93,8,0,17,94,32,0,48,2,93
2011-08-10 15:27:24,Attack,130,0,132,809278,20055,5248131,11889,82.25945390151514,38,86,8,0,10,122,0,0,14,0,118
2011-08-10 15:27:25,Attack,105,0,110,915802,18962,3523845,60864,86.63855202727272,47,55,8,0,10,98,2,0,23,3,83
2011-08-10 15:27:26,Attack,128,0,131,1412502,18692,4440724,51156,133.11588958015267,53,72,6,0,8,117,6,0,19,4,108
2011-08-10 15:27:27,Attack,98,0,100,980113,2417,3654426,6532,109.84652845,41,49,10,0,6,91,3,0,7,2,91
2011-08-10 15:27:28,Attack,95,0,98,936144,3865,3494810,50813,139.0092443367347,34,53,11,0,3,91,4,0,15,2,81
2011-08-10 15:27:29,Attack,112,0,118,1043044,19624,4059824,50720,157.16337699152544,42,72,4,0,11,105,1,1,19,1,97
2011-08-10 15:27:30,Attack,109,0,139,898341,5516,4163894,49964,93.48943694244605,35,90,14,0,13,106,19,1,11,1,125
2011-08-10 15:27:31,Attack,94,0,98,895665,5507,3444177,50274,97.72455581632653,34,59,5,0,10,87,1,0,16,0,82
2011-08-10 15:27:32,Attack,76,3,81,961643,17065,2763049,34793,68.33554506172841,33,45,3,0,12,63,6,0,13,3,65
2011-08-10 15:27:33,Attack,112,0,116,1257588,3729,4149397,50987,107.93596593965518,39,67,10,0,14,98,4,0,21,2,93
2011-08-10 15:27:34,Attack,104,0,105,1115620,19017,3565509,35736,48.70267181904761,38,62,5,0,14,83,7,1,21,3,80
2011-08-10 15:27:35,Attack,135,0,140,1000239,7052,5609389,59629,95.12585527142855,44,90,6,0,7,118,14,1,28,0,111
2011-08-10 15:27:36,Normal,136,0,136,1038404,4502,5606112,40163,44.309117058823524,32,93,11,0,4,119,13,0,17,1,118
2011-08-10 15:27:37,Attack,108,0,111,1202934,5676,3955909,45261,132.73637804504503,35,66,10,0,14,87,9,1,15,0,95
2011-08-10 15:27:38,Attack,99,1,104,1161310,9642,3836680,5096,122.78756972115386,33,67,4,0,12,81,11,0,24,3,77
2011-08-10 15:27:39,Attack,96,0,98,1134296,17198,3648308,34975,181.6077998469388,47,41,10,0,5,87,6,0,18,1,79
2011-08-10 15:27:40,Attack,113,9,124,1192635,3954,4403702,37110,65.35756857258065,47,71,6,0,12,106,6,0,14,1,109
2011-08-10 15:27:41,Attack,153,4,158,1493885,20131,5865763,13562,81.50079237341771,47,100,11,0,18,137,3,0,15,3,139
2011-08-10 15:27:42,Attack,99,3,104,1210921,4610,3636543,55224,134.06438529807693,34,64,6,0,20,78,6,0,20,1,83
2011-08-10 15:27:43,Attack,112,0,115,1528873,1987,3649802,35932,188.29984021739133,46,66,3,0,22,91,2,0,7,1,107
2011-08-10 15:27:44,Attack,117,0,124,1318358,16921,3908194,31411,116.54277529838707,41,76,7,0,24,95,5,0,22,1,101
2011-08-10 15:27:45,Attack,117,0,119,884406,18060,4663439,32606,105.2402929411765,38,77,4,0,14,102,3,0,13,1,105
2011-08-10 15:27:46,Attack,117,0,118,1159809,3272,4351547,52797,146.98459658474573,41,74,3,0,15,100,3,0,11,1,106
2011-08-10 15:27:47,Attack,118,0,120,1157382,3592,4869713,36656,96.55963723333335,42,74,4,0,14,103,3,0,18,1,101
2011-08-10 15:27:48,Attack,192,2,195,945015,22496,8590157,20493,79.82149587179488,31,159,5,0,46,134,15,0,56,0,139
2011-08-10 15:27:49,Attack,161,0,166,1148086,7619,6350939,57527,60.054496174698784,48,109,9,0,18,126,22,0,38,1,127
2011-08-10 15:27:50,Attack,174,0,175,1231872,20668,6750871,27205,100.96826230285714,40,121,14,0,31,134,10,0,29,0,146
2011-08-10 15:27:51,Attack,243,0,245,937263,23741,10012810,60540,66.00780306938775,33,198,14,0,21,213,11,0,40,1,204
2011-08-10 15:27:52,Attack,148,3,153,967922,13614,6180130,5279,71.91133110457515,45,101,7,0,10,135,8,0,17,0,136
2011-08-10 15:27:53,Attack,134,0,137,1196066,18810,5572451,51110,104.53630771532848,42,83,12,0,17,108,12,0,25,0,112
2011-08-10 15:27:54,Attack,128,0,129,1471125,4299,4971286,58311,115.56998758139535,35,85,9,0,18,109,2,0,17,2,109
2011-08-10 15:27:55,Attack,110,0,112,986470,46651,4370653,36455,147.88617981250005,37,64,11,0,13,98,1,0,13,1,98
2011-08-10 15:27:56,Attack,112,0,118,1208206,16374,4146779,57554,115.60291738135594,42,65,10,0,8,108,1,0,14,0,103
2011-08-10 15:27:57,Attack,104,0,107,954339,17585,4163704,44229,126.42678855140187,30,71,6,0,9,94,4,0,13,2,92
2011-08-10 15:27:58,Attack,90,0,92,819328,15583,3104831,50723,155.29552019565216,41,48,3,0,11,81,0,0,12,0,80
2011-08-10 15:27:59,Attack,113,0,114,1084851,16417,4134747,16323,101.15598941228069,35,69,10,0,12,96,6,0,19,1,94
2011-08-10 15:28:00,Attack,154,0,155,1263602,6383,6045759,64536,88.77992605806452,43,104,8,0,13,140,2,0,21,1,133
2011-08-10 15:28:01,Attack,141,0,144,914672,5828,5557244,1628,45.77933232638889,46,95,3,0,11,127,6,0,22,1,121
2011-08-10 15:28:02,Attack,116,3,120,1246137,17924,4254926,11044,126.02871655833334,40,71,9,0,14,99,7,0,17,2,101
2011-08-10 15:28:03,Attack,121,3,127,1144606,5864,4894903,42473,83.04004071653543,41,76,10,0,25,102,0,0,27,1,99
2011-08-10 15:28:04,Attack,105,0,108,962224,16382,3788862,66360,158.97771880555555,45,56,7,0,14,90,3,1,16,3,89
2011-08-10 15:28:05,Attack,109,0,111,1069143,18489,3786415,65145,114.28627381981983,44,60,7,0,22,89,0,0,18,1,92
2011-08-10 15:28:06,Attack,105,0,108,1013276,17336,4130665,21332,75.10848144444444,43,54,11,0,9,97,2,0,14,1,93
2011-08-10 15:28:07,Normal,113,0,113,1723962,34168,3591723,13443,202.1146093185841,45,53,15,0,24,88,1,0,24,0,89
2011-08-10 15:28:08,Attack,119,0,122,1196738,3494,4596934,58011,101.43304090983607,39,70,13,0,18,102,2,0,15,1,106
2011-08-10 15:28:09,Normal,110,0,110,1176642,16141,4256766,30771,125.13100097272729,44,61,5,0,13,95,2,0,11,2,97
2011-08-10 15:28:10,Attack,129,0,132,1198009,18039,4560389,44220,125.95548606060606,33,81,18,0,23,104,5,0,20,2,109
2011-08-10 15:28:11,Attack,121,6,306,1101783,30610,5000872,63498,57.33867152941176,41,253,12,0,44,145,117,0,17,2,287
2011-08-10 15:28:12,Attack,80,6,94,654468,17861,3179983,25698,77.43316111702127,31,52,11,0,9,81,4,0,10,1,83
2011-08-10 15:28:13,Attack,85,0,102,883579,20487,3156845,13522,148.966641627451,37,56,9,0,21,80,1,0,8,1,93
2011-08-10 15:28:14,Attack,133,0,148,1256808,18539,3957969,38412,132.31968472297297,43,96,9,0,42,99,7,0,36,4,108
2011-08-10 15:28:15,Attack,100,0,102,1306386,16318,3681905,18388,189.93844533333333,32,68,2,0,15,80,7,0,10,1,91
2011-08-10 15:28:16,Attack,102,0,110,1034889,16786,3608165,65785,156.24716,38,61,11,0,10,96,4,0,10,1,99
2011-08-10 15:28:17,Attack,116,0,121,1495985,3521,4187075,58227,130.8317755123967,55,61,5,0,11,106,4,0,23,0,98
2011-08-10 15:28:18,Attack,106,0,108,1373270,15609,3848573,56362,68.49246531481481,43,55,10,0,11,95,2,0,16,1,91
2011-08-10 15:28:19,Attack,107,0,110,1157599,17433,3500211,21510,235.37350932727276,45,61,4,0,12,91,7,0,14,0,95
2011-08-10 15:28:20,Attack,115,0,117,1491028,17646,4008742,28959,239.4612437521368,39,71,7,0,17,93,7,0,7,2,107
2011-08-10 15:28:21,Attack,120,0,121,1205575,66065,4448867,34181,138.15616376859506,45,71,5,0,10,102,9,0,11,0,110
2011-08-10 15:28:22,Attack,105,3,110,1114692,15636,3885070,58002,132.72918612727273,49,51,10,0,4,102,4,0,12,0,98
2011-08-10 15:28:23,Attack,80,0,82,1053663,15496,2761508,24013,117.44044143902438,35,37,10,0,9,67,6,0,12,1,68
2011-08-10 15:28:24,Attack,105,0,110,898047,3440,4110645,51837,77.2114206181818,33,69,8,0,9,97,4,0,17,1,92
2011-08-10 15:28:25,Attack,104,0,107,953762,16820,3986162,1054,111.1450754859813,37,60,10,0,11,90,6,0,19,0,88
2011-08-10 15:28:26,Attack,111,3,117,1000821,4476,4339399,60458,108.97663295726495,49,63,5,0,8,107,2,0,16,2,98
2011-08-10 15:28:27,Attack,118,0,119,979534,8273,4281259,14134,136.35274215966385,47,61,11,0,11,107,1,0,18,1,100
2011-08-10 15:28:28,Attack,114,0,116,1430225,15795,4211597,64445,127.72967112068966,52,57,7,0,9,102,5,0,18,0,98
2011-08-10 15:28:29,Attack,96,0,99,972588,16479,3526420,49459,98.64279731313131,42,53,4,0,6,84,8,1,16,2,80
2011-08-10 15:28:30,Attack,99,0,126,954083,18006,3753197,61349,50.39914143650793,48,74,4,0,4,102,19,1,3,2,120
2011-08-10 15:28:31,Attack,90,0,92,654941,16715,3555664,34257,88.14585258695652,25,62,5,0,6,84,1,1,8,1,82
2011-08-10 15:28:32,Attack,121,3,126,1295235,4543,4901206,51382,192.06445775396818,36,79,11,0,10,105,11,0,14,3,109
2011-08-10 15:28:33,Normal,93,0,93,990746,3554,2891086,50252,230.69967427956988,34,54,5,0,10,79,3,1,17,2,73
2011-08-10 15:28:34,Attack,136,0,139,1063240,18684,5655458,13725,92.64982825179857,40,94,5,0,19,114,6,0,20,2,117
2011-08-10 15:28:35,Attack,167,0,172,1676483,6729,6610197,53756,112.01364459302324,41,120,11,0,16,147,9,0,19,6,146
2011-08-10 15:28:36,Attack,116,0,118,862495,18720,4085944,16248,155.37765166101698,45,66,7,0,17,101,0,0,23,1,94
2011-08-10 15:28:37,Attack,171,0,174,1364200,6800,6605090,63465,136.0383009597701,45,122,7,0,28,135,11,0,27,0,147
2011-08-10 15:28:38,Attack,83,4,90,983417,34328,2986160,13362,91.55548657777778,32,49,9,0,13,72,4,1,13,0,75
2011-08-10 15:28:39,Attack,117,0,118,1141303,17957,4224104,53639,97.14184277966102,50,59,9,0,13,100,5,0,19,0,99
2011-08-10 15:28:40,Attack,148,0,150,1307338,20189,4956421,7038,145.9775041133333,34,106,10,0,40,96,14,0,41,1,107
2011-08-10 15:28:41,Attack,100,7,109,876305,20433,3917167,5739,137.07684755045872,37,61,11,0,10,89,10,0,23,1,85
2011-08-10 15:28:42,Attack,108,9,118,997805,14128,4482901,55118,136.9554719661017,34,73,11,0,10,100,8,0,21,1,96
2011-08-10 15:28:43,Attack,101,1,106,1661789,16851,3389629,35640,199.84056818867924,39,59,8,0,16,87,3,0,8,3,95
2011-08-10 15:28:44,Attack,151,0,153,2173274,17945,4741942,36713,209.2093303464052,48,99,6,0,38,109,6,0,15,5,133
2011-08-10 15:28:45,Attack,113,0,117,1565832,3636,4192720,54466,156.41991960683762,34,74,9,0,27,86,4,0,15,1,101
2011-08-10 15:28:46,Attack,77,0,78,687271,2980,2764068,16382,120.73403767948716,33,41,4,0,8,68,2,0,10,2,66
2011-08-10 15:28:47,Attack,156,0,159,1174701,6118,5649966,5966,101.33366396226415,48,104,7,0,17,140,2,0,23,3,133
2011-08-10 15:28:48,Attack,100,0,102,1257304,58378,3677515,13607,87.41185231372548,34,54,14,0,16,84,2,0,14,1,86
2011-08-10 15:28:49,Attack,134,0,136,1415552,19012,5061743,16379,111.9219181764706,47,77,12,0,17,119,0,0,21,3,112
2011-08-10 15:28:50,Attack,107,0,108,1116770,16593,3969934,60234,86.62648101851849,27,72,9,0,14,91,3,0,18,2,88
2011-08-10 15:28:51,Attack,87,4,92,814208,16922,3326959,58870,179.29564343478262,29,53,10,0,5,85,2,0,8,2,81
2011-08-10 15:28:52,Attack,108,5,116,1050286,17865,4281615,56512,99.97368675000001,41,69,6,0,10,104,2,0,11,2,103
2011-08-10 15:28:53,Attack,97,0,101,1316776,16492,2960880,14260,167.46368132673268,37,54,10,0,15,82,4,0,11,2,87
2011-08-10 15:28:54,Attack,84,0,85,1103244,14928,2786893,28995,138.69129230588234,37,42,6,0,11,73,1,0,5,1,78
2011-08-10 15:28:55,Attack,117,0,118,1243006,8361,4309882,240,147.64775987288135,43,68,7,0,10,103,5,0,11,0,107
2011-08-10 15:28:56,Attack,89,0,90,905122,15581,3408485,65656,52.40080392222223,41,41,7,0,4,84,1,0,11,1,77
2011-08-10 15:28:57,Attack,109,0,110,1077037,17282,3708396,52452,108.31426248181815,28,69,13,0,13,94,3,0,10,0,100
2011-08-10 15:28:58,Attack,107,0,110,1159699,16932,3358911,18401,104.13472477272727,36,69,5,0,26,81,3,0,27,0,83
2011-08-10 15:28:59,Attack,101,0,104,1032026,17071,4005010,39414,114.46411543269231,42,44,18,0,5,86,13,0,9,1,94
2011-08-10 15:29:00,Attack,225,0,227,904967,9772,10953556,56686,59.30455769603523,34,174,19,0,8,209,10,0,15,0,212
2011-08-10 15:29:01,Attack,103,0,107,1299599,3533,3813459,49015,124.90229492523366,42,63,2,0,17,87,3,0,10,2,94
2011-08-10 15:29:02,Attack,142,3,146,1382402,17617,5317234,62199,151.7462439246575,49,88,9,0,13,127,6,0,15,4,127
2011-08-10 15:29:03,Attack,112,0,113,1100853,18059,3965263,39936,112.4560761858407,45,63,5,0,17,84,12,0,26,5,82
2011-08-10 15:29:04,Attack,126,0,127,1021577,17224,4732446,5869,49.94917656692913,48,71,8,0,4,107,16,0,30,2,95
2011-08-10 15:29:05,Normal,112,0,112,1066378,49274,4516893,13178,106.22743457142857,37,63,12,0,6,99,7,0,14,2,96
2011-08-10 15:29:06,Attack,115,0,118,880820,19961,4116771,17742,85.82706775423728,42,66,10,0,12,98,8,0,16,3,98
2011-08-10 15:29:07,Attack,104,0,109,837592,17328,4188485,60271,73.55628552293578,39,66,4,0,9,97,3,0,15,2,92
2011-08-10 15:29:08,Attack,126,0,130,911071,7970,4662164,39162,106.53181965384616,40,76,14,0,9,96,25,0,34,2,94
2011-08-10 15:29:09,Attack,131,0,133,1174570,5695,4494575,44504,181.32478312030074,41,84,8,0,28,98,7,0,26,0,107
2011-08-10 15:29:10,Normal,182,0,182,1489145,23167,5642143,61646,78.65260801098901,37,135,10,0,27,148,7,0,70,0,112
2011-08-10 15:29:11,Attack,96,0,98,924557,2807,3539802,2209,151.53338321428572,35,57,6,0,9,87,2,0,17,0,81
2011-08-10 15:29:12,Attack,107,6,333,761216,18004,4667614,60524,24.14042145045045,46,279,8,0,51,131,151,0,28,1,303
2011-08-10 15:29:13,Attack,110,0,171,969492,6943,4023848,3009,32.4887450116959,35,132,4,0,41,95,35,0,18,1,152
2011-08-10 15:29:14,Attack,122,0,124,1456171,16638,3880633,59035,125.06148389516129,46,70,8,0,20,100,4,0,11,2,111
2011-08-10 15:29:15,Attack,101,0,105,711175,18374,3583355,55798,105.23266262857143,33,69,3,0,11,88,6,0,15,1,89
2011-08-10 15:29:16,Attack,128,0,136,1368248,18534,4157576,21107,154.10177934558826,44,83,9,0,24,105,7,0,23,0,113
2011-08-10 15:29:17,Attack,111,0,114,1031353,20075,3645923,13933,114.36091749122805,35,75,4,0,12,94,8,0,17,1,96
2011-08-10 15:29:18,Attack,159,0,162,1734942,18145,6232880,1875,115.10750108641975,37,119,6,0,28,130,4,0,8,1,152
2011-08-10 15:29:19,Attack,124,0,128,1661862,16635,4578953,25840,125.5888778046875,42,80,6,0,18,102,8,0,11,5,112
2011-08-10 15:29:20,Attack,100,0,103,1298914,15140,3347672,6833,200.9143677281553,32,62,9,0,16,83,4,0,5,5,93
2011-08-10 15:29:21,Attack,165,0,168,1005014,8365,6370545,57239,38.65791278571429,33,126,9,0,16,118,34,0,50,4,114
2011-08-10 15:29:22,Attack,134,3,142,1148728,4193,5309001,58322,87.88708962676056,47,88,7,0,8,130,4,0,14,4,124
2011-08-10 15:29:23,Attack,180,0,181,1917562,19688,6547271,32475,135.19808559116024,56,116,9,0,28,140,13,0,31,6,143
2011-08-10 15:29:24,Attack,111,0,116,939936,17800,4353404,51674,120.35711818965517,43,69,4,0,12,98,5,1,19,4,93
2011-08-10 15:29:25,Attack,122,0,127,1073964,19164,4628540,30704,93.2828046062992,36,83,8,0,21,98,8,0,27,0,100
2011-08-10 15:29:26,Attack,107,0,110,885472,19374,3984124,16073,124.3220666909091,37,67,6,0,16,89,5,0,17,3,90
2011-08-10 15:29:27,Attack,197,0,200,992899,24128,8057875,21675,58.50669352,45,149,6,0,34,155,11,0,57,3,140
2011-08-10 15:29:28,Attack,204,0,209,1045678,23136,9307661,61708,64.80824084210526,46,152,11,0,33,167,9,0,43,2,163
2011-08-10 15:29:29,Attack,103,0,107,1040095,18683,3622656,1721,122.39001454205608,55,47,5,0,7,94,4,2,13,0,92
2011-08-10 15:29:30,Attack,139,0,168,1070409,9537,5818707,54267,61.6393237142857,39,120,9,0,42,98,27,1,50,3,114
2011-08-10 15:29:31,Attack,108,0,112,1047625,17076,4078777,14799,96.62946283928571,37,68,7,0,13,94,4,1,20,0,90
2011-08-10 15:29:32,Attack,107,3,115,1075219,17371,3997918,55502,77.15950424347827,38,70,7,0,16,95,4,0,11,2,101
2011-08-10 15:29:33,Attack,103,0,106,771705,4703,4102039,53987,93.71383087735849,34,66,6,0,19,86,1,0,21,0,85
2011-08-10 15:29:34,Attack,108,0,110,902884,3079,4139778,63246,115.43502139999997,37,66,7,0,12,96,2,0,16,2,92
2011-08-10 15:29:35,Normal,112,3,115,899821,7404,4584422,34349,107.49285921739131,42,64,9,0,19,92,4,0,23,2,90
2011-08-10 15:29:36,Attack,217,0,221,1811249,24383,9295296,48485,159.63301950678732,37,175,9,0,52,155,14,0,50,4,167
2011-08-10 15:29:37,Attack,120,0,122,873378,18145,4944075,21851,109.86469628688525,45,67,10,0,15,102,5,0,25,1,96
2011-08-10 15:29:38,Attack,176,0,179,1065940,12162,6901400,2852,65.47906588826815,27,139,13,0,29,145,4,1,30,0,147
2011-08-10 15:29:39,Attack,126,0,127,1469703,16501,4319194,4113,108.22475445669289,40,78,9,0,20,101,6,0,19,2,105
2011-08-10 15:29:40,Attack,101,0,103,1232043,15325,3502290,53415,135.50918857281553,25,69,9,0,18,84,1,0,14,1,88
2011-08-10 15:29:41,Attack,117,21,144,1298349,19423,5522046,58973,131.42851458333334,42,91,11,0,24,116,4,0,22,1,121
2011-08-10 15:29:42,Attack,76,5,83,932761,17625,3245528,25014,61.10689275903615,27,49,7,0,18,64,1,0,19,1,63
2011-08-10 15:29:43,Attack,132,3,137,1234336,6001,5236467,47203,137.17558851094893,43,83,11,0,23,110,4,0,20,1,115
2011-08-10 15:29:44,Attack,105,3,109,1306776,17770,3669970,28790,266.29457729357796,36,67,6,0,17,87,5,0,10,0,99
2011-08-10 15:29:45,Normal,105,0,105,1212149,17850,4161850,29164,168.43466074285718,31,67,7,0,20,83,2,0,17,0,88
2011-08-10 15:29:46,Attack,119,0,123,1105662,5420,4383124,2848,117.67656922764226,53,67,3,0,20,95,8,0,21,1,101
2011-08-10 15:29:47,Normal,152,2,154,1210084,19187,5656352,17166,100.03663507142856,36,106,12,0,20,126,8,0,27,2,125
2011-08-10 15:29:48,Attack,204,0,208,1005849,15422,8524185,35139,55.9125630625,31,168,9,0,46,157,5,0,46,2,160
2011-08-10 15:29:49,Attack,141,0,145,1151113,10481,5472481,60011,123.91543484827586,48,88,9,0,8,122,15,0,25,2,115
2011-08-10 15:29:50,Attack,181,0,184,1551524,9425,7404216,45693,86.6983242826087,46,128,10,0,24,151,9,0,32,5,147
2011-08-10 15:29:51,Attack,278,8,287,1733158,28636,11272210,20149,76.90255970034843,51,231,5,0,42,227,18,0,54,2,231
2011-08-10 15:29:52,Attack,231,3,236,1330489,19126,9605917,46234,85.23622516949152,36,189,11,0,59,167,10,0,65,2,169
2011-08-10 15:29:53,Attack,316,0,319,1411115,15742,12856113,57298,55.69284913479624,44,262,13,0,43,256,20,0,66,3,250
2011-08-10 15:29:54,Attack,179,0,180,816963,8446,7413701,43321,75.92937272777777,36,136,8,0,17,158,5,0,33,2,145
2011-08-10 15:29:55,Attack,152,1,155,1158190,18131,5568240,16146,102.7425430451613,57,91,7,0,16,136,3,0,15,2,138
2011-08-10 15:29:56,Attack,113,2,116,910923,18204,4227217,45353,136.28011957758622,48,60,8,0,7,106,3,0,12,0,104
2011-08-10 15:29:57,Normal,99,0,99,873114,3265,3656150,53561,78.10550573737373,37,52,10,0,7,90,2,0,10,0,89
2011-08-10 15:29:58,Attack,135,0,140,923053,20254,5171815,55198,120.02600594285713,34,93,13,0,18,121,1,0,32,0,108
2011-08-10 15:29:59,Attack,194,0,195,1517408,10773,7444006,53178,81.22029492307692,40,150,5,0,28,161,6,0,58,2,135
2011-08-10 15:30:00,Normal,167,0,167,1089274,19970,6747954,41002,59.95575145508981,34,118,15,0,9,157,1,0,34,1,132
2011-08-10 15:30:01,Attack,190,2,196,2123829,19413,6805192,20550,150.66049827551024,48,143,5,0,36,148,12,0,13,3,180
2011-08-10 15:30:02,Attack,148,3,155,1204639,19991,4694589,50723,104.13693549677419,38,110,7,0,42,110,3,0,47,1,107
2011-08-10 15:30:03,Attack,145,0,146,1030644,21779,5655608,4280,68.32119906164384,35,103,8,0,15,123,8,0,22,2,122
2011-08-10 15:30:04,Attack,126,0,128,1262834,18995,4553566,55468,91.8395797109375,49,71,8,0,18,107,3,0,24,1,103
2011-08-10 15:30:05,Normal,111,0,111,939637,65955,4385487,14134,80.93077891891892,44,57,10,0,8,103,0,0,16,1,94
2011-08-10 15:30:06,Attack,133,0,135,916364,19078,5544904,40226,71.03620877777779,40,89,6,0,26,101,8,0,37,0,98
2011-08-10 15:30:07,Attack,97,0,98,1106115,2619,3530541,55939,71.72846012244898,31,60,7,0,13,81,4,0,12,3,83
2011-08-10 15:30:08,Attack,136,0,138,942222,21060,5545239,24905,111.62161575362317,49,85,4,0,21,116,1,0,26,2,109
2011-08-10 15:30:09,Attack,107,0,109,822073,16125,4061060,51159,117.88094253211005,35,67,7,0,6,101,2,0,9,0,99
2011-08-10 15:30:10,Attack,117,2,125,1655729,16956,3895329,8300,97.68346032000001,35,84,6,0,28,92,5,0,15,4,105
2011-08-10 15:30:11,Attack,145,0,146,1542543,22221,5565036,28670,68.79324000000001,43,94,9,0,26,118,2,0,31,4,110
2011-08-10 15:30:12,Attack,115,3,316,1390276,16533,4553232,45529,56.10031434810127,34,273,9,0,53,126,137,0,16,5,295
2011-08-10 15:30:13,Attack,141,0,197,1246600,8597,5587454,2077,62.64619880203046,33,149,15,0,51,117,29,0,21,0,176
2011-08-10 15:30:14,Attack,140,3,164,1915604,5770,5118436,3699,98.57147523780486,53,100,11,0,42,116,6,0,24,2,138
2011-08-10 15:30:15,Normal,105,0,105,1154711,2795,4051255,51649,123.22086662857143,39,54,12,0,10,94,1,0,12,0,93
2011-08-10 15:30:16,Attack,124,0,130,993465,20560,5080470,50314,84.53962336153847,48,79,3,0,23,102,5,0,26,1,103
2011-08-10 15:30:17,Attack,116,2,128,1406940,16638,4413317,20605,74.9667999375,49,67,12,0,16,99,13,0,14,2,112
2011-08-10 15:30:18,Attack,157,0,172,1171128,7692,6328640,47701,50.46734353488371,37,129,6,0,39,125,8,0,31,0,141
2011-08-10 15:30:19,Attack,100,0,113,861640,4608,3966697,57411,136.08548393805307,29,75,9,0,27,85,1,0,9,0,104
2011-08-10 15:30:20,Attack,116,0,130,1222667,18795,4260528,16943,106.51108551538464,26,92,12,0,27,102,1,0,17,3,110
2011-08-10 15:30:21,Attack,102,4,113,1232806,18015,3647317,18881,147.00639529203542,35,69,9,0,14,94,5,0,13,5,95
2011-08-10 15:30:22,Attack,108,3,112,1271969,16663,3958162,11085,111.63878267857142,38,69,5,0,15,94,3,0,10,3,99
2011-08-10 15:30:23,Attack,106,0,108,1656933,15798,3679477,23026,118.92479750925929,32,66,10,0,18,88,2,0,9,5,94
2011-08-10 15:30:24,Attack,145,1,152,1748557,20619,5070053,21151,75.31886540131579,44,100,8,0,27,122,3,0,13,5,134
2011-08-10 15:30:25,Attack,124,0,128,1470735,4232,4516599,2427,85.9915463515625,39,84,5,0,33,87,8,0,23,1,104
2011-08-10 15:30:26,Attack,101,0,103,1309715,2088,3263953,48380,112.04385899029126,41,54,7,0,17,85,0,0,10,2,89
2011-08-10 15:30:27,Attack,148,0,149,1063333,5725,6344434,39842,39.12364310738255,36,106,7,0,15,128,6,0,25,2,122
2011-08-10 15:30:28,Attack,111,0,116,981075,12323,4269735,4292,58.295671491379316,34,74,8,0,19,94,3,0,22,2,92
2011-08-10 15:30:29,Attack,158,0,161,824947,21756,4643812,7808,121.07265740993788,35,119,7,0,28,104,28,1,52,0,107
2011-08-10 15:30:30,Attack,109,0,162,909063,7831,4593074,53536,60.23351953086419,40,119,3,0,13,119,28,2,12,2,146
2011-08-10 15:30:31,Attack,96,0,103,1051041,16084,3509834,61547,103.06580353398057,35,64,4,0,11,87,4,1,15,0,87
2011-08-10 15:30:32,Attack,114,3,118,1198431,18406,4327292,45083,97.73266807627118,35,76,7,0,18,98,2,0,17,1,100
2011-08-10 15:30:33,Attack,131,0,132,1472827,47679,4402068,15746,69.96735335606061,51,72,9,0,24,102,6,0,29,2,101
2011-08-10 15:30:34,Attack,191,0,198,1420087,8042,7627085,47102,81.51052302525254,51,143,4,0,28,167,3,0,28,0,170
2011-08-10 15:30:35,Attack,116,0,122,1427205,17103,3951995,18011,127.22947845901638,53,59,10,0,20,100,2,0,16,3,103
2011-08-10 15:30:36,Attack,115,0,116,1286231,4212,4053424,47718,150.33780739655174,36,66,14,0,22,93,1,0,15,1,99
2011-08-10 15:30:37,Attack,151,0,153,1082356,42976,5659723,13374,115.19543149019606,49,97,7,0,25,123,5,0,37,1,115
2011-08-10 15:30:38,Attack,102,0,103,1102814,4323,3664167,3106,95.10648278640774,39,54,10,0,14,76,12,1,21,2,79
2011-08-10 15:30:39,Attack,149,0,150,1315610,6113,5392727,47125,91.89244118,37,104,9,0,19,127,4,0,16,2,132
2011-08-10 15:30:40,Attack,101,0,105,1060128,16610,3485232,41022,77.91721807619048,38,58,9,0,6,92,7,0,14,1,90
2011-08-10 15:30:41,Attack,108,0,110,1084044,4337,4483004,5587,72.58480430909091,31,71,8,0,21,85,4,0,18,5,87
2011-08-10 15:30:42,Attack,108,3,112,1200680,17116,4411124,52123,91.13469600892859,36,71,5,0,11,98,3,0,13,1,98
2011-08-10 15:30:43,Attack,88,0,94,1029022,16631,3247775,57796,106.34428725531914,44,43,7,0,14,78,2,0,14,2,78
2011-08-10 15:30:44,Attack,100,0,105,1310053,2093,3346404,53734,177.17892194285716,37,60,8,0,17,85,3,0,10,2,93
2011-08-10 15:30:45,Attack,179,3,184,1249470,22549,8016729,10172,75.74404701630435,39,139,6,0,45,120,19,0,53,2,129
2011-08-10 15:30:46,Attack,141,0,146,1970911,6738,4560310,15422,101.8587622671233,56,80,10,0,26,117,3,0,14,7,125
2011-08-10 15:30:47,Attack,136,0,138,1067536,18551,5262803,17814,87.95632580434783,45,85,8,0,15,118,5,0,23,1,114
2011-08-10 15:30:48,Attack,103,0,105,979156,17330,3654038,21466,57.585581409523805,39,58,8,0,10,90,5,0,19,1,85
2011-08-10 15:30:49,Normal,136,0,136,1535949,4798,5278856,56166,99.17415211029412,43,82,11,0,28,104,4,0,25,2,109
2011-08-10 15:30:50,Attack,88,0,91,1160856,2788,3129852,41900,91.79764543956043,37,43,11,0,8,78,5,0,5,1,83
2011-08-10 15:30:51,Attack,90,0,94,853370,16298,3391418,35177,63.9787500319149,38,48,8,0,9,80,5,0,7,0,87
2011-08-10 15:30:52,Attack,111,3,118,1156503,17583,4295330,64147,105.7758988644068,42,66,10,0,11,101,6,0,18,2,98
2011-08-10 15:30:53,Attack,95,0,96,1483762,15438,3154799,6937,105.54200507291667,39,45,12,0,14,80,2,0,16,3,77
2011-08-10 15:30:54,Attack,144,0,148,1188202,19690,5675067,8827,114.10334070945946,50,91,7,0,10,130,8,0,13,1,134
2011-08-10 15:30:55,Attack,126,0,129,1119097,19097,4778530,8377,139.46085841860463,50,71,8,0,13,110,6,0,19,1,109
2011-08-10 15:30:56,Attack,112,0,114,1490100,2352,3682050,49855,139.78096495614034,48,62,4,0,17,96,1,0,7,3,103
2011-08-10 15:30:57,Attack,93,0,94,1523537,30316,2777642,1011,221.62536875531913,37,50,7,0,20,73,1,0,10,1,83
2011-08-10 15:30:58,Normal,104,0,104,1125326,15786,3672258,58047,117.42848516346154,44,52,8,0,11,92,1,0,10,1,92
2011-08-10 15:30:59,Attack,132,0,134,1378442,18402,5257358,57153,89.97977147761195,46,75,13,0,29,102,3,0,26,0,108
2011-08-10 15:31:00,Attack,231,0,234,1003503,10557,11340863,57425,45.845754965811956,40,183,11,0,14,218,2,0,18,3,213
2011-08-10 15:31:01,Attack,112,10,123,856033,4648,4820942,57158,47.12450260975609,44,71,8,0,15,103,5,0,23,1,99
2011-08-10 15:31:02,Attack,108,3,113,1160827,4348,4596177,57929,79.74427830973451,49,56,8,0,11,99,3,0,17,2,94
2011-08-10 15:31:03,Attack,93,0,95,1194094,3230,3351027,57929,43.707188,45,45,5,0,9,83,3,0,13,2,79
2011-08-10 15:31:04,Attack,146,0,153,1378201,5535,5519163,58780,91.32774993464052,48,99,6,0,22,117,14,0,30,3,120
2011-08-10 15:31:05,Attack,213,0,215,1114939,11535,8829422,57243,62.17194496744186,43,167,5,0,14,144,57,0,76,0,138
2011-08-10 15:31:06,Attack,111,0,114,920509,3684,4235665,58785,86.8544240263158,36,68,10,0,8,89,17,0,28,2,84
2011-08-10 15:31:07,Attack,97,0,99,1013512,3600,3697241,57159,86.77491827272725,38,53,8,0,8,89,1,1,8,0,91
2011-08-10 15:31:08,Attack,105,21,131,1194272,7924,5161817,59476,81.12350447328244,37,87,7,0,11,109,11,0,21,3,107
2011-08-10 15:31:09,Attack,181,3,185,2181820,19040,6643038,64370,124.45939127027027,48,121,16,0,51,131,3,0,32,1,151
2011-08-10 15:31:10,Normal,150,7,157,1382181,18521,6065926,62171,77.6948395477707,48,97,12,0,18,138,1,0,19,0,136
2011-08-10 15:31:11,Normal,71,0,71,738175,4477,2463836,43115,29.777809605633802,31,36,4,0,9,59,3,0,10,2,59
2011-08-10 15:31:12,Attack,97,3,104,900631,16973,3370022,6790,103.47301637500001,42,55,7,0,13,88,3,0,17,0,87
2011-08-10 15:31:13,Attack,98,0,270,851890,55560,4016097,39761,17.4278844,42,220,8,0,26,104,140,0,16,1,252
2011-08-10 15:31:14,Attack,91,0,235,1044954,11143,3320160,5321,50.56019448085107,34,192,9,0,65,108,62,0,21,4,210
2011-08-10 15:31:15,Attack,114,0,119,1459105,3715,4018361,36581,74.6732469327731,43,71,5,0,17,95,7,0,13,2,104
2011-08-10 15:31:16,Attack,104,3,111,1083721,6158,4339656,20912,65.90376672072072,39,64,8,0,5,99,7,0,19,2,90
2011-08-10 15:31:17,Attack,92,0,94,816183,4736,3565752,1032,29.127446755319145,35,57,2,0,8,84,2,0,16,0,78
2011-08-10 15:31:18,Attack,129,20,152,949005,20183,6151435,57817,100.62758629605263,36,109,7,0,49,91,12,0,56,2,94
2011-08-10 15:31:19,Attack,140,35,180,756416,8736,8024827,53479,29.16714115555555,36,137,7,0,28,145,7,0,32,0,148
2011-08-10 15:31:20,Attack,154,0,157,703735,19643,6885140,52761,53.379342929936314,29,119,9,0,12,145,0,0,11,1,145
2011-08-10 15:31:21,Attack,97,0,101,584970,20071,3788769,40441,82.24786812871288,33,62,6,0,10,86,5,0,23,0,78
2011-08-10 15:31:22,Attack,135,3,140,945057,19721,6120020,65479,62.63901019285714,46,86,8,0,44,93,3,0,51,0,88
2011-08-10 15:31:23,Attack,111,0,115,1092863,3987,4106170,33317,44.31096871304347,43,61,11,0,20,93,2,0,21,0,94
2011-08-10 15:31:24,Attack,123,0,127,1226681,19278,4167920,18520,88.27432223622047,39,75,13,0,15,103,9,0,22,2,102
2011-08-10 15:31:25,Attack,124,0,127,820522,19487,5104475,5373,39.67080692125984,27,94,6,0,18,101,8,0,22,1,104
2011-08-10 15:31:26,Attack,145,0,150,1423175,7129,5306509,45892,76.55536155333333,35,110,5,0,22,120,8,0,17,3,130
2011-08-10 15:31:27,Attack,124,0,125,676706,6284,4944196,59227,56.976185696,30,90,5,0,10,112,3,0,20,0,104
2011-08-10 15:31:28,Attack,103,0,104,913931,16503,3539823,46143,87.95657173076923,35,56,13,0,8,95,1,0,8,2,94
2011-08-10 15:31:29,Attack,118,0,119,1088522,19326,4027781,15865,91.27620564705884,41,71,7,0,13,97,8,1,21,5,92
2011-08-10 15:31:30,Attack,134,0,137,1111444,5015,5522604,59232,92.16423259124088,47,86,4,0,20,115,0,2,16,0,119
2011-08-10 15:31:31,Attack,130,0,133,1517081,18373,4616952,61832,99.82645333834587,42,83,8,0,27,92,13,1,17,1,112
2011-08-10 15:31:32,Attack,117,3,122,1298984,64162,4961410,31863,102.86131890163934,36,78,8,0,5,109,8,0,11,3,108
2011-08-10 15:31:33,Attack,171,0,174,3240823,17091,5101970,54814,88.23290716091954,46,116,12,0,56,107,11,0,7,1,166
2011-08-10 15:31:34,Attack,131,0,132,1694889,18964,4623536,37738,89.03343072727274,42,78,12,0,27,98,6,1,28,0,104
2011-08-10 15:31:35,Attack,116,0,123,1051144,6392,4406731,60670,90.50432515447157,41,74,8,0,20,99,4,0,23,1,99
2011-08-10 15:31:36,Attack,120,0,122,984234,20222,4681349,4408,146.6960726557377,45,70,7,0,15,102,4,1,18,1,102
2011-08-10 15:31:37,Attack,109,0,112,971451,6531,4223468,33471,105.53434084821428,34,70,8,0,11,96,4,1,12,1,98
2011-08-10 15:31:38,Attack,112,0,114,1238122,10756,4162502,52624,90.98364064035088,41,63,10,0,8,105,1,0,14,4,95
2011-08-10 15:31:39,Attack,137,0,139,1334185,18645,4805559,5913,135.6720784028777,51,82,6,0,19,114,6,0,20,2,115
2011-08-10 15:31:40,Attack,122,0,125,1269963,17727,4525922,29275,109.95787172799999,39,81,5,0,23,99,3,0,13,2,110
2011-08-10 15:31:41,Normal,100,0,100,888523,16126,3746431,23554,90.59072868,35,63,2,0,8,86,6,0,11,1,88
2011-08-10 15:31:42,Attack,120,3,128,1217535,9847,4442282,3619,196.7814842421875,46,74,8,0,22,99,7,0,25,2,100
2011-08-10 15:31:43,Normal,77,0,77,860259,15784,2718391,32226,119.28064688311689,32,41,4,0,7,67,3,0,11,2,64
2011-08-10 15:31:44,Attack,93,0,98,698386,17426,3446859,31862,57.07065396938775,31,59,8,0,9,85,4,0,15,1,82
2011-08-10 15:31:45,Attack,111,0,112,972823,11181,3783143,2765,109.13978941964287,33,67,12,0,17,94,1,0,20,2,90
2011-08-10 15:31:46,Attack,94,0,96,896603,18253,3452922,48677,152.25456520833333,34,50,12,0,11,85,0,0,9,2,84
2011-08-10 15:31:47,Attack,100,3,108,828266,16779,4017735,42489,91.4014888888889,39,60,9,0,8,93,7,0,10,1,96
2011-08-10 15:31:48,Attack,94,4,103,882522,18517,3502379,21476,127.14161710679612,33,68,2,0,13,82,8,0,12,1,90
2011-08-10 15:31:49,Attack,119,0,122,1272993,27939,4061448,15335,92.51070077049181,44,66,12,0,18,100,4,0,10,3,108
2011-08-10 15:31:50,Normal,114,0,114,1229633,17415,4063365,7782,103.51790738596489,44,64,6,0,12,100,2,0,8,1,105
2011-08-10 15:31:51,Normal,182,3,185,1318171,21090,7884661,2750,58.340404935135126,50,129,6,0,16,150,19,0,32,2,151
2011-08-10 15:31:52,Attack,169,3,175,934389,6975,7105153,49137,35.18012421714286,35,129,11,0,19,145,11,0,35,0,139
2011-08-10 15:31:53,Attack,102,0,106,906184,3932,4036859,55432,57.6237719245283,42,58,6,0,10,89,7,0,19,0,87
2011-08-10 15:31:54,Attack,74,0,76,671647,20774,2632558,13362,101.67068263157894,30,40,6,0,9,66,1,0,8,0,67
2011-08-10 15:31:55,Attack,99,0,105,821673,8895,3912014,2027,75.88256199047619,41,58,6,0,6,95,4,0,14,2,88
2011-08-10 15:31:56,Attack,128,0,133,1333236,4851,5130645,65606,153.44598976691734,39,87,7,0,16,109,8,0,17,1,114
2011-08-10 15:31:57,Attack,103,1,105,1295207,3858,3943635,2768,82.23420873333333,36,61,8,0,16,87,2,0,14,2,89
2011-08-10 15:31:58,Attack,117,1,122,1349314,3104,4564838,59738,86.52296755737704,37,75,10,0,14,97,11,0,27,1,93
2011-08-10 15:31:59,Attack,210,0,211,1316610,47566,9874267,1032,46.792319383886245,34,159,18,0,16,179,16,0,18,2,191
2011-08-10 15:32:00,Normal,142,0,142,1007987,5546,5245110,52812,85.73129316901408,44,88,10,0,28,94,18,2,36,0,106
2011-08-10 15:32:01,Attack,111,0,113,1256402,16878,4353676,61373,54.79151953097346,41,63,9,0,14,93,6,0,17,2,94
2011-08-10 15:32:02,Attack,126,9,137,1227380,21585,5571214,51887,88.52297588321169,50,83,4,0,10,116,11,0,20,0,117
2011-08-10 15:32:03,Attack,106,0,110,1547799,1981,3693563,40015,114.77419737272731,32,71,7,0,20,81,9,0,9,2,99
2011-08-10 15:32:04,Attack,120,0,123,1072830,18757,5042414,49783,96.4355027804878,37,82,4,0,14,93,16,0,29,1,93
2011-08-10 15:32:05,Attack,107,2,111,1116296,68760,4508733,1175,131.61150483783788,41,59,11,0,10,90,11,0,26,0,85
2011-08-10 15:32:06,Attack,128,0,131,1179607,4682,4618090,58637,106.11372921374047,31,91,9,0,18,110,3,0,12,2,117
2011-08-10 15:32:07,Attack,152,0,154,1172537,6971,5996819,53998,72.98395433116885,54,92,8,0,14,136,4,0,18,3,133
2011-08-10 15:32:08,Attack,110,0,111,1337958,16281,3863705,10651,151.0465997927928,43,62,6,0,25,78,8,0,22,2,87
2011-08-10 15:32:09,Attack,120,0,122,1046020,18360,4483734,64310,61.12941910655737,41,70,11,0,9,111,2,0,9,2,111
2011-08-10 15:32:10,Attack,99,0,104,758508,3804,3817913,5868,74.00073141346152,32,68,4,0,13,90,1,0,16,1,87
2011-08-10 15:32:11,Attack,86,0,89,832800,3765,3484011,52504,104.17567260674159,28,54,7,0,8,80,1,0,13,1,75
2011-08-10 15:32:12,Normal,138,3,141,1423854,20745,5607176,56986,111.22618180851063,38,95,8,0,33,103,5,0,30,3,108
2011-08-10 15:32:13,Attack,143,0,146,1240307,48775,6227574,57944,68.2527499520548,32,103,11,0,19,123,4,0,14,1,131
2011-08-10 15:32:14,Attack,115,0,118,1140188,30867,3989272,15676,71.40508186440677,38,71,9,0,20,95,3,0,15,3,100
2011-08-10 15:32:15,Attack,120,0,124,1541088,63116,3934308,22169,129.33969306451613,35,81,8,0,34,86,4,0,21,2,101
2011-08-10 15:32:16,Attack,143,0,145,1741283,18735,5094928,33667,63.546091124137924,41,91,13,0,18,120,7,0,11,1,133
2011-08-10 15:32:17,Attack,130,11,147,1843442,17522,4875873,45416,110.9143669659864,31,103,13,0,29,106,12,0,25,1,121
2011-08-10 15:32:18,Attack,115,8,124,1130712,5200,4599305,49164,74.44027208064516,32,83,9,0,16,89,19,0,22,0,102
2011-08-10 15:32:19,Attack,121,5,129,1724791,6608,4500722,14985,142.74846644961244,46,76,7,0,23,97,9,0,21,2,106
2011-08-10 15:32:20,Attack,110,0,111,943488,16616,4589473,37807,63.75954736036035,35,70,6,0,7,102,2,0,10,2,99
2011-08-10 15:32:21,Attack,121,4,127,916687,5836,5449705,53164,44.84866369291339,43,79,5,0,9,111,7,0,24,0,103
2011-08-10 15:32:22,Attack,115,3,121,1103904,4813,4590738,44691,53.406278190082645,42,73,6,0,14,103,4,0,19,2,100
2011-08-10 15:32:23,Attack,171,0,175,1149884,50807,6969040,13363,66.18887142285715,35,134,6,0,17,150,8,0,22,0,153
2011-08-10 15:32:24,Normal,105,0,105,1248227,15699,3998274,59542,97.24074755238095,35,62,8,0,18,85,2,0,15,0,90
2011-08-10 15:32:25,Normal,104,0,104,926122,3460,4116316,37462,67.90154100961539,41,55,8,0,8,93,2,1,12,0,92
2011-08-10 15:32:26,Attack,93,0,95,986205,15999,3157407,4280,74.79108878947368,45,46,4,0,7,86,2,0,6,2,87
2011-08-10 15:32:27,Attack,159,0,160,1330997,5420,6148982,57213,109.4876999625,40,112,8,0,35,122,3,0,35,0,125
2011-08-10 15:32:28,Attack,108,0,115,1126282,16821,3854672,52156,49.733110921739126,46,62,7,0,11,98,6,0,11,1,103
2011-08-10 15:32:29,Attack,114,0,116,1136586,17658,3945216,26680,184.0816920948276,40,69,7,0,15,95,5,1,12,1,102
2011-08-10 15:32:30,Attack,99,0,137,912683,49674,3481099,52366,69.53082004379561,45,84,8,0,7,96,32,2,13,2,120
2011-08-10 15:32:31,Attack,112,0,114,1522559,16200,3580262,19859,140.47461264035087,57,50,7,0,14,96,3,1,14,2,97
2011-08-10 15:32:32,Normal,113,3,116,1161164,16787,4121133,16773,54.699114577586215,51,56,9,0,6,108,2,0,8,0,108
2011-08-10 15:32:33,Attack,99,0,106,1066331,16613,3630497,7633,141.3287519811321,41,54,11,0,13,87,6,0,13,1,92
2011-08-10 15:32:34,Attack,109,0,111,1171408,16053,3987056,51694,82.85996290990992,50,53,8,0,8,100,3,0,8,1,102
2011-08-10 15:32:35,Attack,123,0,124,1330328,17336,4362267,27650,96.84565884677421,50,64,10,0,12,111,1,0,12,2,110
2011-08-10 15:32:36,Normal,106,0,106,962928,17236,4073204,51519,88.69300716981131,55,40,11,0,8,97,1,0,20,0,86
2011-08-10 15:32:37,Attack,121,0,124,830875,5386,4786944,44731,32.300502024193555,26,92,6,0,8,115,1,0,6,1,117
2011-08-10 15:32:38,Attack,83,0,88,901447,14466,3154217,53186,152.22394619318183,32,49,7,0,9,76,3,0,10,2,76
2011-08-10 15:32:39,Attack,89,0,91,940091,2275,2972631,48271,120.5494491978022,41,46,4,0,9,75,7,0,12,1,78
2011-08-10 15:32:40,Attack,127,0,130,1310874,4127,4709812,62813,77.6338486923077,46,69,15,0,15,110,5,0,21,2,107
2011-08-10 15:32:41,Normal,118,0,118,1469258,2169,4271764,55660,168.94825520338983,49,60,9,0,15,95,8,0,15,0,102
2011-08-10 15:32:42,Attack,178,3,185,1695098,19971,6871745,13846,115.93963336756758,39,135,11,0,26,134,25,0,40,1,144
2011-08-10 15:32:43,Attack,144,1,146,910036,19053,5730840,5841,67.02440132876711,43,95,8,0,9,126,11,0,22,0,124
2011-08-10 15:32:44,Attack,116,2,119,1321540,5394,4856732,65676,77.50490713445382,41,69,9,0,26,89,4,0,23,2,94
2011-08-10 15:32:45,Attack,82,3,86,920840,3258,3099451,56657,83.47989394186047,33,45,8,0,15,71,0,0,10,1,75
2011-08-10 15:32:46,Attack,107,0,109,1197691,4496,3591335,51907,94.08508570642202,39,62,8,0,13,93,3,0,14,2,92
2011-08-10 15:32:47,Attack,107,3,113,1019568,17316,4134267,6234,84.38161121238939,38,67,8,0,11,98,4,0,11,2,100
2011-08-10 15:32:48,Attack,88,0,90,996272,16579,3227232,11263,98.90234712222224,40,42,8,0,10,74,6,0,16,1,73
2011-08-10 15:32:49,Attack,129,0,135,1608681,20422,4516780,13363,123.58352550370371,51,74,10,0,18,114,3,0,8,0,127
2011-08-10 15:32:50,Attack,116,0,117,1194876,18417,4354601,44309,107.29193042735045,46,63,8,0,10,104,3,0,12,2,103
2011-08-10 15:32:51,Attack,77,0,82,984314,10474,2773897,14395,115.65729531707316,42,37,3,0,8,69,5,0,10,2,70
2011-08-10 15:32:52,Attack,134,3,140,1430064,5292,5324078,56137,99.31117161428571,42,90,8,0,21,112,7,0,10,1,129
2011-08-10 15:32:53,Attack,190,4,196,1196282,22047,8758403,18596,46.27800504081633,45,141,10,0,51,136,9,0,57,3,136
2011-08-10 15:32:54,Normal,105,1,106,1204972,4932,3629633,61284,109.40289793396225,50,51,5,0,15,89,2,0,17,2,87
2011-08-10 15:32:55,Attack,159,0,162,733308,21546,7229960,10410,55.6358279814815,37,120,5,0,9,149,4,0,17,0,145
2011-08-10 15:32:56,Attack,120,0,121,1360059,16438,4244972,43757,107.32805285950414,41,68,12,0,25,88,8,0,19,2,99
2011-08-10 15:32:57,Attack,102,0,105,1036903,16264,3524445,64036,72.29628096190477,44,52,9,0,8,95,2,0,11,1,92
2011-08-10 15:32:58,Attack,115,0,116,1259543,3839,3783780,57233,88.93917284482758,52,55,9,0,8,108,0,0,9,2,105
2011-08-10 15:32:59,Attack,104,0,106,1425378,16021,3523550,5056,106.02990373584905,35,63,8,0,20,84,2,0,9,1,96
2011-08-10 15:33:00,Attack,214,0,216,1139080,22926,10530696,14044,57.299389101851844,47,165,4,0,5,207,4,0,12,1,203
2011-08-10 15:33:01,Attack,109,0,114,1145478,3644,4009416,37434,101.90725559649124,42,68,4,0,13,95,6,0,19,2,93
2011-08-10 15:33:02,Attack,131,3,136,2167560,16691,4392528,48922,86.32924976470588,43,83,10,0,28,101,7,0,11,6,119
2011-08-10 15:33:03,Attack,133,0,137,1584359,18202,5502023,18359,75.67043635766424,37,91,9,0,20,112,5,0,20,0,117
2011-08-10 15:33:04,Attack,122,0,125,1320873,16034,4677928,41468,132.61299461600004,47,67,11,0,9,110,6,0,17,0,108
2011-08-10 15:33:05,Attack,120,0,122,1375623,16795,4156944,37488,118.68305712295081,35,73,14,0,17,103,2,0,11,2,109
2011-08-10 15:33:06,Attack,123,2,128,1120461,5044,5103279,53971,66.227731515625,32,87,9,0,14,108,6,0,16,1,110
2011-08-10 15:33:07,Attack,125,0,128,740399,6589,5606459,51750,56.2896626171875,27,96,5,0,36,90,2,0,41,0,87
2011-08-10 15:33:08,Attack,166,0,171,1597879,18470,6880990,5612,83.01898732748539,51,111,9,0,21,144,6,0,19,2,150
2011-08-10 15:33:09,Attack,102,0,105,742231,6471,3988877,64246,23.61149319047619,33,64,8,0,5,88,12,0,17,1,87
2011-08-10 15:33:10,Attack,99,0,103,844055,16974,3475098,43376,75.80268555339806,40,54,9,0,10,91,2,0,15,2,86
2011-08-10 15:33:11,Attack,141,3,146,1443531,19269,5738997,62471,123.15568516438356,39,101,6,0,25,115,6,0,20,3,122
2011-08-10 15:33:12,Attack,109,6,118,1616085,17330,3972500,47194,71.62408488135593,53,59,6,0,8,101,8,1,13,5,100
2011-08-10 15:33:13,Attack,128,0,130,1751992,25804,4530436,14133,77.52252340000001,43,76,11,0,21,103,5,1,13,2,115
2011-08-10 15:33:14,Attack,132,0,135,1457106,18261,4448541,6248,113.28378270370372,51,76,8,0,21,112,2,0,17,2,116
2011-08-10 15:33:15,Attack,94,0,97,1120127,1883,3507817,58748,67.79871808247422,42,45,10,0,9,88,0,0,6,1,90
2011-08-10 15:33:16,Attack,163,0,164,1161064,7509,6886095,55137,66.61684832317073,40,119,5,0,19,138,7,0,52,1,110
2011-08-10 15:33:17,Attack,168,3,173,1141175,56301,7022249,13443,61.77307932369942,45,119,9,0,11,160,2,0,13,0,160
2011-08-10 15:33:18,Attack,116,0,119,1135089,20065,4302144,33943,62.7718409159664,40,72,7,0,15,101,3,0,13,4,101
2011-08-10 15:33:19,Attack,124,0,127,1428420,19853,4686607,33903,85.97569254330709,43,78,6,0,16,108,3,0,16,1,110
2011-08-10 15:33:20,Attack,101,0,106,745977,18116,3952518,60193,74.06266718867924,25,77,4,0,14,85,7,0,20,1,85
2011-08-10 15:33:21,Attack,111,0,112,1110668,9528,4226451,58758,61.60882713392858,50,52,10,0,5,105,2,0,14,2,96
2011-08-10 15:33:22,Attack,93,3,99,814328,17097,3260830,63563,89.20770965656565,36,57,6,0,11,85,3,0,16,1,82
2011-08-10 15:33:23,Attack,99,0,101,977342,15932,3616595,23098,62.87205577227723,41,53,7,0,9,92,0,0,8,2,91
2011-08-10 15:33:24,Attack,113,0,114,1216277,16142,3877683,3100,103.56871023684211,46,66,2,0,9,100,5,0,12,1,101
2011-08-10 15:33:25,Attack,98,0,102,1460825,14946,3300502,27272,94.97495389215688,41,57,4,0,16,82,4,0,15,1,86
2011-08-10 15:33:26,Attack,95,0,97,1140861,3469,3591382,13668,104.54750334020618,35,53,9,0,12,85,0,0,6,0,91
2011-08-10 15:33:27,Attack,115,0,117,1185700,10836,4452197,3627,97.79447529059826,43,62,12,0,11,105,1,0,14,1,102
2011-08-10 15:33:28,Attack,101,0,102,1212773,17987,3279713,23422,142.92546810784313,49,46,7,0,13,87,2,0,15,2,84
2011-08-10 15:33:29,Attack,99,0,105,912343,17716,3466586,2856,139.2497089904762,43,50,12,0,3,97,5,0,6,2,97
2011-08-10 15:33:30,Attack,114,0,115,1150391,15901,3526627,37035,104.27865870434782,49,56,10,0,15,98,0,2,11,1,100
2011-08-10 15:33:31,Attack,104,0,108,890744,17700,3742896,64014,99.1240305648148,38,60,10,0,9,93,3,3,7,1,99
2011-08-10 15:33:32,Attack,105,3,110,1398832,15725,3674521,46725,98.09427461818181,43,56,11,0,19,86,5,0,20,3,87
2011-08-10 15:33:33,Normal,113,0,113,759029,10010,4660423,4979,64.53772137168141,35,68,10,0,16,94,2,1,23,0,89
2011-08-10 15:33:34,Attack,107,0,111,1213259,18551,3720243,51376,96.65482413513514,41,61,9,0,17,89,4,1,19,0,90
2011-08-10 15:33:35,Attack,105,0,108,1024636,16920,3874335,46687,92.19486838888889,41,59,8,0,6,96,6,0,14,1,92
2011-08-10 15:33:36,Attack,95,0,96,1104079,15327,3374593,10745,94.95936283333333,34,54,8,0,10,83,1,2,7,1,88
2011-08-10 15:33:37,Attack,113,0,115,1258450,4657,3580864,67412,74.90998419130436,42,68,5,0,19,90,6,0,14,3,98
2011-08-10 15:33:38,Normal,99,0,99,1043937,10191,3537079,33457,104.0775560808081,33,58,8,0,12,85,2,0,6,0,93
2011-08-10 15:33:39,Attack,130,0,131,1383956,19381,4990630,39110,90.80414833587787,42,81,8,0,19,110,2,0,13,0,117
2011-08-10 15:33:40,Attack,141,0,142,1374880,17195,4948596,17634,82.23598630985914,53,84,5,0,14,124,4,0,16,2,124
2011-08-10 15:33:41,Attack,116,0,119,1017205,17566,4687248,13744,65.59453640336135,31,81,7,0,13,97,9,0,25,2,92
2011-08-10 15:33:42,Normal,118,3,121,1261244,16882,4452564,61349,72.61220954545455,52,57,12,0,6,112,3,0,16,3,102
2011-08-10 15:33:43,Attack,99,0,104,1348298,17038,3373206,18754,93.45315827884616,36,55,13,0,14,83,7,0,9,3,91
2011-08-10 15:33:44,Normal,110,0,110,1493751,36646,4373348,14392,58.41641069999999,33,71,6,0,20,88,2,0,2,3,105
2011-08-10 15:33:45,Attack,106,0,107,1148650,16495,4085616,17181,75.81467971028037,41,62,4,0,12,89,6,0,14,0,93
2011-08-10 15:33:46,Attack,180,0,182,1947999,21855,8027141,60528,38.1220830054945,34,140,8,0,40,126,16,0,51,10,121
2011-08-10 15:33:47,Normal,137,0,137,1183069,4966,5560630,62820,23.23716166423358,39,91,7,0,25,108,4,0,32,6,99
2011-08-10 15:33:48,Attack,135,6,142,1628594,18346,5753600,37036,41.04333334507042,48,88,6,0,21,118,3,0,18,5,119
2011-08-10 15:33:49,Normal,183,0,183,1434444,22852,7627484,49498,71.94985444262295,37,138,8,0,17,157,9,0,16,9,158
2011-08-10 15:33:50,Attack,178,0,180,1238171,22044,6960980,61719,56.1941001388889,43,130,7,0,27,151,2,0,28,11,140
2011-08-10 15:33:51,Attack,208,1,211,1845765,22170,9052566,59329,31.019352824644553,47,159,5,0,42,156,13,0,48,14,149
2011-08-10 15:33:52,Attack,151,3,157,1150902,8059,6049507,54084,57.8439735477707,45,105,7,0,21,133,3,0,24,8,125
2011-08-10 15:33:53,Attack,98,0,99,1006987,17277,3563714,25513,51.029536171717176,38,54,7,0,17,81,1,0,12,2,85
2011-08-10 15:33:54,Attack,136,0,137,1569508,61076,5593816,59777,76.51337680291972,33,94,10,0,25,107,5,0,19,2,116
2011-08-10 15:33:55,Attack,93,0,94,1303054,17140,3575850,24224,38.49691212765957,34,55,5,0,14,76,4,0,10,3,81
2011-08-10 15:33:56,Attack,111,0,113,1173858,17423,4134005,59358,70.611567539823,39,65,9,0,14,96,3,0,11,0,102
2011-08-10 15:33:57,Normal,86,0,86,1057920,27844,3689935,14134,59.84602623255814,42,36,8,0,8,74,4,0,7,1,77
2011-08-10 15:33:58,Attack,105,0,107,1154588,33468,4120382,60532,47.04231028037383,42,54,11,0,9,93,5,0,8,2,97
2011-08-10 15:33:59,Normal,107,0,107,943400,16874,3933873,30822,107.9909236635514,37,58,12,0,7,99,1,0,7,3,96
2011-08-10 15:34:00,Attack,114,0,116,1582816,55387,4171875,13363,93.80180279310345,36,73,7,0,24,85,7,0,14,0,101
2011-08-10 15:34:01,Normal,97,0,97,931099,16602,3969014,60899,54.223478020618565,41,49,7,0,12,83,2,0,11,1,85
2011-08-10 15:34:02,Attack,96,3,100,1220029,17278,4016722,45011,40.78676985000001,35,59,6,0,15,76,9,0,17,2,81
2011-08-10 15:34:03,Attack,133,0,134,1313619,19951,5130143,56120,84.12125904477612,46,79,9,0,22,109,3,0,33,3,98
2011-08-10 15:34:04,Attack,123,0,129,1495148,71117,5064834,1614,40.389796689922484,39,86,4,0,18,101,10,0,25,3,101
2011-08-10 15:34:05,Attack,121,0,122,1389764,3388,5078469,34922,90.75010815573772,36,82,4,0,17,105,0,0,11,2,109
2011-08-10 15:34:06,Normal,116,0,116,1012427,59092,4541516,59696,40.09833189655173,34,74,8,0,14,95,7,0,22,2,92
2011-08-10 15:34:07,Attack,123,0,124,1377673,3261,4889661,50002,97.90404271774193,45,70,9,0,15,103,6,0,17,2,104
2011-08-10 15:34:08,Attack,120,0,121,1273702,4757,4412079,25847,90.61828885950413,52,55,14,0,10,108,3,0,10,2,108
2011-08-10 15:34:09,Attack,82,0,83,1085936,15310,3431641,58816,30.602393915662653,40,39,4,0,15,66,2,0,8,1,74
2011-08-10 15:34:10,Attack,110,0,111,1020114,19092,4120367,8598,46.625535891891886,41,62,8,0,15,92,4,0,15,0,96
2011-08-10 15:34:11,Attack,154,2,157,1236437,19593,6429898,19636,43.70508814012739,44,103,10,0,30,123,4,0,25,0,132
2011-08-10 15:34:12,Normal,126,3,129,1333049,8788,4573146,52930,92.19807278294574,42,82,5,0,19,103,7,0,25,2,102
2011-08-10 15:34:13,Attack,155,0,159,1359713,12540,6382097,34556,49.95943750314465,33,113,13,0,24,129,6,0,17,1,141
2011-08-10 15:34:14,Attack,125,0,229,1258965,58820,5216195,14134,25.50358789956332,44,179,6,0,20,145,64,0,7,1,221
2011-08-10 15:34:15,Attack,184,0,271,1171393,22246,8445769,2077,31.310413937269377,44,220,7,0,62,127,82,0,79,0,192
2011-08-10 15:34:16,Attack,100,0,101,1104318,3494,3667900,52727,70.60340726732673,38,56,7,0,15,84,2,0,16,3,82
2011-08-10 15:34:17,Attack,153,0,154,2043012,19137,5578561,9676,90.83926864285714,45,95,14,0,31,116,7,0,21,5,127
2011-08-10 15:34:18,Attack,147,0,148,1139790,21367,6184538,56070,35.064874743243244,34,104,10,0,23,119,6,0,28,0,120
2011-08-10 15:34:19,Normal,108,9,117,1166727,3985,4400797,63672,54.85694574358974,46,62,9,0,14,96,7,0,19,1,97
2011-08-10 15:34:20,Attack,188,0,193,1354049,9696,8289677,2496,58.006956953367876,47,144,2,0,14,129,50,0,61,1,131
2011-08-10 15:34:21,Attack,205,0,208,1867078,23777,9020486,37654,73.00658851923077,38,166,4,0,71,125,12,0,68,3,137
2011-08-10 15:34:22,Normal,119,3,122,1334456,63434,5127452,14134,73.61275343442624,35,83,4,0,15,98,9,0,19,1,102
2011-08-10 15:34:23,Attack,118,0,121,1102514,18129,4807344,25489,41.60404199173554,43,69,9,0,15,103,3,0,19,3,99
2011-08-10 15:34:24,Normal,139,0,139,1464588,16673,5656730,58870,70.01684256834533,44,81,14,0,17,113,9,0,26,0,113
2011-08-10 15:34:25,Attack,147,0,150,1272763,19066,5970989,58221,60.268305973333334,33,107,10,0,16,127,7,0,16,1,133
2011-08-10 15:34:26,Attack,127,0,128,1418037,17143,5108699,34553,77.67038392187501,49,70,9,0,10,107,11,0,24,2,102
2011-08-10 15:34:27,Attack,130,0,131,1574031,3024,4687924,60131,48.07201785496184,42,83,6,0,16,106,9,0,16,4,111
2011-08-10 15:34:28,Attack,106,0,107,1161980,17553,4187310,21199,57.165902691588784,31,67,9,0,22,84,1,0,26,3,78
2011-08-10 15:34:29,Attack,139,0,140,1373834,6277,6186263,45229,58.333943964285716,28,105,7,0,25,99,16,0,31,1,108
2011-08-10 15:34:30,Attack,152,0,153,1581597,5754,5738851,55956,74.0276723137255,43,102,8,0,17,131,4,1,18,8,125
2011-08-10 15:34:31,Normal,113,0,113,1593114,16373,4150344,32869,63.739817460177,40,65,8,0,12,94,7,0,12,8,93
2011-08-10 15:34:32,Attack,162,3,166,1121970,23765,6992648,13425,49.43000035542168,39,118,9,0,8,149,8,1,9,6,150
2011-08-10 15:34:33,Normal,138,0,138,1446612,7733,5241059,53027,31.889931108695652,40,91,7,0,16,117,4,1,26,7,104
2011-08-10 15:34:34,Attack,184,0,185,1683640,29447,6706821,45927,63.67249870270271,43,136,6,0,21,135,28,1,49,6,129
2011-08-10 15:34:35,Normal,227,3,230,900410,13167,8393235,1795,22.98419688695652,40,184,6,0,46,178,6,0,52,1,177
2011-08-10 15:34:36,Attack,146,0,150,779271,23704,6709724,63979,45.890043113333334,35,112,3,0,22,117,11,0,36,0,114
2011-08-10 15:34:37,Attack,157,0,160,1437577,7425,6047250,58950,68.44120679375001,49,102,9,0,34,118,8,0,42,2,116
2011-08-10 15:34:38,Normal,108,0,108,1156100,16834,3982013,56113,86.60106572222223,47,50,11,0,14,92,1,1,16,0,91
2011-08-10 15:34:39,Normal,115,0,115,1311807,18506,4369361,13808,104.80974581739132,47,55,13,0,8,104,3,0,12,1,101
2011-08-10 15:34:40,Attack,192,0,193,1335730,70170,7853869,55400,47.51719815025907,40,145,8,0,24,146,23,0,42,3,148
2011-08-10 15:34:41,Attack,106,0,107,1034985,18867,3978368,5290,78.66404617757009,26,74,7,0,10,87,10,0,16,0,91
2011-08-10 15:34:42,Attack,100,9,110,857514,4396,3785849,59808,97.48316180000002,40,63,7,0,12,93,5,0,17,0,93
2011-08-10 15:34:43,Attack,133,0,134,998046,19088,5059204,46715,60.71422657462686,34,91,9,0,18,101,15,0,34,3,97
2011-08-10 15:34:44,Attack,161,0,164,881060,20013,6409812,49772,34.268835835365856,41,121,2,0,24,134,6,0,29,0,134
2011-08-10 15:34:45,Attack,141,0,142,802008,20892,5244611,51823,50.85470590140845,34,100,8,0,29,109,4,0,36,1,105
2011-08-10 15:34:46,Attack,157,0,159,1471119,19494,6220129,4026,39.41874479245283,57,93,9,0,18,139,2,0,28,1,130
2011-08-10 15:34:47,Normal,112,0,112,957887,39760,4255074,14134,39.178175071428576,47,57,8,0,5,106,1,0,10,1,101
2011-08-10 15:34:48,Attack,123,0,124,1139743,5025,3999125,56380,39.08155069354838,44,73,7,0,14,108,2,0,6,2,116
2011-08-10 15:34:49,Attack,120,0,121,1003089,4159,4116877,39035,51.687182892561985,36,73,12,0,11,108,2,0,24,0,97
2011-08-10 15:34:50,Attack,155,3,159,1382316,19143,6293041,53361,41.64981858490566,43,106,10,0,9,133,17,0,47,2,110
2011-08-10 15:34:51,Normal,163,0,163,1342747,51202,7013119,14134,63.698903791411034,53,102,8,0,19,134,10,0,31,1,131
2011-08-10 15:34:52,Attack,145,3,149,1219840,7723,5661708,55545,55.81805149664431,55,82,12,0,17,124,8,0,40,2,107
2011-08-10 15:34:53,Attack,109,0,110,1175103,16609,4380255,47487,52.0346599909091,42,62,6,0,12,96,2,0,12,1,96
2011-08-10 15:34:54,Normal,200,0,200,1847791,23589,9476168,22320,44.98110624,35,156,9,0,66,127,7,0,58,1,140
2011-08-10 15:34:55,Attack,103,0,105,847204,16301,3892320,3407,63.34797677142857,35,56,14,0,6,97,2,0,8,1,95
2011-08-10 15:34:56,Normal,128,0,128,1142830,6633,5255271,2671,35.8695562578125,36,88,4,0,10,113,4,1,13,1,114
2011-08-10 15:34:57,Attack,140,0,143,1274406,18941,4115007,51626,17.726541671328672,37,95,11,0,45,93,5,0,49,1,93
2011-08-10 15:34:58,Attack,102,0,104,1337924,15787,3562841,1159,72.23215399038462,36,52,16,0,18,83,3,0,8,0,96
2011-08-10 15:34:59,Normal,120,0,120,953282,64288,4375249,65413,42.06666930000001,35,65,20,0,14,96,10,0,11,2,107
2011-08-10 15:35:00,Normal,143,0,143,1049451,19245,6210591,63616,51.524044986014,41,85,17,0,25,109,9,0,26,3,114
2011-08-10 15:35:01,Normal,284,0,284,1256082,13097,14018296,63302,25.018632021126763,42,232,10,0,13,267,4,0,14,4,265
2011-08-10 15:35:02,Normal,114,3,117,1397615,16006,3905458,41081,72.78621801709401,44,63,10,0,19,94,4,0,19,3,94
2011-08-10 15:35:03,Attack,108,0,109,1276210,54361,3846131,61263,62.539057256880724,41,56,12,0,10,95,4,0,11,4,93
2011-08-10 15:35:04,Attack,110,0,112,1359049,15782,4019257,36542,116.21075430357143,38,72,2,0,21,90,1,0,9,3,100
2011-08-10 15:35:05,Attack,128,0,132,1211408,33936,4660588,60015,34.72764301515152,37,87,8,0,15,104,13,0,25,2,105
2011-08-10 15:35:06,Normal,142,0,142,1627234,4835,5567291,41353,53.08848247887324,43,90,9,0,18,114,10,0,29,3,110
2011-08-10 15:35:07,Attack,110,0,111,1327816,16903,4165009,36318,90.62291375675676,38,69,4,0,21,84,6,0,23,1,87
2011-08-10 15:35:08,Attack,120,0,121,1076957,17590,4863977,46967,81.9841572892562,52,62,7,0,20,99,2,0,22,1,98
2011-08-10 15:35:09,Attack,115,3,119,1554535,16492,4031132,17613,57.1700471764706,41,68,10,0,23,93,3,0,18,3,98
2011-08-10 15:35:10,Attack,164,0,165,1771094,7483,6024358,39311,49.922036460606066,32,116,17,0,35,119,11,0,34,2,129
2011-08-10 15:35:11,Normal,150,4,154,1190394,4937,6049038,56662,50.689670246753245,43,101,10,0,18,134,2,0,23,3,128
2011-08-10 15:35:12,Attack,125,3,129,1111344,5097,5398762,29391,48.44729979069767,30,86,13,0,12,111,6,0,19,1,109
2011-08-10 15:35:13,Normal,185,0,185,1356419,8291,8728193,55742,48.8327234864865,34,141,10,0,15,166,4,0,13,0,172
2011-08-10 15:35:14,Attack,108,1,113,1327561,30711,4252963,59689,39.357335035398236,39,71,3,0,19,92,2,0,13,1,99
2011-08-10 15:35:15,Normal,104,22,126,1482083,16643,4703433,44565,33.01112444444445,48,68,10,0,8,116,2,0,4,3,118
2011-08-10 15:35:16,Attack,110,4,115,1079952,15984,4444251,6532,31.4166638,54,53,8,0,11,104,0,0,7,1,107
2011-08-10 15:35:17,Normal,91,0,91,1420106,15390,3626810,44050,33.965362450549456,33,47,11,0,17,72,2,0,5,1,85
2011-08-10 15:35:18,Attack,122,0,125,1462629,16509,5029637,57721,79.007618544,45,72,8,0,16,105,4,0,11,0,114
2011-08-10 15:35:19,Attack,99,0,100,1338698,14767,3562299,22715,70.22125438,43,46,11,0,7,91,2,0,9,1,90
2011-08-10 15:35:20,Attack,128,0,130,1299681,17659,4835979,33721,52.679543630769224,46,78,6,0,22,103,5,0,23,3,104
2011-08-10 15:35:21,Normal,129,3,132,1171520,19337,5293296,35122,32.26523481818182,39,91,2,0,20,104,8,0,28,3,101
2011-08-10 15:35:22,Attack,132,3,136,907163,19883,4812960,50654,52.2082678014706,44,85,7,0,17,111,8,0,25,0,110
2011-08-10 15:35:23,Normal,113,0,113,1039905,17114,4417801,15814,64.50933483185841,42,66,5,0,10,98,5,0,11,4,98
2011-08-10 15:35:24,Normal,137,0,137,1286884,18487,4851707,27917,50.05721086131387,40,94,3,0,14,110,12,1,24,3,110
2011-08-10 15:35:25,Normal,117,0,117,1355452,17943,4030936,14801,86.81859822222223,45,65,7,0,15,95,7,0,22,3,92
2011-08-10 15:35:26,Attack,115,0,119,1202568,4638,4111003,66304,75.83548742016806,35,73,11,0,16,95,8,0,19,1,99
2011-08-10 15:35:27,Attack,116,0,117,1122597,19410,4444165,10542,46.533963641025636,39,74,4,0,6,101,10,0,14,0,103
2011-08-10 15:35:28,Attack,104,0,106,1321761,17489,3940210,29124,57.85742689622641,37,60,9,0,16,84,6,0,17,4,85
2011-08-10 15:35:29,Attack,102,0,103,1051094,4898,3911424,30649,59.90166583495146,39,52,12,0,14,87,2,0,22,0,81
2011-08-10 15:35:30,Attack,114,0,115,1362885,2869,3985615,55772,61.494805269565234,51,55,9,0,15,97,2,1,18,3,93
2011-08-10 15:35:31,Attack,107,0,139,1142057,17417,4093223,5973,41.83594374100719,44,85,10,0,10,103,26,0,14,3,122
2011-08-10 15:35:32,Attack,106,3,133,1032199,19397,3901711,7184,39.246953947368425,38,88,7,0,17,98,16,2,10,3,118
2011-08-10 15:35:33,Attack,93,0,94,740268,18013,3357252,14129,51.67782273404256,34,51,9,0,3,86,4,1,11,2,80
2011-08-10 15:35:34,Normal,107,0,107,1069832,18403,4069691,42973,37.93475709345795,40,59,8,0,4,99,4,0,12,3,92
2011-08-10 15:35:35,Attack,99,0,100,840011,16904,4059241,16844,47.46697494,38,56,6,0,6,86,8,0,19,0,81
2011-08-10 15:35:36,Attack,89,0,90,889844,2899,3356313,59911,46.66228273333334,33,50,7,0,9,75,6,0,15,1,74
2011-08-10 15:35:37,Attack,108,0,111,814149,17556,4275463,23961,83.79431669369369,41,62,8,0,7,100,4,0,15,0,96
2011-08-10 15:35:38,Attack,87,0,91,1081735,16393,3132453,62852,73.68243548351649,42,46,3,0,15,71,5,0,15,2,74
2011-08-10 15:35:39,Attack,147,0,153,873341,21303,6121743,53256,37.99180533333333,40,105,8,0,6,129,18,0,26,0,126
2011-08-10 15:35:40,Attack,124,0,126,1081557,18345,3931737,66240,89.07600601587302,37,83,6,0,23,90,13,0,30,1,95
2011-08-10 15:35:41,Attack,104,0,110,1201770,4239,4025744,41804,70.5987845,41,61,8,0,13,93,4,0,11,1,98
2011-08-10 15:35:42,Attack,108,3,112,795656,18188,4097790,37223,57.08329577678571,31,75,6,0,19,87,6,0,22,1,89
2011-08-10 15:35:43,Normal,84,0,84,663926,15890,2691666,11278,54.00871378571429,31,46,7,0,16,65,1,2,23,0,61
2011-08-10 15:35:44,Attack,84,0,88,589344,18061,3350934,46657,75.48093944318181,29,53,6,0,11,69,8,0,17,0,71
2011-08-10 15:35:45,Normal,133,0,133,631061,19862,5383044,33211,48.429088030075185,39,86,8,0,7,111,15,0,24,0,109
2011-08-10 15:35:46,Attack,105,0,106,1323554,16845,3423833,20900,68.96666367924529,39,64,3,0,21,79,6,0,21,2,83
2011-08-10 15:35:47,Attack,134,0,137,1412748,4939,5245630,59659,63.89874543065692,40,87,10,0,23,107,7,0,25,2,110
2011-08-10 15:35:48,Attack,203,0,207,1028310,22551,9570524,36812,40.31587132850242,31,169,7,0,18,182,7,0,18,0,188
2011-08-10 15:35:49,Attack,133,0,138,1241177,41758,4084558,13617,73.07408444202899,32,91,15,0,30,96,10,2,32,1,104
2011-08-10 15:35:50,Attack,108,0,111,1027516,16449,3591717,32400,66.7651251891892,40,61,10,0,11,100,0,0,10,3,98
2011-08-10 15:35:51,Attack,101,3,124,1051445,28453,3996631,13362,47.47367213709678,45,70,9,0,30,91,3,0,18,1,105
2011-08-10 15:35:52,Attack,128,3,143,1216021,19536,5330347,33431,52.00817018881119,45,93,5,0,21,115,7,0,24,3,116
2011-08-10 15:35:53,Attack,104,0,106,727097,16674,3748295,9597,48.01029972641508,45,57,4,0,11,91,4,0,16,2,88
2011-08-10 15:35:54,Normal,91,0,91,1004118,2818,2953582,52641,107.21308686813187,49,35,7,0,10,77,4,0,20,1,70
2011-08-10 15:35:55,Normal,163,0,163,2247363,18157,5223779,25346,98.11583289570551,57,94,12,0,36,116,11,0,36,4,122
2011-08-10 15:35:56,Attack,109,0,114,1216347,3742,3940349,62632,70.56548751754386,39,64,11,0,15,95,4,0,16,1,97
2011-08-10 15:35:57,Attack,107,0,110,1010463,10837,3867657,66577,22.939725209090913,40,66,4,0,15,92,3,0,13,2,95
2011-08-10 15:35:58,Attack,156,1,159,1606895,5816,5538052,58326,58.01266990566038,41,107,11,0,26,127,6,0,23,4,132
2011-08-10 15:35:59,Attack,130,0,131,1318979,7549,4345533,35382,59.39713958015267,34,90,7,0,36,86,9,0,33,0,98
2011-08-10 15:36:00,Attack,113,0,117,1241642,2796,3803664,62869,51.18342385470085,46,60,11,0,17,95,3,2,19,3,95
2011-08-10 15:36:01,Attack,150,0,151,1645629,19375,5389230,43480,31.21635158278145,41,99,11,0,36,109,5,1,26,2,123
2011-08-10 15:36:02,Attack,138,3,143,933666,6165,6541687,54851,47.65160142657342,30,110,3,0,14,123,5,1,17,3,123
2011-08-10 15:36:03,Attack,117,16,134,1469024,18145,4864281,7241,42.28294871641791,41,82,11,0,18,104,12,0,21,0,113
2011-08-10 15:36:04,Attack,107,0,108,905180,51385,3927592,13486,55.30021766666667,31,70,7,0,15,91,2,0,23,0,85
2011-08-10 15:36:05,Attack,115,0,120,1230654,17329,4234622,7290,58.19897943333333,34,78,8,0,14,100,6,0,21,1,98
2011-08-10 15:36:06,Attack,181,0,184,1052882,15226,4884709,14393,47.68698548369566,38,137,9,0,66,110,8,0,75,2,107
2011-08-10 15:36:07,Normal,111,0,111,1147032,16771,4060638,26507,31.149140306306304,39,68,4,0,15,88,8,0,18,2,91
2011-08-10 15:36:08,Attack,129,0,133,1411430,19986,4891671,32845,63.73036604511278,50,76,7,0,19,100,14,0,26,1,106
2011-08-10 15:36:09,Attack,150,0,152,1413385,5792,5692860,43941,58.346852743421046,36,102,14,0,30,113,9,0,30,1,121
2011-08-10 15:36:10,Attack,102,0,104,1114712,16318,3494105,57506,73.36870333653846,40,55,9,0,15,85,4,0,11,3,89
2011-08-10 15:36:11,Attack,102,0,103,1453229,16736,3266462,9176,32.83785609708737,28,64,11,0,18,82,3,0,13,3,87
2011-08-10 15:36:12,Attack,118,3,124,1452066,16466,4514678,20258,44.212462572580634,44,68,12,0,14,102,8,0,16,1,106
2011-08-10 15:36:13,Attack,111,0,112,1880248,15683,3417087,13984,75.32081625000001,50,54,8,0,21,88,3,0,11,4,97
2011-08-10 15:36:14,Attack,110,0,112,1277964,18117,3789720,27962,48.21283064285715,45,59,8,0,11,98,3,0,12,3,96
2011-08-10 15:36:15,Attack,107,0,110,1330535,17132,3724111,33847,62.72203320909091,32,71,7,0,14,92,4,0,12,3,95
2011-08-10 15:36:16,Attack,106,0,107,1125067,54166,3923438,14459,46.80762026168225,45,57,5,0,13,86,8,0,17,1,89
2011-08-10 15:36:17,Attack,101,0,105,1019316,16568,3842650,55797,36.71885721904762,34,67,4,0,20,73,12,0,24,0,81
2011-08-10 15:36:18,Attack,102,0,105,793180,17718,3870577,32446,49.99463411428572,38,60,7,0,8,91,6,0,12,1,92
2011-08-10 15:36:19,Attack,140,2,145,1533984,21939,5264682,36214,48.961570875862066,41,98,6,0,23,113,8,1,41,2,102
2011-08-10 15:36:20,Normal,147,0,147,943159,20289,6551959,38427,41.37280376190476,31,110,6,0,17,120,10,0,26,2,119
2011-08-10 15:36:21,Attack,127,0,130,1370760,5987,4368369,44083,45.259225330769226,39,83,8,0,24,99,7,0,18,3,108
2011-08-10 15:36:22,Attack,126,6,136,1524911,18578,4912510,28548,59.02277983088236,44,79,13,0,17,111,8,0,20,1,115
2011-08-10 15:36:23,Attack,110,0,111,1277780,16782,3724355,58513,47.47949472972972,42,60,9,0,15,95,1,0,18,3,90
2011-08-10 15:36:24,Attack,108,0,110,1435102,2998,3582296,53837,55.74349268181819,34,67,9,0,25,83,2,0,19,1,90
2011-08-10 15:36:25,Attack,134,0,135,1485583,18348,4600138,58311,75.63878373333333,43,79,13,0,23,108,4,0,13,2,120
2011-08-10 15:36:26,Normal,135,0,135,1309103,5146,4999741,55578,35.8353623037037,46,79,10,0,17,109,9,0,28,2,105
2011-08-10 15:36:27,Attack,94,0,97,1239848,15667,2813550,47550,111.92536442268039,39,51,7,0,26,70,1,0,16,1,80
2011-08-10 15:36:28,Attack,118,0,119,1099965,5776,4297429,51315,42.46587442016807,42,68,9,0,17,96,6,0,16,3,100
2011-08-10 15:36:29,Attack,118,0,121,1270805,18170,4061512,8712,77.99360321487602,53,58,10,0,8,108,5,0,12,1,108
2011-08-10 15:36:30,Attack,107,0,108,1093528,16527,4012789,48678,88.84863189814816,36,62,10,0,10,92,3,3,11,2,91
2011-08-10 15:36:31,Attack,115,0,117,1332060,10198,4479309,6224,56.08100930769231,42,68,7,0,21,93,3,0,19,1,96
2011-08-10 15:36:32,Attack,121,3,126,1417431,39717,4343036,59777,75.85963541269841,41,78,7,0,21,102,2,1,16,1,108
2011-08-10 15:36:33,Attack,119,0,121,1579638,16506,3977088,5789,51.42990943801652,41,64,16,0,17,92,11,1,26,3,89
2011-08-10 15:36:34,Attack,109,1,112,1072928,16638,4100416,19752,82.796642625,39,67,6,0,23,85,4,0,21,2,89
2011-08-10 15:36:35,Attack,143,0,145,1207528,19062,5764229,5275,62.041736062068956,44,96,5,0,24,121,0,0,19,0,126
2011-08-10 15:36:36,Attack,106,0,108,1062202,16195,3930756,10301,102.59998887037038,36,62,10,0,13,94,1,0,12,1,95
2011-08-10 15:36:37,Normal,128,0,128,1149289,19408,4960478,61415,73.35956273437499,38,82,8,0,37,87,4,0,36,0,92
2011-08-10 15:36:38,Normal,131,0,131,1249881,18277,4890305,3710,74.02712423664123,42,80,9,0,16,108,7,0,20,2,108
2011-08-10 15:36:39,Normal,102,0,102,976416,17771,3958532,16793,63.093660833333345,28,61,13,0,20,81,1,0,13,0,89
2011-08-10 15:36:40,Attack,111,0,114,1578989,16938,3567520,3526,53.716073307017545,46,61,7,0,23,86,5,0,8,3,103
2011-08-10 15:36:41,Attack,124,0,127,709309,41443,5328512,3476,40.091842637795295,26,89,12,0,14,109,4,0,18,1,107
2011-08-10 15:36:42,Attack,118,3,124,1643060,4526,3661993,51949,74.2884278467742,33,87,4,0,26,86,12,0,12,0,111
2011-08-10 15:36:43,Attack,181,0,183,1302465,17397,7597410,16447,70.88916749726775,44,131,8,0,31,129,23,0,49,4,130
2011-08-10 15:36:44,Attack,155,0,156,1149449,20431,4732298,30670,74.01926122435897,47,102,7,0,25,101,30,0,54,3,99
2011-08-10 15:36:45,Attack,171,0,172,1557235,5884,7129252,41815,46.451861011627905,44,124,4,0,20,146,6,0,21,4,147
2011-08-10 15:36:46,Normal,178,0,178,747026,22992,7401257,62790,38.44613925280898,39,137,2,0,16,141,21,0,43,3,131
2011-08-10 15:36:47,Attack,132,0,135,1433223,17242,4709876,42052,88.85489458518519,47,78,10,0,17,115,3,0,18,1,116
2011-08-10 15:36:48,Normal,133,0,133,1110443,18497,4610592,20871,28.638026353383463,31,86,16,0,17,108,8,0,18,3,112
2011-08-10 15:36:49,Attack,114,0,116,1239268,17555,2968038,15621,23.664657844827587,54,55,7,0,11,97,8,0,21,19,76
2011-08-10 15:36:50,Attack,96,0,98,996488,3553,3452606,41029,64.93108696938775,37,55,6,0,11,84,3,0,10,2,86
2011-08-10 15:36:51,Attack,124,0,128,1422415,4578,3824415,5075,60.83395875,46,75,7,0,23,99,6,0,25,0,103
2011-08-10 15:36:52,Attack,112,3,116,1286826,4540,4267944,59633,130.19197481034482,44,64,8,0,15,88,13,0,22,0,94
2011-08-10 15:36:53,Attack,131,3,135,1866378,18231,4319102,30234,90.42658517037037,45,82,8,0,33,97,5,0,12,4,118
2011-08-10 15:36:54,Attack,100,0,104,1091946,3477,3372623,52732,72.26660859615384,39,59,6,0,13,88,2,1,7,3,94
2011-08-10 15:36:55,Normal,118,0,118,1525491,15423,4211512,19852,19.124904703389838,49,60,9,0,5,110,3,0,16,2,100
2011-08-10 15:36:56,Attack,131,0,135,1592779,4062,4399521,8465,48.691780955555565,39,84,12,0,22,107,6,0,21,3,111
2011-08-10 15:36:57,Normal,121,0,121,1444795,2946,4336813,1153,65.13510611570248,47,59,15,0,16,100,5,0,9,2,109
2011-08-10 15:36:58,Normal,130,0,130,1236586,20089,5369901,34622,50.742425007692304,40,84,6,0,31,94,5,0,34,0,95
2011-08-10 15:36:59,Attack,108,0,110,986816,17639,4015069,65105,23.18558272727273,40,64,6,0,12,93,5,0,24,0,86
2011-08-10 15:37:00,Attack,259,0,260,2171291,22545,11207042,13374,39.203453153846155,45,208,7,0,28,228,4,0,9,6,244
2011-08-10 15:37:01,Attack,114,0,119,1414143,4535,4236359,60586,68.22951962184874,44,67,8,0,18,97,4,0,20,0,99
2011-08-10 15:37:02,Attack,113,3,117,986010,7094,4050167,49564,55.69523664957265,33,72,12,0,15,97,5,0,27,2,88
2011-08-10 15:37:03,Attack,177,0,180,1295526,27335,5084264,36586,38.2285979,46,126,8,0,49,123,8,0,62,4,114
2011-08-10 15:37:04,Normal,107,0,107,1048249,5265,3507624,49816,59.56015951401869,45,59,3,0,18,83,6,0,19,1,87
2011-08-10 15:37:05,Attack,115,0,117,1395697,4267,3579893,51861,59.09212045299145,38,72,7,0,27,82,8,0,21,5,91
2011-08-10 15:37:06,Normal,110,0,110,955096,16390,3930307,7341,80.99111642727274,36,65,9,0,12,96,2,0,15,2,91
2011-08-10 15:37:07,Normal,96,0,96,1227300,3161,3331147,51192,83.859486625,27,59,10,0,12,81,3,0,8,0,88
2011-08-10 15:37:08,Attack,114,4,120,1112207,16912,4582444,11401,77.37819909166666,33,75,12,0,10,110,0,0,16,1,102
2011-08-10 15:37:09,Attack,133,0,135,1553098,17556,4351105,42559,58.341788585185185,43,86,6,0,14,119,2,0,9,2,123
2011-08-10 15:37:10,Attack,131,0,134,1902541,18132,4572021,12955,91.79611602985075,31,94,9,0,20,109,5,0,12,1,120
2011-08-10 15:37:11,Attack,138,0,143,1490818,19859,5068019,22402,58.87543798601399,46,89,8,0,25,105,13,0,31,0,112
2011-08-10 15:37:12,Attack,110,3,114,1409116,2540,3718339,55375,74.59933309649122,38,68,8,0,21,85,8,0,14,5,95
2011-08-10 15:37:13,Attack,104,0,105,1392649,9543,3279637,3323,54.190983390476184,37,61,7,0,20,82,3,0,11,3,91
2011-08-10 15:37:14,Attack,125,0,126,1109326,5591,4838736,10840,42.428338841269856,37,83,6,0,11,110,5,0,7,0,119
2011-08-10 15:37:15,Attack,136,0,140,1696845,20365,5026591,65257,58.07052675714286,42,89,9,0,33,103,4,0,19,0,120
2011-08-10 15:37:16,Normal,113,0,113,1419631,15973,4147054,48437,81.7351502920354,48,51,14,0,10,100,3,0,8,3,101
2011-08-10 15:37:17,Attack,94,0,96,1456840,15134,3197348,55262,43.644471166666655,40,50,6,0,17,72,7,0,14,0,82
2011-08-10 15:37:18,Normal,94,0,94,683152,16985,3574975,17204,21.561704138297877,36,53,5,0,7,84,3,0,14,0,80
2011-08-10 15:37:19,Attack,121,0,122,1142712,19453,4193054,52617,54.228259024590166,37,77,8,0,17,95,10,0,19,1,101
2011-08-10 15:37:20,Attack,136,0,137,1263521,19166,4624567,12260,46.17040861313868,50,79,8,0,17,113,7,0,31,2,104
2011-08-10 15:37:21,Attack,135,0,136,1412302,60660,5349690,854,39.737642676470585,48,72,16,0,19,114,3,0,19,0,117
2011-08-10 15:37:22,Attack,97,3,101,1030283,4404,3708814,55471,61.467611306930685,26,63,12,0,10,87,4,0,19,2,80
2011-08-10 15:37:23,Attack,173,5,181,1714665,21196,7287456,62314,84.31755632596685,42,133,6,0,26,121,34,0,48,3,130
2011-08-10 15:37:24,Attack,130,0,132,1243898,5775,4299381,1130,34.27427241666666,34,91,7,0,22,103,7,0,22,0,110
2011-08-10 15:37:25,Attack,100,0,101,841620,17471,3571659,9836,47.77329853465346,35,54,12,0,8,89,4,0,9,1,91
2011-08-10 15:37:26,Attack,136,0,138,1812755,4214,4928893,50608,47.652008557971016,47,79,12,0,22,111,5,0,17,2,119
2011-08-10 15:37:27,Attack,97,0,101,993904,16240,3335901,4204,68.2964830891089,44,50,7,0,8,89,4,0,14,2,84
2011-08-10 15:37:28,Attack,108,0,109,1059224,2885,4030322,54968,57.22998936697249,47,55,7,0,11,94,4,0,12,1,96
2011-08-10 15:37:29,Attack,94,0,95,947842,17017,3598046,6550,41.85138075789474,36,51,8,0,4,83,8,0,11,1,83
2011-08-10 15:37:30,Attack,133,0,134,1158938,18885,4784722,14959,53.79814906716418,49,76,9,0,11,102,20,1,40,1,92
2011-08-10 15:37:31,Normal,221,0,221,930700,70844,9681065,26574,32.91638549321267,34,179,8,0,11,195,14,1,29,2,188
2011-08-10 15:37:32,Attack,119,3,126,724323,7326,5300483,56819,40.56469743650794,38,82,6,0,9,112,5,0,17,0,109
2011-08-10 15:37:33,Attack,114,0,115,954521,46351,4268934,13442,42.788755591304344,37,65,13,0,4,107,3,1,13,0,101
2011-08-10 15:37:34,Attack,131,0,132,1117780,20304,4931997,31316,34.67189320454545,34,82,16,0,19,105,8,0,23,1,108
2011-08-10 15:37:35,Attack,171,0,174,1470683,8047,6329798,55663,73.46920719540229,40,127,7,0,32,127,14,1,39,5,128
2011-08-10 15:37:36,Attack,151,0,154,1354087,5730,5003464,5635,48.910460344155844,37,105,12,0,34,110,10,0,38,1,115
2011-08-10 15:37:37,Attack,85,0,86,852287,16805,2807981,22000,49.74956194186047,33,44,9,0,5,79,1,1,12,0,73
2011-08-10 15:37:38,Normal,94,0,94,1215288,2524,3294499,1995,46.60380619148937,27,58,9,0,16,73,5,0,10,1,83
2011-08-10 15:37:39,Normal,129,0,129,976388,20314,5368836,12564,33.89612248837209,46,76,7,0,11,115,3,0,17,2,109
2011-08-10 15:37:40,Attack,150,6,157,1112858,7201,6907885,1996,45.880077280254774,35,114,8,0,10,118,29,0,41,3,113
2011-08-10 15:37:41,Attack,129,4,136,1165796,6255,4573571,59880,42.634521029411765,41,84,11,0,25,105,6,0,34,2,100
2011-08-10 15:37:42,Attack,129,3,133,1178561,18869,4490591,32683,57.870018812030075,37,87,9,0,26,103,4,0,32,3,98
2011-08-10 15:37:43,Attack,119,0,120,1375569,16895,3809141,10125,45.26541449166666,51,60,9,0,14,103,3,0,19,8,93
2011-08-10 15:37:44,Attack,104,0,106,1013154,3750,3740540,40061,76.81870383962263,31,71,4,0,11,93,2,0,12,3,91
2011-08-10 15:37:45,Attack,123,0,128,856540,6233,4960839,41228,40.6843114296875,48,72,8,0,9,116,3,0,17,0,110
2011-08-10 15:37:46,Attack,118,6,125,1321578,50096,4721809,4423,49.81806569599999,37,79,9,0,23,99,3,0,23,5,97
2011-08-10 15:37:47,Attack,121,0,122,1177026,19135,4718708,18298,60.22943275409837,51,60,11,0,6,114,2,0,14,1,107
2011-08-10 15:37:48,Normal,85,0,85,1028802,2709,3372313,39965,57.44329136470587,29,49,7,0,11,68,6,0,15,1,69
2011-08-10 15:37:49,Attack,132,0,133,1547519,4105,4668224,62457,62.78587372180452,54,69,10,0,9,123,1,0,8,3,122
2011-08-10 15:37:50,Attack,143,0,144,1037889,5622,5679367,52765,58.96563175000001,33,102,9,0,20,120,4,0,23,1,120
2011-08-10 15:37:51,Attack,100,0,101,868574,16432,4082383,25076,36.58540283168317,36,55,10,0,6,93,2,0,7,0,94
2011-08-10 15:37:52,Attack,101,3,105,1010084,18950,3631687,23303,28.4037086,42,57,6,0,10,91,4,0,13,2,90
2011-08-10 15:37:53,Attack,77,3,84,509198,16279,2891027,7197,20.942280488095236,27,51,6,0,8,72,4,0,12,0,72
2011-08-10 15:37:54,Attack,94,0,95,1407565,5488,3147200,13371,66.16752253684211,30,55,10,0,18,73,4,0,12,1,82
2011-08-10 15:37:55,Attack,115,0,118,1107127,48942,4361705,66194,63.924078483050835,50,62,6,0,7,108,3,0,12,2,103
2011-08-10 15:37:56,Attack,92,0,96,1060527,17503,2957676,25197,55.57156979166667,41,50,5,0,12,78,6,0,22,2,72
2011-08-10 15:37:57,Attack,97,0,98,922594,3131,3425596,32967,62.44846460204081,34,58,6,0,17,77,4,0,10,0,88
2011-08-10 15:37:58,Normal,105,0,105,1102952,16159,3724688,45424,39.4067443047619,42,55,8,0,10,93,2,0,16,2,87
2011-08-10 15:37:59,Attack,107,0,109,1444743,3749,4066702,55746,64.25478402752293,37,56,16,0,13,82,14,0,7,2,100
2011-08-10 15:38:00,Attack,131,0,134,1230243,19356,5033064,27472,35.54907603731343,41,79,14,0,15,108,11,0,14,3,117
2011-08-10 15:38:01,Attack,104,0,106,1352018,15849,3389512,51076,67.99680881132075,42,56,8,0,15,90,1,0,14,5,87
2011-08-10 15:38:02,Attack,110,3,117,1215490,5330,3671860,56082,40.66278652136752,26,85,6,0,36,75,6,0,33,4,80
2011-08-10 15:38:03,Normal,101,0,101,1091071,32903,3386169,37688,68.7110155148515,42,52,7,0,19,77,5,0,22,2,77
2011-08-10 15:38:04,Normal,107,0,107,1108519,17384,3856121,19377,69.00739015887851,36,64,7,0,8,98,1,0,14,2,91
2011-08-10 15:38:05,Attack,172,0,175,1074862,20053,7396199,8204,53.84015465714286,57,108,10,0,11,161,3,0,13,1,161
2011-08-10 15:38:06,Attack,124,0,127,940329,4617,4886940,56049,57.244312149606316,41,74,12,0,10,116,1,0,20,3,104
2011-08-10 15:38:07,Attack,214,0,219,1213671,26841,8718814,35900,35.50029909589041,54,161,4,0,34,156,29,0,89,9,121
2011-08-10 15:38:08,Attack,205,0,207,1288022,31350,7856352,9439,58.99178863285024,29,172,6,0,46,148,13,0,61,10,136
2011-08-10 15:38:09,Normal,129,0,129,989776,19358,4630340,31035,71.0411495503876,47,74,8,0,8,108,13,0,24,2,103
2011-08-10 15:38:10,Normal,117,0,117,1364453,4816,3717380,36528,45.44868908547009,38,72,7,0,15,101,1,0,14,3,100
2011-08-10 15:38:11,Attack,91,3,95,920065,17878,3429618,23727,70.79476854736842,33,54,8,0,7,82,6,0,11,2,82
2011-08-10 15:38:12,Attack,124,7,132,1044486,5463,5032262,36608,53.39217876515151,45,73,14,0,8,115,9,0,23,1,107
2011-08-10 15:38:13,Attack,86,0,87,1098810,2363,2871040,123,115.03169455172412,35,43,9,0,16,66,5,0,10,0,77
2011-08-10 15:38:14,Attack,110,0,113,1458057,17175,3585722,47228,39.94260552212389,34,69,10,0,19,88,6,0,16,5,92
2011-08-10 15:38:15,Attack,146,0,148,955495,20171,5995111,11278,42.94442177027027,45,97,6,0,10,129,9,0,28,0,120
2011-08-10 15:38:16,Attack,138,0,139,1093191,18389,5534029,12555,28.845386057553956,42,93,4,0,11,122,6,0,19,1,119
2011-08-10 15:38:17,Attack,112,0,114,1318058,5484,3705112,50680,63.57754771929825,47,63,4,0,14,98,2,0,22,2,90
2011-08-10 15:38:18,Attack,112,0,114,1061242,5368,4023277,6368,66.51064967543859,45,66,3,0,21,89,4,0,27,0,86
2011-08-10 15:38:19,Attack,110,0,113,1013624,18110,3893063,23268,51.39606585840708,37,72,4,0,24,82,7,0,31,3,79
2011-08-10 15:38:20,Attack,168,0,169,1441828,20169,6646931,45252,73.5634372662722,49,111,9,0,18,145,6,0,23,2,144
2011-08-10 15:38:21,Attack,113,0,114,1084959,17586,4140438,16104,58.362372464912276,35,67,12,0,15,92,7,0,17,1,96
2011-08-10 15:38:22,Attack,91,3,95,990124,3277,3525592,3974,62.36265427368421,32,56,7,0,10,80,5,0,18,2,75
2011-08-10 15:38:23,Attack,110,0,113,1067914,16875,4014030,57317,54.29670369911504,37,70,6,0,13,97,3,0,20,1,92
2011-08-10 15:38:24,Normal,141,3,144,894649,19215,5869217,58142,40.70170802083333,33,103,8,0,10,127,7,0,26,2,115
2011-08-10 15:38:25,Attack,122,0,123,1415991,5920,4450281,59323,58.11291914634147,49,68,6,0,7,105,11,0,18,4,101
2011-08-10 15:38:26,Normal,103,0,103,1390616,15424,3444068,20584,47.39444800970873,38,51,14,0,8,90,5,0,12,1,90
2011-08-10 15:38:27,Attack,103,0,105,1293533,2584,3486589,49638,53.60824414285715,47,45,13,0,7,93,4,1,9,1,94
2011-08-10 15:38:28,Attack,120,2,125,989425,18221,4562812,25197,24.305649528000007,40,77,8,0,10,114,1,0,22,2,101
2011-08-10 15:38:29,Attack,111,1,115,1106799,17735,4178240,62763,59.846387713043484,39,68,8,0,16,96,3,0,24,1,90
2011-08-10 15:38:30,Normal,114,0,114,1416935,4702,3688225,14132,40.4699866491228,30,82,2,0,26,84,3,1,12,2,99
2011-08-10 15:38:31,Attack,105,0,106,958310,63592,4383813,26334,42.05756171698113,35,65,6,0,13,77,16,0,29,3,73
2011-08-10 15:38:32,Normal,96,3,99,1117047,2611,3406471,43732,57.090567333333325,28,60,11,0,10,85,3,1,4,3,91
2011-08-10 15:38:33,Attack,110,0,113,1079301,4499,4020477,31743,49.719635548672564,43,56,14,0,9,102,2,0,12,3,98
2011-08-10 15:38:34,Attack,93,0,95,747362,18721,3370284,56785,30.574679105263154,36,53,6,0,7,88,0,0,12,1,82
2011-08-10 15:38:35,Attack,117,0,123,1257772,17849,4280318,30142,62.460766951219505,39,76,8,0,8,107,8,0,16,0,107
2011-08-10 15:38:36,Normal,144,0,144,1913125,19791,5151108,35123,44.84642365277778,44,89,11,0,30,110,4,0,16,1,127
2011-08-10 15:38:37,Attack,103,0,104,1099407,16330,3907733,3671,38.011292192307685,39,54,11,0,14,88,2,0,16,3,85
2011-08-10 15:38:38,Attack,164,0,165,1152543,19707,6748587,4699,28.62137295151515,40,116,9,0,18,133,11,3,31,0,131
2011-08-10 15:38:39,Attack,174,0,175,2777987,17716,6548549,30654,83.73658555428572,36,130,9,0,54,115,6,0,14,2,159
2011-08-10 15:38:40,Normal,185,0,185,866586,9909,6384410,58834,46.19146936216216,37,140,8,0,57,128,0,0,59,0,126
2011-08-10 15:38:41,Attack,134,0,136,1078645,5657,5085339,47962,47.268176985294126,35,95,6,0,26,105,5,0,23,1,112
2011-08-10 15:38:42,Attack,134,3,139,1092714,20514,5561601,48494,47.90198527338131,33,98,8,0,27,103,9,0,34,3,102
2011-08-10 15:38:43,Attack,98,0,100,1088100,15523,3364631,62447,79.41099646,48,45,7,0,13,85,2,0,14,2,84
2011-08-10 15:38:44,Attack,180,0,181,1182826,6786,5852938,53106,35.99819370165746,40,131,10,0,33,145,3,0,35,1,145
2011-08-10 15:38:45,Attack,101,0,102,1011063,16897,3655416,3317,70.64673251960782,39,54,9,0,13,86,3,0,11,0,91
2011-08-10 15:38:46,Attack,113,0,116,1237283,16371,3956249,7719,73.88946956896552,42,66,8,0,20,94,2,0,18,2,96
2011-08-10 15:38:47,Normal,120,0,120,1065699,17408,4740184,49032,37.229505425,37,73,10,0,14,106,0,0,11,3,106
2011-08-10 15:38:48,Attack,166,0,168,1077923,23072,6550957,37147,66.99404486309524,44,109,15,0,17,137,14,0,36,3,129
2011-08-10 15:38:49,Attack,156,0,157,2080172,18931,4813762,15241,73.1286473566879,51,97,9,0,30,123,4,0,26,3,128
2011-08-10 15:38:50,Attack,144,0,147,1133443,18496,4796659,49534,53.2883667414966,57,83,7,0,26,118,3,0,27,3,117
2011-08-10 15:38:51,Attack,146,0,147,922275,20390,6181719,57237,65.92414126530613,37,106,4,0,31,102,14,0,45,5,96
2011-08-10 15:38:52,Attack,172,3,177,1048969,23232,6298242,64944,34.181344581920904,47,125,5,0,18,152,7,0,44,2,131
2011-08-10 15:38:53,Normal,107,0,107,914380,5105,3690266,2595,20.186666252336448,42,60,5,0,15,86,6,0,23,4,80
2011-08-10 15:38:54,Normal,110,3,113,1008208,6188,4006274,52540,32.55944780530973,30,74,9,0,15,90,8,0,27,3,83
2011-08-10 15:38:55,Normal,126,0,126,1064758,18295,4381453,18275,48.31787071428572,49,72,5,0,12,108,6,0,23,2,101
2011-08-10 15:38:56,Attack,156,0,160,1213747,22849,5135907,10875,58.93714719375,38,117,5,0,51,103,6,0,48,1,111
2011-08-10 15:38:57,Attack,145,0,146,1093569,23933,5254968,5695,38.606764369863015,33,100,13,0,44,99,3,0,47,0,99
2011-08-10 15:38:58,Attack,124,0,127,942786,19848,4350392,33559,56.85911424409449,40,81,6,0,27,97,3,0,30,0,97
2011-08-10 15:38:59,Attack,143,0,144,1598230,18988,5016708,45731,70.3723075,33,101,10,0,43,96,5,0,32,4,108
2011-08-10 15:39:00,Attack,123,0,126,1031203,24087,4719979,55118,53.91999734920636,37,83,6,0,36,87,3,0,37,2,87
2011-08-10 15:39:01,Normal,295,0,295,1326643,27285,13870747,5828,32.990959413559324,45,239,11,0,11,265,19,0,32,2,261
2011-08-10 15:39:02,Attack,131,3,137,1425183,7097,5032756,62958,26.15086684671533,41,87,9,0,20,114,2,1,13,4,120
2011-08-10 15:39:03,Normal,132,0,132,1423224,19254,4778007,60771,40.99012427272727,50,75,7,0,17,112,3,0,23,2,107
2011-08-10 15:39:04,Attack,97,0,98,1289986,16572,3239801,35482,34.95495429591837,38,50,10,0,15,80,3,0,14,3,81
2011-08-10 15:39:05,Attack,128,0,133,1183680,18995,4691170,5774,65.36745509774435,35,87,11,0,13,105,15,0,22,1,109
2011-08-10 15:39:06,Normal,105,0,105,784227,4106,3540429,7,60.60414482857142,29,68,8,0,12,83,10,0,26,2,76
2011-08-10 15:39:07,Attack,109,0,110,1327071,15902,3958677,58291,43.42423545454545,37,64,9,0,13,96,1,0,11,2,96
2011-08-10 15:39:08,Attack,114,0,115,1455329,17597,3979345,37456,57.34219973043478,36,71,8,0,17,95,3,0,20,1,94
2011-08-10 15:39:09,Attack,119,0,121,1699060,17566,3814862,68106,67.38123152892562,46,65,10,0,17,101,3,0,16,5,100
2011-08-10 15:39:10,Attack,137,0,138,1050748,19855,5353209,29828,70.56283215942031,42,86,10,0,20,106,12,0,33,2,102
2011-08-10 15:39:11,Attack,127,0,128,1315595,19597,4729734,20277,54.1289422734375,43,76,9,0,9,115,4,0,17,0,111
2011-08-10 15:39:12,Attack,213,3,217,1103473,29144,9016797,41008,52.41937357603686,44,168,5,0,74,127,16,0,92,1,124
2011-08-10 15:39:13,Attack,114,0,116,1090238,63028,4281475,37394,62.872333431034484,42,70,4,0,10,100,6,0,11,2,103
2011-08-10 15:39:14,Normal,101,0,101,1032608,4332,3333682,1896,44.4018796138614,28,67,6,0,13,78,10,0,23,1,77
2011-08-10 15:39:15,Normal,84,0,84,913581,3487,2681640,46347,46.163856083333336,34,45,5,0,7,75,2,0,9,1,74
2011-08-10 15:39:16,Attack,116,0,118,981885,48123,4758956,13363,62.48644816101696,42,67,9,0,24,91,3,0,31,0,87
2011-08-10 15:39:17,Attack,113,0,114,849144,17020,3893504,13824,29.841484596491227,39,64,11,0,15,95,4,0,24,1,89
2011-08-10 15:39:18,Attack,93,0,95,1279779,2734,2887958,8823,33.437733831578946,45,41,9,0,12,82,1,0,14,5,75
2011-08-10 15:39:19,Attack,138,0,139,1336534,5581,4825544,38013,53.0565037410072,36,96,7,0,26,110,3,0,27,3,109
2011-08-10 15:39:20,Attack,127,0,128,1284561,16765,4589028,43983,34.20821058593749,48,74,6,0,23,104,1,0,27,1,100
2011-08-10 15:39:21,Attack,116,0,118,1135884,7970,4397904,51438,44.05830827118644,46,64,8,0,14,99,5,0,29,1,88
2011-08-10 15:39:22,Attack,115,3,120,1447475,16654,4256076,27480,60.55031163333333,41,72,7,0,15,102,3,0,12,2,106
2011-08-10 15:39:23,Attack,98,0,100,894861,16898,3934217,48776,41.858393740000004,40,55,5,0,8,91,1,0,8,2,90
2011-08-10 15:39:24,Attack,87,3,92,912372,16997,3280852,1794,38.40409932608695,37,46,9,0,4,85,3,0,12,2,78
2011-08-10 15:39:25,Attack,95,0,96,1126046,8634,3080764,1432,46.37528551041666,37,56,3,0,6,75,15,0,14,2,80
2011-08-10 15:39:26,Attack,105,0,107,1260581,15411,3492434,36192,36.98806030841122,40,57,10,0,9,92,6,0,15,3,88
2011-08-10 15:39:27,Attack,146,0,147,1226356,7224,5616933,55285,31.11696248979592,35,97,15,0,18,114,15,0,28,4,115
2011-08-10 15:39:28,Attack,217,0,218,1625063,21396,8657821,9012,34.860892013761465,45,166,7,0,36,177,5,0,27,1,190
2011-08-10 15:39:29,Attack,127,0,130,1304018,18455,4457303,8228,57.92582682307692,42,82,6,0,25,100,5,0,29,2,99
2011-08-10 15:39:30,Attack,79,0,81,891399,2362,2438294,11543,49.06297067901234,43,29,9,0,4,73,2,2,9,2,68
2011-08-10 15:39:31,Attack,98,0,100,761259,17022,3764105,6477,51.52370002,43,53,4,0,7,89,2,2,10,1,87
2011-08-10 15:39:32,Attack,187,3,191,1263860,21851,7435872,40972,49.6915859895288,36,148,7,0,66,108,17,0,74,3,114
2011-08-10 15:39:33,Normal,216,0,216,1542184,16543,8959438,63854,34.65759902777778,51,157,8,0,33,161,21,1,46,2,167
2011-08-10 15:39:34,Attack,173,0,175,1171793,21709,7234666,13242,31.507464634285714,35,133,7,0,24,145,6,0,25,5,145
2011-08-10 15:39:35,Attack,83,3,87,1030131,46116,2759264,58222,70.9591592413793,33,51,3,0,15,71,1,0,15,3,69
2011-08-10 15:39:36,Attack,114,0,115,1136330,17560,3962045,9907,38.00197238260869,39,65,11,0,17,94,4,0,17,0,98
2011-08-10 15:39:37,Normal,121,0,121,1149903,19883,4339942,3587,61.35884216528926,50,65,6,0,12,102,7,0,24,2,95
2011-08-10 15:39:38,Attack,133,0,136,1393508,19334,4970502,31189,47.697505154411765,43,85,8,0,18,111,7,0,17,1,118
2011-08-10 15:39:39,Attack,123,0,126,1177766,18342,4622863,42813,41.84754211904762,42,73,11,0,13,109,4,0,11,0,114
2011-08-10 15:39:40,Normal,87,2,89,1155082,15135,2762762,36595,44.78790767415731,37,49,3,0,10,76,3,0,14,4,70
2011-08-10 15:39:41,Attack,100,0,102,903762,9304,3610125,52000,57.62758570588235,38,56,8,0,9,91,2,0,12,4,86
2011-08-10 15:39:42,Attack,150,3,156,1243988,73938,4538255,1807,40.55016907692308,40,105,11,0,38,111,7,0,49,5,102
2011-08-10 15:39:43,Attack,179,0,181,1493529,21717,6628816,25391,38.91411774585635,45,127,9,0,21,139,21,0,43,4,134
2011-08-10 15:39:44,Normal,99,0,99,986507,3686,3477342,59078,58.402583030303035,30,56,13,0,12,85,2,0,14,4,81
2011-08-10 15:39:45,Attack,98,0,99,886046,17349,3533766,63241,30.061721696969702,35,56,8,0,14,84,1,0,19,1,79
2011-08-10 15:39:46,Attack,109,0,111,1069964,3452,3912778,5984,29.749430135135142,49,55,7,0,11,99,1,0,10,0,101
2011-08-10 15:39:47,Attack,105,0,108,1009253,70401,3923692,3851,68.90434675925927,44,55,9,0,11,91,4,2,11,2,94
2011-08-10 15:39:48,Normal,132,0,132,1292596,17554,5079749,16692,35.819193886363635,39,83,10,0,7,122,3,0,11,3,118
2011-08-10 15:39:49,Attack,101,0,102,1209737,16315,3833303,55439,36.43168254901961,40,57,5,0,11,89,2,0,13,0,89
2011-08-10 15:39:50,Attack,135,0,136,1358052,20374,4725442,53333,41.614586352941174,38,78,20,0,9,114,13,0,16,3,117
2011-08-10 15:39:51,Attack,82,0,84,822095,18114,3069426,40589,47.25658427380952,29,50,5,0,3,71,10,0,16,0,67
2011-08-10 15:39:52,Attack,133,3,140,1156768,12749,4840471,23739,55.61425774999999,47,85,8,0,21,113,6,0,28,2,110
2011-08-10 15:39:53,Normal,127,0,127,1187602,18302,4589805,23841,30.356486204724405,35,90,2,0,18,103,6,0,24,1,102
2011-08-10 15:39:54,Normal,97,3,100,1079866,15875,3271662,47613,48.374499310000004,33,56,11,0,6,88,6,0,8,1,91
2011-08-10 15:39:55,Normal,132,0,132,2438876,15912,4034559,55790,50.52893773484848,46,77,9,0,37,91,4,0,14,2,115
2011-08-10 15:39:56,Attack,139,0,141,1687009,21312,4105928,27328,54.50599573758865,41,92,8,0,31,103,7,0,30,3,106
2011-08-10 15:39:57,Attack,97,0,98,999341,3566,3418262,57408,87.04644023469389,42,48,8,0,11,85,2,0,11,1,86
2011-08-10 15:39:58,Attack,108,0,110,970364,17902,4358343,60643,26.548359681818177,36,63,11,0,11,95,4,0,9,0,101
2011-08-10 15:39:59,Attack,94,0,99,887905,17795,3546569,9297,39.22817892929292,43,49,7,0,8,90,1,0,13,0,84
2011-08-10 15:40:00,Normal,136,0,136,1163646,5742,5478132,34360,36.627855308823534,36,91,9,0,21,107,8,0,32,2,102
2011-08-10 15:40:01,Attack,114,0,115,1279564,3618,4263038,58599,58.831817217391304,35,72,8,0,9,103,3,0,11,2,102
2011-08-10 15:40:02,Attack,111,18,132,908465,4116,5195496,53434,45.39655457575758,38,85,9,0,8,112,12,0,23,0,109
2011-08-10 15:40:03,Attack,120,0,122,1061502,4307,4637173,55961,44.5988625737705,40,74,8,0,21,94,7,0,32,0,90
2011-08-10 15:40:04,Attack,102,0,103,1021172,17578,3455578,48756,55.30428302912623,31,61,11,0,14,87,2,0,18,2,83
2011-08-10 15:40:05,Attack,131,0,132,976301,18271,4852802,35398,61.56144710606061,37,90,5,0,22,108,2,0,29,4,99
2011-08-10 15:40:06,Attack,128,0,129,1489416,19264,4547739,5820,70.31404609302326,39,80,10,0,20,99,10,0,13,3,113
2011-08-10 15:40:07,Normal,113,0,113,1236692,16941,4090662,34607,71.43399069026549,56,51,6,0,15,96,2,0,13,1,98
2011-08-10 15:40:08,Attack,93,0,94,833070,16303,2720158,22124,41.42421830851064,36,53,5,0,17,75,2,0,20,1,73
2011-08-10 15:40:09,Attack,98,0,99,1149769,16313,3206868,60994,32.32237531313131,40,53,6,0,13,83,3,0,11,0,88
2011-08-10 15:40:10,Attack,103,0,105,1101222,17684,4007425,29377,30.905722600000004,35,65,5,0,14,89,2,0,17,3,85
2011-08-10 15:40:11,Attack,134,0,137,1585613,16955,4039708,14149,48.27859964233577,32,94,11,0,35,97,5,0,30,4,103
2011-08-10 15:40:12,Attack,101,3,106,1223964,17659,3778204,41874,28.948203726415098,24,74,8,0,26,76,4,0,22,3,81
2011-08-10 15:40:13,Attack,101,0,103,716355,18243,3788676,1968,39.55320594174757,34,55,14,0,6,97,0,0,24,1,78
2011-08-10 15:40:14,Normal,105,0,105,1033317,16345,3888074,18284,51.02220923809523,45,51,9,0,4,101,0,0,4,2,99
2011-08-10 15:40:15,Attack,104,0,106,1010898,17124,3752764,18590,36.30084741509434,41,55,10,0,5,100,1,0,9,2,95
2011-08-10 15:40:16,Normal,100,0,100,1110020,15504,3553485,51166,44.29280462,42,53,5,0,14,84,2,0,11,1,87
2011-08-10 15:40:17,Attack,84,0,85,733965,3637,2961397,47975,35.67866005882353,33,46,6,0,13,71,1,0,14,0,70
2011-08-10 15:40:18,Attack,89,0,91,1089407,15496,3241525,34203,44.36038087912088,47,36,8,0,8,81,2,0,15,1,75
2011-08-10 15:40:19,Normal,122,0,122,1031954,17842,4545793,36961,49.832370770491806,47,68,7,0,10,112,0,0,10,1,111
2011-08-10 15:40:20,Attack,103,0,104,1256675,15718,2974553,30418,69.8197575576923,37,58,9,0,20,78,6,0,19,2,82
2011-08-10 15:40:21,Attack,126,0,127,1847305,3480,4102206,3800,72.35972003937007,42,76,9,0,25,94,8,0,15,2,110
2011-08-10 15:40:22,Attack,146,3,151,1549221,6229,5896570,63481,62.933251470198684,37,109,5,0,23,122,6,0,16,2,133
2011-08-10 15:40:23,Attack,119,0,122,1559239,16905,3680730,57179,49.58566316393443,41,71,10,0,25,93,4,0,21,2,99
2011-08-10 15:40:24,Attack,129,0,130,1155805,55497,4179095,13363,37.25722931538462,30,92,8,0,36,90,4,0,31,0,99
2011-08-10 15:40:25,Attack,83,3,87,1153048,1930,2883309,1156,76.15113675862068,38,42,7,0,11,75,1,0,12,0,75
2011-08-10 15:40:26,Normal,107,0,107,1122875,17780,3917661,57297,55.94900857943926,42,60,5,0,10,96,1,0,15,1,91
2011-08-10 15:40:27,Attack,114,0,115,1370383,4575,4581870,64422,67.6569749826087,44,65,6,0,11,99,5,0,14,0,101
2011-08-10 15:40:28,Attack,95,3,99,1007961,17606,3186465,25736,101.8973593030303,35,60,4,0,13,82,4,0,21,2,76
2011-08-10 15:40:29,Attack,145,16,163,1034045,22228,5531962,10546,22.56821952760736,40,110,13,0,33,122,8,0,36,0,127
2011-08-10 15:40:30,Normal,128,18,146,1206553,20020,5547365,32472,62.91069197260275,39,96,11,0,32,112,0,2,34,2,108
2011-08-10 15:40:31,Attack,113,0,114,1014222,4066,4435811,55283,39.792210692982465,44,62,8,0,12,95,6,1,20,1,92
2011-08-10 15:40:32,Attack,104,3,109,1082238,16591,3827102,51475,51.50608522018349,32,71,6,0,12,89,7,1,15,0,92
2011-08-10 15:40:33,Attack,104,0,106,1036730,17000,3841756,11817,38.46018099999999,42,55,9,0,5,93,8,0,14,0,92
2011-08-10 15:40:34,Attack,94,0,98,978571,16537,3070610,54294,35.2245283877551,35,51,12,0,8,87,3,0,15,0,83
2011-08-10 15:40:35,Normal,102,0,102,885904,3901,4109426,52037,16.04190677450981,29,64,9,0,6,94,2,0,10,0,92
2011-08-10 15:40:36,Normal,85,0,85,891403,5228,3034782,51116,37.971817388235294,32,41,12,0,6,74,4,1,15,1,68
2011-08-10 15:40:37,Attack,100,0,101,1130852,5981,4021255,38373,71.17705607920793,39,50,12,0,12,87,2,0,24,0,77
2011-08-10 15:40:38,Normal,129,0,129,1218067,5215,4828963,51579,31.53959996899225,38,84,7,0,17,111,1,0,27,3,99
2011-08-10 15:40:39,Attack,112,0,113,1052222,7331,4241831,47447,61.980030575221235,32,70,11,0,17,94,2,0,19,0,94
2011-08-10 15:40:40,Attack,96,0,98,863009,4050,3725919,39744,71.43535279591836,31,58,9,0,10,85,3,0,12,3,82
2011-08-10 15:40:41,Attack,102,0,106,1216803,16458,3967846,39692,65.49832973584905,37,60,9,0,20,74,12,0,31,4,71
2011-08-10 15:40:42,Attack,91,3,96,1268409,3575,3126575,44932,64.60145945833334,46,42,8,0,12,77,7,0,18,2,75
2011-08-10 15:40:43,Normal,80,2,82,879685,15453,2772814,38871,34.62073382926829,32,44,6,0,8,72,2,0,10,5,67
2011-08-10 15:40:44,Attack,119,0,122,959798,18114,4698714,35459,42.00857360655738,38,75,9,0,6,115,1,0,13,3,106
2011-08-10 15:40:45,Attack,115,0,117,994347,17783,3852788,56847,33.93209818803419,35,75,7,0,22,92,3,0,22,4,90
2011-08-10 15:40:46,Normal,99,0,99,756995,18012,3508786,48193,36.744994868686874,33,57,9,0,16,81,2,0,19,1,79
2011-08-10 15:40:47,Normal,208,0,208,1200958,25755,5833402,18380,43.328624701923076,45,153,10,0,70,128,10,0,90,1,117
2011-08-10 15:40:48,Attack,116,0,119,1116248,17994,4299266,3849,60.17299940336134,42,68,9,0,13,103,1,2,22,3,94
2011-08-10 15:40:49,Normal,130,0,130,815733,20856,5240796,46245,43.06771419230769,38,85,7,0,15,112,3,0,54,1,74
2011-08-10 15:40:50,Attack,206,0,207,1192113,9281,6161864,62832,61.664477333333345,39,162,6,0,49,135,23,0,73,1,133
2011-08-10 15:40:51,Attack,166,0,169,1492301,19516,5849900,22590,59.94020179289941,44,117,8,0,50,110,9,0,48,1,120
2011-08-10 15:40:52,Attack,106,3,110,1001246,17431,4467249,67143,64.18491322727273,48,56,6,0,19,89,2,0,25,3,82
2011-08-10 15:40:53,Normal,72,0,72,774829,2112,2560593,1759,22.381398472222223,32,28,12,0,5,66,1,0,13,0,58
2011-08-10 15:40:54,Normal,103,0,103,1178647,16250,3184813,33602,41.62707258252426,30,62,11,0,18,82,3,0,16,0,87
2011-08-10 15:40:55,Attack,139,3,145,1406383,18031,5181690,5513,28.798715220689658,43,88,14,0,13,129,3,0,16,1,128
2011-08-10 15:40:56,Attack,100,0,101,1261259,16703,3349289,36525,49.18987076237624,45,45,11,0,12,87,2,0,10,1,90
2011-08-10 15:40:57,Attack,102,0,104,861303,17273,4061704,50141,35.214350875,34,64,6,0,7,94,3,0,8,1,95
2011-08-10 15:40:58,Normal,101,1,102,1189881,17625,3425636,8822,62.2148789509804,43,51,8,0,17,80,5,0,19,1,81
2011-08-10 15:40:59,Attack,127,0,128,1088413,38248,4909388,14393,24.703912375,44,66,18,0,21,96,11,0,26,2,100
2011-08-10 15:41:00,Attack,132,0,133,1238736,18676,4023441,51469,30.430646796992484,44,80,9,0,25,108,0,0,21,7,105
2011-08-10 15:41:01,Attack,107,0,109,846559,3525,3545618,1255,55.80357436697247,37,61,11,0,17,91,1,0,21,1,86
2011-08-10 15:41:02,Attack,222,3,227,1319326,22181,10717219,7323,18.983012088105724,40,176,11,0,16,207,4,0,19,2,206
2011-08-10 15:41:03,Normal,109,0,109,1167228,17265,4078493,37685,59.193825174311925,34,65,10,0,14,94,1,0,12,2,95
2011-08-10 15:41:04,Attack,72,0,73,739827,30086,2584622,850,32.15765323287671,39,28,6,0,1,71,1,0,9,2,62
2011-08-10 15:41:05,Attack,99,0,101,816694,5099,3414076,41746,40.66667861386139,32,64,5,0,15,83,3,0,16,0,85
2011-08-10 15:41:06,Attack,126,0,129,1160341,4544,4591209,39925,32.29255768217054,51,73,5,0,20,104,5,0,22,5,102
2011-08-10 15:41:07,Normal,111,0,111,1007934,16795,4365301,24123,47.0492635945946,35,69,7,0,12,96,3,0,11,0,100
2011-08-10 15:41:08,Attack,113,0,114,1053790,3724,4036378,52996,29.304924061403515,31,75,8,0,11,101,2,0,14,0,100
2011-08-10 15:41:09,Attack,117,0,119,966769,18270,4587844,12433,29.095003033613445,45,67,7,0,15,97,7,0,22,0,97
2011-08-10 15:41:10,Normal,109,0,109,916246,4480,3983562,35919,40.312985082568815,36,64,9,0,11,97,1,0,17,0,92
2011-08-10 15:41:11,Attack,100,0,102,1158263,15484,3720774,30770,22.7450865,40,56,6,0,12,88,2,0,12,1,89
2011-08-10 15:41:12,Attack,133,3,137,1099021,5476,5731406,65262,67.18470636496352,41,87,9,0,12,120,5,0,26,0,111
2011-08-10 15:41:13,Attack,185,0,186,1266424,27741,8282861,14577,33.35388297311828,45,135,6,0,15,158,13,0,56,1,129
2011-08-10 15:41:14,Normal,102,0,102,856159,4603,3858614,50401,19.449439147058822,44,54,4,0,7,93,2,0,11,0,91
2011-08-10 15:41:15,Attack,99,0,102,1181323,1775,3463292,50884,53.353598764705886,33,60,9,0,11,87,4,0,11,0,91
2011-08-10 15:41:16,Attack,89,0,93,1019170,2393,3548121,50481,50.2924236451613,41,42,10,0,10,81,2,0,16,0,77
2011-08-10 15:41:17,Attack,87,0,88,811225,3097,3205469,50532,48.60698790909091,38,43,7,0,6,81,1,0,9,0,79
2011-08-10 15:41:18,Attack,110,0,112,1024453,17523,4174856,50405,42.78011054464285,37,63,12,0,13,99,0,0,19,0,93
2011-08-10 15:41:19,Attack,184,0,186,1706281,22806,7467836,51176,57.230264741935486,46,133,7,0,31,142,13,0,50,1,135
2011-08-10 15:41:20,Normal,95,0,95,1011644,16914,3527309,50404,16.739644115789474,40,50,5,0,10,84,1,0,16,1,78
2011-08-10 15:41:21,Attack,199,0,200,1198202,8973,8468720,52721,35.14937301,52,142,6,0,44,142,14,0,68,4,128
2011-08-10 15:41:22,Normal,225,3,228,1067199,12597,10214291,52801,47.72666223684211,33,183,12,0,24,198,5,1,66,4,158
2011-08-10 15:41:23,Attack,106,4,115,820207,18518,4017556,51386,47.47246945217392,40,70,5,0,15,98,2,0,22,3,90
2011-08-10 15:41:24,Attack,95,0,96,934777,2900,3344121,51950,19.803578927083333,36,54,6,0,7,86,3,0,8,3,85
2011-08-10 15:41:25,Normal,107,3,110,758017,8218,3966317,22975,34.942356672727264,45,57,8,0,7,97,6,0,16,0,94
2011-08-10 15:41:26,Attack,91,0,94,821447,16237,3346652,25788,29.422252776595755,29,58,7,0,9,81,4,0,15,1,78
2011-08-10 15:41:27,Attack,104,0,107,990407,4374,3866397,2384,49.19381264485981,33,64,10,0,10,87,10,0,24,1,82
2011-08-10 15:41:28,Attack,112,0,113,1085498,3592,3926342,55364,15.617770539823006,39,67,7,0,11,97,5,0,18,2,93
2011-08-10 15:41:29,Attack,89,0,90,972800,16154,3317088,11877,45.272183366666674,32,51,7,0,8,78,4,0,15,2,73
2011-08-10 15:41:30,Attack,115,0,116,960245,18495,4369973,1196,35.8320579137931,40,70,6,0,14,94,7,1,21,1,93
2011-08-10 15:41:31,Normal,109,0,109,1331241,16494,4016382,57638,38.644302513761474,49,49,11,0,11,96,0,2,11,1,95
2011-08-10 15:41:32,Attack,112,3,140,966758,19900,4568507,44419,21.865845778571423,38,96,6,0,15,106,17,2,15,0,125
2011-08-10 15:41:33,Attack,120,0,121,1124951,18544,4496038,32390,38.452385752066114,51,62,8,0,15,105,1,0,16,1,104
2011-08-10 15:41:34,Attack,107,0,108,722516,8072,3915119,1037,15.301862055555556,40,61,7,0,17,87,3,1,29,3,75
2011-08-10 15:41:35,Attack,147,0,149,1023466,5870,5367184,65541,32.1759504295302,37,106,6,0,14,133,2,0,22,3,124
2011-08-10 15:41:36,Attack,139,0,140,1636713,6147,5092154,52264,66.47455794285715,52,80,8,0,30,105,5,0,41,2,97
2011-08-10 15:41:37,Attack,130,0,131,1355102,17714,4873976,51824,48.96381482442748,46,78,7,0,13,115,3,0,15,2,114
2011-08-10 15:41:38,Attack,117,0,121,948407,11847,4175774,62411,32.41615171900826,25,90,6,0,21,98,2,0,28,0,93
2011-08-10 15:41:39,Attack,69,0,70,643979,16436,2139435,59898,48.16572758571428,27,41,2,0,17,51,2,0,18,0,52
2011-08-10 15:41:40,Attack,124,0,125,1080337,19287,4718258,34176,32.896925696,46,70,9,0,17,106,1,1,29,1,94
2011-08-10 15:41:41,Normal,123,0,123,699833,18893,4929520,61436,19.6266393902439,26,93,4,0,14,108,1,0,18,0,105
2011-08-10 15:41:42,Attack,136,3,140,1034865,6700,5288429,35610,46.26197585,49,85,6,0,12,126,2,0,21,0,119
2011-08-10 15:41:43,Attack,99,0,100,1127258,16371,3681563,51842,32.118381920000004,45,51,4,0,12,88,0,0,14,2,84
2011-08-10 15:41:44,Attack,111,0,114,1163491,16512,4049354,57087,20.865008780701757,36,71,7,0,10,99,5,0,15,3,96
2011-08-10 15:41:45,Normal,118,0,118,930302,4553,4282216,4317,21.71477479661017,31,77,10,0,18,91,9,0,27,2,89
2011-08-10 15:41:46,Normal,105,0,105,910988,17617,3841898,51011,37.82809505714286,33,64,8,0,13,88,4,0,14,2,89
2011-08-10 15:41:47,Attack,83,2,88,855883,2516,2991767,3009,61.84723998863637,35,46,7,0,10,77,1,0,11,2,75
2011-08-10 15:41:48,Attack,127,0,129,970248,18645,5279133,56646,32.681936860465115,32,91,6,0,9,113,7,0,16,2,110
2011-08-10 15:41:49,Normal,84,0,84,852382,17200,2725590,10476,95.65226597619046,30,46,8,0,14,69,1,0,16,0,68
2011-08-10 15:41:50,Normal,92,0,92,1050218,15547,3419070,48438,46.380043510869555,35,48,9,0,7,84,1,0,11,1,80
2011-08-10 15:41:51,Normal,131,0,131,707832,18491,5762492,3569,36.80020309160305,32,91,8,0,6,125,0,0,9,1,121
2011-08-10 15:41:52,Attack,101,3,106,1054028,18906,4105340,58546,27.95907746226415,34,64,8,0,15,88,3,0,16,1,89
2011-08-10 15:41:53,Attack,72,0,73,670422,16019,2715455,21577,9.754084410958905,30,35,8,0,4,69,0,0,6,0,66
2011-08-10 15:41:54,Normal,114,0,114,1087873,3689,4246436,38872,54.192116684210525,38,66,10,0,13,92,9,0,18,2,94
2011-08-10 15:41:55,Normal,120,0,120,1269131,18016,4347921,21565,38.832956525,36,68,16,0,7,109,4,0,14,2,104
2011-08-10 15:41:56,Normal,109,3,112,869275,17882,4410158,41284,26.76634014285714,39,66,7,0,20,87,5,0,25,1,86
2011-08-10 15:41:57,Attack,100,0,101,1172394,4443,3613325,48444,46.58122240594059,37,60,4,0,9,84,8,0,14,2,84
2011-08-10 15:41:58,Attack,100,0,103,827239,7575,3561480,3680,23.29704514563107,39,57,7,0,15,83,5,0,25,1,77
2011-08-10 15:41:59,Attack,72,0,73,777819,15441,2502335,16410,45.028904246575344,34,34,5,0,5,64,4,0,12,0,61
2011-08-10 15:42:00,Attack,96,0,97,987466,16964,3552856,25868,27.075115402061854,34,55,8,0,11,84,1,1,6,0,91
2011-08-10 15:42:01,Normal,170,0,170,965212,22919,6354928,10825,46.109579647058816,46,120,4,0,31,133,6,0,42,1,127
2011-08-10 15:42:02,Normal,180,11,191,939142,10960,7553232,42925,27.014845335078533,28,157,6,0,10,172,9,0,19,4,167
2011-08-10 15:42:03,Normal,76,0,76,907968,60973,2700139,36586,62.839017184210526,39,32,5,0,5,71,0,0,7,1,68
2011-08-10 15:42:04,Normal,110,0,110,1097651,10598,3715566,4079,45.395530654545446,42,61,7,0,12,97,1,0,13,1,96
2011-08-10 15:42:05,Attack,112,0,116,1223341,71151,4014039,4868,39.62054099137931,36,71,9,0,18,96,2,0,18,1,97
2011-08-10 15:42:06,Normal,131,0,131,1576806,19758,4285244,21973,56.994301022900764,37,85,9,0,21,103,7,0,17,3,110
2011-08-10 15:42:07,Attack,83,0,84,818654,15639,3076176,3481,53.19851158333332,32,44,8,0,9,74,1,0,11,0,73
2011-08-10 15:42:08,Attack,163,0,165,1151297,8357,6402875,1521,39.58520986060607,39,118,8,0,35,126,4,0,39,1,125
2011-08-10 15:42:09,Attack,86,0,88,892517,10676,2766202,3438,62.435033045454546,33,49,6,0,18,68,2,0,15,0,72
2011-08-10 15:42:10,Normal,101,0,101,1087276,16169,3334965,1832,14.839633138613863,36,52,13,0,16,84,1,0,18,1,82
2011-08-10 15:42:11,Attack,133,0,134,875589,12898,5939153,4858,37.8708631119403,32,96,6,0,18,115,1,0,19,2,113
2011-08-10 15:42:12,Normal,135,3,138,1030423,7792,4999207,61632,16.368114442028983,29,96,13,0,16,118,4,0,22,7,109
2011-08-10 15:42:13,Normal,94,0,94,956670,6501,3589472,48694,32.033044021276595,36,55,3,0,15,75,4,0,15,2,77
2011-08-10 15:42:14,Normal,96,0,96,952043,15849,3557569,54401,32.82469302083333,33,55,8,0,8,85,3,0,7,1,88
2011-08-10 15:42:15,Normal,108,0,108,1450637,25424,3796184,53767,50.75096333333334,42,55,11,0,10,94,4,0,12,1,95
2011-08-10 15:42:16,Attack,135,0,136,1107414,12143,5468352,4171,64.1939245367647,40,83,13,0,14,115,7,0,24,1,111
2011-08-10 15:42:17,Normal,126,0,126,1275767,3939,5620369,5757,33.644613126984126,46,73,7,0,9,112,5,0,21,1,104
2011-08-10 15:42:18,Attack,146,0,147,1214157,6004,5514883,40261,24.648455714285713,45,92,10,0,24,111,12,0,33,1,113
2011-08-10 15:42:19,Attack,111,0,112,1899888,1611,3409694,58887,76.77452086607143,44,61,7,0,23,79,10,0,7,2,102
2011-08-10 15:42:20,Normal,99,0,99,1015687,16184,3605508,33804,51.12484871717171,35,56,8,0,4,89,6,0,9,1,89
2011-08-10 15:42:21,Normal,112,0,112,1001973,17126,3778712,7183,48.54209534821428,35,68,9,0,20,90,2,0,19,1,92
2011-08-10 15:42:22,Normal,102,3,105,1115022,15798,3675078,62559,53.623570209523805,41,56,8,0,12,89,4,0,11,3,91
2011-08-10 15:42:23,Normal,146,0,146,1095174,5661,5779496,36584,20.651127568493152,46,94,6,0,18,122,6,0,20,2,124
2011-08-10 15:42:24,Normal,107,0,107,1121073,16479,3963769,32396,44.01562509345795,45,56,6,0,12,91,4,0,10,2,95
2011-08-10 15:42:25,Normal,92,0,92,1079187,15092,3194329,1493,47.725782565217386,36,47,9,0,10,81,1,0,14,1,77
2011-08-10 15:42:26,Attack,101,3,107,997470,39820,4019776,13363,30.086663439252334,38,60,9,0,13,92,2,0,15,0,92
2011-08-10 15:42:27,Normal,106,0,106,1122765,15981,4062473,51491,57.78574644339622,36,60,10,0,12,89,5,0,11,3,92
2011-08-10 15:42:28,Normal,93,0,93,914707,15726,3508708,53759,19.982647075268815,29,56,8,0,7,82,4,0,6,2,85
2011-08-10 15:42:29,Attack,102,0,103,1306131,16718,3421745,9715,48.740027572815535,31,67,5,0,24,71,8,0,17,1,84
2011-08-10 15:42:30,Attack,130,0,132,1485694,5462,4253802,32056,50.99852793181818,33,93,6,0,38,90,3,1,24,2,103
2011-08-10 15:42:31,Normal,112,0,112,956857,6329,3555397,31296,31.590095258928574,40,67,5,0,33,73,4,2,39,1,70
2011-08-10 15:42:32,Attack,155,3,288,1108129,27998,5786804,41474,14.364329086805554,47,234,7,0,40,148,100,0,41,1,246
2011-08-10 15:42:33,Attack,121,0,131,951448,19579,4477801,26652,25.058832664122136,48,76,7,0,15,108,8,0,18,0,113
2011-08-10 15:42:34,Normal,124,0,124,1432221,14868,4053110,63155,68.66882468548387,37,82,5,0,27,89,6,2,17,3,101
2011-08-10 15:42:35,Attack,97,0,98,1115632,3257,3343725,50875,41.954067,32,61,5,0,10,84,4,0,23,2,73
2011-08-10 15:42:36,Attack,120,0,124,1044411,39128,4497605,15164,14.957338056451613,44,69,11,0,9,113,2,0,12,3,109
2011-08-10 15:42:37,Normal,114,0,114,964464,17400,4237313,8880,51.962785131578954,39,68,7,0,26,85,3,0,40,2,72
2011-08-10 15:42:38,Attack,156,0,161,1070303,20514,6072519,13498,38.44798083850932,34,115,12,0,39,109,13,0,45,1,114
2011-08-10 15:42:39,Attack,115,0,117,1293163,17923,4020332,11738,60.6653398974359,46,63,8,0,24,86,7,0,23,1,93
2011-08-10 15:42:40,Attack,123,0,126,1379633,18285,4360107,62221,60.88994073015873,45,73,8,0,21,100,5,0,21,5,100
2011-08-10 15:42:41,Attack,89,0,90,707803,16463,3228467,44438,34.96754793333333,31,54,5,0,15,74,1,0,18,1,71
2011-08-10 15:42:42,Attack,145,3,153,1277785,20173,5724018,3477,31.473028019607845,39,101,13,0,28,118,7,0,31,3,118
2011-08-10 15:42:43,Normal,127,0,127,973409,18087,5083327,7456,22.39366680314961,36,83,8,0,9,117,1,0,14,1,112
2011-08-10 15:42:44,Attack,116,0,118,1154263,3737,4181936,51846,51.12569236440679,30,77,11,0,22,91,5,0,22,4,91
2011-08-10 15:42:45,Attack,142,0,144,964654,8159,4836057,60712,59.726700506944454,43,83,18,0,17,124,3,0,21,1,122
2011-08-10 15:42:46,Normal,114,0,114,800244,22867,4610962,29543,30.728653956140345,39,69,6,0,16,91,7,0,28,2,84
2011-08-10 15:42:47,Attack,117,6,125,1179647,18844,5040994,65866,36.020496496,44,73,8,0,16,103,6,0,23,1,101
2011-08-10 15:42:48,Attack,116,0,123,982619,3889,3861486,1367,49.104480943089435,40,74,9,0,19,102,2,0,18,0,105
2011-08-10 15:42:49,Attack,99,0,100,746952,18044,3928006,8289,33.32577629,30,61,9,0,8,91,1,0,11,1,88
2011-08-10 15:42:50,Attack,126,0,129,1277668,17267,4418465,45748,34.454725124031,49,73,7,0,16,102,11,0,23,0,105
2011-08-10 15:42:51,Attack,98,2,104,994838,18943,3184896,32180,41.58469816346154,32,62,10,0,19,81,4,0,19,0,85
2011-08-10 15:42:52,Attack,116,3,120,1230610,17737,4213852,58880,47.68863536666667,38,73,9,0,13,99,8,0,14,3,102
2011-08-10 15:42:53,Normal,118,0,118,1478852,45225,3515133,48922,60.23742566101695,38,72,8,0,16,97,5,0,24,0,94
2011-08-10 15:42:54,Attack,119,0,123,1029502,17768,4100721,17003,17.40030905691057,35,83,5,0,21,98,3,1,18,2,103
2011-08-10 15:42:55,Attack,118,0,120,1506601,15662,3930260,61042,29.82660786666667,61,50,9,0,6,111,3,0,9,4,106
2011-08-10 15:42:56,Attack,114,3,120,947913,17780,3771010,17741,44.55479319166666,37,75,8,0,17,100,3,0,21,1,98
2011-08-10 15:42:57,Normal,96,0,96,867198,16266,3451034,51573,27.2049974375,47,41,8,0,5,90,1,0,11,1,84
2011-08-10 15:42:58,Normal,181,0,181,1857619,20746,5212113,60636,25.83303117679558,43,130,8,0,43,122,16,0,56,4,120
2011-08-10 15:42:59,Attack,132,0,134,1226754,6273,4184361,2005,27.043936977611942,33,89,12,0,24,107,3,0,22,1,111
2011-08-10 15:43:00,Attack,118,0,121,1284457,16637,4222700,36677,49.77158492561984,43,73,5,0,21,98,2,0,16,0,105
2011-08-10 15:43:01,Attack,246,0,248,1248759,18311,10879600,5920,28.8199664233871,51,186,11,0,19,215,14,0,37,3,208
2011-08-10 15:43:02,Attack,156,3,160,1267749,9125,4510796,55141,23.1296860375,53,104,3,0,27,118,15,0,54,1,105
2011-08-10 15:43:03,Attack,147,0,151,1225963,20964,4403512,52751,33.753825139072845,42,101,8,0,23,102,26,0,45,1,105
2011-08-10 15:43:04,Attack,123,0,124,865976,5122,4326810,26538,54.04464124193549,35,85,4,0,19,90,15,0,33,1,90
2011-08-10 15:43:05,Attack,116,0,117,1068459,4613,3873010,49843,22.84935499145299,43,65,9,0,7,103,7,0,17,3,97
2011-08-10 15:43:06,Normal,106,0,106,803212,61218,3313549,1664,16.36625705660377,38,59,9,0,7,89,10,0,20,3,83
2011-08-10 15:43:07,Attack,103,0,108,1155638,18537,3150289,64580,41.18182514814815,45,49,14,0,12,86,10,0,21,2,85
2011-08-10 15:43:08,Attack,128,0,132,1036814,18078,4221493,38571,43.95519899242424,44,79,9,0,11,104,17,0,32,3,97
2011-08-10 15:43:09,Normal,116,0,116,1146613,3574,4392507,49813,26.754246301724145,33,68,15,0,14,100,2,0,12,3,100
2011-08-10 15:43:10,Attack,97,0,99,910845,17048,3663927,64224,46.09851272727273,38,49,12,0,9,87,3,0,14,0,85
2011-08-10 15:43:11,Attack,130,3,137,1093796,19710,4749175,53560,6.926437248175183,44,83,10,0,14,108,15,0,33,1,103
2011-08-10 15:43:12,Attack,128,6,137,1583343,18486,4717736,19493,59.38595963503651,44,83,10,0,18,109,10,0,17,5,115
2011-08-10 15:43:13,Normal,155,0,155,1250013,8036,5331600,56445,41.63992163870967,43,101,11,0,21,114,20,0,43,2,110
2011-08-10 15:43:14,Attack,125,0,126,1245440,17047,3995981,64071,39.323941103174604,47,75,4,0,12,101,13,0,22,0,104
2011-08-10 15:43:15,Attack,112,0,115,1417104,61621,4540514,5707,23.377688773913043,44,63,8,0,15,93,7,0,16,0,99
2011-08-10 15:43:16,Attack,112,0,113,1015286,16850,4258717,60690,26.115116053097346,39,66,8,0,14,97,2,0,14,1,98
2011-08-10 15:43:17,Attack,100,0,104,825505,16805,4133473,46154,29.06669472115385,36,62,6,0,9,85,10,0,15,2,87
2011-08-10 15:43:18,Attack,120,0,121,808989,4454,4653120,60614,25.036145338842978,34,79,8,0,15,94,12,0,24,1,96
2011-08-10 15:43:19,Attack,162,0,163,1049113,8353,5946660,1537,19.31180555214724,46,110,7,0,11,125,27,0,39,0,124
2011-08-10 15:43:20,Attack,138,0,139,1070167,5306,3329445,37869,22.721114244604316,47,89,3,0,31,92,16,0,45,2,92
2011-08-10 15:43:21,Attack,145,0,146,1458972,5799,4118628,60625,23.06915120547945,39,98,9,0,30,104,12,0,39,1,106
2011-08-10 15:43:22,Attack,175,3,179,1261796,21428,5009463,61492,36.134282681564244,47,118,14,0,42,127,10,0,59,1,118
2011-08-10 15:43:23,Normal,96,0,96,713466,56317,3519341,13443,41.13960247916667,32,55,9,0,14,81,1,0,18,0,78
2011-08-10 15:43:24,Attack,150,0,155,1335206,5613,4923706,6100,30.136165787096775,48,100,7,0,29,115,11,0,33,2,120
2011-08-10 15:43:25,Attack,159,0,162,929932,11709,5162866,53114,31.744230265432094,32,126,4,0,36,113,13,0,44,0,118
2011-08-10 15:43:26,Attack,124,3,129,718889,7767,4506397,50566,15.742305023255817,38,86,5,0,24,99,6,0,29,1,99
2011-08-10 15:43:27,Attack,156,0,157,1247185,55177,5325098,15243,38.21133690445859,49,101,7,0,19,124,14,0,37,3,116
2011-08-10 15:43:28,Normal,110,0,110,945489,11469,3948192,23740,28.828229927272726,37,63,10,0,16,92,2,0,22,2,86
2011-08-10 15:43:29,Attack,134,0,144,1561335,18432,4059344,51571,39.87124538888889,39,89,16,0,29,105,10,0,32,1,111
2011-08-10 15:43:30,Normal,137,0,137,1297670,65365,4395713,17214,21.52185288321168,38,92,7,0,25,106,5,1,25,3,107
2011-08-10 15:43:31,Attack,153,0,155,1352443,20618,5301802,13096,20.07824787096774,50,99,6,0,34,115,5,1,41,1,111
2011-08-10 15:43:32,Attack,148,3,156,1841563,18235,4202103,65879,39.75949491666667,51,99,6,0,31,110,13,2,38,6,109
2011-08-10 15:43:33,Attack,149,0,152,1267136,50277,5161231,13452,16.57560246710526,43,103,6,0,30,109,12,1,45,2,104
2011-08-10 15:43:34,Attack,149,0,150,1508266,6660,4725089,52336,44.23496011333334,40,97,13,0,36,106,8,0,43,4,103
2011-08-10 15:43:35,Normal,195,0,195,1332438,23534,6753888,53177,12.982345415384616,54,136,5,0,27,154,14,0,49,5,141
2011-08-10 15:43:36,Attack,131,0,134,1661836,4968,4256818,18610,25.118598582089557,35,87,12,0,33,92,9,0,29,2,103
2011-08-10 15:43:37,Attack,137,0,138,1090579,19405,4145736,30589,22.857801456521738,47,81,10,0,23,99,16,0,45,1,92
2011-08-10 15:43:38,Attack,125,0,127,1276173,17962,3885799,57491,14.65375379527559,39,76,12,0,29,90,8,0,29,0,97
2011-08-10 15:43:39,Attack,161,0,162,951686,7188,5926593,54091,22.340681061728393,38,113,11,0,40,115,7,0,47,1,114
2011-08-10 15:43:40,Attack,165,0,167,1359408,21957,5599375,31180,47.439361323353296,47,111,9,0,43,117,7,0,40,4,123
2011-08-10 15:43:41,Attack,112,0,114,863147,19344,3330082,4240,33.5461806754386,36,72,6,0,25,87,2,0,29,3,82
2011-08-10 15:43:42,Normal,115,3,118,1379304,17586,3832062,3925,80.40568453389831,48,63,7,0,20,94,4,0,14,1,103
2011-08-10 15:43:43,Attack,156,0,157,1156195,7347,4222951,59926,30.004397025477704,40,109,8,0,55,92,10,0,61,4,92
2011-08-10 15:43:44,Attack,213,0,215,1369152,25698,5982772,52718,42.44097537209302,31,177,7,0,102,97,16,0,103,1,111
2011-08-10 15:43:45,Attack,190,0,195,1674577,44774,7287058,15935,25.240225964102567,46,135,14,0,36,154,5,0,30,4,161
2011-08-10 15:43:46,Attack,128,0,130,767139,21961,4150337,60204,12.8072572,31,92,7,0,26,85,19,0,46,2,82
2011-08-10 15:43:47,Attack,78,0,80,678973,3059,2625725,3486,17.2072348625,30,42,8,0,11,64,5,0,16,1,63
2011-08-10 15:43:48,Normal,99,0,99,743792,16771,3610672,36908,38.05609324242424,29,64,6,0,8,84,7,0,13,2,84
2011-08-10 15:43:49,Attack,176,0,178,1454392,21611,7390980,34350,37.180360466292136,40,132,6,0,52,120,6,0,46,1,131
2011-08-10 15:43:50,Attack,152,0,154,1087199,20537,4802054,22329,22.42225842857143,46,101,7,0,27,120,7,0,40,3,111
2011-08-10 15:43:51,Attack,112,0,120,1087278,70109,3259212,4017,14.425928308333335,41,70,9,0,25,83,12,0,39,0,81
2011-08-10 15:43:52,Attack,141,3,145,1169961,21585,4688163,24353,18.916915200000002,44,97,4,0,20,110,15,0,36,1,108
2011-08-10 15:43:53,Attack,105,0,109,885816,16829,4227549,55798,21.965177972477065,42,59,8,0,11,90,8,0,24,1,84
2011-08-10 15:43:54,Attack,273,0,275,1326746,12634,10520639,45844,22.875526887272727,49,217,9,0,34,231,10,0,44,1,230
2011-08-10 15:43:55,Attack,134,0,138,1460796,4980,4984012,47164,25.883434789855073,44,88,6,0,17,112,9,0,29,1,107
2011-08-10 15:43:56,Attack,127,3,132,1783535,3083,4718861,60034,35.05724882575758,50,74,8,0,24,99,9,0,24,2,106
2011-08-10 15:43:57,Attack,99,0,104,866238,16816,3637501,51037,29.43583440384615,36,54,14,0,14,81,8,1,22,1,81
2011-08-10 15:43:58,Normal,103,70,173,770016,22507,7128770,53245,16.696059323699423,37,132,4,0,23,144,6,0,32,0,141
2011-08-10 15:43:59,Attack,120,16,138,1212919,6278,5135209,4164,14.676387021739131,38,80,20,0,15,105,18,0,20,3,115
2011-08-10 15:44:00,Normal,117,13,130,914028,4564,5096234,48893,12.410360661538464,36,87,7,0,12,113,5,0,14,2,113
2011-08-10 15:44:01,Attack,113,4,118,931535,5848,4191774,3005,24.302139635593218,34,76,8,0,21,92,5,0,27,2,89
2011-08-10 15:44:02,Attack,107,23,131,967003,18185,4712306,54267,11.272145404580153,44,74,13,0,11,113,7,0,20,4,107
2011-08-10 15:44:03,Normal,111,6,117,1196872,4094,4816170,54530,17.79112226495726,47,67,3,0,15,95,7,0,21,3,93
2011-08-10 15:44:04,Attack,144,0,148,1132983,5165,5381253,37483,13.27113539864865,49,87,12,0,10,131,7,0,24,2,122
2011-08-10 15:44:05,Attack,114,0,117,829130,5328,3580450,59056,11.244020982905983,28,79,10,0,16,89,12,0,30,3,84
2011-08-10 15:44:06,Attack,115,0,118,773193,5840,3911752,2677,4.890863042372881,38,72,8,0,18,88,12,0,34,1,83
2011-08-10 15:44:07,Normal,127,0,127,960764,7687,4377232,38771,20.703881795275592,38,77,12,0,9,101,17,0,34,3,90
2011-08-10 15:44:08,Attack,128,0,129,1163608,19541,4515851,11575,17.445114674418605,45,75,9,0,16,94,19,0,29,5,95
2011-08-10 15:44:09,Attack,141,0,142,1385636,18342,4959681,63531,24.689391147887328,39,91,12,0,23,106,13,0,31,0,111
2011-08-10 15:44:10,Attack,130,6,138,858453,20514,5282486,1394,13.790380463768116,39,90,9,0,13,119,6,0,33,1,104
2011-08-10 15:44:11,Attack,148,19,172,1162129,22761,6225239,37043,23.90810303488372,34,130,8,0,33,121,18,0,47,3,122
2011-08-10 15:44:12,Attack,139,3,143,1027873,7777,5221247,4690,23.46495472727273,37,98,8,0,33,92,18,0,51,4,88
2011-08-10 15:44:13,Attack,92,0,97,994353,16396,3334789,25218,5.168196690721649,35,56,6,0,7,81,9,0,16,2,79
2011-08-10 15:44:14,Attack,128,0,130,788698,5512,4575071,1617,11.538104723076923,38,86,6,0,24,96,10,0,36,1,93
2011-08-10 15:44:15,Attack,152,0,153,1132986,19456,5738606,7173,15.212622176470587,40,110,3,0,26,119,8,0,31,2,120
2011-08-10 15:44:16,Attack,155,0,159,1098563,21094,5928634,55677,28.750731584905658,47,102,10,0,26,122,11,0,33,0,126
2011-08-10 15:44:17,Attack,185,0,186,1194628,24287,7858997,52598,29.738056639784944,37,142,7,0,34,127,25,0,61,1,124
2011-08-10 15:44:18,Attack,95,12,111,775861,17687,3981962,13310,29.756624387387387,30,72,9,0,20,76,15,0,30,1,80
2011-08-10 15:44:19,Normal,161,0,161,1305074,5859,6374331,45800,12.790128956521738,55,101,5,0,22,136,3,0,20,4,137
2011-08-10 15:44:20,Normal,136,2,138,977047,19814,5394899,26135,32.16132154347826,46,87,5,0,20,105,13,0,37,2,99
2011-08-10 15:44:21,Attack,220,16,240,1012610,16250,10459370,55305,39.893494775,30,195,15,0,70,141,29,0,92,1,147
2011-08-10 15:44:22,Attack,207,7,217,1958558,22936,8919521,31006,26.955848861751154,39,168,10,0,48,145,24,0,65,3,149
2011-08-10 15:44:23,Normal,152,0,152,843657,8086,6269594,54791,18.227880302631576,28,115,9,0,21,128,3,0,20,0,132
2011-08-10 15:44:24,Normal,125,0,125,567049,20131,4755427,20046,14.426435448,27,94,4,0,12,104,9,0,22,1,101
2011-08-10 15:44:25,Attack,162,0,165,1080508,21340,7279814,61335,14.675166478787883,38,116,11,0,20,144,1,0,53,0,112
2011-08-10 15:44:26,Attack,175,0,178,1401849,19967,7059953,25654,20.4841957752809,53,119,6,0,18,156,3,1,40,1,137
2011-08-10 15:44:27,Attack,161,3,168,781697,22315,5344279,11272,31.73398906547619,40,121,7,0,41,112,15,0,67,2,99
2011-08-10 15:44:28,Normal,145,0,145,1869216,34791,4952179,17688,15.370679303448277,55,82,8,0,16,126,3,0,14,3,128
2011-08-10 15:44:29,Attack,122,11,134,942698,17958,5664122,52015,19.687859373134327,40,86,8,0,23,105,6,0,24,4,106
2011-08-10 15:44:30,Normal,129,0,129,927431,4747,4982844,13679,20.657947875968993,31,89,9,0,21,103,4,1,30,0,98
2011-08-10 15:44:31,Attack,153,0,155,1288699,18602,5411996,30515,19.406379251612897,47,100,8,0,32,119,2,2,26,0,127
2011-08-10 15:44:32,Attack,194,3,204,839505,9941,8523926,54634,24.218393107843138,33,163,8,0,36,138,28,2,60,0,143
2011-08-10 15:44:33,Attack,131,0,133,855599,20331,5670752,35521,16.256603864661656,32,96,5,0,19,112,2,0,22,0,111
2011-08-10 15:44:34,Attack,80,10,94,750105,4888,3113078,13362,27.338313659574464,29,57,8,0,16,75,2,1,13,0,80
2011-08-10 15:44:35,Attack,152,17,172,2458216,22221,6866776,48585,15.841220877906977,47,123,2,0,59,108,5,0,33,1,138
2011-08-10 15:44:36,Attack,153,4,159,922066,21661,6126448,2304,19.002670471698114,37,112,10,0,14,140,5,0,18,1,140
2011-08-10 15:44:37,Normal,86,0,86,782166,17355,3167610,21047,24.552085058139536,29,50,7,0,11,74,1,0,12,1,73
2011-08-10 15:44:38,Attack,108,2,111,1005702,17331,4014874,47689,6.987555504504505,38,64,9,0,10,93,8,0,23,0,88
2011-08-10 15:44:39,Attack,119,1,122,1118147,18279,3701686,64551,25.94983971311475,42,75,5,0,11,89,22,0,29,3,90
2011-08-10 15:44:40,Attack,142,38,181,1153989,9100,6414675,49679,21.012016767955803,35,139,7,0,28,127,26,0,50,3,128
2011-08-10 15:44:41,Attack,176,0,180,1619254,15560,6066213,5732,28.57140978333333,51,123,6,0,41,126,13,0,40,3,137
2011-08-10 15:44:42,Attack,173,3,179,1542814,13363,6038463,63307,22.560263039106143,34,131,14,0,30,133,16,0,38,1,140
2011-08-10 15:44:43,Attack,122,4,127,1022194,4916,4761483,39689,19.599505968503937,37,82,8,0,21,92,14,0,31,1,95
2011-08-10 15:44:44,Attack,175,0,176,1367184,21395,5599839,54133,17.20637013068182,42,122,12,0,32,119,25,0,60,2,113
2011-08-10 15:44:45,Normal,153,0,153,1401987,18256,5075042,24104,11.234392215686277,45,99,9,0,25,111,17,0,43,2,108
2011-08-10 15:44:46,Attack,171,0,176,1440854,20959,6735365,17115,27.072680312499998,50,115,11,0,29,113,34,0,52,1,123
2011-08-10 15:44:47,Attack,138,3,144,1030978,8155,5384568,45426,23.24824892361111,37,96,11,0,14,116,14,0,27,2,114
2011-08-10 15:44:48,Attack,158,0,163,777737,7903,5722086,58922,13.403632466257667,37,113,13,0,18,127,18,0,36,0,127
2011-08-10 15:44:49,Attack,140,0,141,847042,20346,4764247,30503,6.5535510567375885,38,93,10,0,19,105,17,0,39,2,100
2011-08-10 15:44:50,Attack,163,0,164,1040058,14675,5735138,2009,8.630832317073173,47,110,7,0,23,121,20,0,52,6,106
2011-08-10 15:44:51,Normal,130,0,130,1266069,6547,4385298,47523,14.923350146153846,46,76,8,0,8,107,15,0,22,7,101
2011-08-10 15:44:52,Attack,122,3,127,1574977,3594,4284026,42341,9.496277047244094,41,77,9,0,12,108,7,0,13,7,107
2011-08-10 15:44:53,Attack,130,0,132,1397850,7003,4353904,253,29.217397954545454,42,69,21,0,15,108,9,0,29,7,96
2011-08-10 15:44:54,Attack,131,0,135,1168193,5801,4017348,1666,11.668635881481482,44,87,4,0,24,97,14,0,43,7,85
2011-08-10 15:44:55,Attack,122,0,127,943776,4740,4099745,52797,10.028567464566931,52,70,5,0,20,97,10,0,26,4,97
2011-08-10 15:44:56,Attack,122,0,126,813680,19991,3970450,1646,16.34800872222222,39,79,8,0,28,90,8,0,35,0,91
2011-08-10 15:44:57,Attack,186,0,189,1056583,8416,6611253,44828,18.54722743386243,40,138,11,0,34,147,8,0,37,1,151
2011-08-10 15:44:58,Normal,127,3,130,826957,19205,4269005,35107,6.352220215384616,30,93,7,0,28,92,10,0,42,1,87
2011-08-10 15:44:59,Attack,149,0,150,1041870,22618,3482287,38884,22.95052604,38,110,2,0,53,84,13,0,65,2,83
2011-08-10 15:45:00,Attack,147,0,152,704404,23895,4678741,58160,35.85647847368421,29,116,7,0,54,90,8,0,63,2,87
2011-08-10 15:45:01,Attack,342,0,343,1176228,30935,14184801,36063,4.744090344023325,40,291,12,0,72,260,11,0,76,2,265
2011-08-10 15:45:02,Attack,196,3,200,1034806,8101,7259243,3886,12.239129465000001,40,153,7,0,39,159,2,0,45,0,155
2011-08-10 15:45:03,Attack,126,0,128,1156416,21082,4451982,31317,28.635007937499996,53,61,14,0,22,101,5,0,28,1,99
2011-08-10 15:45:04,Attack,145,0,147,1097899,19673,4576073,23120,11.22836668027211,37,98,12,0,21,105,21,0,41,0,106
2011-08-10 15:45:05,Attack,158,0,159,1116919,19412,6336527,22455,4.944074377358491,48,101,10,0,31,124,4,0,33,1,125
2011-08-10 15:45:06,Attack,106,0,108,837673,4179,3747589,38042,19.023145731481485,30,69,9,0,9,88,11,0,18,1,89
2011-08-10 15:45:07,Attack,152,0,153,1133789,7200,5567669,49083,19.36405284313726,45,97,11,0,20,120,13,0,36,3,114
2011-08-10 15:45:08,Attack,146,2,150,1357755,18316,5556970,52486,25.61727179333333,65,78,7,0,10,135,5,0,21,3,126
2011-08-10 15:45:09,Attack,120,0,125,882012,4374,3689918,57158,30.183476256,32,86,7,0,26,88,11,0,37,2,86
2011-08-10 15:45:10,Attack,136,0,138,1601203,18361,3962728,34208,35.01170971014493,39,93,6,0,31,95,12,0,31,2,105
2011-08-10 15:45:11,Normal,110,0,110,932192,17492,3780002,16398,28.194715163636364,39,65,6,0,13,91,6,0,12,2,96
2011-08-10 15:45:12,Attack,167,3,172,940725,20538,6853868,26019,9.142146994186046,39,127,6,0,15,148,9,0,23,0,149
2011-08-10 15:45:13,Attack,139,0,140,849840,5543,5458104,54127,16.69524857142857,37,96,7,0,9,130,1,0,8,3,129
2011-08-10 15:45:14,Attack,137,0,139,1132121,9479,5241438,57003,14.310165582733815,30,100,9,0,28,102,9,0,33,2,104
2011-08-10 15:45:15,Attack,143,0,149,1153534,20273,5298553,14657,18.460656167785235,43,98,8,0,40,101,8,0,53,0,96
2011-08-10 15:45:16,Attack,123,0,126,1046627,65228,4471066,13363,19.32195130158731,38,79,9,0,23,95,8,0,26,0,100
2011-08-10 15:45:17,Attack,121,0,124,1117972,16189,4486975,45473,28.975679991935486,49,65,10,0,12,111,1,0,19,2,103
2011-08-10 15:45:18,Attack,104,0,107,1046746,2483,4071035,29090,16.317800607476634,36,58,13,0,4,101,2,0,7,1,99
2011-08-10 15:45:19,Attack,107,0,109,1151252,16542,3695959,59002,15.565021752293577,46,55,8,0,14,89,6,0,21,2,86
2011-08-10 15:45:20,Normal,110,0,110,1195056,15780,3428379,10427,16.1889964,36,66,8,0,19,87,4,0,19,1,89
2011-08-10 15:45:21,Attack,103,0,105,929540,3384,3674072,38133,10.742201514285718,39,60,6,0,6,95,4,0,10,2,93
2011-08-10 15:45:22,Attack,124,3,128,1218488,5711,4045219,4751,13.8347634140625,40,78,10,0,15,103,10,0,14,1,113
2011-08-10 15:45:23,Attack,149,0,150,1267369,22677,4348848,56793,14.026484260000004,42,101,7,0,39,104,7,0,45,2,102
2011-08-10 15:45:24,Attack,132,0,136,1252645,18020,4117737,47341,21.39273014705882,41,85,10,0,22,101,12,1,25,2,109
2011-08-10 15:45:25,Normal,109,0,109,933699,18531,3924128,12633,21.020366577981655,46,57,6,0,8,100,1,0,18,1,90
2011-08-10 15:45:26,Attack,178,8,188,1300603,21101,7285566,4617,15.826672585106381,50,124,14,0,13,172,3,0,13,1,174
2011-08-10 15:45:27,Attack,110,0,113,1402829,16140,3823113,61597,11.076696451327434,43,62,8,0,12,98,3,0,10,2,101
2011-08-10 15:45:28,Normal,82,0,82,1097988,15978,2571456,53215,24.4146475,28,47,7,0,20,60,2,0,12,1,69
2011-08-10 15:45:29,Normal,118,3,121,745088,19068,4151400,3392,27.644745760330583,29,84,8,0,9,94,18,0,29,1,91
2011-08-10 15:45:30,Attack,141,0,146,975881,6246,5051324,61279,13.719263095890408,46,90,10,0,18,114,12,2,32,2,110
2011-08-10 15:45:31,Attack,112,0,115,775161,6242,4382088,2533,14.96601964347826,24,80,11,0,15,95,4,1,22,1,91
2011-08-10 15:45:32,Attack,151,3,159,1325253,8166,5433692,4840,36.5615093836478,49,100,10,0,18,123,17,1,37,3,118
2011-08-10 15:45:33,Attack,161,0,165,937651,7436,6516183,63136,11.611992648484849,41,110,14,0,23,132,9,1,38,1,125
2011-08-10 15:45:34,Attack,154,17,175,1142052,7765,6858931,66472,15.722868748571429,37,123,15,0,25,134,16,0,37,2,136
2011-08-10 15:45:35,Attack,129,10,140,1191153,6920,5168896,35629,28.302178635714284,52,80,8,0,16,120,4,0,23,0,117
2011-08-10 15:45:36,Attack,93,0,97,1081362,69284,3176513,5112,34.39399357731959,34,54,9,0,12,80,5,0,13,1,83
2011-08-10 15:45:37,Attack,88,0,89,745189,10874,3279658,5465,18.87825295505618,37,43,9,0,12,75,2,0,16,0,73
2011-08-10 15:45:38,Attack,197,4,203,776709,10086,8681006,2079,11.128416699507389,24,171,8,0,16,176,11,0,25,0,178
2011-08-10 15:45:39,Attack,104,0,107,1160187,3812,3011442,2930,16.075789485981307,38,62,7,0,33,72,2,0,32,1,74
2011-08-10 15:45:40,Attack,137,0,139,1165259,19141,5048581,2028,12.083010071942446,37,95,7,0,20,117,2,0,20,1,117
2011-08-10 15:45:41,Normal,98,0,98,889372,17205,3999694,62184,13.022380418367348,39,49,10,0,10,87,1,0,13,1,84
2011-08-10 15:45:42,Attack,140,3,146,1161228,19048,4894703,25016,20.383075363013695,44,92,10,0,19,114,13,0,32,1,113
2011-08-10 15:45:43,Attack,167,0,168,1590554,19302,5870342,23833,47.69906207738095,40,117,11,0,51,109,7,1,42,0,126
2011-08-10 15:45:44,Attack,143,0,147,1330302,5491,4878281,5604,14.007603931972788,36,102,9,0,18,111,18,0,45,2,100
2011-08-10 15:45:45,Attack,144,0,146,1228926,19278,4786749,56034,11.695408089041097,45,94,7,0,20,121,5,0,21,1,124
2011-08-10 15:45:46,Normal,141,0,141,1151855,5905,4490400,52465,13.854818226950355,42,92,7,0,38,92,11,0,43,2,96
2011-08-10 15:45:47,Attack,86,0,89,1275135,9185,2548187,7652,20.899800719101126,41,43,5,0,14,70,5,0,15,1,73
2011-08-10 15:45:48,Normal,157,0,157,1400022,18960,6343978,36476,14.181812770700637,40,111,6,0,39,96,22,0,56,0,101
2011-08-10 15:45:49,Attack,114,0,117,1536439,4162,4116165,61460,20.272815769230764,52,57,8,0,12,97,8,0,21,2,94
2011-08-10 15:45:50,Normal,124,0,124,1093666,7108,3913729,3349,13.287248112903226,46,69,9,0,24,95,5,0,28,3,93
2011-08-10 15:45:51,Attack,111,0,116,1161652,16380,3853181,63735,16.08812318965517,51,57,8,0,9,99,8,0,19,2,95
2011-08-10 15:45:52,Normal,128,3,131,1315844,18576,4472235,8473,9.755064694656488,37,86,8,0,25,89,17,0,35,3,93
2011-08-10 15:45:53,Attack,125,0,127,1682096,3134,3935935,4390,12.612974007874017,50,74,3,0,16,100,11,0,18,5,104
2011-08-10 15:45:54,Attack,123,0,124,1443471,16545,4118054,41332,43.83321384677421,44,73,7,0,20,97,7,0,23,3,98
2011-08-10 15:45:55,Attack,87,0,89,602914,16088,3352664,57151,10.231435191011236,32,53,4,0,6,81,2,0,13,0,75
2011-08-10 15:45:56,Attack,130,0,131,956982,20973,4480820,6601,26.201739572519084,44,81,6,0,17,109,5,0,31,2,98
2011-08-10 15:45:57,Attack,143,0,148,814860,7255,4543180,54564,16.881980175675675,36,104,8,0,33,108,7,0,46,0,102
2011-08-10 15:45:58,Attack,176,0,177,1079728,20460,5353429,49677,12.143446723163844,42,126,9,0,32,129,16,0,49,1,127
2011-08-10 15:45:59,Attack,121,3,129,1220191,9308,4329810,61623,22.66035024031008,50,75,4,0,12,101,16,0,33,1,95
2011-08-10 15:46:00,Attack,145,0,146,1320831,18696,4585819,33134,21.487874726027396,34,102,10,0,28,107,11,0,41,1,104
2011-08-10 15:46:01,Attack,121,0,122,1344060,17815,4168134,55807,23.614273663934426,39,74,9,0,13,105,4,0,19,2,101
2011-08-10 15:46:02,Attack,132,3,136,1439332,20395,4611417,21764,16.671055183823533,40,82,14,0,25,101,10,0,28,6,102
2011-08-10 15:46:03,Attack,139,0,140,1338419,5078,4924574,59488,20.97646879285714,45,84,11,0,22,114,4,0,22,1,117
2011-08-10 15:46:04,Attack,220,5,226,1866521,23221,9085946,13622,25.405437743362835,50,170,6,0,28,192,6,0,29,1,195
2011-08-10 15:46:05,Attack,120,4,127,1429311,6292,3628513,57982,19.36812106299213,37,78,12,0,29,84,14,0,41,1,84
2011-08-10 15:46:06,Attack,104,0,106,770136,34542,3882408,13363,31.239487198113203,31,69,6,0,17,86,3,0,24,0,82
2011-08-10 15:46:07,Attack,126,0,127,1156114,6243,4727359,42008,19.307816330708665,34,75,18,0,20,99,8,0,36,3,88
2011-08-10 15:46:08,Attack,122,0,123,1145925,18076,4522548,60233,13.77128882113821,46,67,10,0,14,104,5,0,21,1,100
2011-08-10 15:46:09,Normal,153,0,153,1005681,20769,5277448,6503,6.407367117647059,39,106,8,0,18,120,15,0,39,0,114
2011-08-10 15:46:10,Attack,102,0,103,932105,4294,3589053,53475,23.7258054368932,32,60,11,0,9,87,7,0,12,1,90
2011-08-10 15:46:11,Attack,128,0,131,835564,19065,5326586,38199,16.21883267938931,46,76,9,0,26,95,10,0,42,1,88
2011-08-10 15:46:12,Attack,90,3,95,1011739,2568,3092204,66093,23.201065673684212,39,52,4,0,13,77,5,0,23,2,70
2011-08-10 15:46:13,Attack,102,0,104,1112487,16762,3723189,45871,18.617904528846157,46,54,4,0,12,90,2,0,11,2,91
2011-08-10 15:46:14,Attack,126,0,127,904684,4427,4458102,36436,12.962962496062993,38,83,6,0,16,110,1,0,24,1,102
2011-08-10 15:46:15,Attack,113,0,115,1145801,18256,4188898,62939,16.644185426086956,32,79,4,0,17,94,4,0,15,1,99
2011-08-10 15:46:16,Attack,113,0,116,1012243,16500,3288494,30170,14.962098689655171,38,68,10,0,24,89,3,0,26,2,88
2011-08-10 15:46:17,Normal,102,0,102,1412774,14973,3490045,12552,15.001054156862745,51,42,9,0,8,92,2,0,10,1,91
2011-08-10 15:46:18,Attack,116,0,118,934787,17595,3597251,61564,15.301578652542371,39,74,5,0,23,88,7,0,29,1,88
2011-08-10 15:46:19,Attack,95,0,96,746561,16640,3378064,18821,8.123193177083335,34,55,7,0,12,83,1,0,17,4,75
2011-08-10 15:46:20,Attack,108,0,115,952650,19351,3928126,51713,14.601976860869563,35,74,6,0,16,93,6,0,24,0,91
2011-08-10 15:46:21,Attack,78,0,80,1138941,17170,2696881,2569,21.94188665,34,36,10,0,14,64,2,0,8,2,70
2011-08-10 15:46:22,Attack,110,3,114,1195380,4046,4111157,50179,16.25588477192982,47,61,6,0,10,99,5,0,12,2,99
2011-08-10 15:46:23,Attack,93,0,94,898741,16116,3154671,65995,16.259366127659575,36,54,4,0,15,78,1,0,15,1,78
2011-08-10 15:46:24,Attack,109,0,111,993141,17932,3877025,6514,10.629603792792794,40,66,5,0,18,91,2,0,22,0,89
2011-08-10 15:46:25,Normal,99,0,99,1255069,3558,3149270,43601,12.499110262626262,39,50,10,0,14,84,1,0,14,3,81
2011-08-10 15:46:26,Attack,90,0,94,861584,64899,3132038,13363,26.78143696808511,27,62,5,0,17,75,2,0,17,0,77
2011-08-10 15:46:27,Normal,103,0,103,1157874,44910,3631078,14134,8.251751563106797,32,63,8,0,17,80,6,0,16,1,86
2011-08-10 15:46:28,Attack,156,0,158,954934,7096,6811320,38808,21.073760373417723,44,110,4,0,16,123,19,0,44,0,114
2011-08-10 15:46:29,Attack,242,0,243,1043441,26498,11127845,10834,17.69818181069959,32,206,5,0,48,181,14,0,61,0,182
2011-08-10 15:46:30,Normal,119,3,122,1282577,4105,4728361,60781,12.464972147540983,46,69,7,0,11,105,5,1,13,1,107
2011-08-10 15:46:31,Attack,77,0,79,1037034,15121,2795656,61318,19.321444784810126,37,36,6,0,6,67,3,3,7,2,67
2011-08-10 15:46:32,Attack,102,3,171,976214,20686,3907793,55910,6.46266149122807,47,120,4,0,6,96,69,0,16,2,153
2011-08-10 15:46:33,Attack,127,0,372,821330,21279,4945594,2928,7.290668263440861,33,330,9,0,46,179,146,1,30,2,339
2011-08-10 15:46:34,Attack,113,0,124,632953,6598,3603997,2849,10.422109903225808,35,85,4,0,29,92,3,0,28,2,94
2011-08-10 15:46:35,Attack,136,0,145,1194239,5756,5639790,56161,11.176622055172412,42,89,14,0,27,112,6,0,26,0,119
2011-08-10 15:46:36,Attack,112,0,128,1126070,6048,4596964,36873,8.460555554687499,35,85,8,0,22,84,22,0,32,1,95
2011-08-10 15:46:37,Attack,100,0,107,855063,17142,3553244,33396,9.02157498130841,35,63,9,0,10,91,6,0,11,1,95
2011-08-10 15:46:38,Attack,137,0,144,1016766,19346,5178304,59781,9.176183319444444,41,92,11,0,29,96,19,0,41,3,100
2011-08-10 15:46:39,Attack,188,0,193,1260362,66766,7114853,15798,7.980606310880828,46,133,14,0,18,153,22,0,45,0,148
2011-08-10 15:46:40,Attack,165,0,170,783841,8354,7521293,59140,8.48152241764706,49,110,11,0,14,151,5,0,23,2,145
2011-08-10 15:46:41,Attack,123,0,131,1036305,49346,4959327,16446,15.829969419847327,45,80,6,0,28,100,3,0,32,1,98
2011-08-10 15:46:42,Attack,100,3,105,742575,17835,4116637,51454,16.297303333333332,36,61,8,0,11,88,6,0,27,1,77
2011-08-10 15:46:43,Attack,86,0,88,950482,16416,3194896,14931,9.437847431818183,36,46,6,0,5,78,5,0,9,1,78
2011-08-10 15:46:44,Attack,108,0,110,887049,6847,3822059,36765,21.145588754545457,39,66,5,0,9,91,10,0,18,1,91
2011-08-10 15:46:45,Attack,103,0,108,884963,16787,3721547,52298,7.830906499999999,41,63,4,0,7,97,4,0,25,3,80
2011-08-10 15:46:46,Attack,117,0,121,1098156,4342,4016500,62445,16.19799356198347,40,77,4,0,16,99,6,0,30,4,87
2011-08-10 15:46:47,Attack,98,0,102,919971,69254,3941460,4260,15.839322696078431,33,62,7,0,10,88,4,0,16,1,85
2011-08-10 15:46:48,Attack,94,0,97,856013,16916,2877471,48030,18.83895707216495,33,54,10,0,10,84,3,0,21,1,75
2011-08-10 15:46:49,Attack,193,0,198,984414,12277,7196683,49486,14.680238146464646,31,156,11,0,32,150,16,0,50,2,146
2011-08-10 15:46:50,Attack,157,0,160,1260618,10173,5649428,53101,21.196960243750002,48,103,9,0,39,115,6,0,45,1,114
2011-08-10 15:46:51,Attack,117,0,120,1066716,5349,3924034,42767,20.280871891666667,31,79,10,0,17,100,3,0,23,2,95
2011-08-10 15:46:52,Attack,87,3,91,893209,16243,2980966,25471,10.863253120879122,37,42,12,0,9,79,3,0,22,0,69
2011-08-10 15:46:53,Attack,116,0,121,885400,4864,3662525,38071,8.302130504132231,50,66,5,0,23,94,4,0,25,1,95
2011-08-10 15:46:54,Attack,99,0,107,865580,3618,3368454,31190,14.458721439252336,35,55,17,0,23,77,6,1,31,3,73
2011-08-10 15:46:55,Attack,127,0,128,1032804,4791,4589156,57697,19.367033093750003,40,81,7,0,25,100,3,0,25,1,102
2011-08-10 15:46:56,Attack,117,0,120,1086642,3978,4210476,54576,12.818496208333332,47,62,11,0,9,106,5,0,22,0,98
2011-08-10 15:46:57,Attack,113,0,116,1249670,5515,3816920,2228,21.79479357758621,46,63,7,0,7,104,5,0,23,1,92
2011-08-10 15:46:58,Attack,81,1,86,867017,2950,2626132,53027,37.209559558139524,40,41,5,0,9,75,2,0,12,0,74
2011-08-10 15:46:59,Attack,123,0,126,1231999,3431,4137884,52419,21.325683182539688,41,77,8,0,21,104,1,0,7,5,114
2011-08-10 15:47:00,Attack,156,3,164,2064623,46761,5493248,3084,24.96190917073171,53,104,7,0,26,133,5,0,14,4,145
2011-08-10 15:47:01,Attack,233,0,236,1278065,44673,10785406,15419,7.71489670338983,37,190,9,0,16,214,6,0,8,2,226
2011-08-10 15:47:02,Attack,94,4,103,1371742,2946,3313186,3579,7.291867087378642,39,59,5,0,15,84,4,0,17,2,84
2011-08-10 15:47:03,Attack,133,0,139,1923818,16463,3771444,5959,21.81822562589928,36,93,10,0,33,104,2,0,23,6,110
2011-08-10 15:47:04,Attack,103,0,106,1259067,55676,3479155,14294,18.791253396226416,49,51,6,0,7,91,8,0,22,1,83
2011-08-10 15:47:05,Attack,129,0,130,1055872,62776,5078792,14576,16.318194246153848,49,72,9,0,13,117,0,0,19,1,109
2011-08-10 15:47:06,Attack,113,0,117,1218851,17913,3809874,65703,16.322017811965814,50,54,13,0,13,103,1,0,15,5,97
2011-08-10 15:47:07,Attack,99,0,103,1405015,3162,2966199,33907,23.134670699029126,45,51,7,0,14,86,3,0,19,3,80
2011-08-10 15:47:08,Attack,122,0,131,1502267,18804,4171583,49949,21.424846732824424,41,83,7,0,24,102,5,0,28,2,101
2011-08-10 15:47:09,Attack,118,0,121,1343988,16359,3766582,1797,12.847359190082644,41,70,10,0,12,106,3,0,18,1,102
2011-08-10 15:47:10,Attack,103,0,106,905655,3017,3694679,33938,15.017258207547167,37,61,8,0,9,95,2,0,13,1,92
2011-08-10 15:47:11,Attack,156,0,158,1424095,6294,5651432,39529,29.62125597468355,39,108,11,0,17,136,5,0,30,0,128
2011-08-10 15:47:12,Attack,84,3,94,835836,16329,3074452,34729,27.095429127659575,30,57,7,0,11,80,2,1,21,0,72
2011-08-10 15:47:13,Attack,117,0,119,1266781,17844,4171896,25967,27.690809697478986,36,78,5,0,21,96,2,0,21,1,97
2011-08-10 15:47:14,Attack,121,0,122,1369032,17789,4277335,13455,22.645755737704913,51,66,5,0,14,106,2,0,21,2,98
2011-08-10 15:47:15,Attack,102,0,110,791155,19947,3885099,65299,17.23520714545455,36,70,4,0,10,90,10,0,29,1,80
2011-08-10 15:47:16,Attack,164,0,167,1620417,5950,6363205,56416,24.15250852095808,47,112,8,0,45,109,13,0,49,2,115
2011-08-10 15:47:17,Attack,81,1,85,983634,9722,2649236,4606,15.596609964705882,34,47,4,0,10,74,1,0,12,2,71
2011-08-10 15:47:18,Attack,86,0,89,1133712,15319,2802913,8497,17.887094943820227,39,41,9,0,10,79,0,0,8,3,78
2011-08-10 15:47:19,Attack,114,0,118,1143415,3471,4267655,49158,10.07840594915254,44,67,7,0,11,101,6,0,18,0,100
2011-08-10 15:47:20,Attack,119,0,369,1196780,30965,4729710,27413,7.21740225203252,38,317,14,0,43,111,215,0,16,0,353
2011-08-10 15:47:21,Attack,172,0,233,2667613,9575,7422697,2084,9.223846459227467,42,181,9,1,67,130,35,1,24,1,206
2011-08-10 15:47:22,Attack,195,3,207,3515829,67399,9339271,46351,14.100375048309179,46,157,4,0,79,114,14,0,34,2,171
2011-08-10 15:47:23,Attack,118,0,122,1786866,16060,4548122,64421,9.381059647540983,34,85,3,0,21,93,8,0,13,1,108
2011-08-10 15:47:24,Attack,126,0,159,1222046,14369,4928181,4434,13.547361006289309,36,110,13,0,29,109,21,0,23,1,135
2011-08-10 15:47:25,Attack,197,0,212,1265041,23223,8123499,44264,20.795755693396227,45,161,6,0,32,163,17,0,31,2,179
2011-08-10 15:47:26,Attack,113,0,114,1140891,17016,4282693,5977,16.28306507894737,26,79,9,0,16,94,4,0,14,2,98
2011-08-10 15:47:27,Attack,119,0,150,814974,21158,4536523,22996,14.40698558,35,108,7,0,22,114,14,0,18,0,132
2011-08-10 15:47:28,Attack,93,0,100,928344,3165,3128604,2077,21.516446430000006,40,52,8,0,10,80,10,0,22,0,78
2011-08-10 15:47:29,Attack,115,0,143,1255289,17961,3834303,63064,10.996856825174826,44,87,12,0,17,107,19,0,24,0,119
2011-08-10 15:47:30,Attack,130,3,140,1540090,41052,4757246,14141,25.3259099,46,86,8,0,13,121,5,1,21,2,116
2011-08-10 15:47:31,Attack,187,0,192,1423044,44786,7393156,3076,21.414286593750003,42,137,13,0,38,150,3,1,46,2,143
2011-08-10 15:47:32,Attack,205,3,209,1531507,24886,8291283,42612,6.372828779904306,38,162,9,0,23,183,3,0,24,6,179
2011-08-10 15:47:33,Attack,122,0,170,1304167,20598,4332245,3193,9.166340176470587,37,119,14,0,11,106,51,2,19,3,146
2011-08-10 15:47:34,Attack,117,0,253,1113459,13544,4160886,2930,14.533799225296445,40,208,5,0,48,127,78,0,28,1,223
2011-08-10 15:47:35,Attack,101,0,113,911557,17758,3761466,53695,6.350852026548672,29,78,6,0,18,91,3,1,12,2,98
2011-08-10 15:47:36,Attack,174,0,180,1020425,22994,7269683,22539,16.214657233333334,38,135,7,0,32,114,34,0,67,1,111
2011-08-10 15:47:37,Attack,146,0,153,915794,19874,5581701,67422,10.62438060130719,37,109,7,0,23,107,23,0,39,2,111
2011-08-10 15:47:38,Attack,115,0,118,1008714,3750,4389167,59477,15.247964915254236,25,80,13,0,30,86,2,0,31,1,86
2011-08-10 15:47:39,Attack,112,4,124,1079762,3401,3667440,54937,17.25690901612903,40,74,10,0,25,95,4,0,24,1,99
2011-08-10 15:47:40,Attack,139,6,153,1097226,20306,5256901,12495,11.138631699346405,35,103,15,0,36,109,8,0,41,3,109
2011-08-10 15:47:41,Attack,179,4,187,945468,23875,7704685,65325,10.848351609625668,44,138,5,0,20,161,6,0,24,2,161
2011-08-10 15:47:42,Attack,117,3,130,955149,17363,4360906,16070,13.012515638461537,41,82,7,0,11,114,4,1,10,1,119
2011-08-10 15:47:43,Attack,85,0,93,1011414,3990,2750862,40395,29.36769082795699,36,51,6,0,11,73,8,1,15,1,77
2011-08-10 15:47:44,Attack,109,0,115,1049173,18756,3760899,22576,15.606026756521743,37,69,9,0,19,92,4,0,14,1,100
2011-08-10 15:47:45,Attack,90,0,95,1031011,16598,3080270,13345,16.804757957894733,26,63,6,0,15,75,5,0,20,1,74
2011-08-10 15:47:46,Attack,130,0,135,1102682,6130,4990162,58402,12.010472333333333,44,89,2,0,29,103,3,0,42,1,92
2011-08-10 15:47:47,Attack,111,0,113,1115943,4963,4264895,63514,14.367930053097343,39,65,9,0,17,93,3,0,16,3,94
2011-08-10 15:47:48,Attack,143,0,156,1456348,5801,5088672,1809,19.60912510897436,43,101,12,0,38,112,6,0,33,1,122
2011-08-10 15:47:49,Attack,107,0,115,1008037,17557,4104301,13807,7.353297617391306,45,65,5,0,13,101,1,0,15,1,98
2011-08-10 15:47:50,Attack,89,0,94,996271,17673,3290947,56845,24.466702627659583,31,59,4,0,16,71,7,0,13,1,80
2011-08-10 15:47:51,Attack,168,0,177,2836342,15939,4687567,20195,13.254961474576271,37,130,10,0,60,109,8,0,16,2,159
2011-08-10 15:47:52,Attack,162,4,168,1700328,19536,6057598,2040,12.898617297619047,37,119,11,1,31,129,7,1,27,1,140
2011-08-10 15:47:53,Attack,134,0,137,1720697,17012,4903647,5477,23.7564300729927,47,82,8,0,19,111,7,0,10,1,125
2011-08-10 15:47:54,Attack,103,0,110,1055790,18506,3484701,29761,17.18163081818182,32,71,7,0,14,94,2,0,17,0,93
2011-08-10 15:47:55,Attack,111,0,117,1100702,18231,4219706,13337,12.821659641025644,34,76,7,0,23,91,3,0,24,1,91
2011-08-10 15:47:56,Attack,89,0,92,1069543,16094,2780058,38460,18.103663891304347,31,57,4,0,23,69,0,0,20,1,71
2011-08-10 15:47:57,Attack,147,0,151,1273665,21555,5866028,45767,23.217886781456954,44,100,7,0,10,136,5,0,31,3,117
2011-08-10 15:47:58,Attack,128,0,132,1271981,4768,4552907,51934,10.45986462121212,44,78,10,0,15,108,9,0,40,0,92
2011-08-10 15:47:59,Attack,113,0,117,1059766,17209,4564593,53044,21.173095880341876,35,75,7,0,7,89,21,0,27,0,89
2011-08-10 15:48:00,Attack,103,3,112,1264476,33203,3499695,15164,9.543705419642858,49,55,8,0,14,95,3,0,17,3,92
2011-08-10 15:48:01,Attack,121,0,127,1182261,18228,4083935,19569,9.170711118110239,51,67,9,0,14,112,1,0,12,2,113
2011-08-10 15:48:02,Attack,116,3,122,1181081,18056,4305471,54565,14.494404549180329,51,63,8,0,16,103,3,0,16,1,105
2011-08-10 15:48:03,Attack,122,0,129,1456677,18285,3737845,47996,15.374116217054263,47,72,10,0,21,105,3,0,17,4,108
2011-08-10 15:48:04,Attack,127,0,136,1152730,5244,4717626,61036,15.500360242647062,39,88,9,0,30,94,12,0,38,0,97
2011-08-10 15:48:05,Attack,98,0,100,910673,17818,3825889,64902,19.06381801,31,62,7,0,7,92,1,0,12,2,86
2011-08-10 15:48:06,Attack,112,1,118,1133163,17435,4109276,22006,9.664316389830507,51,63,4,0,10,86,20,2,31,1,86
2011-08-10 15:48:07,Attack,147,0,151,780234,7142,6460215,54519,6.226835708609271,29,115,7,0,21,127,3,0,28,0,123
2011-08-10 15:48:08,Attack,127,0,129,1017107,7148,5160256,61253,15.011778860465117,46,78,5,0,17,110,2,0,19,2,108
2011-08-10 15:48:09,Attack,125,0,130,1149177,18196,4938134,45451,11.133989823076924,42,80,8,0,10,119,1,0,13,4,112
2011-08-10 15:48:10,Attack,110,0,113,1257776,18125,3823108,8010,21.002256238938052,34,73,6,0,21,91,1,0,20,3,90
2011-08-10 15:48:11,Attack,98,3,105,825918,12884,4198330,54050,21.091563599999997,40,52,13,0,5,96,4,0,18,1,86
2011-08-10 15:48:12,Attack,104,5,114,1069248,17550,4158268,48119,16.87603546491228,39,61,14,0,5,103,6,0,20,2,91
2011-08-10 15:48:13,Attack,106,0,111,1275394,15910,3763641,60458,12.778737468468469,33,70,8,0,15,89,7,0,14,2,95
2011-08-10 15:48:14,Attack,118,2,122,1283651,4814,3736239,36435,11.26917195081967,41,72,9,0,22,94,6,0,30,2,90
2011-08-10 15:48:15,Attack,114,0,118,1090283,2910,4029409,57767,14.536151110169493,44,65,9,0,10,105,3,0,11,4,103
2011-08-10 15:48:16,Attack,90,1,95,1097147,15494,2956217,50982,22.27455128421052,38,48,9,0,12,81,2,0,8,2,85
2011-08-10 15:48:17,Attack,105,1,112,1038306,17363,3882287,25174,19.029335955357144,47,57,8,0,10,99,3,0,14,2,96
2011-08-10 15:48:18,Attack,91,0,94,819838,3923,3628132,47994,18.149910765957447,33,54,7,0,15,71,8,0,29,3,62
2011-08-10 15:48:19,Attack,113,0,115,1281629,17551,3980971,49958,11.915507634782607,47,61,7,0,17,95,3,0,20,2,93
2011-08-10 15:48:20,Attack,120,0,281,1546843,66927,4592399,16434,5.849816572953737,49,219,13,0,45,130,106,0,13,3,265
2011-08-10 15:48:21,Attack,100,0,104,1117551,17915,3729616,8417,16.127083432692306,34,60,10,0,11,93,0,0,15,1,88
2011-08-10 15:48:22,Attack,118,3,126,1696637,17179,3977686,41220,15.03839787301587,45,67,14,0,22,96,7,1,26,6,94
2011-08-10 15:48:23,Attack,151,0,154,1062735,20316,6249668,56755,12.859448746753248,40,106,8,0,25,114,14,1,39,1,114
2011-08-10 15:48:24,Attack,121,0,123,1058001,5806,4631045,2079,9.126751203252033,44,73,6,0,18,102,3,0,18,0,105
2011-08-10 15:48:25,Attack,119,0,122,1009838,17038,4231892,13834,14.4322115,49,65,8,0,21,100,1,0,24,0,97
2011-08-10 15:48:26,Attack,103,0,109,1321111,3245,3308007,5163,16.486081935779815,35,68,6,0,16,82,11,0,17,4,88
2011-08-10 15:48:27,Attack,97,0,103,917263,16167,3739407,44855,10.479676456310681,33,61,9,0,9,87,7,0,18,1,84
2011-08-10 15:48:28,Attack,124,0,127,1145349,3764,5021460,2079,13.567181496062995,44,77,6,0,16,104,7,0,19,0,108
2011-08-10 15:48:29,Attack,140,0,141,1647094,3927,5922253,52685,23.31443745390071,32,98,11,0,32,101,8,0,26,1,114
2011-08-10 15:48:30,Attack,165,0,168,1159707,20116,6944143,61677,19.892092380952384,40,121,7,0,11,146,8,3,19,5,140
2011-08-10 15:48:31,Attack,177,3,185,1210278,9220,7658493,63840,24.99584622162162,42,134,9,0,13,166,5,1,43,2,139
2011-08-10 15:48:32,Attack,132,3,140,1215163,13342,5326264,52732,10.703859635714286,41,92,7,0,19,108,13,0,43,2,95
2011-08-10 15:48:33,Attack,135,0,136,1207137,6087,4348258,57937,24.389063227941175,42,86,8,0,26,98,12,0,34,2,100
2011-08-10 15:48:34,Attack,131,0,137,1171978,18172,4583073,2785,11.15045180291971,45,83,9,0,16,115,6,0,19,1,117
2011-08-10 15:48:35,Attack,160,0,165,1123043,21975,6901899,61249,18.832790048484846,44,111,10,0,25,133,6,1,34,0,130
2011-08-10 15:48:36,Attack,85,0,290,1087447,26131,3503110,43889,6.0890081034482755,35,248,7,0,48,101,141,0,10,5,275
2011-08-10 15:48:37,Attack,113,0,120,1104625,17496,3822113,31097,12.578738766666667,41,66,13,0,14,101,5,0,14,2,104
2011-08-10 15:48:38,Attack,119,0,122,1655692,3331,3665896,4480,36.8056234262295,34,80,8,0,26,90,6,0,19,4,99
2011-08-10 15:48:39,Attack,134,0,141,1785385,5653,4602894,56579,29.64079963829787,39,97,5,0,15,114,12,0,18,1,122
2011-08-10 15:48:40,Attack,109,0,112,1217560,16089,4207840,61558,10.804595401785715,46,60,6,0,10,97,5,0,10,3,99
2011-08-10 15:48:41,Attack,140,0,145,976748,19990,5648154,33558,10.89908335862069,38,93,14,0,14,129,2,0,24,3,118
2011-08-10 15:48:42,Attack,118,6,125,1094941,7137,4489366,37491,15.776979224,35,83,7,0,25,88,12,0,36,1,88
2011-08-10 15:48:43,Attack,159,3,169,1308504,19149,5617761,16759,14.586022349112424,37,121,11,0,34,116,19,0,44,1,124
2011-08-10 15:48:44,Attack,119,0,121,1124437,17649,4226275,14365,9.047445669421487,35,76,10,0,11,96,14,0,18,2,101
2011-08-10 15:48:45,Attack,130,0,135,1091327,18002,5082628,1402,5.825761014814816,42,79,14,0,7,126,2,0,15,0,120
2011-08-10 15:48:46,Attack,101,0,106,818246,4506,4054410,48850,27.06313547169811,38,62,6,0,14,85,7,0,19,2,85
2011-08-10 15:48:47,Attack,120,2,125,1280182,40273,3889404,14134,20.980191727999998,43,74,8,0,17,103,5,0,22,1,102
2011-08-10 15:48:48,Attack,101,0,104,1072588,16504,3691020,29322,14.533397076923078,30,64,10,0,13,84,7,0,20,0,84
2011-08-10 15:48:49,Attack,130,0,132,1123499,5948,4918112,2848,13.380401651515148,42,85,5,0,12,114,6,0,18,1,113
2011-08-10 15:48:50,Normal,88,0,88,656516,4552,3451608,38972,25.988276545454543,31,54,3,0,5,81,2,0,20,2,66
2011-08-10 15:48:51,Normal,82,0,82,1011728,15994,2831044,47532,21.03728180487805,33,41,8,0,8,68,6,0,10,2,69
2011-08-10 15:48:52,Normal,91,3,94,767498,18268,3686626,44174,19.132915106382978,31,58,5,0,9,83,2,0,14,3,77
2011-08-10 15:48:53,Normal,127,0,127,1074398,4694,5139802,54307,13.95196074015748,37,83,7,0,14,105,8,0,22,1,104
2011-08-10 15:48:54,Normal,169,0,169,1125535,9596,7031307,54114,17.183518627218934,40,116,13,0,32,136,1,0,41,3,125
2011-08-10 15:48:55,Normal,216,0,216,1251162,9178,10146219,57172,10.129294342592592,57,150,9,0,12,200,3,1,22,3,190
2011-08-10 15:48:56,Normal,124,0,124,934460,5636,5148257,65122,19.046037483870965,39,75,10,0,11,109,4,0,19,0,105
2011-08-10 15:48:57,Normal,153,1,154,1391173,24520,6238433,20568,14.358422785714284,44,97,13,0,28,121,5,0,30,6,118
2011-08-10 15:48:58,Normal,146,0,146,1094325,18684,5661378,53165,13.62248806849315,41,95,10,0,22,123,1,0,27,1,118
2011-08-10 15:48:59,Normal,121,0,121,1553451,18320,4122726,9887,23.916782223140494,43,67,11,0,19,101,1,0,21,0,100
2011-08-10 15:49:00,Normal,101,0,101,1218767,16461,3610589,51732,21.313344257425744,44,51,6,0,16,81,4,0,15,2,83
2011-08-10 15:49:01,Normal,122,0,122,1399815,17252,3579066,30041,16.98358200819672,29,82,11,0,28,89,5,0,26,4,91
2011-08-10 15:49:02,Normal,249,6,255,1698015,23923,11469817,15103,9.217133231372546,46,200,9,0,25,222,7,1,21,1,233
2011-08-10 15:49:03,Normal,115,0,115,1665129,16926,3611041,61904,12.079000730434784,40,65,10,0,13,95,7,0,17,2,96
2011-08-10 15:49:04,Normal,156,0,156,1441964,22068,5047224,35843,15.107527314102564,47,96,13,0,23,129,4,0,20,2,134
2011-08-10 15:49:05,Normal,139,0,139,1407295,7397,5081883,49211,11.629783179856116,43,88,8,0,22,115,2,0,21,4,114
2011-08-10 15:49:06,Normal,115,0,115,1657195,16972,3774026,14554,11.691149834782609,49,59,7,0,14,98,3,0,4,5,106
2011-08-10 15:49:07,Normal,165,0,165,1427255,5544,6818691,48635,15.57203661818182,54,106,5,0,19,140,6,0,31,10,124
2011-08-10 15:49:08,Normal,103,0,103,1002717,17546,3793079,53377,13.19680249514563,39,55,9,0,14,86,3,0,20,3,80
2011-08-10 15:49:09,Normal,135,0,135,1325547,6055,5189615,55503,10.85037045925926,53,73,9,0,12,121,2,0,18,5,112
2011-08-10 15:49:10,Normal,112,0,112,1291252,16426,3794169,4386,9.403045946428572,38,64,10,0,15,92,5,0,8,3,101
2011-08-10 15:49:11,Normal,111,0,111,1337911,3037,4373101,46545,8.496457468468469,41,61,9,0,16,90,5,0,11,3,97
2011-08-10 15:49:12,Normal,195,3,198,1359163,9933,8940131,61307,10.278141202020201,48,142,8,0,51,122,24,1,72,2,124
2011-08-10 15:49:13,Normal,112,0,112,1064227,4740,4266079,62133,15.406472892857142,45,61,6,0,12,97,3,0,21,3,88
2011-08-10 15:49:14,Normal,121,0,121,1509963,17752,4718357,53120,17.317158636363637,44,70,7,0,22,92,7,0,17,2,102
2011-08-10 15:49:15,Normal,120,0,120,1702229,15944,4283847,14549,11.636021716666665,45,69,6,0,21,97,2,0,11,1,107
2011-08-10 15:49:16,Normal,103,0,103,1281169,6696,3752692,28276,25.377114135922326,40,54,9,0,14,77,12,0,18,0,85
2011-08-10 15:49:17,Normal,125,0,125,1112605,15773,4412640,66323,10.235543192,39,77,9,0,14,99,12,0,22,3,100
2011-08-10 15:49:18,Normal,117,0,117,1521085,17166,4728340,39004,22.606000136752137,47,59,11,0,13,88,16,0,24,2,91
2011-08-10 15:49:19,Normal,125,0,125,1242057,17668,5231965,57156,10.677962688000001,41,72,12,0,22,93,9,1,31,1,92
2011-08-10 15:49:20,Normal,149,0,149,1138229,20522,6458117,56682,14.210439261744963,36,106,7,0,25,118,6,0,25,3,121
2011-08-10 15:49:21,Normal,113,0,113,1597115,17263,4814287,28703,6.857964079646019,44,63,6,0,20,89,4,0,15,2,94
2011-08-10 15:49:22,Normal,117,3,120,1444753,3724,4738874,43135,7.438644100000001,39,69,12,0,17,98,5,0,13,1,106
2011-08-10 15:49:23,Normal,94,0,94,1287053,15430,3579446,36337,12.259911425531916,30,55,9,0,13,80,1,0,8,5,81
2011-08-10 15:49:24,Normal,150,0,150,1310225,66859,6235716,28611,16.02723608,39,105,6,0,46,95,9,0,39,3,107
2011-08-10 15:49:25,Normal,100,0,100,880829,2523,3952507,35191,11.501025929999999,33,58,9,0,12,87,1,0,10,2,87
2011-08-10 15:49:26,Normal,152,0,152,1351608,36055,6041334,61679,5.553888611842105,42,102,8,0,17,134,1,0,13,4,135
2011-08-10 15:49:27,Normal,150,0,150,1288794,6057,5090712,49245,23.933897486666666,48,86,16,0,34,113,3,0,34,3,112
2011-08-10 15:49:28,Normal,143,0,143,1221296,5196,6198096,58780,14.671895174825174,25,107,11,0,25,114,4,0,27,5,111
2011-08-10 15:49:29,Normal,128,0,128,1115513,3776,4964764,35507,12.459818523437502,48,75,5,0,12,116,0,0,9,2,117
2011-08-10 15:49:30,Normal,109,0,109,885891,4328,4644502,53266,18.872446844036695,34,70,5,0,11,89,8,1,17,1,89
2011-08-10 15:49:31,Normal,138,0,138,1500209,18563,5066927,62731,17.522535536231885,44,87,7,0,22,106,10,0,33,3,102
2011-08-10 15:49:32,Normal,126,6,132,1591152,16300,4719645,65850,14.331439522727273,42,79,11,0,19,107,5,1,15,3,113
2011-08-10 15:49:33,Normal,133,0,133,1630955,33780,4958723,14517,10.943772000000003,38,83,12,0,35,92,5,1,21,2,109
2011-08-10 15:49:34,Normal,101,0,101,1617281,15522,3572830,10659,12.749554861386141,35,58,8,0,22,75,3,1,13,0,87
2011-08-10 15:49:35,Normal,145,3,148,955910,19590,6414773,43122,15.1804275,40,102,6,0,38,109,1,0,38,2,108
2011-08-10 15:49:36,Normal,142,0,142,1132483,19196,5530627,30162,11.409542654929579,38,98,6,0,16,116,10,0,29,0,113
2011-08-10 15:49:37,Normal,135,0,135,1122265,18624,5297096,42381,18.8624702,40,86,9,0,23,102,9,1,29,0,105
2011-08-10 15:49:38,Normal,145,0,145,1310612,6616,5506569,57387,20.588331924137933,53,90,2,0,29,111,5,0,30,3,112
2011-08-10 15:49:39,Normal,125,0,125,1038539,56684,5265314,13443,22.126366471999994,42,74,9,0,15,105,5,0,19,0,106
2011-08-10 15:49:40,Normal,122,0,122,1210905,19971,5304870,59580,3.085427319672131,31,84,7,0,8,109,5,0,17,2,103
2011-08-10 15:49:41,Normal,133,0,133,1188489,39047,5744333,59650,11.361445413533836,39,86,8,0,27,104,2,0,27,1,105
2011-08-10 15:49:42,Normal,145,3,148,958273,8216,6268741,66222,19.146486513513512,41,99,8,0,28,114,5,1,30,0,117
2011-08-10 15:49:43,Normal,140,0,140,1365832,7937,5678184,25001,20.842690478571427,44,86,10,0,21,111,7,1,27,1,112
2011-08-10 15:49:44,Normal,117,0,117,1060782,19756,4712065,53767,6.19447194871795,46,68,3,0,14,95,8,0,22,1,94
2011-08-10 15:49:45,Normal,108,0,108,1402977,16321,4119971,35888,12.065441120370371,41,59,8,0,18,82,8,0,16,2,90
2011-08-10 15:49:46,Normal,121,3,124,1258920,5001,4382697,42304,12.486360032258064,46,71,7,0,17,105,2,0,17,3,104
2011-08-10 15:49:47,Normal,128,24,152,1459414,19920,6249953,50804,23.970470769736842,39,106,7,0,38,111,3,0,30,2,120
2011-08-10 15:49:48,Normal,124,19,143,961192,6846,5939864,54112,26.025253972027972,42,98,3,0,29,112,2,0,32,2,109
2011-08-10 15:49:49,Normal,96,0,96,1036981,18419,3671932,63238,6.919787697916668,33,56,7,0,20,74,2,0,14,2,80
2011-08-10 15:49:50,Normal,115,0,115,1041100,22669,4277466,11876,25.06241140869565,42,67,6,0,24,82,9,0,31,2,82
2011-08-10 15:49:51,Normal,176,0,176,1406503,20681,6976586,6469,21.63679201136364,46,124,6,0,40,122,14,0,47,3,126
2011-08-10 15:49:52,Normal,167,3,170,942905,21726,5775345,38010,10.548303723529411,32,125,13,0,27,124,19,0,47,1,122
2011-08-10 15:49:53,Normal,202,4,206,1385697,21910,10143370,29759,3.7358530533980576,33,171,2,0,16,185,5,0,11,0,195
2011-08-10 15:49:54,Normal,154,0,154,1077087,19575,6142706,23645,11.199699097402599,45,105,4,0,20,130,4,0,25,0,129
2011-08-10 15:49:55,Normal,100,0,100,1338845,52733,3694216,13446,10.21607835,37,53,10,0,28,71,1,0,17,1,82
2011-08-10 15:49:56,Normal,125,0,125,833670,18568,5077300,36777,8.81113248,36,84,5,0,18,106,1,0,18,1,106
2011-08-10 15:49:57,Normal,106,0,106,1077547,16728,3908895,47248,14.155653103773588,44,50,12,0,15,86,5,0,15,0,91
2011-08-10 15:49:58,Normal,106,0,106,1513955,21518,3934188,14657,27.639266641509433,48,56,2,0,23,82,1,0,13,1,92
2011-08-10 15:49:59,Normal,125,0,125,1297464,38950,4960482,14638,19.564635351999996,39,74,12,0,29,87,9,0,37,2,86
2011-08-10 15:50:00,Normal,177,0,177,1662818,26517,7349119,14374,9.183027937853108,32,139,6,0,28,141,8,0,20,6,151
2011-08-10 15:50:01,Normal,146,0,146,1604471,20104,5758031,45357,16.882516061643837,36,105,5,0,28,113,5,0,23,8,115
2011-08-10 15:50:02,Normal,96,6,102,1267635,3030,3360021,53896,13.207873088235292,32,67,3,0,17,81,4,0,12,6,84
2011-08-10 15:50:03,Normal,135,0,135,1349040,17196,4872959,9224,11.462648807407408,45,80,10,0,11,120,4,0,17,6,112
2011-08-10 15:50:04,Normal,107,0,107,1653370,16277,3207257,47184,7.614469018691589,40,59,8,0,18,82,7,0,14,7,86
2011-08-10 15:50:05,Normal,86,0,86,966945,15762,2972949,12543,4.936709639534883,30,44,12,0,12,71,3,0,13,0,72
2011-08-10 15:50:06,Normal,124,0,124,977414,18742,4586165,16107,4.760566903225805,35,83,6,0,13,107,4,0,10,0,114
2011-08-10 15:50:07,Normal,103,0,103,990571,53500,3655335,771,4.605096553398059,31,66,6,0,9,92,2,0,8,1,94
2011-08-10 15:50:08,Normal,96,0,96,1264105,2656,3293146,32885,10.690716229166666,43,45,8,0,11,81,4,0,7,0,89
2011-08-10 15:50:09,Normal,129,0,129,1406802,17931,4012730,47999,5.283740100775194,47,72,10,0,16,102,11,0,22,2,105
2011-08-10 15:50:10,Normal,97,0,97,877273,16442,3302792,23991,7.855924783505154,38,50,9,0,7,86,4,0,11,1,85
2011-08-10 15:50:11,Normal,112,0,112,1301978,18218,3721295,32327,10.388169767857145,42,62,8,0,12,86,14,0,15,5,91
2011-08-10 15:50:12,Normal,141,3,144,1485802,18976,5419905,62821,8.136492236111112,53,83,8,0,15,121,8,0,19,3,122
2011-08-10 15:50:13,Normal,135,0,135,1498978,16966,5083534,61428,17.04294287407408,38,90,7,0,28,101,4,2,25,2,108
2011-08-10 15:50:14,Normal,131,0,131,1321204,4417,5251741,37693,6.849564244274808,36,85,10,0,14,109,8,0,22,1,108
2011-08-10 15:50:15,Normal,121,0,121,1552584,49945,4229850,15698,15.091751991735535,49,66,6,0,16,103,2,0,21,4,96
2011-08-10 15:50:16,Normal,102,0,102,1229602,16377,3426349,32326,9.192993833333333,39,55,8,0,17,82,3,0,15,1,86
2011-08-10 15:50:17,Normal,127,0,127,1739713,16180,4021656,46209,8.111278440944881,51,66,10,0,18,98,11,0,21,1,105
2011-08-10 15:50:18,Normal,155,0,155,1767429,14829,6137449,2313,12.138548019354838,52,95,8,0,25,125,5,0,33,3,118
2011-08-10 15:50:19,Normal,113,0,113,1547396,16484,3914730,25766,12.611994522123895,37,66,10,0,10,92,9,2,37,0,75
2011-08-10 15:50:20,Normal,137,0,137,1622068,19920,5083072,26199,14.94203299270073,44,87,6,0,22,113,2,0,32,1,104
2011-08-10 15:50:21,Normal,158,0,158,1994930,17699,5575357,15711,8.425546094936708,38,111,9,0,26,128,4,0,41,2,115
2011-08-10 15:50:22,Normal,130,3,133,1810743,17127,5089167,53487,9.860103263157894,38,87,8,0,23,102,8,0,24,6,103
2011-08-10 15:50:23,Normal,136,0,136,1929928,24725,4034133,10872,13.097660522058822,42,81,13,0,22,104,10,0,18,6,112
2011-08-10 15:50:24,Normal,105,0,105,1498067,2647,3774387,52697,8.68731038095238,33,68,4,0,19,78,8,0,16,1,88
2011-08-10 15:50:25,Normal,100,0,100,1375585,4075,3690655,52568,18.400868569999997,35,52,13,0,23,72,5,0,24,0,76
2011-08-10 15:50:26,Normal,105,0,105,1364544,2849,4064377,60432,8.16133821904762,41,60,4,0,12,90,3,0,10,2,93
2011-08-10 15:50:27,Normal,122,0,122,1452110,5886,4374896,57766,9.322794745901637,39,77,6,0,18,103,1,0,14,1,107
2011-08-10 15:50:28,Normal,117,0,117,1292578,3719,4519975,47799,4.281217923076923,35,73,9,0,15,102,0,0,17,6,94
2011-08-10 15:50:29,Normal,107,0,107,1628648,16180,3906790,46768,4.020020495327103,40,53,14,0,22,82,3,0,16,3,88
2011-08-10 15:50:30,Normal,145,0,145,2035727,17338,5479887,8235,7.258347951724137,52,81,12,0,19,117,6,3,21,3,120
2011-08-10 15:50:31,Normal,104,0,104,1196555,17260,3788679,53632,10.019081778846155,33,62,9,0,12,89,2,1,11,2,90
2011-08-10 15:50:32,Normal,111,6,117,1101122,17502,3731517,24031,7.806682717948719,33,78,6,0,31,80,4,2,32,2,82
2011-08-10 15:50:33,Normal,147,0,147,1627782,18242,5361776,65595,15.870608795918368,37,97,13,0,23,102,21,1,28,3,115
2011-08-10 15:50:34,Normal,140,0,140,2032410,4714,5128490,4599,18.79635235,44,87,9,0,32,94,13,1,31,3,105
2011-08-10 15:50:35,Normal,183,0,183,2586434,18456,6013795,8099,11.132826480874316,48,125,10,0,44,122,17,0,24,5,154
2011-08-10 15:50:36,Normal,159,0,159,1664860,27572,6382238,15164,10.755334150943396,39,111,9,0,21,133,5,0,11,5,143
2011-08-10 15:50:37,Normal,124,0,124,1481687,16658,4861356,10163,6.5173362419354826,36,75,13,0,25,94,5,0,10,0,113
2011-08-10 15:50:38,Normal,119,0,119,1366784,10907,4676592,771,11.219170840336135,46,66,7,0,28,89,2,0,18,2,99
2011-08-10 15:50:39,Normal,140,0,140,1167598,17919,5169995,25509,7.712661242857143,34,97,9,0,21,116,3,0,16,2,122
2011-08-10 15:50:40,Normal,113,0,113,1145031,18459,4223227,7770,9.82770642477876,32,72,9,0,17,93,3,0,17,2,94
2011-08-10 15:50:41,Normal,126,0,126,1251772,18651,5461679,20456,7.645256833333332,29,88,9,0,30,95,1,0,28,3,95
2011-08-10 15:50:42,Normal,126,3,129,1260530,18714,5219200,43133,14.064999705426358,51,71,7,0,16,111,2,0,26,1,102
2011-08-10 15:50:43,Normal,146,0,146,1867980,4568,5551793,62686,18.84364571917808,55,83,8,0,24,115,7,0,22,5,118
2011-08-10 15:50:44,Normal,137,0,137,1662751,18127,5253046,39453,7.430740956204379,46,87,4,0,22,112,3,0,17,2,118
2011-08-10 15:50:45,Normal,119,0,119,2098356,26273,4180862,14913,5.049549974789918,33,76,10,0,30,81,8,0,14,3,102
2011-08-10 15:50:46,Normal,113,0,113,1859986,16517,4021797,20959,12.228810389380532,48,58,7,0,30,77,6,0,26,2,85
2011-08-10 15:50:47,Normal,174,0,174,1790703,7503,6767762,19075,6.370532109195402,46,122,6,0,31,139,4,0,18,1,155
2011-08-10 15:50:48,Normal,180,0,180,1400218,26715,7477667,24205,20.42403386111111,41,130,9,0,44,123,13,0,59,6,115
2011-08-10 15:50:49,Normal,249,0,249,1808137,25445,11905520,30488,7.661599983935742,40,196,13,0,50,193,6,0,48,3,198
2011-08-10 15:50:50,Normal,256,0,256,1073386,44424,11368639,67770,73.820475625,40,208,8,0,90,130,36,0,130,3,123
2011-08-10 15:50:51,Normal,88,0,88,1240985,1850,3436018,60024,15.373123806818182,29,53,6,0,14,72,2,0,15,0,73
2011-08-10 15:50:52,Normal,130,3,133,1570605,43306,4979523,60440,6.8450960300751875,29,98,6,0,24,103,6,0,18,2,113
2011-08-10 15:50:53,Normal,128,0,128,1283413,19368,4600060,16774,12.166302085937499,35,86,7,0,26,97,5,0,29,2,97
2011-08-10 15:50:54,Normal,196,0,196,1179475,10578,8440240,58258,20.99024462755102,43,149,4,0,59,133,4,0,66,3,127
2011-08-10 15:50:55,Normal,127,0,127,1906958,16219,4330703,62410,11.238796346456692,52,67,8,0,17,107,3,0,19,6,102
2011-08-10 15:50:56,Normal,109,0,109,1201518,16691,4407138,61459,7.005688018348624,44,62,3,0,11,93,5,0,13,1,95
2011-08-10 15:50:57,Normal,136,0,136,823965,6326,5456303,59560,12.46606508088235,26,101,9,0,25,108,3,0,33,0,103
2011-08-10 15:50:58,Normal,146,0,146,1448151,6640,5458103,40985,16.964857246575345,40,93,13,0,30,110,6,0,35,3,108
2011-08-10 15:50:59,Normal,140,0,140,1860706,4594,5375576,46005,3.4206400500000007,42,92,6,0,26,107,7,0,18,0,121
2011-08-10 15:51:00,Normal,118,0,118,1175332,48923,4460969,31413,10.526284991525424,34,74,10,0,20,98,0,0,12,6,100
2011-08-10 15:51:01,Normal,167,0,167,1411842,8961,6951245,35112,7.409546820359282,30,128,9,0,23,139,5,0,25,4,138
2011-08-10 15:51:02,Normal,243,6,249,937064,15372,11811231,4230,9.210228526104418,32,213,4,0,25,221,3,0,27,6,216
2011-08-10 15:51:03,Normal,93,0,93,1275828,2199,3332923,39356,3.408340505376344,27,62,4,0,23,67,3,0,17,4,72
2011-08-10 15:51:04,Normal,138,0,138,1265230,48982,5020771,2311,6.5381100869565225,62,68,8,0,17,121,0,0,23,5,110
2011-08-10 15:51:05,Normal,104,0,104,1216997,16397,3829001,63236,4.426487846153846,36,65,3,0,18,84,2,0,11,1,92
2011-08-10 15:51:06,Normal,93,0,93,1406944,35246,3062998,3855,15.471478064516129,28,57,8,0,20,68,5,0,11,5,77
2011-08-10 15:51:07,Normal,121,0,121,1646261,17231,4581608,45476,12.360631710743801,40,74,7,0,22,97,2,0,18,0,102
2011-08-10 15:51:08,Normal,141,0,141,1551432,18728,5318899,46240,6.270145368794326,35,101,5,0,20,117,4,0,24,3,114
2011-08-10 15:51:09,Normal,166,0,166,1884653,5900,6135845,56214,10.826398325301204,33,129,4,0,43,114,9,0,33,1,132
2011-08-10 15:51:10,Normal,103,0,103,1076796,17339,4065542,52980,8.177341912621358,36,60,7,0,15,87,1,0,18,0,85
2011-08-10 15:51:11,Normal,139,0,139,1961934,17941,5070284,18713,3.8059083525179855,38,93,8,0,44,92,3,0,22,1,116
2011-08-10 15:51:12,Normal,131,3,134,1269310,17052,4953757,51491,8.377605813432835,35,91,8,0,13,118,3,0,18,5,111
2011-08-10 15:51:13,Normal,125,0,125,1453738,16630,5020361,67848,5.989196519999999,40,77,8,0,21,98,6,0,19,3,103
2011-08-10 15:51:14,Normal,109,0,109,999783,17301,4337591,13581,11.185977211009174,40,67,2,0,15,92,2,0,20,1,88
2011-08-10 15:51:15,Normal,113,0,113,1350256,18042,4676329,1894,5.471795743362832,26,84,3,0,25,87,1,0,24,1,88
2011-08-10 15:51:16,Normal,158,0,158,2073782,21763,5892532,46251,6.019591626582278,55,91,12,0,37,112,9,0,38,4,116
2011-08-10 15:51:17,Normal,169,0,169,1284850,22652,6927569,62629,10.970842047337278,46,117,6,0,39,114,16,0,55,3,111
2011-08-10 15:51:18,Normal,180,0,180,1222366,21272,7844777,12630,7.171610355555556,34,138,8,0,19,155,6,0,21,2,157
2011-08-10 15:51:19,Normal,104,0,104,1281188,54599,3985781,43858,5.982878384615385,43,55,6,0,13,88,3,0,16,2,86
2011-08-10 15:51:20,Normal,127,0,127,1037090,19774,5176475,41443,20.811803692913386,29,86,12,0,13,90,24,0,43,1,83
2011-08-10 15:51:21,Normal,121,0,121,1269118,69373,4911507,14904,5.141808892561984,39,72,10,0,13,102,6,0,17,3,101
2011-08-10 15:51:22,Normal,101,3,104,994442,18384,3909554,64659,3.9531519999999998,45,54,5,0,8,92,4,0,13,4,87
2011-08-10 15:51:23,Normal,110,0,110,1142750,16694,4098194,51030,4.273451118181819,43,60,7,0,7,103,0,0,16,1,93
2011-08-10 15:51:24,Normal,100,0,100,906901,10051,3707016,4566,7.519410840000001,36,63,1,0,14,82,4,0,19,2,79
2011-08-10 15:51:25,Normal,97,0,97,968776,2725,3552240,38153,6.480840092783506,39,57,1,0,9,86,2,0,13,3,80
2011-08-10 15:51:26,Normal,110,0,110,819230,17382,4297847,66095,15.106162754545455,35,69,6,0,10,99,1,0,12,1,97
2011-08-10 15:51:27,Normal,140,0,140,1047254,5692,5337516,40786,15.549190442857142,51,83,6,0,15,122,3,0,24,1,115
2011-08-10 15:51:28,Normal,138,0,138,1055206,20219,5340362,14317,5.765823181159421,43,86,9,0,10,124,4,0,26,2,110
2011-08-10 15:51:29,Normal,99,0,99,1130465,15353,3818842,12581,8.868708242424242,34,52,13,0,3,95,1,0,15,2,82
2011-08-10 15:51:30,Normal,104,0,104,852241,10409,3573991,3887,3.112991403846153,38,60,6,0,7,95,0,2,14,0,88
2011-08-10 15:51:31,Normal,96,0,96,902562,15662,3250387,3653,9.927282791666666,44,45,7,0,4,91,0,1,8,2,85
2011-08-10 15:51:32,Normal,96,3,99,1029413,16789,3306104,66517,7.647745454545456,36,59,4,0,11,82,5,1,15,2,81
2011-08-10 15:51:33,Normal,122,3,125,884833,18261,4786783,7120,2.865050136,37,76,12,0,9,112,4,0,16,2,105
2011-08-10 15:51:34,Normal,123,0,123,988544,18617,4515079,9412,8.28967224390244,42,74,7,0,15,104,4,0,24,1,98
2011-08-10 15:51:35,Normal,112,0,112,841717,6158,4383804,44889,7.968447098214285,38,69,5,0,12,94,5,1,18,0,93
2011-08-10 15:51:36,Normal,133,0,133,1351617,19653,4090203,52589,17.930166834586466,44,82,7,0,14,113,6,0,34,0,99
2011-08-10 15:51:37,Normal,145,0,145,1154524,21445,5955571,57648,9.190485110344827,43,92,10,0,24,117,4,0,33,2,110
2011-08-10 15:51:38,Normal,122,0,122,1342289,3131,4335499,57051,4.257005950819672,29,85,8,0,18,98,6,0,15,3,104
2011-08-10 15:51:39,Normal,107,0,107,936063,17892,4031538,64182,6.764594887850467,36,67,4,0,16,88,3,0,23,2,82
2011-08-10 15:51:40,Normal,154,0,154,932811,7364,6653930,52492,12.189548707792207,38,110,6,0,40,106,8,0,48,2,104
2011-08-10 15:51:41,Normal,130,0,130,1440693,19171,4818845,62145,7.409276538461539,42,72,16,0,11,116,3,0,16,2,112
2011-08-10 15:51:42,Normal,101,3,104,1701895,17539,3176131,15942,4.618324134615385,39,56,9,0,25,77,2,0,12,3,89
2011-08-10 15:51:43,Normal,89,0,89,927262,15379,3375083,12777,5.349246303370786,31,53,5,0,11,78,0,0,6,1,82
2011-08-10 15:51:44,Normal,98,0,98,1084881,15649,3631732,62394,5.013999255102041,40,53,5,0,14,83,1,0,15,5,78
2011-08-10 15:51:45,Normal,118,0,118,966891,17203,4648654,38154,2.192974584745763,33,81,4,0,13,105,0,0,17,4,97
2011-08-10 15:51:46,Normal,108,0,108,1010440,16334,4100276,52816,5.9622011574074065,43,59,6,0,12,95,1,0,18,3,87
2011-08-10 15:51:47,Normal,101,0,101,1067272,16888,3377210,46298,6.044258267326734,39,52,10,0,9,88,4,0,11,2,88
2011-08-10 15:51:48,Normal,101,0,101,755685,17668,4197485,21212,6.4221270990099,36,59,6,0,5,90,6,0,20,1,80
2011-08-10 15:51:49,Normal,98,0,98,1056213,16873,3768132,54621,12.549173673469388,42,39,17,0,19,78,1,0,26,2,70
2011-08-10 15:51:50,Normal,130,0,130,1062402,10382,5233006,38458,18.063611261538462,40,81,9,0,15,112,3,0,29,1,100
2011-08-10 15:51:51,Normal,77,0,77,730858,3027,2984975,51974,4.151051675324675,29,41,7,0,4,71,2,0,9,1,67
2011-08-10 15:51:52,Normal,115,3,118,1692661,4205,3948457,37799,10.28319978813559,38,73,7,0,23,88,7,0,17,2,99
2011-08-10 15:51:53,Normal,157,0,157,1053529,19872,6120298,16308,10.038841522292993,38,108,11,0,17,126,13,1,30,3,124
2011-08-10 15:51:54,Normal,110,0,110,1033903,7500,4131206,63635,13.191371781818185,37,67,6,0,11,83,16,0,35,1,74
2011-08-10 15:51:55,Normal,337,0,337,1100512,28650,17249504,17678,1.485761578635015,33,298,6,0,17,317,3,0,17,1,319
2011-08-10 15:51:56,Normal,94,0,94,1134435,2274,3240081,59163,4.176593393617021,29,56,9,0,7,84,3,0,15,0,79
2011-08-10 15:51:57,Normal,98,0,98,1050716,19914,3550514,2945,7.668378989795918,47,45,6,0,13,82,3,0,21,0,77
2011-08-10 15:51:58,Normal,125,0,125,1351389,16521,4754519,12210,4.576261512000001,36,77,12,0,15,106,4,0,12,3,110
2011-08-10 15:51:59,Normal,96,0,96,980070,15630,3715937,61134,7.507322041666668,39,51,6,0,11,82,2,1,13,1,82
2011-08-10 15:52:00,Normal,103,0,103,1025357,17037,3491296,65941,2.021175495145631,35,59,9,0,9,83,10,1,19,1,83
2011-08-10 15:52:01,Normal,111,0,111,1029728,3747,4057340,2767,4.065243054054054,43,58,10,0,7,98,6,0,16,1,94
2011-08-10 15:52:02,Normal,103,14,117,1259505,21383,4453367,58995,11.17088113675214,43,71,3,0,12,89,16,0,24,2,91
2011-08-10 15:52:03,Normal,118,3,121,849117,17762,4772444,29018,5.018304347107439,40,74,7,0,10,107,4,0,19,2,100
2011-08-10 15:52:04,Normal,152,0,152,1761774,5555,5599245,43605,10.094417532894736,40,99,13,0,29,118,4,1,20,5,127
2011-08-10 15:52:05,Normal,137,0,137,1224508,18325,5548622,10572,6.826316277372263,42,90,5,0,16,121,0,0,15,1,121
2011-08-10 15:52:06,Normal,85,0,85,1084420,16526,2922780,13083,5.292733094117647,25,47,13,0,9,75,1,0,16,2,67
2011-08-10 15:52:07,Normal,112,0,112,1253055,17018,3669277,49225,5.750319803571428,55,49,8,0,10,100,2,0,13,3,96
2011-08-10 15:52:08,Normal,92,0,92,988923,15695,3306372,46367,3.0309429565217387,29,57,5,0,11,77,3,0,11,0,77
2011-08-10 15:52:09,Normal,84,0,84,810135,16709,3126948,29782,3.8484344404761903,25,52,7,0,9,73,2,0,12,2,69
2011-08-10 15:52:10,Normal,106,0,106,996308,4429,3903511,54246,3.911609226415094,32,71,3,0,17,87,2,0,17,3,86
2011-08-10 15:52:11,Normal,89,1,90,1054130,16213,3271615,42099,5.145667888888889,30,51,9,0,8,81,1,0,14,2,74
2011-08-10 15:52:12,Normal,131,3,134,945810,19173,5385965,43554,1.5618231268656715,48,81,5,0,18,109,7,0,25,3,105
2011-08-10 15:52:13,Normal,172,0,172,1345362,18618,7195687,61446,4.410574395348837,48,113,11,0,13,153,6,0,13,1,158
2011-08-10 15:52:14,Normal,130,0,130,1092149,6213,5143984,61676,2.8563419153846152,38,81,11,0,8,119,3,0,14,1,115
2011-08-10 15:52:15,Normal,107,0,107,1062363,15690,3595266,50575,5.786897130841123,47,50,10,0,7,97,3,0,10,0,97
2011-08-10 15:52:16,Normal,98,0,98,1067783,2061,3630499,63338,7.123045081632651,43,46,9,0,11,86,1,0,14,0,84
2011-08-10 15:52:17,Normal,96,0,96,1064100,9990,3378045,4626,4.341360020833332,43,45,8,0,11,84,1,0,15,1,80
2011-08-10 15:52:18,Normal,104,0,104,956293,2752,3701607,40029,3.7095767596153846,38,62,4,0,14,88,2,0,16,2,86
2011-08-10 15:52:19,Normal,94,0,94,939891,2566,3932613,42210,1.7200117978723406,34,57,3,0,5,82,6,1,10,2,82
2011-08-10 15:52:20,Normal,81,0,81,873756,15273,2946136,15305,1.494271962962963,32,44,5,0,5,75,1,0,6,1,74
2011-08-10 15:52:21,Normal,125,0,125,1330983,18660,4438353,5681,3.7269949120000003,32,82,11,0,17,104,4,0,14,2,109
2011-08-10 15:52:22,Normal,110,3,113,1358306,6016,4516473,17355,1.8979620088495575,40,66,7,0,22,89,2,0,16,5,92
2011-08-10 15:52:23,Normal,103,0,103,1205196,16212,3883181,2672,4.603410990291262,50,51,2,0,5,95,3,0,11,1,90
2011-08-10 15:52:24,Normal,132,0,132,1062518,5921,5048907,60399,4.0025715,52,72,8,0,14,116,2,0,11,1,120
2011-08-10 15:52:25,Normal,125,0,125,1142849,18783,4747729,2648,4.038521176000001,54,66,5,0,7,117,1,0,13,3,109
2011-08-10 15:52:26,Normal,99,0,99,851083,16770,3646641,34729,5.599422646464647,36,57,6,0,7,87,5,0,12,0,87
2011-08-10 15:52:27,Normal,85,0,85,989088,42421,3150842,14134,4.98319894117647,39,38,8,0,4,72,9,0,13,1,71
2011-08-10 15:52:28,Normal,128,0,128,1271842,17975,4594873,55375,2.5662104765625,49,74,5,0,18,102,8,0,28,1,99
2011-08-10 15:52:29,Normal,101,0,101,1037581,4519,3966454,49637,6.280244722772278,45,47,9,0,11,85,5,0,16,0,85
2011-08-10 15:52:30,Normal,139,0,139,1260889,19476,4771094,35725,4.9559949712230225,32,101,6,0,19,112,6,2,20,0,116
2011-08-10 15:52:31,Normal,127,0,127,1156941,4605,4853376,53541,4.028574511811023,41,74,12,0,10,115,0,2,11,1,113
2011-08-10 15:52:32,Normal,102,3,105,1128853,17434,3682500,15953,4.506722838095238,42,53,10,0,13,88,3,1,9,0,95
2011-08-10 15:52:33,Normal,161,3,164,1213577,23348,6309197,62466,3.6099113963414635,40,107,17,0,18,140,6,0,21,1,142
2011-08-10 15:52:34,Normal,123,0,123,1432509,68550,4464914,59655,2.6847153333333336,42,75,6,0,25,94,4,0,21,1,101
2011-08-10 15:52:35,Normal,86,0,86,697784,16804,3131017,15182,5.990944837209302,30,50,6,0,4,80,2,0,12,0,74
2011-08-10 15:52:36,Normal,104,0,104,1270131,15962,3953076,7503,3.3127663653846153,35,63,6,0,20,83,1,0,16,1,87
2011-08-10 15:52:37,Normal,83,0,83,940061,15135,2691226,13268,2.4663028674698793,40,29,14,0,1,78,4,0,12,0,70
2011-08-10 15:52:38,Normal,108,0,108,1203926,16938,3967803,32538,1.1331030277777778,47,56,5,0,9,95,4,0,12,0,96
2011-08-10 15:52:39,Normal,103,0,103,1084789,17278,3589100,54205,3.468256932038834,36,55,12,0,13,88,2,0,7,0,96
2011-08-10 15:52:40,Normal,112,0,112,1027639,17308,4487510,38504,4.478667151785714,39,66,7,0,22,87,3,0,21,0,91
2011-08-10 15:52:41,Normal,108,0,108,1089470,17122,3522317,32324,4.335595009259259,42,57,9,0,12,90,6,0,11,2,95
2011-08-10 15:52:42,Normal,123,3,126,1270438,49073,4663320,14133,0.7152177063492063,44,62,20,0,13,96,17,0,9,2,115
2011-08-10 15:52:43,Normal,108,0,108,1263389,3859,3751423,53394,2.620752712962963,32,67,9,0,15,90,3,0,13,2,92
2011-08-10 15:52:44,Normal,116,0,116,1011408,16752,4454996,27360,2.0680634741379307,38,70,8,0,10,103,2,1,7,1,108
2011-08-10 15:52:45,Normal,104,0,104,888061,17200,3949557,14988,3.424095673076923,36,61,7,0,11,91,2,0,21,1,82
2011-08-10 15:52:46,Normal,199,0,199,1044795,10284,7946875,54912,3.3263619748743714,37,150,12,0,22,175,2,0,60,1,135
2011-08-10 15:52:47,Normal,189,0,189,954995,8806,7719764,50967,0.6646845873015872,34,149,6,0,11,176,2,0,66,0,123
2011-08-10 15:52:48,Normal,119,0,119,1298517,3665,4555072,35036,1.968007235294118,41,65,13,0,17,99,3,0,24,0,95
2011-08-10 15:52:49,Normal,126,0,126,1302248,19979,4630249,29155,4.895758452380952,48,66,12,0,13,110,3,0,19,3,104
2011-08-10 15:52:50,Normal,167,0,167,1084503,21939,6330752,28577,2.0318502994011975,56,108,3,0,16,150,1,0,46,1,120
2011-08-10 15:52:51,Normal,100,0,100,798434,16754,3819692,14346,2.6309137700000003,28,66,6,0,16,82,2,0,25,0,74
2011-08-10 15:52:52,Normal,88,3,91,710388,17338,3326736,6479,3.6987273736263733,27,53,11,0,8,80,3,0,16,0,75
2011-08-10 15:52:53,Normal,115,0,115,1257901,17703,4050420,29684,4.310083921739131,46,58,11,0,14,98,3,0,11,1,103
2011-08-10 15:52:54,Normal,102,0,102,1052705,17261,3850252,34328,2.1570622058823528,37,52,13,0,10,89,3,0,11,0,90
2011-08-10 15:52:55,Normal,110,0,110,1163479,16485,3969072,16326,2.3162427636363634,37,66,7,0,13,94,3,0,9,1,100
2011-08-10 15:52:56,Normal,103,0,103,890215,17122,3747363,21193,3.094056883495144,36,57,10,0,8,91,4,0,8,1,94
2011-08-10 15:52:57,Normal,110,0,110,1205739,4001,4467267,35398,3.3735406181818184,40,57,13,0,18,91,1,0,16,2,92
2011-08-10 15:52:58,Normal,87,0,87,687570,17009,3351008,29683,2.9472170114942524,38,43,6,0,8,79,0,0,15,0,72
2011-08-10 15:52:59,Normal,109,0,109,1414087,16469,3830737,27288,2.846949201834862,48,52,9,0,12,95,2,0,9,5,95
2011-08-10 15:53:00,Normal,100,0,100,898824,15953,4155201,4376,0.6729966000000002,37,53,10,0,4,95,1,0,9,0,91
2011-08-10 15:53:01,Normal,218,0,218,796658,22004,10851563,33488,1.2697245642201835,37,170,11,0,5,213,0,0,11,1,206
2011-08-10 15:53:02,Normal,95,3,98,1146414,2427,3398831,53877,1.8584996326530614,45,43,10,0,12,83,3,0,13,2,83
2011-08-10 15:53:03,Normal,118,4,122,1267134,11441,4938997,39107,3.9214123688524585,40,75,7,0,19,100,3,0,20,3,99
2011-08-10 15:53:04,Normal,73,0,73,834767,16507,2452565,63357,3.6365205342465754,33,33,7,0,5,67,1,0,10,2,61
2011-08-10 15:53:05,Normal,131,0,131,906260,26785,5505576,518,2.3890094656488547,39,86,6,0,9,121,1,0,9,2,120
2011-08-10 15:53:06,Normal,80,0,80,702698,16628,2507488,44489,2.092291075,26,50,4,0,7,72,1,0,12,1,67
2011-08-10 15:53:07,Normal,107,0,107,1069770,4471,3964633,59686,4.193971485981309,36,58,13,0,14,90,3,0,19,2,86
2011-08-10 15:53:08,Normal,85,0,85,858437,21282,3222920,14134,1.4619566588235293,47,28,10,0,5,80,0,0,7,1,77
2011-08-10 15:53:09,Normal,107,0,107,1062754,17416,3643225,50035,2.5607157383177572,42,59,6,0,12,92,3,0,17,2,88
2011-08-10 15:53:10,Normal,88,0,88,989821,3549,3163401,55933,1.2187612727272727,37,38,13,0,10,77,1,0,12,2,74
2011-08-10 15:53:11,Normal,125,3,128,1228196,20297,4735857,54271,1.919899671875,34,85,9,0,15,108,5,0,25,0,103
2011-08-10 15:53:12,Normal,91,4,95,1291626,16247,3191586,17256,2.509325094736842,44,47,4,0,11,79,5,0,13,2,80
2011-08-10 15:53:13,Normal,91,1,92,826146,3577,3724743,54268,2.82369372826087,41,40,11,0,3,87,2,0,13,1,78
2011-08-10 15:53:14,Normal,100,1,101,1128671,16406,3680717,6581,1.4499960891089108,42,49,10,0,9,90,2,0,7,3,91
2011-08-10 15:53:15,Normal,103,0,103,887339,16557,3946562,40714,2.855909786407767,38,58,7,0,7,92,4,0,16,0,87
2011-08-10 15:53:16,Normal,94,0,94,686198,10749,3672196,4708,1.1978613510638298,31,58,5,0,5,85,4,0,9,1,84
2011-08-10 15:53:17,Normal,97,0,97,1137427,63605,3322983,13486,1.0826208453608248,34,54,9,0,7,86,4,0,8,0,89
2011-08-10 15:53:18,Normal,103,0,103,1163475,16698,3716094,30341,1.844310427184466,36,52,15,0,9,92,2,0,11,0,92
2011-08-10 15:53:19,Normal,120,0,120,878981,7659,4777440,57443,2.189685083333333,42,71,7,0,7,107,6,0,19,1,100
2011-08-10 15:53:20,Normal,76,3,79,658595,16620,2772848,12082,1.8737228101265824,30,44,5,0,9,69,1,0,15,0,63
2011-08-10 15:53:21,Normal,80,0,80,836337,51142,3013062,35433,0.8194725250000001,30,45,5,0,4,75,1,0,6,0,74
2011-08-10 15:53:22,Normal,112,3,115,870398,17377,4454175,35486,1.0818886869565216,29,75,11,0,2,111,2,0,11,1,103
2011-08-10 15:53:23,Normal,83,0,83,828131,11297,2590526,4714,1.415414108433735,41,33,9,0,5,76,1,1,8,1,74
2011-08-10 15:53:24,Normal,87,112,199,905320,24550,8953043,4254,3.6586993467336693,40,156,3,0,56,129,14,0,71,1,127
2011-08-10 15:53:25,Normal,106,43,149,1173700,14730,5639715,14905,0.6122596577181207,40,104,5,0,17,128,4,0,13,2,134
2011-08-10 15:53:26,Normal,94,14,108,1376418,17774,3485960,59267,1.7350324629629628,40,58,10,0,17,83,8,0,17,0,90
2011-08-10 15:53:27,Normal,109,0,109,696226,19514,4351956,56755,0.9071409266055046,37,60,12,0,6,101,2,0,10,1,98
2011-08-10 15:53:28,Normal,95,0,95,1231544,17084,3434358,4182,2.8016288315789475,36,53,6,0,21,67,7,0,10,1,84
2011-08-10 15:53:29,Normal,95,0,95,1041577,17346,3259271,56851,1.847412747368421,40,44,11,0,7,84,4,0,13,1,81
2011-08-10 15:53:30,Normal,114,9,123,1553261,17389,4110499,19638,3.4825615772357725,36,79,8,0,24,92,6,1,21,2,99
2011-08-10 15:53:31,Normal,78,0,78,1119772,11142,2685207,13362,1.5525724743589744,28,44,6,0,10,60,7,1,10,0,67
2011-08-10 15:53:32,Normal,104,3,107,1128246,3887,4002940,65673,1.6187320186915886,42,56,9,0,8,88,8,3,17,1,87
2011-08-10 15:53:33,Normal,125,3,128,963515,18236,4959210,50439,1.3681034609375002,30,85,13,0,20,103,4,1,22,4,101
2011-08-10 15:53:34,Normal,102,0,102,981126,25110,3812205,13363,1.452414343137255,40,51,11,0,11,90,1,0,14,0,88
2011-08-10 15:53:35,Normal,101,0,101,865853,17435,3861310,24338,0.7411820891089109,43,49,9,0,2,98,1,0,8,2,91
2011-08-10 15:53:36,Normal,93,0,93,1160273,9881,3287254,4723,1.9016645806451613,32,53,8,0,12,73,8,0,19,1,73
2011-08-10 15:53:37,Normal,116,0,116,1351524,3192,4212738,54393,0.7249065862068965,46,64,6,0,11,102,3,0,10,6,100
2011-08-10 15:53:38,Normal,122,0,122,1930233,16611,4224268,6250,2.213653950819672,48,69,5,0,26,94,2,0,16,6,100
2011-08-10 15:53:39,Normal,89,0,89,1103949,16569,3081887,25921,1.3981002022471907,35,43,11,0,12,74,3,0,12,0,77
2011-08-10 15:53:40,Normal,135,0,135,1542260,18312,4061079,32053,1.333232014814815,47,82,6,0,22,107,6,0,19,2,114
2011-08-10 15:53:41,Normal,104,0,104,1150922,17825,3957394,49793,2.044809432692308,41,55,8,0,19,84,1,0,16,2,86
2011-08-10 15:53:42,Normal,112,3,115,1195995,19283,3979122,37833,1.0997879304347826,37,70,8,0,21,90,4,0,14,1,99
2011-08-10 15:53:43,Normal,98,0,98,1139680,17074,3346522,11848,1.317460581632653,40,51,7,0,13,83,2,0,7,3,88
2011-08-10 15:53:44,Normal,104,0,104,1094647,16694,3932620,44446,1.142951653846154,36,65,3,0,25,76,3,0,18,1,85
2011-08-10 15:53:45,Normal,126,0,126,1385717,4987,4530827,53495,1.2992196746031748,40,79,7,0,24,96,5,1,24,1,101
2011-08-10 15:53:46,Normal,106,1,107,998693,19643,3747658,64484,0.8855989439252338,39,63,5,0,13,91,3,0,19,1,87
2011-08-10 15:53:47,Normal,97,0,97,885595,16443,3574123,40206,0.7566005154639176,41,43,13,0,11,84,2,0,12,1,84
2011-08-10 15:53:48,Normal,86,2,88,857316,59327,3327218,14134,0.62099,37,47,4,0,10,77,1,0,4,1,83
2011-08-10 15:53:49,Normal,128,4,132,1823096,18117,4257733,38494,0.9099604242424243,44,81,7,0,33,95,4,0,11,4,116
2011-08-10 15:53:50,Normal,111,0,111,1330652,18909,4042205,59153,0.9223412162162161,31,70,10,0,19,90,2,0,19,3,89
2011-08-10 15:53:51,Normal,123,0,123,1442131,16593,4486121,61170,0.7175621219512196,52,66,5,0,10,104,9,0,19,4,100
2011-08-10 15:53:52,Normal,134,3,137,1223306,19134,5063748,22165,0.8472698613138687,33,96,8,0,13,112,12,0,22,1,114
2011-08-10 15:53:53,Normal,104,0,104,1206689,2529,3470445,2701,0.6940908461538461,44,58,2,0,10,92,2,0,11,4,89
2011-08-10 15:53:54,Normal,85,0,85,1069790,59626,2818747,61999,1.2206194470588236,41,35,9,0,11,71,3,0,14,3,68
2011-08-10 15:53:55,Normal,61,0,61,689546,1630,2085827,64571,0.6046200819672132,41,16,4,0,3,58,0,0,7,1,53
2011-08-10 15:53:56,Normal,82,0,82,1079478,15489,2651925,36019,0.9095501829268292,42,32,8,0,8,72,2,0,13,1,68
2011-08-10 15:53:57,Normal,105,0,105,1355728,46455,3633963,64023,0.6171313523809524,52,47,6,0,16,89,0,0,15,2,88
2011-08-10 15:53:58,Normal,114,0,114,1056228,17360,4600072,64570,0.5630475964912283,44,67,3,0,16,83,15,0,25,1,88
2011-08-10 15:53:59,Normal,231,0,231,1103674,24180,9861192,22096,0.2718624632034632,38,181,12,0,11,210,10,0,28,2,201
2011-08-10 15:54:00,Normal,112,3,115,1148906,18435,4233512,40398,0.5450794521739131,38,67,10,0,17,94,4,0,13,1,101
2011-08-10 15:54:01,Normal,103,8,111,1155457,18107,4463735,10142,0.22241277477477478,39,65,7,0,16,90,5,0,18,1,92
2011-08-10 15:54:02,Normal,189,3,192,872101,22504,8919263,11457,0.13197854687500002,37,150,5,0,11,176,5,0,17,1,172
2011-08-10 15:54:03,Normal,121,0,121,1305617,19003,4443452,40376,0.2631657272727273,43,75,3,0,19,99,3,0,15,3,103
2011-08-10 15:54:04,Normal,97,3,100,715085,17083,3911415,30238,0.11223854000000001,36,57,7,0,6,89,5,0,12,2,86
2011-08-10 15:54:05,Normal,169,0,169,1026176,22049,7192805,63304,0.1129742544378698,36,126,7,0,31,118,20,0,52,4,113
2011-08-10 15:54:06,Normal,104,5,109,994110,18048,4446177,30237,0.05996366055045872,45,59,5,0,7,96,6,0,16,1,92
2011-08-10 15:54:07,Normal,44,1,45,294377,15080,1796909,45107,0.008081422222222221,18,27,0,0,1,43,1,0,5,0,40
